T,power,danger,structure,coverage
5000,0.02338,-0.12510,0.00372,0.288
5100,0.02386,-0.12467,0.00313,0.288
5200,0.02382,-0.12373,0.00264,0.288
5300,0.02558,-0.12350,0.00233,0.288
5400,0.02664,-0.12253,0.00190,0.290
5500,0.02694,-0.12189,0.00126,0.289
5600,0.02728,-0.12137,0.00089,0.290
5700,0.02743,-0.12300,-0.00007,0.291
5800,0.02882,-0.12414,-0.00014,0.292
5900,0.02993,-0.12605,-0.00102,0.291
6000,0.02992,-0.12670,-0.00130,0.290
6100,0.02996,-0.12703,-0.00173,0.290
6200,0.03018,-0.12683,-0.00174,0.289
6300,0.02999,-0.12745,-0.00174,0.290
6400,0.03073,-0.12642,-0.00153,0.290
6500,0.03215,-0.12623,-0.00164,0.289
6600,0.03227,-0.12638,-0.00147,0.289
6700,0.03233,-0.12644,-0.00138,0.289
6800,0.03193,-0.12599,-0.00141,0.288
6900,0.03211,-0.12534,-0.00140,0.288
7000,0.03210,-0.12513,-0.00110,0.288
7100,0.03267,-0.12552,-0.00054,0.287
7200,0.03248,-0.12542,-0.00044,0.287
7300,0.03229,-0.12510,-0.00061,0.286
7400,0.03351,-0.12612,-0.00045,0.286
7500,0.03305,-0.12687,0.00020,0.286
7600,0.03364,-0.12656,0.00118,0.287
7700,0.03287,-0.12693,0.00121,0.287
7800,0.03262,-0.12769,0.00181,0.287
7900,0.03245,-0.12950,0.00192,0.286
8000,0.03219,-0.12915,0.00184,0.286
8100,0.03206,-0.12882,0.00211,0.286
8200,0.03193,-0.12915,0.00133,0.286
8300,0.03262,-0.12846,0.00073,0.285
8400,0.03232,-0.12814,0.00077,0.285
8500,0.03317,-0.12717,0.00102,0.285
8600,0.03464,-0.12805,0.00131,0.285
8700,0.03639,-0.12849,0.00225,0.284
8800,0.03585,-0.12907,0.00266,0.284
8900,0.03741,-0.12957,0.00268,0.283
9000,0.03778,-0.12994,0.00277,0.283
9100,0.03848,-0.13148,0.00281,0.283
9200,0.03972,-0.13142,0.00329,0.284
9300,0.03887,-0.13171,0.00293,0.283
9400,0.03994,-0.13312,0.00231,0.283
9500,0.04168,-0.13428,0.00293,0.283
9600,0.04195,-0.13464,0.00287,0.282
9700,0.04230,-0.13572,0.00285,0.281
9800,0.04119,-0.13566,0.00251,0.281
9900,0.04100,-0.13633,0.00298,0.281
10000,0.04050,-0.13749,0.00332,0.281
10100,0.04101,-0.13727,0.00323,0.281
10200,0.04153,-0.13815,0.00322,0.282
10300,0.04204,-0.13712,0.00310,0.281
10400,0.04259,-0.13652,0.00300,0.281
10500,0.04444,-0.13660,0.00308,0.281
10600,0.04472,-0.13728,0.00311,0.281
10700,0.04467,-0.13696,0.00290,0.281
10800,0.04551,-0.13697,0.00351,0.279
10900,0.04500,-0.13688,0.00396,0.280
11000,0.04510,-0.13752,0.00389,0.280
11100,0.04493,-0.13745,0.00419,0.279
11200,0.04371,-0.13706,0.00381,0.279
11300,0.04188,-0.13681,0.00410,0.280
11400,0.04155,-0.13616,0.00443,0.281
11500,0.04030,-0.13600,0.00487,0.280
11600,0.04236,-0.13544,0.00527,0.279
11700,0.04292,-0.13539,0.00549,0.279
11800,0.04228,-0.13507,0.00565,0.281
11900,0.04325,-0.13539,0.00568,0.281
12000,0.04251,-0.13465,0.00565,0.282
12100,0.04191,-0.13433,0.00600,0.283
12200,0.04167,-0.13517,0.00548,0.283
12300,0.04073,-0.13445,0.00487,0.283
12400,0.04066,-0.13491,0.00449,0.283
12500,0.04058,-0.13453,0.00453,0.283
12600,0.04071,-0.13399,0.00521,0.284
12700,0.04068,-0.13417,0.00513,0.285
12800,0.04121,-0.13470,0.00557,0.285
12900,0.04131,-0.13483,0.00587,0.285
13000,0.04350,-0.13565,0.00519,0.284
13100,0.04418,-0.13507,0.00516,0.283
13200,0.04490,-0.13553,0.00530,0.284
13300,0.04434,-0.13485,0.00558,0.284
13400,0.04612,-0.13566,0.00556,0.284
13500,0.04580,-0.13540,0.00557,0.285
13600,0.04616,-0.13492,0.00564,0.285
13700,0.04728,-0.13457,0.00566,0.284
13800,0.04765,-0.13539,0.00544,0.283
13900,0.04773,-0.13486,0.00562,0.283
14000,0.04751,-0.13401,0.00624,0.283
14100,0.04711,-0.13336,0.00613,0.284
14200,0.04769,-0.13372,0.00592,0.284
14300,0.04744,-0.13283,0.00630,0.285
14400,0.04664,-0.13180,0.00629,0.285
14500,0.04661,-0.13120,0.00646,0.286
14600,0.04586,-0.13187,0.00703,0.286
14700,0.04591,-0.13240,0.00734,0.287
14800,0.04567,-0.13313,0.00747,0.286
14900,0.04627,-0.13395,0.00739,0.286
15000,0.04679,-0.13358,0.00758,0.286
15100,0.04645,-0.13394,0.00786,0.287
15200,0.04529,-0.13446,0.00787,0.287
15300,0.04350,-0.13419,0.00825,0.286
15400,0.04264,-0.13417,0.00850,0.286
15500,0.04250,-0.13385,0.00867,0.287
15600,0.04215,-0.13440,0.00895,0.287
15700,0.04346,-0.13366,0.01011,0.286
15800,0.04272,-0.13261,0.01036,0.286
15900,0.04104,-0.13227,0.01060,0.286
16000,0.04141,-0.13208,0.01100,0.287
16100,0.04065,-0.13219,0.01062,0.287
16200,0.04064,-0.13222,0.01054,0.287
16300,0.04119,-0.13259,0.01024,0.287
16400,0.04177,-0.13330,0.01043,0.287
16500,0.04184,-0.13377,0.01035,0.288
16600,0.04199,-0.13354,0.01045,0.287
16700,0.04177,-0.13327,0.01023,0.287
16800,0.04218,-0.13380,0.00996,0.288
16900,0.04194,-0.13448,0.00939,0.288
17000,0.04269,-0.13437,0.00989,0.288
17100,0.04286,-0.13415,0.00946,0.288
17200,0.04425,-0.13290,0.00962,0.288
17300,0.04583,-0.13305,0.00958,0.287
17400,0.04532,-0.13187,0.00908,0.287
17500,0.04565,-0.13127,0.00889,0.288
17600,0.04451,-0.13151,0.00850,0.287
17700,0.04395,-0.13193,0.00841,0.286
17800,0.04480,-0.13176,0.00801,0.286
17900,0.04448,-0.13107,0.00814,0.287
18000,0.04489,-0.13185,0.00809,0.286
18100,0.04538,-0.13149,0.00742,0.287
18200,0.04505,-0.13079,0.00785,0.287
18300,0.04532,-0.13061,0.00814,0.288
18400,0.04463,-0.13022,0.00832,0.289
18500,0.04591,-0.13056,0.00838,0.290
18600,0.04593,-0.13125,0.00854,0.290
18700,0.04527,-0.13088,0.00819,0.290
18800,0.04691,-0.13119,0.00804,0.290
18900,0.04745,-0.13095,0.00778,0.291
19000,0.04756,-0.13143,0.00739,0.291
19100,0.04877,-0.13101,0.00743,0.291
19200,0.04909,-0.13069,0.00720,0.291
19300,0.04999,-0.13132,0.00735,0.291
19400,0.05012,-0.13129,0.00802,0.290
19500,0.04920,-0.13085,0.00791,0.290
19600,0.04928,-0.13084,0.00803,0.290
19700,0.05061,-0.13123,0.00805,0.290
19800,0.05251,-0.13171,0.00746,0.291
19900,0.05261,-0.13192,0.00697,0.290
20000,0.05402,-0.13243,0.00669,0.290
20100,0.05415,-0.13266,0.00667,0.290
20200,0.05478,-0.13313,0.00678,0.291
20300,0.05514,-0.13349,0.00679,0.291
20400,0.05429,-0.13314,0.00663,0.291
20500,0.05449,-0.13236,0.00655,0.292
20600,0.05580,-0.13284,0.00621,0.292
20700,0.05620,-0.13309,0.00598,0.292
20800,0.05544,-0.13324,0.00555,0.293
20900,0.05617,-0.13397,0.00590,0.293
21000,0.05569,-0.13420,0.00581,0.293
21100,0.05562,-0.13416,0.00580,0.293
21200,0.05607,-0.13458,0.00590,0.293
21300,0.05645,-0.13478,0.00582,0.292
21400,0.05635,-0.13587,0.00556,0.293
21500,0.05703,-0.13495,0.00564,0.293
21600,0.05586,-0.13502,0.00572,0.293
21700,0.05657,-0.13524,0.00598,0.293
21800,0.05785,-0.13549,0.00642,0.292
21900,0.05757,-0.13466,0.00663,0.291
22000,0.05741,-0.13332,0.00668,0.291
22100,0.05786,-0.13203,0.00624,0.291
22200,0.05832,-0.13207,0.00610,0.291
22300,0.05828,-0.13218,0.00611,0.291
22400,0.05814,-0.13130,0.00608,0.291
22500,0.05726,-0.13217,0.00577,0.291
22600,0.05606,-0.13238,0.00539,0.290
22700,0.05526,-0.13188,0.00579,0.289
22800,0.05498,-0.13208,0.00537,0.289
22900,0.05469,-0.13213,0.00545,0.290
23000,0.05401,-0.13181,0.00642,0.290
23100,0.05215,-0.13163,0.00610,0.290
23200,0.05156,-0.13140,0.00638,0.290
23300,0.05111,-0.13205,0.00651,0.289
23400,0.04888,-0.13093,0.00642,0.289
23500,0.04908,-0.13160,0.00648,0.288
23600,0.04926,-0.13144,0.00670,0.289
23700,0.04921,-0.13120,0.00671,0.289
23800,0.04811,-0.12978,0.00728,0.290
23900,0.04689,-0.12919,0.00749,0.290
24000,0.04651,-0.12884,0.00731,0.290
24100,0.04796,-0.12805,0.00752,0.289
24200,0.04728,-0.12786,0.00726,0.290
24300,0.04656,-0.12815,0.00676,0.289
24400,0.04751,-0.12955,0.00645,0.288
24500,0.04707,-0.12969,0.00638,0.288
24600,0.04785,-0.12955,0.00604,0.287
24700,0.04680,-0.12975,0.00567,0.286
24800,0.04570,-0.12945,0.00538,0.286
24900,0.04612,-0.12895,0.00584,0.286
25000,0.04643,-0.12948,0.00645,0.286
25100,0.04584,-0.12947,0.00639,0.286
25200,0.04598,-0.12965,0.00708,0.286
25300,0.04639,-0.13007,0.00760,0.287
25400,0.04541,-0.13009,0.00770,0.287
25500,0.04435,-0.13057,0.00811,0.287
25600,0.04518,-0.13109,0.00890,0.287
25700,0.04469,-0.13161,0.00886,0.287
25800,0.04561,-0.13261,0.00892,0.287
25900,0.04691,-0.13326,0.00928,0.286
26000,0.04721,-0.13397,0.00958,0.286
26100,0.04755,-0.13344,0.00998,0.287
26200,0.04712,-0.13357,0.00994,0.287
26300,0.04693,-0.13305,0.01023,0.288
26400,0.04570,-0.13253,0.01010,0.288
26500,0.04557,-0.13227,0.01027,0.287
26600,0.04523,-0.13185,0.01008,0.287
26700,0.04474,-0.13177,0.01029,0.287
26800,0.04419,-0.13167,0.01023,0.287
26900,0.04438,-0.13152,0.01101,0.287
27000,0.04373,-0.13224,0.01062,0.288
27100,0.04356,-0.13255,0.01104,0.288
27200,0.04221,-0.13429,0.01102,0.288
27300,0.04039,-0.13464,0.01113,0.290
27400,0.03948,-0.13558,0.01183,0.289
27500,0.03977,-0.13572,0.01203,0.288
27600,0.03901,-0.13561,0.01219,0.290
27700,0.03890,-0.13571,0.01285,0.290
27800,0.03816,-0.13644,0.01269,0.291
27900,0.03731,-0.13670,0.01255,0.290
28000,0.03673,-0.13631,0.01248,0.292
28100,0.03509,-0.13663,0.01239,0.291
28200,0.03621,-0.13755,0.01249,0.291
28300,0.03654,-0.13765,0.01286,0.290
28400,0.03737,-0.13821,0.01327,0.289
28500,0.03665,-0.13799,0.01270,0.287
28600,0.03580,-0.13725,0.01277,0.288
28700,0.03623,-0.13737,0.01270,0.288
28800,0.03566,-0.13730,0.01304,0.286
28900,0.03550,-0.13682,0.01386,0.286
29000,0.03612,-0.13645,0.01438,0.286
29100,0.03582,-0.13618,0.01455,0.286
29200,0.03498,-0.13684,0.01426,0.286
29300,0.03489,-0.13573,0.01426,0.286
29400,0.03468,-0.13473,0.01421,0.286
29500,0.03373,-0.13475,0.01426,0.287
29600,0.03365,-0.13376,0.01437,0.287
29700,0.03294,-0.13295,0.01431,0.286
29800,0.03237,-0.13227,0.01472,0.287
29900,0.03253,-0.13126,0.01527,0.287
30000,0.03147,-0.13135,0.01562,0.287
30100,0.03131,-0.13106,0.01589,0.287
30200,0.03075,-0.13078,0.01575,0.287
30300,0.03082,-0.13077,0.01564,0.287
30400,0.03211,-0.13103,0.01564,0.286
30500,0.03118,-0.13201,0.01571,0.285
30600,0.02963,-0.12908,0.01610,0.285
30700,0.02939,-0.12724,0.01605,0.284
30800,0.02953,-0.12701,0.01603,0.283
30900,0.02936,-0.12538,0.01544,0.283
31000,0.02905,-0.12486,0.01536,0.283
31100,0.02883,-0.12480,0.01499,0.283
31200,0.02954,-0.12450,0.01520,0.283
31300,0.02925,-0.12452,0.01534,0.284
31400,0.02936,-0.12309,0.01585,0.283
31500,0.02868,-0.12373,0.01572,0.283
31600,0.02900,-0.12358,0.01553,0.282
31700,0.02823,-0.12361,0.01529,0.281
31800,0.02788,-0.12391,0.01511,0.281
31900,0.02743,-0.12395,0.01488,0.281
32000,0.02933,-0.12562,0.01433,0.281
32100,0.02987,-0.12708,0.01349,0.281
32200,0.02989,-0.12633,0.01360,0.280
32300,0.02954,-0.12676,0.01342,0.280
32400,0.02851,-0.12671,0.01350,0.280
32500,0.02819,-0.12594,0.01353,0.280
32600,0.02875,-0.12622,0.01397,0.280
32700,0.02827,-0.12592,0.01430,0.281
32800,0.02789,-0.12531,0.01465,0.280
32900,0.02757,-0.12475,0.01468,0.279
33000,0.02728,-0.12505,0.01377,0.279
33100,0.02843,-0.12535,0.01398,0.280
33200,0.02785,-0.12450,0.01364,0.280
33300,0.02789,-0.12427,0.01377,0.279
33400,0.02879,-0.12518,0.01378,0.279
33500,0.02761,-0.12379,0.01415,0.280
33600,0.02700,-0.12339,0.01432,0.280
33700,0.02568,-0.12347,0.01436,0.280
33800,0.02596,-0.12465,0.01401,0.279
33900,0.02644,-0.12490,0.01382,0.280
34000,0.02643,-0.12429,0.01320,0.280
34100,0.02494,-0.12570,0.01309,0.280
34200,0.02462,-0.12550,0.01322,0.280
34300,0.02457,-0.12570,0.01326,0.280
34400,0.02397,-0.12443,0.01308,0.281
34500,0.02431,-0.12386,0.01290,0.281
34600,0.02325,-0.12274,0.01282,0.282
34700,0.02267,-0.12214,0.01313,0.282
34800,0.02332,-0.12174,0.01302,0.282
34900,0.02203,-0.12131,0.01181,0.282
35000,0.02245,-0.12146,0.01103,0.282
35100,0.02525,-0.12215,0.01136,0.283
35200,0.02488,-0.12240,0.01084,0.282
35300,0.02567,-0.12224,0.01074,0.282
35400,0.02751,-0.12316,0.01073,0.283
35500,0.02825,-0.12322,0.01069,0.283
35600,0.02697,-0.12244,0.00998,0.283
35700,0.02614,-0.12300,0.00923,0.283
35800,0.02426,-0.12256,0.00924,0.283
35900,0.02301,-0.12210,0.00914,0.283
36000,0.02276,-0.12171,0.00898,0.282
36100,0.02166,-0.12129,0.00937,0.282
36200,0.02210,-0.12164,0.00954,0.282
36300,0.02284,-0.12176,0.01007,0.281
36400,0.02301,-0.12186,0.01027,0.281
36500,0.02197,-0.12133,0.01042,0.280
36600,0.02226,-0.12124,0.01021,0.280
36700,0.02308,-0.12069,0.01034,0.279
36800,0.02291,-0.12045,0.01087,0.279
36900,0.02281,-0.12084,0.01042,0.279
37000,0.02227,-0.12068,0.01032,0.279
37100,0.02206,-0.11997,0.01050,0.279
37200,0.02164,-0.11806,0.01017,0.279
37300,0.02342,-0.11800,0.00988,0.280
37400,0.02379,-0.11699,0.00959,0.279
37500,0.02256,-0.11699,0.00967,0.280
37600,0.02334,-0.11726,0.00877,0.279
37700,0.02346,-0.11620,0.00837,0.278
37800,0.02245,-0.11539,0.00824,0.278
37900,0.02187,-0.11468,0.00814,0.278
38000,0.02222,-0.11435,0.00823,0.277
38100,0.02318,-0.11314,0.00790,0.277
38200,0.02196,-0.11214,0.00750,0.277
38300,0.01998,-0.11117,0.00654,0.277
38400,0.01869,-0.11126,0.00581,0.278
38500,0.01901,-0.11156,0.00604,0.278
38600,0.01947,-0.11166,0.00567,0.277
38700,0.01857,-0.11077,0.00550,0.278
38800,0.01720,-0.11044,0.00525,0.278
38900,0.01570,-0.11020,0.00479,0.278
39000,0.01536,-0.11019,0.00468,0.278
39100,0.01447,-0.10981,0.00462,0.279
39200,0.01485,-0.10939,0.00474,0.279
39300,0.01497,-0.10959,0.00459,0.279
39400,0.01493,-0.10957,0.00423,0.279
39500,0.01740,-0.10927,0.00365,0.278
39600,0.01771,-0.11036,0.00350,0.278
39700,0.01778,-0.11061,0.00336,0.279
39800,0.01746,-0.11038,0.00348,0.279
39900,0.01639,-0.11062,0.00311,0.278
40000,0.01738,-0.11157,0.00304,0.279
40100,0.01727,-0.11164,0.00320,0.278
40200,0.01687,-0.11176,0.00285,0.278
40300,0.01636,-0.11278,0.00318,0.279
40400,0.01651,-0.11306,0.00363,0.279
40500,0.01707,-0.11282,0.00378,0.278
40600,0.01703,-0.11490,0.00388,0.279
40700,0.01741,-0.11602,0.00445,0.280
40800,0.01810,-0.11703,0.00508,0.280
40900,0.01843,-0.11804,0.00497,0.280
41000,0.01907,-0.11695,0.00469,0.280
41100,0.01881,-0.11664,0.00447,0.280
41200,0.01795,-0.11642,0.00428,0.280
41300,0.01806,-0.11670,0.00436,0.280
41400,0.01897,-0.11789,0.00387,0.280
41500,0.01994,-0.11837,0.00372,0.280
41600,0.02028,-0.11938,0.00367,0.281
41700,0.02011,-0.11918,0.00437,0.282
41800,0.02011,-0.11860,0.00440,0.282
41900,0.02049,-0.11914,0.00422,0.282
42000,0.01906,-0.11961,0.00468,0.282
42100,0.01864,-0.11923,0.00557,0.282
42200,0.01951,-0.11996,0.00551,0.282
42300,0.02059,-0.12032,0.00589,0.282
42400,0.02136,-0.12200,0.00557,0.282
42500,0.02296,-0.12224,0.00479,0.282
42600,0.02352,-0.12236,0.00425,0.281
42700,0.02362,-0.12325,0.00375,0.281
42800,0.02345,-0.12352,0.00329,0.282
42900,0.02407,-0.12351,0.00320,0.282
43000,0.02344,-0.12387,0.00326,0.283
43100,0.02360,-0.12435,0.00322,0.284
43200,0.02354,-0.12501,0.00362,0.285
43300,0.02392,-0.12389,0.00372,0.286
43400,0.02484,-0.12339,0.00407,0.287
43500,0.02553,-0.12393,0.00361,0.288
43600,0.02680,-0.12431,0.00358,0.288
43700,0.02729,-0.12327,0.00355,0.289
43800,0.02756,-0.12250,0.00323,0.290
43900,0.02895,-0.12283,0.00330,0.289
44000,0.02788,-0.12282,0.00368,0.289
44100,0.02946,-0.12280,0.00394,0.290
44200,0.02949,-0.12320,0.00435,0.290
44300,0.03038,-0.12292,0.00435,0.290
44400,0.02953,-0.12351,0.00424,0.291
44500,0.03012,-0.12436,0.00446,0.292
44600,0.03108,-0.12424,0.00448,0.292
44700,0.03226,-0.12342,0.00401,0.292
44800,0.03318,-0.12335,0.00372,0.293
44900,0.03398,-0.12367,0.00417,0.292
45000,0.03393,-0.12337,0.00431,0.292
45100,0.03147,-0.12245,0.00432,0.292
45200,0.03304,-0.12163,0.00460,0.294
45300,0.03260,-0.12140,0.00406,0.294
45400,0.03081,-0.11939,0.00421,0.293
45500,0.03031,-0.11780,0.00415,0.293
45600,0.03209,-0.11839,0.00414,0.293
45700,0.03231,-0.11752,0.00463,0.293
45800,0.03326,-0.11728,0.00455,0.294
45900,0.03451,-0.11649,0.00445,0.294
46000,0.03450,-0.11580,0.00409,0.295
46100,0.03549,-0.11599,0.00371,0.295
46200,0.03564,-0.11647,0.00341,0.295
46300,0.03462,-0.11633,0.00302,0.295
46400,0.03519,-0.11764,0.00285,0.295
46500,0.03584,-0.11694,0.00258,0.296
46600,0.03561,-0.11726,0.00284,0.296
46700,0.03559,-0.11736,0.00269,0.296
46800,0.03612,-0.11674,0.00276,0.296
46900,0.03709,-0.11636,0.00278,0.296
47000,0.03754,-0.11606,0.00247,0.295
47100,0.03673,-0.11604,0.00200,0.295
47200,0.03656,-0.11801,0.00217,0.296
47300,0.03591,-0.11744,0.00214,0.295
47400,0.03547,-0.11781,0.00215,0.296
47500,0.03691,-0.11763,0.00249,0.295
47600,0.03652,-0.11671,0.00302,0.295
47700,0.03648,-0.11732,0.00288,0.295
47800,0.03653,-0.11693,0.00319,0.294
47900,0.03721,-0.11695,0.00330,0.294
48000,0.03742,-0.11693,0.00340,0.294
48100,0.03706,-0.11618,0.00364,0.294
48200,0.03813,-0.11696,0.00419,0.294
48300,0.03931,-0.11706,0.00504,0.293
48400,0.04002,-0.11699,0.00516,0.292
48500,0.03992,-0.11733,0.00470,0.293
48600,0.03960,-0.11685,0.00447,0.294
48700,0.04000,-0.11744,0.00446,0.294
48800,0.04087,-0.11798,0.00428,0.294
48900,0.04224,-0.11877,0.00418,0.294
49000,0.04322,-0.11925,0.00423,0.293
49100,0.04399,-0.11895,0.00427,0.293
49200,0.04388,-0.11955,0.00443,0.292
49300,0.04466,-0.11988,0.00491,0.293
49400,0.04417,-0.11945,0.00528,0.293
49500,0.04387,-0.11928,0.00567,0.294
49600,0.04450,-0.11926,0.00558,0.294
49700,0.04380,-0.11893,0.00572,0.293
49800,0.04415,-0.11957,0.00616,0.293
49900,0.04456,-0.12008,0.00625,0.293
50000,0.04339,-0.11958,0.00596,0.294
50100,0.04365,-0.11983,0.00572,0.295
50200,0.04356,-0.11820,0.00593,0.296
50300,0.04392,-0.11710,0.00542,0.295
50400,0.04300,-0.11661,0.00521,0.296
50500,0.04294,-0.11584,0.00495,0.297
50600,0.04412,-0.11535,0.00488,0.296
50700,0.04312,-0.11426,0.00411,0.296
50800,0.04288,-0.11336,0.00287,0.296
50900,0.04339,-0.11242,0.00313,0.296
51000,0.04372,-0.11284,0.00371,0.297
51100,0.04337,-0.11352,0.00355,0.297
51200,0.04256,-0.11383,0.00369,0.299
51300,0.04197,-0.11394,0.00367,0.299
51400,0.04083,-0.11434,0.00375,0.300
51500,0.04121,-0.11371,0.00416,0.301
51600,0.04117,-0.11322,0.00413,0.300
51700,0.04160,-0.11326,0.00410,0.299
51800,0.04201,-0.11256,0.00429,0.299
51900,0.04296,-0.11270,0.00489,0.299
52000,0.04384,-0.11260,0.00518,0.299
52100,0.04500,-0.11325,0.00547,0.299
52200,0.04400,-0.11247,0.00585,0.299
52300,0.04425,-0.11249,0.00591,0.300
52400,0.04311,-0.11187,0.00607,0.301
52500,0.04302,-0.11210,0.00716,0.301
52600,0.04311,-0.11167,0.00784,0.300
52700,0.04318,-0.11177,0.00792,0.301
52800,0.04284,-0.11114,0.00833,0.302
52900,0.04260,-0.11152,0.00855,0.303
53000,0.04349,-0.11096,0.00882,0.302
53100,0.04441,-0.11084,0.00921,0.301
53200,0.04573,-0.11105,0.00912,0.301
53300,0.04622,-0.11259,0.00916,0.301
53400,0.04456,-0.11264,0.00905,0.300
53500,0.04420,-0.11341,0.00885,0.298
53600,0.04307,-0.11294,0.00876,0.297
53700,0.04402,-0.11420,0.00881,0.296
53800,0.04413,-0.11467,0.00925,0.296
53900,0.04345,-0.11568,0.00930,0.296
54000,0.04461,-0.11688,0.00906,0.296
54100,0.04275,-0.11567,0.00889,0.296
54200,0.04344,-0.11526,0.00870,0.296
54300,0.04325,-0.11554,0.00864,0.296
54400,0.04525,-0.11540,0.00917,0.295
54500,0.04398,-0.11518,0.00892,0.295
54600,0.04269,-0.11610,0.00918,0.295
54700,0.04216,-0.11708,0.00942,0.294
54800,0.04069,-0.11719,0.00992,0.293
54900,0.03949,-0.11704,0.00973,0.294
55000,0.03837,-0.11641,0.00992,0.293
55100,0.03883,-0.11642,0.00936,0.293
55200,0.03887,-0.11623,0.00932,0.293
55300,0.03847,-0.11569,0.00950,0.292
55400,0.04007,-0.11703,0.00931,0.292
55500,0.03985,-0.11791,0.00885,0.291
55600,0.03950,-0.11754,0.00878,0.289
55700,0.03909,-0.11688,0.00836,0.289
55800,0.03954,-0.11680,0.00854,0.290
55900,0.03913,-0.11729,0.00808,0.290
56000,0.03954,-0.11795,0.00804,0.290
56100,0.03985,-0.11768,0.00766,0.291
56200,0.03872,-0.11655,0.00762,0.292
56300,0.03894,-0.11626,0.00759,0.292
56400,0.03824,-0.11554,0.00723,0.291
56500,0.03840,-0.11640,0.00697,0.292
56600,0.03858,-0.11642,0.00687,0.291
56700,0.03872,-0.11750,0.00665,0.293
56800,0.03819,-0.11752,0.00646,0.293
56900,0.03762,-0.11656,0.00652,0.292
57000,0.03773,-0.11604,0.00654,0.292
57100,0.03802,-0.11637,0.00651,0.292
57200,0.03880,-0.11566,0.00629,0.291
57300,0.03886,-0.11606,0.00629,0.291
57400,0.03954,-0.11671,0.00608,0.292
57500,0.03797,-0.11666,0.00551,0.293
57600,0.03812,-0.11723,0.00571,0.293
57700,0.03863,-0.11719,0.00591,0.294
57800,0.04011,-0.11694,0.00545,0.294
57900,0.04082,-0.11730,0.00542,0.294
58000,0.04080,-0.11743,0.00536,0.295
58100,0.04051,-0.11801,0.00532,0.294
58200,0.03999,-0.11560,0.00529,0.295
58300,0.03938,-0.11524,0.00486,0.295
58400,0.03977,-0.11457,0.00516,0.295
58500,0.03970,-0.11415,0.00578,0.294
58600,0.03996,-0.11435,0.00623,0.294
58700,0.03988,-0.11388,0.00661,0.293
58800,0.03960,-0.11263,0.00660,0.293
58900,0.03938,-0.11300,0.00642,0.292
59000,0.03778,-0.11202,0.00599,0.292
59100,0.03633,-0.11143,0.00589,0.293
59200,0.03673,-0.11144,0.00576,0.293
59300,0.03599,-0.11106,0.00531,0.293
59400,0.03702,-0.11192,0.00518,0.292
59500,0.03540,-0.11180,0.00386,0.293
59600,0.03368,-0.11178,0.00387,0.294
59700,0.03311,-0.11257,0.00385,0.295
59800,0.03146,-0.11237,0.00363,0.294
59900,0.03133,-0.11250,0.00372,0.294
60000,0.03146,-0.11293,0.00373,0.293
60100,0.03094,-0.11329,0.00362,0.292
60200,0.03044,-0.11533,0.00361,0.292
60300,0.03020,-0.11509,0.00374,0.291
60400,0.03054,-0.11531,0.00364,0.290
60500,0.02996,-0.11520,0.00360,0.290
60600,0.02845,-0.11541,0.00353,0.289
60700,0.02889,-0.11668,0.00397,0.289
60800,0.02717,-0.11655,0.00483,0.287
60900,0.02630,-0.11739,0.00453,0.287
61000,0.02580,-0.11720,0.00415,0.286
61100,0.02675,-0.11587,0.00427,0.285
61200,0.02748,-0.11584,0.00397,0.283
61300,0.02757,-0.11573,0.00411,0.283
61400,0.02801,-0.11571,0.00413,0.283
61500,0.02586,-0.11571,0.00392,0.282
61600,0.02512,-0.11525,0.00399,0.282
61700,0.02370,-0.11567,0.00339,0.284
61800,0.02220,-0.11632,0.00299,0.284
61900,0.02163,-0.11594,0.00239,0.284
62000,0.02037,-0.11505,0.00175,0.283
62100,0.01895,-0.11438,0.00097,0.283
62200,0.01931,-0.11603,0.00066,0.284
62300,0.01797,-0.11663,0.00034,0.284
62400,0.01895,-0.11578,0.00037,0.284
62500,0.01842,-0.11554,-0.00003,0.285
62600,0.01808,-0.11525,-0.00047,0.286
62700,0.01878,-0.11523,-0.00029,0.286
62800,0.01911,-0.11599,-0.00002,0.286
62900,0.01878,-0.11581,0.00000,0.285
63000,0.01919,-0.11586,0.00006,0.285
63100,0.01891,-0.11592,-0.00003,0.285
63200,0.01793,-0.11626,-0.00058,0.284
63300,0.01768,-0.11632,-0.00029,0.285
63400,0.01842,-0.11685,-0.00007,0.286
63500,0.01888,-0.11616,-0.00012,0.287
63600,0.01885,-0.11633,-0.00052,0.289
63700,0.01901,-0.11658,-0.00060,0.288
63800,0.01903,-0.11621,-0.00029,0.288
63900,0.01878,-0.11522,-0.00052,0.288
64000,0.01904,-0.11502,-0.00030,0.287
64100,0.01999,-0.11597,-0.00063,0.286
64200,0.01803,-0.11580,-0.00094,0.286
64300,0.01615,-0.11569,-0.00072,0.286
64400,0.01405,-0.11614,-0.00076,0.287
64500,0.01319,-0.11528,-0.00054,0.287
64600,0.01356,-0.11420,-0.00037,0.287
64700,0.01289,-0.11355,-0.00029,0.288
64800,0.01271,-0.11303,-0.00044,0.288
64900,0.01287,-0.11167,0.00005,0.288
65000,0.01242,-0.11183,-0.00005,0.289
65100,0.01142,-0.11217,0.00039,0.288
65200,0.01021,-0.11189,0.00043,0.288
65300,0.01087,-0.11268,0.00060,0.287
65400,0.00945,-0.11210,0.00090,0.288
65500,0.01037,-0.11211,0.00133,0.289
65600,0.01010,-0.11320,0.00138,0.290
65700,0.01017,-0.11312,0.00154,0.290
65800,0.00983,-0.11411,0.00124,0.289
65900,0.01048,-0.11473,0.00162,0.290
66000,0.01013,-0.11532,0.00173,0.289
66100,0.00990,-0.11562,0.00182,0.288
66200,0.01057,-0.11603,0.00195,0.288
66300,0.01049,-0.11591,0.00187,0.288
66400,0.01083,-0.11594,0.00173,0.288
66500,0.01033,-0.11542,0.00199,0.289
66600,0.01012,-0.11508,0.00187,0.289
66700,0.01013,-0.11389,0.00227,0.288
66800,0.00960,-0.11360,0.00237,0.289
66900,0.00945,-0.11445,0.00231,0.289
67000,0.00939,-0.11486,0.00245,0.290
67100,0.01094,-0.11497,0.00279,0.290
67200,0.01039,-0.11320,0.00313,0.289
67300,0.01073,-0.11240,0.00351,0.289
67400,0.01019,-0.11134,0.00341,0.287
67500,0.01085,-0.11076,0.00338,0.287
67600,0.01238,-0.11140,0.00301,0.288
67700,0.01239,-0.11201,0.00236,0.288
67800,0.01144,-0.11316,0.00272,0.288
67900,0.01051,-0.11343,0.00292,0.288
68000,0.01027,-0.11344,0.00310,0.288
68100,0.01103,-0.11433,0.00334,0.288
68200,0.01194,-0.11638,0.00282,0.287
68300,0.01287,-0.11762,0.00258,0.288
68400,0.01349,-0.11898,0.00200,0.288
68500,0.01395,-0.11934,0.00152,0.288
68600,0.01363,-0.11851,0.00151,0.288
68700,0.01465,-0.11874,0.00109,0.290
68800,0.01718,-0.12012,0.00141,0.290
68900,0.01711,-0.11871,0.00145,0.290
69000,0.01820,-0.11854,0.00107,0.291
69100,0.02049,-0.12036,0.00089,0.292
69200,0.02059,-0.11930,0.00104,0.292
69300,0.02135,-0.11977,0.00100,0.292
69400,0.02083,-0.11912,0.00099,0.292
69500,0.02137,-0.11993,0.00189,0.291
69600,0.02208,-0.12007,0.00193,0.291
69700,0.02303,-0.12000,0.00212,0.291
69800,0.02290,-0.11973,0.00175,0.291
69900,0.02223,-0.11823,0.00150,0.291
70000,0.02288,-0.11753,0.00116,0.292
70100,0.02144,-0.11598,0.00143,0.293
70200,0.02367,-0.11541,0.00115,0.293
70300,0.02470,-0.11589,0.00141,0.294
70400,0.02560,-0.11578,0.00171,0.294
70500,0.02508,-0.11578,0.00199,0.295
70600,0.02538,-0.11562,0.00196,0.295
70700,0.02457,-0.11531,0.00215,0.295
70800,0.02560,-0.11570,0.00252,0.297
70900,0.02604,-0.11587,0.00285,0.296
71000,0.02524,-0.11641,0.00270,0.296
71100,0.02252,-0.11625,0.00317,0.297
71200,0.02148,-0.11638,0.00327,0.297
71300,0.02101,-0.11595,0.00287,0.297
71400,0.02009,-0.11572,0.00291,0.297
71500,0.02073,-0.11657,0.00309,0.298
71600,0.02025,-0.11683,0.00290,0.298
71700,0.02154,-0.11652,0.00308,0.297
71800,0.02221,-0.11593,0.00320,0.297
71900,0.02152,-0.11607,0.00303,0.298
72000,0.02121,-0.11689,0.00327,0.299
72100,0.02173,-0.11627,0.00375,0.298
72200,0.02056,-0.11514,0.00394,0.298
72300,0.02118,-0.11369,0.00384,0.298
72400,0.02181,-0.11409,0.00353,0.298
72500,0.02190,-0.11418,0.00372,0.297
72600,0.02100,-0.11390,0.00401,0.296
72700,0.02008,-0.11335,0.00361,0.296
72800,0.02006,-0.11237,0.00303,0.296
72900,0.02039,-0.11269,0.00275,0.295
73000,0.01883,-0.11227,0.00229,0.296
73100,0.01793,-0.11062,0.00243,0.295
73200,0.01889,-0.10988,0.00270,0.296
73300,0.01841,-0.10789,0.00242,0.296
73400,0.01824,-0.10613,0.00210,0.295
73500,0.01835,-0.10635,0.00204,0.294
73600,0.01866,-0.10710,0.00238,0.294
73700,0.01767,-0.10700,0.00218,0.294
73800,0.01732,-0.10811,0.00196,0.294
73900,0.01677,-0.10798,0.00198,0.294
74000,0.01630,-0.10737,0.00181,0.295
74100,0.01701,-0.10676,0.00191,0.296
74200,0.01815,-0.10557,0.00265,0.296
74300,0.01948,-0.10573,0.00231,0.296
74400,0.01985,-0.10576,0.00228,0.295
74500,0.02049,-0.10641,0.00202,0.295
74600,0.01999,-0.10636,0.00186,0.295
74700,0.02074,-0.10670,0.00200,0.293
74800,0.02131,-0.10722,0.00208,0.293
74900,0.02133,-0.10842,0.00188,0.293
75000,0.02140,-0.10859,0.00214,0.293
75100,0.02190,-0.10797,0.00183,0.292
75200,0.02182,-0.10804,0.00162,0.292
75300,0.02083,-0.10774,0.00156,0.293
75400,0.02206,-0.10815,0.00151,0.293
75500,0.02189,-0.10820,0.00126,0.292
75600,0.02139,-0.10712,0.00132,0.291
75700,0.02148,-0.10764,0.00110,0.292
75800,0.02209,-0.10617,0.00077,0.293
75900,0.02136,-0.10519,0.00122,0.292
76000,0.02206,-0.10454,0.00098,0.292
76100,0.02148,-0.10447,0.00138,0.293
76200,0.02204,-0.10474,0.00108,0.293
76300,0.02113,-0.10418,0.00174,0.293
76400,0.02124,-0.10418,0.00229,0.294
76500,0.02155,-0.10459,0.00225,0.292
76600,0.02142,-0.10488,0.00247,0.293
76700,0.02132,-0.10556,0.00184,0.292
76800,0.02234,-0.10592,0.00162,0.291
76900,0.02188,-0.10624,0.00181,0.291
77000,0.02184,-0.10584,0.00199,0.291
77100,0.02124,-0.10585,0.00166,0.290
77200,0.02277,-0.10708,0.00137,0.291
77300,0.02304,-0.10711,0.00109,0.292
77400,0.02265,-0.10688,0.00079,0.292
77500,0.02254,-0.10718,0.00089,0.292
77600,0.02113,-0.10556,0.00086,0.291
77700,0.02137,-0.10491,0.00145,0.290
77800,0.02158,-0.10485,0.00162,0.290
77900,0.02302,-0.10435,0.00154,0.290
78000,0.02301,-0.10429,0.00101,0.290
78100,0.02282,-0.10457,0.00074,0.291
78200,0.02196,-0.10425,0.00099,0.291
78300,0.02054,-0.10282,0.00168,0.291
78400,0.01972,-0.10147,0.00193,0.292
78500,0.01922,-0.10092,0.00193,0.293
78600,0.01888,-0.10140,0.00185,0.293
78700,0.01796,-0.10067,0.00205,0.293
78800,0.01521,-0.10030,0.00134,0.293
78900,0.01490,-0.10092,0.00110,0.294
79000,0.01345,-0.10183,0.00159,0.293
79100,0.01230,-0.10118,0.00166,0.293
79200,0.01178,-0.10148,0.00132,0.292
79300,0.01062,-0.10100,0.00118,0.293
79400,0.01099,-0.10095,0.00047,0.292
79500,0.01148,-0.09957,0.00055,0.293
79600,0.01094,-0.09888,0.00031,0.293
79700,0.00985,-0.09782,0.00021,0.293
79800,0.01138,-0.09775,0.00024,0.292
79900,0.01335,-0.09849,0.00017,0.292
80000,0.01233,-0.09744,0.00007,0.291
80100,0.01342,-0.09812,-0.00000,0.291
80200,0.01142,-0.09769,-0.00004,0.291
80300,0.00984,-0.09734,-0.00008,0.290
80400,0.00749,-0.09688,-0.00030,0.291
80500,0.00650,-0.09631,-0.00000,0.292
80600,0.00589,-0.09546,0.00002,0.292
80700,0.00660,-0.09503,-0.00039,0.292
80800,0.00678,-0.09488,-0.00040,0.292
80900,0.00670,-0.09494,-0.00038,0.293
81000,0.00778,-0.09403,-0.00016,0.293
81100,0.01002,-0.09479,-0.00024,0.293
81200,0.01158,-0.09446,-0.00066,0.294
81300,0.01323,-0.09471,-0.00066,0.294
81400,0.01453,-0.09419,-0.00040,0.293
81500,0.01472,-0.09243,-0.00051,0.292
81600,0.01516,-0.09209,-0.00039,0.292
81700,0.01539,-0.09249,-0.00022,0.292
81800,0.01608,-0.09388,-0.00060,0.292
81900,0.01699,-0.09456,-0.00051,0.292
82000,0.01858,-0.09472,-0.00044,0.291
82100,0.01841,-0.09484,-0.00084,0.292
82200,0.01971,-0.09497,-0.00120,0.292
82300,0.01952,-0.09504,-0.00091,0.292
82400,0.01932,-0.09495,-0.00141,0.292
82500,0.02026,-0.09543,-0.00144,0.292
82600,0.02144,-0.09656,-0.00186,0.293
82700,0.02133,-0.09661,-0.00197,0.292
82800,0.02124,-0.09730,-0.00196,0.293
82900,0.02053,-0.09731,-0.00169,0.293
83000,0.02150,-0.09775,-0.00154,0.292
83100,0.02159,-0.09859,-0.00195,0.292
83200,0.02073,-0.09904,-0.00199,0.292
83300,0.02048,-0.10037,-0.00223,0.291
83400,0.02035,-0.10167,-0.00223,0.291
83500,0.02073,-0.10203,-0.00181,0.290
83600,0.02103,-0.10162,-0.00216,0.290
83700,0.02164,-0.10117,-0.00205,0.290
83800,0.02281,-0.10111,-0.00209,0.289
83900,0.02411,-0.10160,-0.00192,0.290
84000,0.02362,-0.10039,-0.00201,0.289
84100,0.02269,-0.09963,-0.00206,0.288
84200,0.02339,-0.09992,-0.00228,0.288
84300,0.02438,-0.09959,-0.00226,0.288
84400,0.02479,-0.09882,-0.00242,0.288
84500,0.02570,-0.09898,-0.00232,0.288
84600,0.02766,-0.09994,-0.00259,0.288
84700,0.02779,-0.10032,-0.00267,0.288
84800,0.02757,-0.10040,-0.00301,0.288
84900,0.02804,-0.09941,-0.00328,0.286
85000,0.02798,-0.09900,-0.00369,0.286
85100,0.02749,-0.09902,-0.00361,0.286
85200,0.02779,-0.09934,-0.00353,0.286
85300,0.02868,-0.09928,-0.00359,0.285
85400,0.02765,-0.09830,-0.00385,0.285
85500,0.02767,-0.09878,-0.00346,0.286
85600,0.02746,-0.09935,-0.00377,0.286
85700,0.02752,-0.09861,-0.00360,0.286
85800,0.02699,-0.09866,-0.00337,0.285
85900,0.02612,-0.09787,-0.00400,0.285
86000,0.02564,-0.09785,-0.00360,0.284
86100,0.02638,-0.09684,-0.00362,0.284
86200,0.02522,-0.09494,-0.00303,0.283
86300,0.02602,-0.09565,-0.00408,0.284
86400,0.02614,-0.09568,-0.00435,0.283
86500,0.02704,-0.09626,-0.00449,0.284
86600,0.02796,-0.09667,-0.00460,0.284
86700,0.02775,-0.09684,-0.00439,0.284
86800,0.02737,-0.09700,-0.00453,0.284
86900,0.02776,-0.09715,-0.00495,0.284
87000,0.02844,-0.09767,-0.00494,0.284
87100,0.02811,-0.09774,-0.00486,0.283
87200,0.02687,-0.09805,-0.00442,0.284
87300,0.02683,-0.09895,-0.00426,0.283
87400,0.02811,-0.09918,-0.00355,0.283
87500,0.02817,-0.10024,-0.00343,0.284
87600,0.02815,-0.10099,-0.00318,0.284
87700,0.02790,-0.10057,-0.00303,0.284
87800,0.02820,-0.09967,-0.00337,0.284
87900,0.02702,-0.10025,-0.00352,0.285
88000,0.02751,-0.10057,-0.00288,0.285
88100,0.02855,-0.09858,-0.00311,0.286
88200,0.02877,-0.09858,-0.00321,0.285
88300,0.03031,-0.09993,-0.00303,0.285
88400,0.03058,-0.10105,-0.00298,0.284
88500,0.03009,-0.10117,-0.00277,0.283
88600,0.03166,-0.10217,-0.00225,0.283
88700,0.03155,-0.10333,-0.00208,0.284
88800,0.03254,-0.10281,-0.00104,0.283
88900,0.03345,-0.10298,-0.00049,0.283
89000,0.03469,-0.10353,-0.00056,0.283
89100,0.03547,-0.10425,-0.00026,0.283
89200,0.03587,-0.10519,0.00015,0.283
89300,0.03841,-0.10595,0.00070,0.283
89400,0.03813,-0.10650,0.00138,0.282
89500,0.03763,-0.10840,0.00166,0.282
89600,0.03824,-0.10936,0.00188,0.281
89700,0.03942,-0.11004,0.00184,0.281
89800,0.03959,-0.11038,0.00206,0.281
89900,0.03801,-0.11091,0.00203,0.281
90000,0.03761,-0.11119,0.00249,0.281
90100,0.03766,-0.11089,0.00241,0.281
90200,0.03831,-0.11077,0.00284,0.280
90300,0.03900,-0.11183,0.00284,0.281
90400,0.04046,-0.11257,0.00275,0.280
90500,0.04310,-0.11434,0.00214,0.280
90600,0.04536,-0.11636,0.00229,0.280
90700,0.04617,-0.11798,0.00256,0.280
90800,0.04703,-0.11819,0.00238,0.279
90900,0.04608,-0.11813,0.00255,0.280
91000,0.04733,-0.11948,0.00275,0.280
91100,0.04758,-0.11974,0.00270,0.280
91200,0.04800,-0.11992,0.00314,0.279
91300,0.04782,-0.12006,0.00367,0.279
91400,0.04731,-0.12004,0.00351,0.280
91500,0.04830,-0.12194,0.00337,0.280
91600,0.04857,-0.12212,0.00397,0.280
91700,0.04792,-0.12179,0.00362,0.279
91800,0.04696,-0.12091,0.00402,0.279
91900,0.04649,-0.11977,0.00427,0.279
92000,0.04524,-0.11964,0.00424,0.279
92100,0.04463,-0.12024,0.00454,0.278
92200,0.04529,-0.12092,0.00491,0.279
92300,0.04637,-0.12132,0.00504,0.279
92400,0.04694,-0.12243,0.00640,0.279
92500,0.04723,-0.12265,0.00655,0.278
92600,0.04778,-0.12150,0.00697,0.279
92700,0.04792,-0.12158,0.00703,0.278
92800,0.04914,-0.12252,0.00710,0.278
92900,0.05074,-0.12278,0.00684,0.278
93000,0.05091,-0.12264,0.00674,0.279
93100,0.05003,-0.12231,0.00675,0.281
93200,0.05035,-0.12243,0.00711,0.281
93300,0.05042,-0.12234,0.00745,0.281
93400,0.05131,-0.12299,0.00760,0.282
93500,0.04978,-0.12176,0.00761,0.282
93600,0.04995,-0.12211,0.00821,0.282
93700,0.05043,-0.12275,0.00837,0.283
93800,0.04996,-0.12258,0.00812,0.284
93900,0.04872,-0.12203,0.00743,0.284
94000,0.04886,-0.12349,0.00743,0.284
94100,0.04778,-0.12433,0.00741,0.285
94200,0.04778,-0.12609,0.00726,0.285
94300,0.04672,-0.12661,0.00778,0.285
94400,0.04751,-0.12696,0.00821,0.284
94500,0.04736,-0.12626,0.00816,0.284
94600,0.04685,-0.12609,0.00885,0.283
94700,0.04637,-0.12664,0.00885,0.285
94800,0.04674,-0.12616,0.00924,0.286
94900,0.04554,-0.12718,0.00934,0.287
95000,0.04593,-0.12803,0.00958,0.286
95100,0.04581,-0.12853,0.00947,0.286
95200,0.04563,-0.12748,0.00973,0.286
95300,0.04563,-0.12707,0.00975,0.286
95400,0.04500,-0.12600,0.01008,0.286
95500,0.04438,-0.12507,0.00969,0.287
95600,0.04501,-0.12507,0.00991,0.287
95700,0.04448,-0.12627,0.00968,0.287
95800,0.04437,-0.12688,0.00986,0.287
95900,0.04448,-0.12766,0.01014,0.286
96000,0.04402,-0.12809,0.01013,0.287
96100,0.04539,-0.12926,0.01001,0.288
96200,0.04656,-0.13122,0.00956,0.288
96300,0.04736,-0.13194,0.00990,0.287
96400,0.04682,-0.13136,0.00993,0.287
96500,0.04604,-0.13094,0.01008,0.286
96600,0.04597,-0.13082,0.00991,0.285
96700,0.04709,-0.13066,0.00990,0.285
96800,0.04831,-0.13144,0.00974,0.285
96900,0.04932,-0.13166,0.00985,0.285
97000,0.04963,-0.13160,0.00956,0.286
97100,0.05103,-0.13192,0.00966,0.288
97200,0.05181,-0.13262,0.00936,0.287
97300,0.05018,-0.13228,0.00926,0.287
97400,0.04820,-0.13222,0.00894,0.287
97500,0.04847,-0.13115,0.00881,0.287
97600,0.04962,-0.13169,0.00888,0.288
97700,0.04820,-0.13212,0.00812,0.288
97800,0.04707,-0.13270,0.00811,0.288
97900,0.04742,-0.13268,0.00827,0.288
98000,0.04676,-0.13273,0.00809,0.287
98100,0.04491,-0.13410,0.00847,0.287
98200,0.04408,-0.13433,0.00869,0.288
98300,0.04317,-0.13460,0.00803,0.287
98400,0.04277,-0.13459,0.00805,0.288
98500,0.04343,-0.13535,0.00773,0.288
98600,0.04172,-0.13437,0.00684,0.288
98700,0.04216,-0.13453,0.00640,0.287
98800,0.04304,-0.13526,0.00568,0.287
98900,0.04250,-0.13559,0.00489,0.287
99000,0.04148,-0.13390,0.00504,0.288
99100,0.04045,-0.13299,0.00470,0.288
99200,0.03982,-0.13260,0.00433,0.288
99300,0.03810,-0.13207,0.00393,0.288
99400,0.03762,-0.13169,0.00360,0.289
99500,0.03802,-0.13112,0.00291,0.289
99600,0.03848,-0.13077,0.00265,0.289
99700,0.03823,-0.13080,0.00243,0.289
99800,0.03787,-0.13057,0.00206,0.288
99900,0.03877,-0.12923,0.00194,0.288
100000,0.03947,-0.12926,0.00176,0.288
100100,0.04139,-0.12966,0.00139,0.289
100200,0.04113,-0.12983,0.00090,0.290
100300,0.04087,-0.12903,0.00062,0.290
100400,0.04208,-0.12999,0.00010,0.290
100500,0.04152,-0.12977,0.00007,0.290
100600,0.03946,-0.12881,-0.00011,0.289
100700,0.03866,-0.12753,-0.00036,0.289
100800,0.03702,-0.12735,-0.00050,0.290
100900,0.03747,-0.12701,-0.00064,0.289
101000,0.03617,-0.12697,-0.00052,0.290
101100,0.03677,-0.12703,-0.00046,0.291
101200,0.03533,-0.12741,-0.00028,0.292
101300,0.03342,-0.12723,-0.00084,0.291
101400,0.03273,-0.12744,-0.00113,0.291
101500,0.03181,-0.12676,-0.00118,0.291
101600,0.03092,-0.12615,-0.00181,0.292
101700,0.03120,-0.12583,-0.00185,0.293
101800,0.03093,-0.12558,-0.00203,0.292
101900,0.03030,-0.12527,-0.00216,0.292
102000,0.02962,-0.12446,-0.00229,0.293
102100,0.02927,-0.12380,-0.00235,0.294
102200,0.02765,-0.12333,-0.00261,0.293
102300,0.02588,-0.12320,-0.00289,0.293
102400,0.02442,-0.12235,-0.00344,0.293
102500,0.02266,-0.12214,-0.00370,0.293
102600,0.02091,-0.12291,-0.00413,0.292
102700,0.02164,-0.12306,-0.00438,0.293
102800,0.02025,-0.12169,-0.00391,0.293
102900,0.01920,-0.12062,-0.00376,0.293
103000,0.01815,-0.12048,-0.00317,0.294
103100,0.01929,-0.12078,-0.00332,0.292
103200,0.01856,-0.12037,-0.00376,0.291
103300,0.01888,-0.11978,-0.00432,0.290
103400,0.01724,-0.11965,-0.00450,0.290
103500,0.01747,-0.12043,-0.00494,0.290
103600,0.01626,-0.12110,-0.00509,0.290
103700,0.01573,-0.12094,-0.00506,0.290
103800,0.01460,-0.12112,-0.00515,0.290
103900,0.01467,-0.12133,-0.00466,0.290
104000,0.01504,-0.12122,-0.00438,0.291
104100,0.01533,-0.12113,-0.00429,0.291
104200,0.01382,-0.12021,-0.00440,0.290
104300,0.01362,-0.11961,-0.00476,0.290
104400,0.01249,-0.11957,-0.00492,0.290
104500,0.01105,-0.11954,-0.00465,0.292
104600,0.00950,-0.11868,-0.00520,0.293
104700,0.00920,-0.11818,-0.00505,0.292
104800,0.00795,-0.11796,-0.00518,0.292
104900,0.00805,-0.11770,-0.00487,0.293
105000,0.00762,-0.11706,-0.00462,0.294
105100,0.00806,-0.11710,-0.00433,0.294
105200,0.00923,-0.11849,-0.00417,0.295
105300,0.00914,-0.11904,-0.00385,0.294
105400,0.01139,-0.12097,-0.00389,0.294
105500,0.01218,-0.12247,-0.00346,0.294
105600,0.01322,-0.12217,-0.00344,0.295
105700,0.01368,-0.12204,-0.00309,0.296
105800,0.01350,-0.12198,-0.00316,0.297
105900,0.01439,-0.12241,-0.00345,0.297
106000,0.01361,-0.12281,-0.00368,0.297
106100,0.01126,-0.12370,-0.00397,0.297
106200,0.01161,-0.12386,-0.00398,0.297
106300,0.01071,-0.12362,-0.00376,0.297
106400,0.01152,-0.12418,-0.00382,0.298
106500,0.01165,-0.12483,-0.00339,0.298
106600,0.01070,-0.12449,-0.00306,0.298
106700,0.00932,-0.12424,-0.00295,0.298
106800,0.00837,-0.12319,-0.00277,0.298
106900,0.00800,-0.12234,-0.00253,0.298
107000,0.00658,-0.12206,-0.00247,0.298
107100,0.00426,-0.12180,-0.00245,0.298
107200,0.00340,-0.12068,-0.00189,0.298
107300,0.00486,-0.12071,-0.00165,0.298
107400,0.00549,-0.12122,-0.00181,0.298
107500,0.00624,-0.12221,-0.00208,0.298
107600,0.00549,-0.12176,-0.00220,0.297
107700,0.00649,-0.12169,-0.00184,0.296
107800,0.00694,-0.12178,-0.00133,0.296
107900,0.00785,-0.12196,-0.00081,0.296
108000,0.00864,-0.12209,-0.00056,0.296
108100,0.01000,-0.12252,-0.00052,0.296
108200,0.01102,-0.12211,-0.00048,0.295
108300,0.01098,-0.12126,0.00015,0.295
108400,0.01169,-0.12079,0.00044,0.295
108500,0.01140,-0.12040,0.00106,0.295
108600,0.01192,-0.12087,0.00137,0.295
108700,0.01032,-0.12005,0.00219,0.295
108800,0.00903,-0.12027,0.00293,0.294
108900,0.00900,-0.12076,0.00408,0.294
109000,0.00995,-0.12197,0.00400,0.294
109100,0.00959,-0.12272,0.00436,0.293
109200,0.01041,-0.12349,0.00439,0.294
109300,0.00995,-0.12362,0.00460,0.293
109400,0.00965,-0.12417,0.00475,0.292
109500,0.00965,-0.12399,0.00546,0.292
109600,0.00904,-0.12282,0.00565,0.293
109700,0.00896,-0.12304,0.00591,0.293
109800,0.00956,-0.12328,0.00678,0.294
109900,0.00891,-0.12418,0.00716,0.294
110000,0.00898,-0.12522,0.00729,0.294
110100,0.00827,-0.12569,0.00716,0.293
110200,0.00808,-0.12649,0.00757,0.292
110300,0.00778,-0.12580,0.00787,0.292
110400,0.00692,-0.12516,0.00871,0.291
110500,0.00577,-0.12432,0.00906,0.290
110600,0.00538,-0.12446,0.00907,0.290
110700,0.00621,-0.12539,0.00955,0.290
110800,0.00790,-0.12615,0.00981,0.290
110900,0.00836,-0.12636,0.00974,0.290
111000,0.00798,-0.12621,0.00919,0.289
111100,0.00701,-0.12584,0.00917,0.288
111200,0.00685,-0.12495,0.00932,0.287
111300,0.00784,-0.12468,0.00965,0.288
111400,0.00859,-0.12485,0.01005,0.287
111500,0.00890,-0.12410,0.01023,0.288
111600,0.01008,-0.12327,0.01041,0.288
111700,0.00967,-0.12339,0.01072,0.288
111800,0.01026,-0.12410,0.01036,0.288
111900,0.01065,-0.12484,0.01001,0.288
112000,0.01028,-0.12521,0.00981,0.289
112100,0.01066,-0.12614,0.00998,0.288
112200,0.01051,-0.12530,0.00969,0.288
112300,0.01001,-0.12485,0.00944,0.287
112400,0.00925,-0.12479,0.00923,0.288
112500,0.00880,-0.12447,0.00939,0.289
112600,0.00979,-0.12495,0.00993,0.289
112700,0.00939,-0.12466,0.01031,0.289
112800,0.00893,-0.12494,0.00957,0.290
112900,0.00910,-0.12571,0.00944,0.290
113000,0.00951,-0.12531,0.00939,0.290
113100,0.00940,-0.12438,0.01010,0.291
113200,0.00930,-0.12356,0.01019,0.291
113300,0.01098,-0.12448,0.01024,0.292
113400,0.01140,-0.12399,0.01011,0.292
113500,0.01220,-0.12469,0.01072,0.293
113600,0.01329,-0.12408,0.01057,0.293
113700,0.01394,-0.12443,0.01064,0.294
113800,0.01444,-0.12421,0.01089,0.294
113900,0.01365,-0.12416,0.01073,0.294
114000,0.01345,-0.12470,0.01071,0.293
114100,0.01439,-0.12583,0.01050,0.293
114200,0.01532,-0.12550,0.01078,0.293
114300,0.01437,-0.12581,0.01110,0.293
114400,0.01501,-0.12649,0.01122,0.293
114500,0.01640,-0.12608,0.01094,0.293
114600,0.01757,-0.12526,0.01103,0.293
114700,0.01858,-0.12470,0.01065,0.293
114800,0.01916,-0.12324,0.01068,0.292
114900,0.02065,-0.12301,0.01094,0.292
115000,0.02095,-0.12186,0.01071,0.291
115100,0.02163,-0.12205,0.01054,0.291
115200,0.02154,-0.12132,0.01013,0.290
115300,0.02150,-0.12074,0.00991,0.290
115400,0.02104,-0.11975,0.00941,0.290
115500,0.02103,-0.11803,0.00878,0.290
115600,0.02018,-0.11701,0.00895,0.288
115700,0.02042,-0.11605,0.00882,0.288
115800,0.02093,-0.11518,0.00830,0.289
115900,0.02193,-0.11492,0.00834,0.289
116000,0.02321,-0.11312,0.00830,0.289
116100,0.02460,-0.11112,0.00826,0.290
116200,0.02353,-0.10985,0.00837,0.290
116300,0.02306,-0.10876,0.00827,0.291
116400,0.02251,-0.10752,0.00822,0.291
116500,0.02275,-0.10568,0.00773,0.291
116600,0.02366,-0.10564,0.00732,0.292
116700,0.02514,-0.10556,0.00711,0.292
116800,0.02605,-0.10661,0.00687,0.293
116900,0.02474,-0.10613,0.00651,0.293
117000,0.02521,-0.10687,0.00636,0.293
117100,0.02525,-0.10654,0.00576,0.293
117200,0.02640,-0.10684,0.00525,0.293
117300,0.02574,-0.10713,0.00505,0.294
117400,0.02662,-0.10669,0.00499,0.294
117500,0.02563,-0.10736,0.00525,0.294
117600,0.02463,-0.10790,0.00521,0.295
117700,0.02639,-0.10806,0.00515,0.295
117800,0.02680,-0.10798,0.00439,0.296
117900,0.02600,-0.10733,0.00351,0.297
118000,0.02534,-0.10680,0.00284,0.297
118100,0.02478,-0.10636,0.00241,0.297
118200,0.02490,-0.10643,0.00209,0.298
118300,0.02572,-0.10620,0.00112,0.299
118400,0.02563,-0.10595,-0.00007,0.299
118500,0.02619,-0.10574,-0.00086,0.299
118600,0.02611,-0.10575,-0.00104,0.299
118700,0.02722,-0.10578,-0.00154,0.298
118800,0.02700,-0.10570,-0.00223,0.299
118900,0.02634,-0.10475,-0.00299,0.299
119000,0.02516,-0.10336,-0.00300,0.299
119100,0.02572,-0.10319,-0.00337,0.299
119200,0.02406,-0.10247,-0.00334,0.298
119300,0.02318,-0.10219,-0.00361,0.298
119400,0.02390,-0.10197,-0.00382,0.299
119500,0.02430,-0.10171,-0.00406,0.298
119600,0.02460,-0.10205,-0.00404,0.297
119700,0.02582,-0.10207,-0.00404,0.298
119800,0.02592,-0.10149,-0.00413,0.299
119900,0.02607,-0.10163,-0.00418,0.299
120000,0.02570,-0.10150,-0.00388,0.300
120100,0.02454,-0.10071,-0.00348,0.300
120200,0.02508,-0.09989,-0.00342,0.301
120300,0.02504,-0.10079,-0.00351,0.301
120400,0.02484,-0.10084,-0.00386,0.302
120500,0.02606,-0.10209,-0.00401,0.302
120600,0.02678,-0.10183,-0.00386,0.302
120700,0.02584,-0.10115,-0.00418,0.302
120800,0.02403,-0.09995,-0.00436,0.301
120900,0.02272,-0.09993,-0.00426,0.301
121000,0.02244,-0.09962,-0.00424,0.302
121100,0.02267,-0.09997,-0.00460,0.302
121200,0.02506,-0.10060,-0.00443,0.302
121300,0.02514,-0.09976,-0.00446,0.302
121400,0.02495,-0.09948,-0.00425,0.302
121500,0.02493,-0.09963,-0.00428,0.301
121600,0.02480,-0.10070,-0.00445,0.301
121700,0.02431,-0.09972,-0.00467,0.301
121800,0.02543,-0.09858,-0.00395,0.302
121900,0.02476,-0.09751,-0.00358,0.302
122000,0.02587,-0.09764,-0.00337,0.302
122100,0.02610,-0.09764,-0.00318,0.302
122200,0.02692,-0.09776,-0.00300,0.302
122300,0.02758,-0.09874,-0.00270,0.301
122400,0.02879,-0.09961,-0.00250,0.302
122500,0.02921,-0.09933,-0.00247,0.301
122600,0.03005,-0.09879,-0.00247,0.300
122700,0.02959,-0.09897,-0.00270,0.300
122800,0.03073,-0.09950,-0.00275,0.299
122900,0.03028,-0.09948,-0.00263,0.299
123000,0.03084,-0.09989,-0.00300,0.298
123100,0.03052,-0.10014,-0.00379,0.297
123200,0.03094,-0.10073,-0.00385,0.298
123300,0.02855,-0.10093,-0.00388,0.298
123400,0.02814,-0.10177,-0.00372,0.298
123500,0.02793,-0.10065,-0.00378,0.297
123600,0.02779,-0.10038,-0.00357,0.296
123700,0.02789,-0.09953,-0.00326,0.295
123800,0.02816,-0.09989,-0.00363,0.295
123900,0.02864,-0.10056,-0.00343,0.295
124000,0.02901,-0.09973,-0.00340,0.296
124100,0.02852,-0.09925,-0.00301,0.295
124200,0.02856,-0.09968,-0.00324,0.296
124300,0.02951,-0.09946,-0.00337,0.297
124400,0.02982,-0.09832,-0.00327,0.296
124500,0.03009,-0.09925,-0.00307,0.295
124600,0.02981,-0.10140,-0.00285,0.295
124700,0.03038,-0.10250,-0.00238,0.295
124800,0.03063,-0.10399,-0.00207,0.295
124900,0.02913,-0.10412,-0.00254,0.294
125000,0.02875,-0.10540,-0.00242,0.296
125100,0.02822,-0.10505,-0.00269,0.296
125200,0.02728,-0.10519,-0.00241,0.297
125300,0.02763,-0.10553,-0.00246,0.296
125400,0.02756,-0.10635,-0.00201,0.297
125500,0.02647,-0.10606,-0.00204,0.297
125600,0.02522,-0.10714,-0.00238,0.298
125700,0.02533,-0.10765,-0.00260,0.297
125800,0.02483,-0.10817,-0.00238,0.296
125900,0.02343,-0.10859,-0.00230,0.297
126000,0.02276,-0.10975,-0.00218,0.296
126100,0.02214,-0.11127,-0.00230,0.296
126200,0.02169,-0.11254,-0.00252,0.297
126300,0.02279,-0.11393,-0.00265,0.297
126400,0.02257,-0.11450,-0.00273,0.297
126500,0.02362,-0.11549,-0.00246,0.297
126600,0.02360,-0.11513,-0.00167,0.298
126700,0.02256,-0.11459,-0.00143,0.298
126800,0.02137,-0.11423,-0.00144,0.297
126900,0.02103,-0.11480,-0.00130,0.298
127000,0.02235,-0.11513,-0.00116,0.298
127100,0.02407,-0.11546,-0.00085,0.299
127200,0.02285,-0.11545,-0.00089,0.299
127300,0.02337,-0.11557,-0.00127,0.298
127400,0.02296,-0.11541,-0.00112,0.297
127500,0.02417,-0.11362,-0.00082,0.298
127600,0.02535,-0.11311,-0.00102,0.297
127700,0.02478,-0.11331,-0.00073,0.298
127800,0.02512,-0.11358,-0.00069,0.297
127900,0.02666,-0.11388,-0.00060,0.297
128000,0.02722,-0.11399,-0.00007,0.296
128100,0.02808,-0.11459,0.00004,0.295
128200,0.02823,-0.11490,0.00037,0.294
128300,0.02809,-0.11561,0.00080,0.294
128400,0.02780,-0.11605,0.00161,0.294
128500,0.02863,-0.11623,0.00221,0.295
128600,0.02870,-0.11634,0.00229,0.294
128700,0.02811,-0.11654,0.00226,0.294
128800,0.02900,-0.11582,0.00224,0.293
128900,0.02921,-0.11649,0.00265,0.293
129000,0.03123,-0.11789,0.00333,0.293
129100,0.03175,-0.11780,0.00337,0.294
129200,0.03445,-0.11788,0.00374,0.294
129300,0.03586,-0.11838,0.00402,0.293
129400,0.03634,-0.11734,0.00476,0.293
129500,0.03714,-0.11782,0.00416,0.294
129600,0.03737,-0.11853,0.00393,0.294
129700,0.03737,-0.11778,0.00362,0.294
129800,0.03723,-0.11886,0.00319,0.293
129900,0.03779,-0.11948,0.00302,0.292
130000,0.03821,-0.11949,0.00256,0.292
130100,0.03874,-0.11977,0.00266,0.292
130200,0.03867,-0.12029,0.00249,0.292
130300,0.03877,-0.12036,0.00258,0.291
130400,0.03897,-0.12042,0.00273,0.291
130500,0.03918,-0.11978,0.00321,0.292
130600,0.03932,-0.12030,0.00343,0.293
130700,0.04007,-0.12115,0.00356,0.293
130800,0.04057,-0.12155,0.00352,0.293
130900,0.04165,-0.12213,0.00339,0.293
131000,0.04227,-0.12178,0.00358,0.292
131100,0.04187,-0.12105,0.00355,0.293
131200,0.04023,-0.12093,0.00327,0.293
131300,0.04123,-0.12145,0.00283,0.293
131400,0.04206,-0.12103,0.00240,0.294
131500,0.04173,-0.12159,0.00236,0.294
131600,0.04152,-0.12188,0.00258,0.293
131700,0.04268,-0.12236,0.00289,0.294
131800,0.04202,-0.12385,0.00246,0.292
131900,0.04324,-0.12468,0.00238,0.291
132000,0.04317,-0.12463,0.00269,0.291
132100,0.04339,-0.12436,0.00261,0.292
132200,0.04288,-0.12366,0.00285,0.292
132300,0.04220,-0.12308,0.00265,0.292
132400,0.04237,-0.12281,0.00236,0.292
132500,0.04230,-0.12298,0.00195,0.292
132600,0.04147,-0.12191,0.00120,0.293
132700,0.04247,-0.12076,0.00080,0.293
132800,0.04271,-0.12038,0.00107,0.293
132900,0.04307,-0.12012,0.00121,0.293
133000,0.04266,-0.11989,0.00081,0.293
133100,0.04236,-0.12098,0.00046,0.293
133200,0.04169,-0.12099,0.00036,0.292
133300,0.04241,-0.12070,0.00037,0.291
133400,0.04355,-0.11945,-0.00023,0.291
133500,0.04395,-0.11957,-0.00068,0.292
133600,0.04386,-0.11887,-0.00063,0.293
133700,0.04364,-0.11853,-0.00088,0.294
133800,0.04314,-0.11807,-0.00055,0.293
133900,0.04465,-0.11706,-0.00049,0.292
134000,0.04478,-0.11786,-0.00053,0.291
134100,0.04569,-0.11630,-0.00124,0.292
134200,0.04669,-0.11644,-0.00127,0.291
134300,0.04770,-0.11678,-0.00149,0.290
134400,0.04686,-0.11710,-0.00210,0.291
134500,0.04643,-0.11638,-0.00259,0.291
134600,0.04578,-0.11547,-0.00278,0.291
134700,0.04393,-0.11446,-0.00324,0.291
134800,0.04399,-0.11393,-0.00370,0.290
134900,0.04519,-0.11460,-0.00345,0.290
135000,0.04616,-0.11427,-0.00337,0.290
135100,0.04681,-0.11498,-0.00294,0.289
135200,0.04645,-0.11451,-0.00333,0.288
135300,0.04652,-0.11435,-0.00348,0.290
135400,0.04508,-0.11482,-0.00379,0.290
135500,0.04457,-0.11561,-0.00318,0.290
135600,0.04450,-0.11557,-0.00285,0.290
135700,0.04352,-0.11617,-0.00297,0.290
135800,0.04311,-0.11701,-0.00272,0.290
135900,0.04370,-0.11753,-0.00199,0.289
136000,0.04293,-0.11804,-0.00222,0.290
136100,0.04327,-0.11781,-0.00195,0.289
136200,0.04344,-0.11769,-0.00158,0.288
136300,0.04276,-0.11715,-0.00144,0.288
136400,0.04327,-0.11766,-0.00168,0.287
136500,0.04223,-0.11872,-0.00119,0.287
136600,0.04253,-0.11938,-0.00166,0.287
136700,0.04401,-0.12039,-0.00094,0.287
136800,0.04456,-0.12019,-0.00054,0.286
136900,0.04597,-0.12002,-0.00088,0.285
137000,0.04558,-0.11903,-0.00117,0.285
137100,0.04566,-0.11851,-0.00114,0.285
137200,0.04640,-0.11891,-0.00106,0.285
137300,0.04671,-0.11898,-0.00082,0.285
137400,0.04682,-0.11871,-0.00057,0.284
137500,0.04693,-0.11972,-0.00042,0.284
137600,0.04713,-0.12013,-0.00058,0.284
137700,0.04656,-0.11922,-0.00060,0.284
137800,0.04661,-0.11947,-0.00017,0.285
137900,0.04462,-0.11887,-0.00013,0.285
138000,0.04457,-0.11832,-0.00012,0.285
138100,0.04483,-0.11836,0.00002,0.285
138200,0.04340,-0.11874,0.00001,0.287
138300,0.04273,-0.11877,-0.00014,0.287
138400,0.04223,-0.11889,-0.00016,0.287
138500,0.04133,-0.11863,-0.00045,0.287
138600,0.04139,-0.11748,-0.00023,0.288
138700,0.04235,-0.11756,-0.00034,0.288
138800,0.04226,-0.11884,-0.00017,0.288
138900,0.04222,-0.11859,-0.00062,0.289
139000,0.04095,-0.11823,-0.00102,0.289
139100,0.04059,-0.11841,-0.00097,0.288
139200,0.03883,-0.11742,-0.00172,0.288
139300,0.03896,-0.11676,-0.00246,0.290
139400,0.03735,-0.11738,-0.00258,0.290
139500,0.03668,-0.11721,-0.00241,0.290
139600,0.03621,-0.11777,-0.00261,0.290
139700,0.03485,-0.11786,-0.00237,0.291
139800,0.03445,-0.11770,-0.00223,0.292
139900,0.03414,-0.11689,-0.00235,0.291
140000,0.03438,-0.11726,-0.00257,0.292
140100,0.03383,-0.11659,-0.00322,0.292
140200,0.03360,-0.11612,-0.00303,0.293
140300,0.03291,-0.11595,-0.00328,0.294
140400,0.03347,-0.11541,-0.00359,0.295
140500,0.03265,-0.11527,-0.00418,0.295
140600,0.03374,-0.11437,-0.00485,0.294
140700,0.03297,-0.11361,-0.00525,0.294
140800,0.03324,-0.11334,-0.00562,0.294
140900,0.03326,-0.11323,-0.00573,0.295
141000,0.03302,-0.11408,-0.00564,0.295
141100,0.03377,-0.11464,-0.00520,0.294
141200,0.03453,-0.11465,-0.00555,0.294
141300,0.03417,-0.11509,-0.00546,0.294
141400,0.03317,-0.11480,-0.00572,0.294
141500,0.03351,-0.11516,-0.00590,0.294
141600,0.03415,-0.11517,-0.00588,0.295
141700,0.03350,-0.11521,-0.00634,0.294
141800,0.03457,-0.11473,-0.00616,0.295
141900,0.03463,-0.11525,-0.00600,0.295
142000,0.03554,-0.11498,-0.00657,0.296
142100,0.03517,-0.11486,-0.00672,0.296
142200,0.03570,-0.11578,-0.00746,0.296
142300,0.03797,-0.11624,-0.00752,0.297
142400,0.03889,-0.11606,-0.00725,0.298
142500,0.04005,-0.11548,-0.00681,0.299
142600,0.04049,-0.11597,-0.00693,0.298
142700,0.03993,-0.11658,-0.00654,0.298
142800,0.04016,-0.11643,-0.00665,0.297
142900,0.04023,-0.11583,-0.00686,0.298
143000,0.04126,-0.11619,-0.00647,0.298
143100,0.04148,-0.11585,-0.00642,0.299
143200,0.04162,-0.11594,-0.00660,0.299
143300,0.04122,-0.11667,-0.00676,0.300
143400,0.04207,-0.11766,-0.00633,0.300
143500,0.04126,-0.11826,-0.00615,0.300
143600,0.04170,-0.11860,-0.00656,0.299
143700,0.04084,-0.11919,-0.00722,0.299
143800,0.04026,-0.11796,-0.00734,0.299
143900,0.03955,-0.11872,-0.00779,0.300
144000,0.03997,-0.11841,-0.00835,0.300
144100,0.03914,-0.11999,-0.00820,0.299
144200,0.03925,-0.12008,-0.00857,0.299
144300,0.03844,-0.11968,-0.00893,0.299
144400,0.03947,-0.11947,-0.00948,0.299
144500,0.03965,-0.12028,-0.00927,0.299
144600,0.04017,-0.12023,-0.00955,0.299
144700,0.03996,-0.11966,-0.00914,0.299
144800,0.03972,-0.12032,-0.00883,0.300
144900,0.03986,-0.11967,-0.00945,0.302
145000,0.03956,-0.12006,-0.00980,0.302
145100,0.03863,-0.12037,-0.00987,0.303
145200,0.03854,-0.12110,-0.00984,0.303
145300,0.03785,-0.12161,-0.01001,0.303
145400,0.03901,-0.12117,-0.00983,0.302
145500,0.04049,-0.12110,-0.01041,0.301
145600,0.04174,-0.12059,-0.01064,0.300
145700,0.04194,-0.11997,-0.01036,0.301
145800,0.04230,-0.11975,-0.00980,0.300
145900,0.04275,-0.11856,-0.01007,0.300
146000,0.04251,-0.11698,-0.00973,0.300
146100,0.04137,-0.11653,-0.00980,0.300
146200,0.04212,-0.11630,-0.00996,0.300
146300,0.04218,-0.11569,-0.00982,0.300
146400,0.04186,-0.11535,-0.00946,0.300
146500,0.04181,-0.11489,-0.00987,0.299
146600,0.04074,-0.11462,-0.00992,0.299
146700,0.03879,-0.11408,-0.01055,0.299
146800,0.03807,-0.11381,-0.01090,0.299
146900,0.03850,-0.11393,-0.01058,0.299
147000,0.03735,-0.11330,-0.01044,0.298
147100,0.03568,-0.11370,-0.01040,0.297
147200,0.03535,-0.11379,-0.00989,0.298
147300,0.03399,-0.11331,-0.00971,0.299
147400,0.03344,-0.11350,-0.00999,0.299
147500,0.03226,-0.11219,-0.01030,0.299
147600,0.03193,-0.11150,-0.01020,0.298
147700,0.03213,-0.11165,-0.01042,0.298
147800,0.03247,-0.11147,-0.01058,0.298
147900,0.03310,-0.11201,-0.01081,0.298
148000,0.03364,-0.11293,-0.01103,0.298
148100,0.03219,-0.11212,-0.01106,0.298
148200,0.03295,-0.11174,-0.01135,0.297
148300,0.03355,-0.11162,-0.01089,0.297
148400,0.03331,-0.11040,-0.01127,0.297
148500,0.03333,-0.11114,-0.01126,0.296
148600,0.03258,-0.11152,-0.01137,0.296
148700,0.03274,-0.11137,-0.01160,0.297
148800,0.03346,-0.11040,-0.01151,0.297
148900,0.03553,-0.11064,-0.01093,0.297
149000,0.03584,-0.11078,-0.01107,0.296
149100,0.03521,-0.11054,-0.01103,0.297
149200,0.03533,-0.11027,-0.01073,0.297
149300,0.03506,-0.11010,-0.01046,0.296
149400,0.03563,-0.11059,-0.01072,0.296
149500,0.03456,-0.11044,-0.01059,0.296
149600,0.03409,-0.10864,-0.01023,0.296
149700,0.03312,-0.10816,-0.01037,0.295
149800,0.03237,-0.10790,-0.01054,0.295
149900,0.03136,-0.10836,-0.01059,0.295
150000,0.03087,-0.10741,-0.01020,0.295
150100,0.03167,-0.10813,-0.00978,0.294
150200,0.03082,-0.10810,-0.01007,0.293
150300,0.03171,-0.10805,-0.01022,0.292
150400,0.03076,-0.10836,-0.01016,0.291
150500,0.03083,-0.10823,-0.00991,0.291
150600,0.02959,-0.10784,-0.00949,0.290
150700,0.03036,-0.10735,-0.00904,0.290
150800,0.03106,-0.10737,-0.00843,0.290
150900,0.03145,-0.10610,-0.00833,0.289
151000,0.03178,-0.10523,-0.00819,0.289
151100,0.03147,-0.10471,-0.00834,0.289
151200,0.03182,-0.10432,-0.00780,0.289
151300,0.03164,-0.10409,-0.00736,0.289
151400,0.03215,-0.10472,-0.00688,0.289
151500,0.03298,-0.10428,-0.00679,0.287
151600,0.03298,-0.10460,-0.00698,0.288
151700,0.03332,-0.10412,-0.00683,0.288
151800,0.03178,-0.10361,-0.00715,0.288
151900,0.03146,-0.10309,-0.00717,0.288
152000,0.03033,-0.10321,-0.00671,0.287
152100,0.02985,-0.10342,-0.00679,0.287
152200,0.02934,-0.10288,-0.00588,0.286
152300,0.02849,-0.10201,-0.00536,0.285
152400,0.02694,-0.10174,-0.00547,0.285
152500,0.02639,-0.10141,-0.00551,0.283
152600,0.02611,-0.10049,-0.00543,0.284
152700,0.02644,-0.10029,-0.00480,0.284
152800,0.02537,-0.09995,-0.00464,0.284
152900,0.02550,-0.10036,-0.00429,0.284
153000,0.02509,-0.09904,-0.00435,0.284
153100,0.02484,-0.09875,-0.00389,0.285
153200,0.02504,-0.09888,-0.00385,0.284
153300,0.02618,-0.09762,-0.00344,0.285
153400,0.02496,-0.09683,-0.00324,0.285
153500,0.02560,-0.09645,-0.00345,0.285
153600,0.02439,-0.09610,-0.00296,0.285
153700,0.02434,-0.09634,-0.00303,0.285
153800,0.02505,-0.09747,-0.00317,0.286
153900,0.02529,-0.09636,-0.00320,0.286
154000,0.02479,-0.09559,-0.00308,0.286
154100,0.02339,-0.09500,-0.00323,0.287
154200,0.02265,-0.09500,-0.00283,0.288
154300,0.02286,-0.09500,-0.00266,0.287
154400,0.02389,-0.09556,-0.00138,0.288
154500,0.02345,-0.09528,-0.00145,0.289
154600,0.02432,-0.09580,-0.00124,0.289
154700,0.02466,-0.09627,-0.00179,0.288
154800,0.02486,-0.09575,-0.00195,0.288
154900,0.02421,-0.09521,-0.00122,0.288
155000,0.02518,-0.09492,-0.00113,0.288
155100,0.02636,-0.09434,-0.00158,0.288
155200,0.02770,-0.09513,-0.00142,0.289
155300,0.02765,-0.09544,-0.00138,0.289
155400,0.02756,-0.09635,-0.00156,0.291
155500,0.02740,-0.09721,-0.00163,0.292
155600,0.02808,-0.09767,-0.00179,0.293
155700,0.02883,-0.09787,-0.00220,0.293
155800,0.02969,-0.09712,-0.00321,0.292
155900,0.02855,-0.09622,-0.00373,0.292
156000,0.02991,-0.09631,-0.00423,0.292
156100,0.03032,-0.09551,-0.00427,0.292
156200,0.03144,-0.09566,-0.00391,0.291
156300,0.03204,-0.09656,-0.00387,0.291
156400,0.03234,-0.09746,-0.00348,0.292
156500,0.03154,-0.09694,-0.00362,0.291
156600,0.03124,-0.09704,-0.00339,0.292
156700,0.03157,-0.09767,-0.00302,0.292
156800,0.03192,-0.09768,-0.00233,0.292
156900,0.03102,-0.09807,-0.00211,0.292
157000,0.03140,-0.09934,-0.00130,0.293
157100,0.03192,-0.09989,-0.00118,0.293
157200,0.03294,-0.09974,-0.00176,0.293
157300,0.03341,-0.10007,-0.00169,0.293
157400,0.03309,-0.10035,-0.00167,0.293
157500,0.03324,-0.10156,-0.00203,0.293
157600,0.03247,-0.10246,-0.00161,0.294
157700,0.03059,-0.10314,-0.00172,0.294
157800,0.02925,-0.10313,-0.00165,0.293
157900,0.02999,-0.10299,-0.00108,0.292
158000,0.02920,-0.10238,-0.00127,0.292
158100,0.02985,-0.10259,-0.00122,0.293
158200,0.03002,-0.10302,-0.00129,0.294
158300,0.02945,-0.10377,-0.00168,0.294
158400,0.02958,-0.10459,-0.00142,0.294
158500,0.02945,-0.10365,-0.00140,0.293
158600,0.03112,-0.10394,-0.00200,0.292
158700,0.03068,-0.10436,-0.00214,0.291
158800,0.02972,-0.10430,-0.00271,0.290
158900,0.02752,-0.10420,-0.00305,0.290
159000,0.02756,-0.10417,-0.00312,0.291
159100,0.02766,-0.10383,-0.00310,0.290
159200,0.02772,-0.10445,-0.00319,0.290
159300,0.02734,-0.10420,-0.00293,0.292
159400,0.02796,-0.10491,-0.00279,0.292
159500,0.02866,-0.10484,-0.00258,0.292
159600,0.02983,-0.10569,-0.00259,0.292
159700,0.03190,-0.10638,-0.00267,0.292
159800,0.03278,-0.10678,-0.00275,0.291
159900,0.03296,-0.10682,-0.00256,0.291
160000,0.03378,-0.10713,-0.00253,0.291
160100,0.03301,-0.10709,-0.00226,0.290
160200,0.03299,-0.10829,-0.00219,0.291
160300,0.03293,-0.10878,-0.00170,0.291
160400,0.03341,-0.10873,-0.00173,0.291
160500,0.03348,-0.10903,-0.00149,0.291
160600,0.03295,-0.10952,-0.00160,0.291
160700,0.03356,-0.11055,-0.00171,0.291
160800,0.03337,-0.11139,-0.00192,0.291
160900,0.03310,-0.11196,-0.00153,0.291
161000,0.03186,-0.11188,-0.00153,0.291
161100,0.03226,-0.11255,-0.00124,0.291
161200,0.03114,-0.11273,-0.00099,0.290
161300,0.03103,-0.11182,-0.00126,0.291
161400,0.03100,-0.11202,-0.00140,0.290
161500,0.03033,-0.11208,-0.00113,0.291
161600,0.03008,-0.11115,-0.00062,0.292
161700,0.03092,-0.11254,-0.00034,0.291
161800,0.03134,-0.11324,0.00012,0.291
161900,0.03193,-0.11358,0.00038,0.291
162000,0.03355,-0.11438,0.00010,0.291
162100,0.03385,-0.11454,0.00022,0.290
162200,0.03386,-0.11552,-0.00036,0.291
162300,0.03406,-0.11628,-0.00071,0.291
162400,0.03542,-0.11677,-0.00075,0.290
162500,0.03588,-0.11750,-0.00080,0.291
162600,0.03698,-0.11942,-0.00107,0.292
162700,0.03690,-0.12003,-0.00167,0.292
162800,0.03784,-0.12104,-0.00209,0.291
162900,0.03842,-0.12150,-0.00229,0.292
163000,0.03843,-0.12251,-0.00247,0.291
163100,0.03797,-0.12266,-0.00320,0.291
163200,0.03910,-0.12299,-0.00333,0.292
163300,0.03898,-0.12394,-0.00322,0.291
163400,0.04011,-0.12432,-0.00303,0.291
163500,0.04034,-0.12411,-0.00269,0.290
163600,0.04104,-0.12445,-0.00289,0.291
163700,0.04161,-0.12478,-0.00243,0.290
163800,0.04233,-0.12423,-0.00207,0.290
163900,0.04145,-0.12539,-0.00184,0.289
164000,0.04189,-0.12562,-0.00089,0.289
164100,0.04410,-0.12609,-0.00008,0.288
164200,0.04417,-0.12651,0.00036,0.288
164300,0.04349,-0.12632,0.00070,0.288
164400,0.04229,-0.12484,0.00016,0.287
164500,0.04236,-0.12467,0.00067,0.286
164600,0.04155,-0.12372,0.00103,0.286
164700,0.04208,-0.12336,0.00137,0.287
164800,0.04303,-0.12384,0.00120,0.286
164900,0.04297,-0.12451,0.00108,0.284
165000,0.04231,-0.12445,0.00090,0.284
165100,0.04199,-0.12347,0.00160,0.284
165200,0.04094,-0.12296,0.00171,0.282
165300,0.04105,-0.12130,0.00193,0.282
165400,0.04115,-0.12099,0.00196,0.281
165500,0.04077,-0.12038,0.00226,0.281
165600,0.03944,-0.11994,0.00241,0.281
165700,0.03937,-0.11914,0.00302,0.281
165800,0.03890,-0.11875,0.00329,0.281
165900,0.03840,-0.11938,0.00350,0.281
166000,0.03891,-0.12085,0.00385,0.281
166100,0.03924,-0.12224,0.00411,0.281
166200,0.03808,-0.12207,0.00409,0.281
166300,0.03833,-0.12110,0.00357,0.281
166400,0.03903,-0.12004,0.00311,0.281
166500,0.03955,-0.11996,0.00329,0.281
166600,0.04128,-0.12064,0.00329,0.281
166700,0.04119,-0.11987,0.00331,0.282
166800,0.04019,-0.12001,0.00283,0.282
166900,0.04027,-0.11999,0.00255,0.281
167000,0.04020,-0.11972,0.00213,0.280
167100,0.03942,-0.11890,0.00236,0.280
167200,0.03896,-0.11932,0.00219,0.279
167300,0.03910,-0.11954,0.00215,0.279
167400,0.03980,-0.11963,0.00208,0.279
167500,0.03951,-0.11914,0.00231,0.279
167600,0.04067,-0.11894,0.00233,0.278
167700,0.04193,-0.12001,0.00312,0.278
167800,0.04272,-0.11957,0.00311,0.278
167900,0.04214,-0.11927,0.00302,0.277
168000,0.04285,-0.12007,0.00334,0.277
168100,0.04403,-0.12041,0.00372,0.276
168200,0.04406,-0.12057,0.00378,0.275
168300,0.04274,-0.11949,0.00428,0.276
168400,0.04400,-0.11995,0.00453,0.275
168500,0.04529,-0.12075,0.00503,0.275
168600,0.04401,-0.12079,0.00620,0.277
168700,0.04311,-0.12102,0.00671,0.277
168800,0.04176,-0.12122,0.00714,0.278
168900,0.04110,-0.12122,0.00705,0.278
169000,0.03959,-0.12120,0.00740,0.278
169100,0.03963,-0.12167,0.00711,0.279
169200,0.03850,-0.12225,0.00735,0.279
169300,0.03764,-0.12329,0.00732,0.278
169400,0.03756,-0.12248,0.00752,0.278
169500,0.03762,-0.12302,0.00754,0.277
169600,0.03796,-0.12389,0.00785,0.277
169700,0.03813,-0.12364,0.00850,0.278
169800,0.03824,-0.12346,0.00905,0.278
169900,0.03881,-0.12322,0.00912,0.278
170000,0.03854,-0.12393,0.00916,0.277
170100,0.03967,-0.12379,0.00950,0.278
170200,0.03970,-0.12321,0.00934,0.277
170300,0.03981,-0.12341,0.00887,0.278
170400,0.03962,-0.12286,0.00959,0.278
170500,0.03963,-0.12294,0.00954,0.279
170600,0.04154,-0.12409,0.00958,0.278
170700,0.04069,-0.12373,0.00938,0.279
170800,0.04034,-0.12275,0.00992,0.279
170900,0.04171,-0.12258,0.00961,0.280
171000,0.04358,-0.12332,0.00973,0.280
171100,0.04380,-0.12297,0.00962,0.280
171200,0.04375,-0.12230,0.00888,0.281
171300,0.04331,-0.12320,0.00853,0.281
171400,0.04195,-0.12210,0.00859,0.281
171500,0.04158,-0.12070,0.00835,0.281
171600,0.04078,-0.12081,0.00775,0.280
171700,0.03991,-0.12069,0.00721,0.280
171800,0.03948,-0.11992,0.00713,0.280
171900,0.03796,-0.11925,0.00703,0.281
172000,0.03665,-0.11797,0.00697,0.281
172100,0.03608,-0.11598,0.00709,0.282
172200,0.03560,-0.11493,0.00737,0.282
172300,0.03511,-0.11490,0.00747,0.282
172400,0.03381,-0.11404,0.00781,0.281
172500,0.03326,-0.11421,0.00770,0.281
172600,0.03030,-0.11297,0.00818,0.279
172700,0.02990,-0.11244,0.00878,0.279
172800,0.02881,-0.11180,0.00930,0.280
172900,0.02810,-0.11157,0.00917,0.280
173000,0.02649,-0.11121,0.00937,0.280
173100,0.02676,-0.11054,0.00978,0.280
173200,0.02615,-0.11025,0.01043,0.278
173300,0.02462,-0.10867,0.00997,0.279
173400,0.02310,-0.10759,0.01010,0.279
173500,0.02361,-0.10804,0.01005,0.280
173600,0.02323,-0.10890,0.00990,0.279
173700,0.02292,-0.10821,0.01005,0.280
173800,0.02156,-0.10824,0.00939,0.281
173900,0.02136,-0.10785,0.00957,0.282
174000,0.02033,-0.10784,0.00888,0.282
174100,0.01988,-0.10724,0.00864,0.282
174200,0.01961,-0.10683,0.00800,0.283
174300,0.02009,-0.10643,0.00793,0.283
174400,0.01928,-0.10613,0.00824,0.283
174500,0.01875,-0.10559,0.00817,0.283
174600,0.01801,-0.10542,0.00793,0.283
174700,0.01748,-0.10611,0.00768,0.283
174800,0.01628,-0.10593,0.00779,0.284
174900,0.01530,-0.10588,0.00788,0.284
175000,0.01466,-0.10670,0.00801,0.284
175100,0.01415,-0.10726,0.00790,0.285
175200,0.01471,-0.10699,0.00813,0.285
175300,0.01508,-0.10786,0.00802,0.284
175400,0.01392,-0.10712,0.00801,0.285
175500,0.01485,-0.10735,0.00781,0.284
175600,0.01451,-0.10624,0.00783,0.284
175700,0.01353,-0.10598,0.00758,0.284
175800,0.01290,-0.10632,0.00776,0.285
175900,0.01365,-0.10697,0.00809,0.284
176000,0.01256,-0.10583,0.00806,0.285
176100,0.01303,-0.10543,0.00845,0.285
176200,0.01149,-0.10502,0.00840,0.285
176300,0.01065,-0.10657,0.00830,0.286
176400,0.01092,-0.10641,0.00845,0.286
176500,0.01082,-0.10675,0.00807,0.287
176600,0.01015,-0.10607,0.00821,0.286
176700,0.00977,-0.10681,0.00850,0.285
176800,0.01127,-0.10692,0.00835,0.285
176900,0.01047,-0.10606,0.00880,0.286
177000,0.00989,-0.10506,0.00870,0.286
177100,0.01046,-0.10467,0.00868,0.287
177200,0.00983,-0.10392,0.00928,0.287
177300,0.01053,-0.10400,0.00952,0.286
177400,0.00879,-0.10311,0.00934,0.287
177500,0.00845,-0.10372,0.00979,0.288
177600,0.00795,-0.10323,0.00978,0.287
177700,0.00713,-0.10153,0.00914,0.287
177800,0.00697,-0.10150,0.00912,0.288
177900,0.00722,-0.10188,0.00893,0.289
178000,0.00791,-0.10203,0.00896,0.289
178100,0.00649,-0.10147,0.00867,0.289
178200,0.00696,-0.10066,0.00870,0.289
178300,0.00822,-0.10007,0.00874,0.289
178400,0.00807,-0.09938,0.00857,0.289
178500,0.00601,-0.09781,0.00833,0.289
178600,0.00702,-0.09750,0.00789,0.288
178700,0.00798,-0.09669,0.00765,0.288
178800,0.00804,-0.09637,0.00750,0.287
178900,0.00950,-0.09668,0.00808,0.288
179000,0.01075,-0.09583,0.00759,0.288
179100,0.01044,-0.09558,0.00764,0.287
179200,0.01109,-0.09523,0.00793,0.287
179300,0.01212,-0.09485,0.00792,0.288
179400,0.01179,-0.09353,0.00777,0.288
179500,0.01001,-0.09258,0.00785,0.289
179600,0.00866,-0.09157,0.00784,0.290
179700,0.00842,-0.09151,0.00728,0.290
179800,0.00786,-0.09085,0.00699,0.290
179900,0.00851,-0.09013,0.00706,0.290
180000,0.00862,-0.09029,0.00710,0.291
180100,0.00751,-0.08979,0.00679,0.291
180200,0.00903,-0.09011,0.00696,0.291
180300,0.00826,-0.08960,0.00747,0.290
180400,0.00902,-0.09079,0.00701,0.290
180500,0.00879,-0.09026,0.00686,0.290
180600,0.00754,-0.08959,0.00641,0.291
180700,0.00777,-0.09033,0.00671,0.291
180800,0.00802,-0.09154,0.00640,0.291
180900,0.00670,-0.09184,0.00627,0.292
181000,0.00616,-0.09135,0.00588,0.292
181100,0.00514,-0.09117,0.00550,0.293
181200,0.00502,-0.09114,0.00578,0.292
181300,0.00621,-0.09139,0.00632,0.293
181400,0.00733,-0.09170,0.00589,0.293
181500,0.00800,-0.09216,0.00585,0.293
181600,0.00792,-0.09215,0.00637,0.294
181700,0.00796,-0.09169,0.00646,0.294
181800,0.00888,-0.09224,0.00669,0.295
181900,0.01005,-0.09216,0.00682,0.295
182000,0.01001,-0.09204,0.00697,0.295
182100,0.01050,-0.09256,0.00704,0.294
182200,0.01111,-0.09235,0.00741,0.294
182300,0.01111,-0.09144,0.00740,0.294
182400,0.01100,-0.09159,0.00734,0.293
182500,0.01123,-0.09162,0.00758,0.293
182600,0.01262,-0.09218,0.00753,0.293
182700,0.01291,-0.09268,0.00735,0.293
182800,0.01392,-0.09314,0.00725,0.293
182900,0.01340,-0.09214,0.00745,0.293
183000,0.01376,-0.09235,0.00744,0.293
183100,0.01367,-0.09244,0.00784,0.293
183200,0.01415,-0.09232,0.00759,0.294
183300,0.01635,-0.09399,0.00818,0.294
183400,0.01805,-0.09516,0.00770,0.293
183500,0.01781,-0.09534,0.00754,0.293
183600,0.01822,-0.09482,0.00768,0.293
183700,0.01817,-0.09452,0.00751,0.293
183800,0.01945,-0.09491,0.00779,0.293
183900,0.01983,-0.09436,0.00704,0.293
184000,0.01994,-0.09550,0.00675,0.293
184100,0.01854,-0.09598,0.00634,0.294
184200,0.01862,-0.09660,0.00637,0.293
184300,0.01805,-0.09777,0.00606,0.293
184400,0.01786,-0.09903,0.00541,0.293
184500,0.01825,-0.09993,0.00492,0.294
184600,0.01844,-0.10073,0.00464,0.295
184700,0.01965,-0.10082,0.00464,0.296
184800,0.02105,-0.10122,0.00442,0.296
184900,0.02366,-0.10179,0.00391,0.297
185000,0.02621,-0.10203,0.00426,0.298
185100,0.02703,-0.10312,0.00377,0.298
185200,0.02726,-0.10339,0.00304,0.298
185300,0.02780,-0.10462,0.00332,0.299
185400,0.02907,-0.10539,0.00330,0.297
185500,0.02903,-0.10618,0.00402,0.297
185600,0.03137,-0.10867,0.00423,0.297
185700,0.03305,-0.10928,0.00440,0.298
185800,0.03416,-0.10984,0.00478,0.298
185900,0.03404,-0.11015,0.00461,0.298
186000,0.03522,-0.11061,0.00500,0.298
186100,0.03542,-0.11063,0.00495,0.299
186200,0.03707,-0.11098,0.00481,0.299
186300,0.03857,-0.11056,0.00541,0.299
186400,0.03728,-0.11069,0.00535,0.298
186500,0.03621,-0.10937,0.00548,0.298
186600,0.03502,-0.10876,0.00540,0.299
186700,0.03560,-0.10849,0.00453,0.299
186800,0.03480,-0.10837,0.00494,0.299
186900,0.03561,-0.10929,0.00459,0.300
187000,0.03576,-0.11078,0.00458,0.300
187100,0.03556,-0.11083,0.00446,0.299
187200,0.03575,-0.11162,0.00393,0.300
187300,0.03541,-0.11114,0.00341,0.301
187400,0.03760,-0.11182,0.00341,0.300
187500,0.03779,-0.11221,0.00270,0.299
187600,0.03716,-0.11272,0.00254,0.300
187700,0.03850,-0.11279,0.00239,0.300
187800,0.03880,-0.11290,0.00216,0.300
187900,0.03752,-0.11314,0.00234,0.300
188000,0.03607,-0.11234,0.00233,0.300
188100,0.03597,-0.11223,0.00211,0.300
188200,0.03399,-0.11319,0.00225,0.301
188300,0.03339,-0.11317,0.00201,0.302
188400,0.03227,-0.11326,0.00201,0.302
188500,0.03287,-0.11404,0.00245,0.303
188600,0.03241,-0.11510,0.00248,0.303
188700,0.03252,-0.11504,0.00290,0.303
188800,0.03341,-0.11573,0.00363,0.303
188900,0.03234,-0.11496,0.00319,0.302
189000,0.03212,-0.11589,0.00287,0.302
189100,0.03226,-0.11574,0.00284,0.302
189200,0.03109,-0.11606,0.00229,0.302
189300,0.03024,-0.11636,0.00240,0.302
189400,0.02937,-0.11719,0.00249,0.302
189500,0.03033,-0.11843,0.00196,0.303
189600,0.03140,-0.11964,0.00147,0.302
189700,0.03177,-0.12052,0.00107,0.303
189800,0.03259,-0.12198,0.00087,0.304
189900,0.03253,-0.12305,0.00098,0.303
190000,0.03256,-0.12283,0.00090,0.304
190100,0.03300,-0.12296,0.00089,0.304
190200,0.03266,-0.12178,0.00107,0.305
190300,0.03254,-0.12119,0.00055,0.306
190400,0.03174,-0.12037,0.00035,0.305
190500,0.03259,-0.12104,0.00024,0.306
190600,0.03396,-0.12242,0.00063,0.306
190700,0.03380,-0.12190,0.00055,0.305
190800,0.03371,-0.12106,0.00032,0.306
190900,0.03365,-0.12133,0.00044,0.305
191000,0.03408,-0.12165,0.00094,0.306
191100,0.03357,-0.12173,0.00115,0.305
191200,0.03425,-0.12283,0.00124,0.305
191300,0.03417,-0.12302,0.00152,0.304
191400,0.03469,-0.12340,0.00204,0.304
191500,0.03453,-0.12443,0.00243,0.304
191600,0.03525,-0.12565,0.00216,0.303
191700,0.03599,-0.12622,0.00218,0.303
191800,0.03674,-0.12656,0.00202,0.303
191900,0.03741,-0.12746,0.00209,0.303
192000,0.03796,-0.12859,0.00244,0.303
192100,0.03908,-0.12986,0.00205,0.302
192200,0.04030,-0.13159,0.00233,0.303
192300,0.03975,-0.13308,0.00224,0.304
192400,0.03996,-0.13307,0.00205,0.304
192500,0.03916,-0.13334,0.00198,0.304
192600,0.03980,-0.13296,0.00212,0.305
192700,0.03983,-0.13281,0.00187,0.305
192800,0.03926,-0.13268,0.00187,0.305
192900,0.04049,-0.13425,0.00195,0.306
193000,0.04133,-0.13509,0.00184,0.305
193100,0.04265,-0.13641,0.00133,0.305
193200,0.04236,-0.13661,0.00124,0.304
193300,0.04130,-0.13568,0.00101,0.303
193400,0.04047,-0.13527,0.00123,0.303
193500,0.03972,-0.13461,0.00108,0.304
193600,0.04017,-0.13470,0.00107,0.303
193700,0.04051,-0.13537,0.00094,0.304
193800,0.03987,-0.13491,0.00127,0.302
193900,0.03951,-0.13433,0.00210,0.302
194000,0.04036,-0.13402,0.00264,0.302
194100,0.04137,-0.13407,0.00307,0.301
194200,0.04258,-0.13323,0.00346,0.302
194300,0.04269,-0.13172,0.00399,0.303
194400,0.04306,-0.13047,0.00448,0.303
194500,0.04294,-0.12868,0.00534,0.303
194600,0.04462,-0.12933,0.00597,0.302
194700,0.04562,-0.12969,0.00641,0.301
194800,0.04557,-0.12890,0.00680,0.301
194900,0.04463,-0.12820,0.00694,0.299
195000,0.04407,-0.12827,0.00662,0.298
195100,0.04400,-0.12716,0.00698,0.298
195200,0.04433,-0.12676,0.00720,0.298
195300,0.04429,-0.12658,0.00740,0.299
195400,0.04604,-0.12736,0.00793,0.300
195500,0.04484,-0.12680,0.00756,0.300
195600,0.04473,-0.12622,0.00710,0.300
195700,0.04455,-0.12740,0.00696,0.299
195800,0.04522,-0.12802,0.00633,0.299
195900,0.04598,-0.12784,0.00631,0.299
196000,0.04566,-0.12873,0.00616,0.299
196100,0.04538,-0.12842,0.00633,0.299
196200,0.04543,-0.12795,0.00599,0.298
196300,0.04503,-0.12800,0.00550,0.297
196400,0.04559,-0.12866,0.00517,0.298
196500,0.04717,-0.12987,0.00498,0.297
196600,0.04796,-0.13046,0.00463,0.297
196700,0.04792,-0.13071,0.00500,0.297
196800,0.04716,-0.13027,0.00470,0.298
196900,0.04711,-0.12931,0.00486,0.297
197000,0.04643,-0.12877,0.00501,0.297
197100,0.04651,-0.12937,0.00451,0.298
197200,0.04636,-0.12900,0.00455,0.297
197300,0.04601,-0.12959,0.00492,0.297
197400,0.04537,-0.12959,0.00515,0.297
197500,0.04553,-0.12927,0.00556,0.296
197600,0.04584,-0.12929,0.00550,0.295
197700,0.04503,-0.12981,0.00556,0.296
197800,0.04443,-0.13008,0.00587,0.296
197900,0.04565,-0.13039,0.00562,0.296
198000,0.04544,-0.13044,0.00563,0.297
198100,0.04633,-0.13084,0.00601,0.296
198200,0.04747,-0.13043,0.00579,0.295
198300,0.04815,-0.13164,0.00562,0.294
198400,0.04764,-0.13149,0.00567,0.294
198500,0.04788,-0.13141,0.00538,0.294
198600,0.04800,-0.13096,0.00525,0.293
198700,0.04854,-0.13150,0.00485,0.294
198800,0.04850,-0.13058,0.00426,0.294
198900,0.04971,-0.13180,0.00433,0.293
199000,0.05008,-0.13181,0.00478,0.294
199100,0.05105,-0.13183,0.00496,0.294
199200,0.05318,-0.13186,0.00521,0.294
199300,0.05383,-0.13138,0.00502,0.294
199400,0.05499,-0.13208,0.00466,0.293
199500,0.05564,-0.13172,0.00486,0.292
199600,0.05629,-0.13138,0.00480,0.293
199700,0.05481,-0.13148,0.00546,0.291
199800,0.05314,-0.13019,0.00542,0.291
199900,0.05277,-0.13000,0.00550,0.291
200000,0.05245,-0.12957,0.00530,0.291
200100,0.05256,-0.12979,0.00523,0.290
200200,0.05251,-0.13074,0.00519,0.290
200300,0.05468,-0.13167,0.00565,0.289
200400,0.05475,-0.13266,0.00607,0.290
200500,0.05471,-0.13331,0.00624,0.289
200600,0.05477,-0.13272,0.00605,0.289
200700,0.05480,-0.13299,0.00615,0.289
200800,0.05476,-0.13245,0.00617,0.289
200900,0.05537,-0.13186,0.00570,0.289
201000,0.05533,-0.13291,0.00546,0.288
201100,0.05659,-0.13409,0.00572,0.288
201200,0.05587,-0.13316,0.00570,0.289
201300,0.05468,-0.13161,0.00522,0.289
201400,0.05480,-0.13239,0.00480,0.289
201500,0.05521,-0.13251,0.00473,0.291
201600,0.05560,-0.13188,0.00463,0.291
201700,0.05578,-0.13151,0.00470,0.291
201800,0.05589,-0.13125,0.00513,0.291
201900,0.05558,-0.13139,0.00495,0.289
202000,0.05516,-0.13111,0.00496,0.289
202100,0.05471,-0.13116,0.00564,0.290
202200,0.05495,-0.13117,0.00531,0.290
202300,0.05698,-0.13061,0.00589,0.290
202400,0.05731,-0.13094,0.00615,0.290
202500,0.05731,-0.12984,0.00610,0.290
202600,0.05701,-0.12943,0.00603,0.290
202700,0.05705,-0.12778,0.00596,0.290
202800,0.05627,-0.12504,0.00616,0.291
202900,0.05604,-0.12424,0.00594,0.290
203000,0.05656,-0.12322,0.00598,0.290
203100,0.05522,-0.12216,0.00632,0.290
203200,0.05456,-0.12295,0.00644,0.291
203300,0.05463,-0.12314,0.00615,0.292
203400,0.05549,-0.12333,0.00586,0.292
203500,0.05660,-0.12334,0.00580,0.292
203600,0.05681,-0.12377,0.00519,0.293
203700,0.05760,-0.12310,0.00498,0.293
203800,0.05827,-0.12376,0.00496,0.294
203900,0.05898,-0.12465,0.00508,0.294
204000,0.05835,-0.12414,0.00523,0.294
204100,0.05720,-0.12383,0.00524,0.295
204200,0.05638,-0.12461,0.00490,0.294
204300,0.05707,-0.12539,0.00434,0.293
204400,0.05716,-0.12660,0.00419,0.293
204500,0.05705,-0.12713,0.00342,0.293
204600,0.05685,-0.12704,0.00314,0.293
204700,0.05523,-0.12715,0.00288,0.293
204800,0.05440,-0.12735,0.00280,0.293
204900,0.05398,-0.12818,0.00344,0.292
205000,0.05211,-0.12729,0.00326,0.292
205100,0.05119,-0.12760,0.00326,0.291
205200,0.05011,-0.12719,0.00344,0.290
205300,0.04900,-0.12631,0.00293,0.289
205400,0.04711,-0.12506,0.00232,0.289
205500,0.04627,-0.12308,0.00192,0.290
205600,0.04438,-0.12231,0.00260,0.289
205700,0.04295,-0.12126,0.00267,0.289
205800,0.04228,-0.12042,0.00319,0.289
205900,0.04140,-0.11959,0.00314,0.290
206000,0.03961,-0.11766,0.00332,0.291
206100,0.03897,-0.11837,0.00252,0.291
206200,0.03834,-0.11863,0.00289,0.291
206300,0.03710,-0.11761,0.00331,0.291
206400,0.03687,-0.11677,0.00379,0.291
206500,0.03640,-0.11643,0.00409,0.291
206600,0.03650,-0.11638,0.00420,0.290
206700,0.03585,-0.11575,0.00405,0.291
206800,0.03539,-0.11582,0.00409,0.292
206900,0.03624,-0.11629,0.00443,0.293
207000,0.03754,-0.11619,0.00417,0.293
207100,0.03800,-0.11477,0.00473,0.293
207200,0.03767,-0.11366,0.00495,0.293
207300,0.03733,-0.11294,0.00493,0.292
207400,0.03765,-0.11309,0.00504,0.292
207500,0.03800,-0.11286,0.00512,0.294
207600,0.03815,-0.11304,0.00520,0.294
207700,0.03661,-0.11125,0.00531,0.294
207800,0.03637,-0.11050,0.00515,0.294
207900,0.03632,-0.10895,0.00559,0.294
208000,0.03619,-0.10922,0.00547,0.294
208100,0.03574,-0.10872,0.00507,0.294
208200,0.03517,-0.10824,0.00521,0.294
208300,0.03400,-0.10734,0.00521,0.295
208400,0.03351,-0.10798,0.00514,0.296
208500,0.03305,-0.10868,0.00465,0.297
208600,0.03245,-0.10825,0.00456,0.297
208700,0.03093,-0.10778,0.00450,0.296
208800,0.03023,-0.10733,0.00466,0.296
208900,0.02886,-0.10633,0.00448,0.296
209000,0.02914,-0.10661,0.00415,0.296
209100,0.02826,-0.10693,0.00407,0.295
209200,0.02694,-0.10502,0.00407,0.296
209300,0.02675,-0.10450,0.00380,0.296
209400,0.02717,-0.10403,0.00376,0.296
209500,0.02751,-0.10394,0.00379,0.296
209600,0.02649,-0.10275,0.00420,0.295
209700,0.02703,-0.10254,0.00407,0.294
209800,0.02782,-0.10319,0.00421,0.295
209900,0.02854,-0.10321,0.00360,0.294
210000,0.02846,-0.10335,0.00367,0.294
210100,0.02770,-0.10373,0.00379,0.294
210200,0.02758,-0.10326,0.00389,0.294
210300,0.02650,-0.10327,0.00366,0.295
210400,0.02749,-0.10336,0.00309,0.295
210500,0.02637,-0.10203,0.00278,0.296
210600,0.02561,-0.10124,0.00308,0.296
210700,0.02483,-0.10007,0.00318,0.296
210800,0.02405,-0.10066,0.00301,0.296
210900,0.02171,-0.10018,0.00343,0.296
211000,0.02082,-0.09922,0.00343,0.296
211100,0.01895,-0.09801,0.00278,0.297
211200,0.01795,-0.09772,0.00216,0.296
211300,0.01801,-0.09813,0.00171,0.296
211400,0.01674,-0.09699,0.00158,0.296
211500,0.01528,-0.09617,0.00116,0.295
211600,0.01456,-0.09565,0.00117,0.294
211700,0.01354,-0.09427,0.00110,0.294
211800,0.01112,-0.09332,0.00045,0.293
211900,0.00994,-0.09154,-0.00003,0.294
212000,0.00964,-0.09084,-0.00062,0.294
212100,0.00911,-0.08990,-0.00145,0.293
212200,0.00746,-0.08829,-0.00170,0.293
212300,0.00627,-0.08691,-0.00182,0.294
212400,0.00594,-0.08714,-0.00174,0.295
212500,0.00613,-0.08672,-0.00138,0.295
212600,0.00573,-0.08731,-0.00119,0.295
212700,0.00564,-0.08887,-0.00107,0.295
212800,0.00528,-0.09095,-0.00173,0.295
212900,0.00405,-0.09095,-0.00193,0.295
213000,0.00298,-0.08974,-0.00148,0.295
213100,0.00433,-0.09039,-0.00140,0.294
213200,0.00446,-0.08897,-0.00149,0.293
213300,0.00364,-0.08851,-0.00097,0.293
213400,0.00210,-0.08800,-0.00111,0.294
213500,0.00112,-0.08737,-0.00068,0.294
213600,0.00022,-0.08649,-0.00037,0.293
213700,-0.00156,-0.08593,-0.00027,0.293
213800,-0.00333,-0.08394,-0.00067,0.293
213900,-0.00364,-0.08422,-0.00143,0.293
214000,-0.00243,-0.08449,-0.00199,0.294
214100,-0.00118,-0.08479,-0.00232,0.293
214200,-0.00034,-0.08403,-0.00149,0.293
214300,-0.00062,-0.08455,-0.00161,0.293
214400,0.00009,-0.08506,-0.00198,0.292
214500,0.00070,-0.08625,-0.00202,0.293
214600,-0.00030,-0.08576,-0.00240,0.293
214700,-0.00082,-0.08483,-0.00221,0.293
214800,0.00046,-0.08542,-0.00219,0.294
214900,0.00050,-0.08514,-0.00217,0.295
215000,0.00149,-0.08528,-0.00185,0.295
215100,0.00170,-0.08510,-0.00184,0.296
215200,0.00224,-0.08596,-0.00188,0.296
215300,0.00391,-0.08724,-0.00162,0.297
215400,0.00407,-0.08696,-0.00140,0.297
215500,0.00586,-0.08845,-0.00135,0.296
215600,0.00643,-0.08903,-0.00177,0.296
215700,0.00785,-0.09004,-0.00230,0.296
215800,0.00792,-0.09093,-0.00278,0.296
215900,0.00943,-0.09154,-0.00331,0.296
216000,0.01144,-0.09256,-0.00396,0.295
216100,0.01255,-0.09140,-0.00343,0.295
216200,0.01418,-0.09233,-0.00359,0.295
216300,0.01556,-0.09285,-0.00417,0.295
216400,0.01576,-0.09401,-0.00427,0.295
216500,0.01652,-0.09451,-0.00406,0.294
216600,0.01705,-0.09447,-0.00431,0.294
216700,0.01722,-0.09512,-0.00443,0.294
216800,0.01891,-0.09565,-0.00440,0.292
216900,0.01868,-0.09639,-0.00521,0.292
217000,0.01865,-0.09611,-0.00548,0.293
217100,0.01883,-0.09741,-0.00592,0.292
217200,0.02023,-0.09906,-0.00605,0.292
217300,0.02066,-0.09947,-0.00635,0.294
217400,0.02093,-0.09953,-0.00649,0.293
217500,0.02117,-0.09873,-0.00701,0.293
217600,0.02137,-0.09797,-0.00708,0.292
217700,0.02371,-0.09895,-0.00731,0.292
217800,0.02481,-0.09965,-0.00726,0.292
217900,0.02479,-0.10062,-0.00775,0.291
218000,0.02552,-0.10089,-0.00808,0.291
218100,0.02543,-0.10182,-0.00785,0.292
218200,0.02565,-0.10187,-0.00758,0.291
218300,0.02757,-0.10284,-0.00716,0.291
218400,0.03016,-0.10315,-0.00753,0.290
218500,0.03137,-0.10370,-0.00765,0.290
218600,0.03275,-0.10417,-0.00755,0.291
218700,0.03339,-0.10464,-0.00758,0.291
218800,0.03288,-0.10630,-0.00738,0.291
218900,0.03356,-0.10636,-0.00748,0.292
219000,0.03305,-0.10570,-0.00712,0.292
219100,0.03371,-0.10660,-0.00737,0.292
219200,0.03402,-0.10751,-0.00721,0.292
219300,0.03497,-0.10872,-0.00711,0.292
219400,0.03460,-0.10939,-0.00692,0.292
219500,0.03375,-0.10796,-0.00657,0.291
219600,0.03388,-0.10804,-0.00669,0.291
219700,0.03528,-0.10782,-0.00667,0.292
219800,0.03499,-0.10758,-0.00651,0.292
219900,0.03415,-0.10728,-0.00639,0.292
220000,0.03501,-0.10763,-0.00600,0.293
220100,0.03601,-0.10841,-0.00588,0.294
220200,0.03736,-0.10945,-0.00566,0.295
220300,0.03692,-0.10905,-0.00559,0.294
220400,0.03633,-0.10866,-0.00567,0.293
220500,0.03766,-0.10911,-0.00565,0.292
220600,0.03820,-0.10889,-0.00587,0.293
220700,0.03893,-0.10976,-0.00621,0.293
220800,0.03920,-0.10986,-0.00606,0.293
220900,0.04098,-0.11038,-0.00631,0.292
221000,0.04119,-0.11122,-0.00616,0.293
221100,0.04234,-0.11191,-0.00568,0.293
221200,0.04390,-0.11273,-0.00509,0.293
221300,0.04416,-0.11460,-0.00492,0.292
221400,0.04663,-0.11592,-0.00473,0.292
221500,0.04848,-0.11690,-0.00460,0.293
221600,0.04882,-0.11752,-0.00446,0.292
221700,0.04949,-0.11874,-0.00427,0.292
221800,0.05016,-0.11934,-0.00442,0.292
221900,0.05076,-0.12020,-0.00424,0.292
222000,0.05124,-0.12029,-0.00396,0.292
222100,0.05177,-0.12021,-0.00406,0.292
222200,0.05274,-0.12144,-0.00423,0.292
222300,0.05307,-0.12278,-0.00463,0.290
222400,0.05379,-0.12310,-0.00460,0.289
222500,0.05364,-0.12416,-0.00470,0.289
222600,0.05285,-0.12489,-0.00463,0.289
222700,0.05375,-0.12552,-0.00434,0.289
222800,0.05530,-0.12627,-0.00420,0.288
222900,0.05697,-0.12645,-0.00443,0.289
223000,0.05676,-0.12792,-0.00470,0.289
223100,0.05590,-0.12754,-0.00501,0.290
223200,0.05550,-0.12744,-0.00468,0.291
223300,0.05547,-0.12800,-0.00497,0.291
223400,0.05627,-0.12870,-0.00471,0.291
223500,0.05645,-0.12988,-0.00506,0.291
223600,0.05697,-0.13016,-0.00490,0.291
223700,0.05715,-0.13061,-0.00462,0.290
223800,0.05824,-0.13198,-0.00428,0.290
223900,0.05779,-0.13066,-0.00397,0.289
224000,0.05674,-0.13123,-0.00369,0.289
224100,0.05650,-0.13141,-0.00366,0.289
224200,0.05612,-0.13190,-0.00423,0.289
224300,0.05584,-0.13131,-0.00380,0.290
224400,0.05474,-0.13032,-0.00359,0.289
224500,0.05474,-0.13030,-0.00341,0.289
224600,0.05403,-0.12928,-0.00283,0.289
224700,0.05394,-0.12911,-0.00303,0.290
224800,0.05295,-0.12997,-0.00300,0.288
224900,0.05191,-0.13049,-0.00342,0.288
225000,0.05113,-0.13102,-0.00354,0.288
225100,0.05017,-0.13060,-0.00357,0.289
225200,0.04884,-0.13041,-0.00337,0.289
225300,0.04703,-0.13026,-0.00331,0.288
225400,0.04527,-0.13084,-0.00347,0.288
225500,0.04402,-0.13138,-0.00298,0.289
225600,0.04320,-0.13124,-0.00273,0.289
225700,0.04116,-0.12986,-0.00210,0.290
225800,0.04085,-0.12978,-0.00163,0.288
225900,0.03930,-0.13032,-0.00106,0.288
226000,0.03876,-0.13049,-0.00084,0.288
226100,0.03787,-0.13149,-0.00111,0.287
226200,0.03595,-0.13113,-0.00145,0.287
226300,0.03536,-0.13069,-0.00106,0.288
226400,0.03478,-0.13017,-0.00076,0.289
226500,0.03540,-0.12995,-0.00049,0.290
226600,0.03461,-0.13016,0.00017,0.291
226700,0.03461,-0.13028,0.00021,0.290
226800,0.03376,-0.12957,0.00027,0.291
226900,0.03309,-0.12910,0.00033,0.290
227000,0.03148,-0.12824,0.00092,0.289
227100,0.03082,-0.12730,0.00101,0.289
227200,0.02953,-0.12694,0.00117,0.289
227300,0.02851,-0.12749,0.00153,0.287
227400,0.02690,-0.12717,0.00222,0.288
227500,0.02737,-0.12857,0.00300,0.288
227600,0.02787,-0.12931,0.00311,0.288
227700,0.02639,-0.13054,0.00350,0.288
227800,0.02484,-0.13078,0.00364,0.287
227900,0.02470,-0.13095,0.00401,0.287
228000,0.02464,-0.13070,0.00455,0.287
228100,0.02435,-0.13051,0.00426,0.286
228200,0.02480,-0.13050,0.00418,0.286
228300,0.02419,-0.13028,0.00370,0.285
228400,0.02269,-0.12988,0.00427,0.285
228500,0.02190,-0.12931,0.00467,0.284
228600,0.01997,-0.12918,0.00454,0.283
228700,0.01982,-0.12900,0.00478,0.283
228800,0.02018,-0.12828,0.00439,0.282
228900,0.02050,-0.12810,0.00489,0.281
229000,0.01976,-0.12791,0.00494,0.282
229100,0.01849,-0.12717,0.00543,0.282
229200,0.01925,-0.12805,0.00518,0.282
229300,0.01808,-0.12814,0.00555,0.281
229400,0.01739,-0.12716,0.00546,0.281
229500,0.01732,-0.12842,0.00550,0.281
229600,0.01749,-0.12930,0.00555,0.281
229700,0.01565,-0.12804,0.00543,0.281
229800,0.01595,-0.12727,0.00525,0.281
229900,0.01550,-0.12745,0.00548,0.281
230000,0.01476,-0.12753,0.00590,0.280
230100,0.01345,-0.12685,0.00581,0.279
230200,0.01122,-0.12557,0.00548,0.279
230300,0.01053,-0.12590,0.00534,0.279
230400,0.00934,-0.12580,0.00570,0.279
230500,0.00800,-0.12494,0.00629,0.280
230600,0.00755,-0.12583,0.00649,0.279
230700,0.00745,-0.12514,0.00638,0.279
230800,0.00771,-0.12522,0.00621,0.279
230900,0.00713,-0.12550,0.00613,0.279
231000,0.00712,-0.12503,0.00592,0.279
231100,0.00809,-0.12490,0.00613,0.278
231200,0.00656,-0.12479,0.00634,0.278
231300,0.00599,-0.12395,0.00643,0.279
231400,0.00303,-0.12270,0.00648,0.277
231500,0.00388,-0.12160,0.00672,0.278
231600,0.00399,-0.12088,0.00598,0.278
231700,0.00444,-0.12110,0.00589,0.279
231800,0.00494,-0.12094,0.00631,0.279
231900,0.00525,-0.12198,0.00674,0.278
232000,0.00472,-0.12211,0.00656,0.279
232100,0.00426,-0.12327,0.00679,0.279
232200,0.00231,-0.12214,0.00694,0.279
232300,0.00174,-0.12086,0.00720,0.279
232400,0.00124,-0.12031,0.00714,0.279
232500,0.00261,-0.12069,0.00682,0.279
232600,0.00348,-0.12013,0.00669,0.278
232700,0.00207,-0.11993,0.00670,0.279
232800,0.00306,-0.11986,0.00748,0.279
232900,0.00214,-0.12065,0.00802,0.279
233000,0.00316,-0.12102,0.00843,0.277
233100,0.00245,-0.12219,0.00893,0.278
233200,0.00274,-0.12273,0.00894,0.277
233300,0.00333,-0.12278,0.00911,0.277
233400,0.00292,-0.12290,0.00938,0.276
233500,0.00286,-0.12325,0.00948,0.276
233600,0.00151,-0.12260,0.00947,0.277
233700,0.00152,-0.12286,0.00985,0.278
233800,0.00217,-0.12415,0.00990,0.278
233900,0.00222,-0.12571,0.01054,0.277
234000,0.00254,-0.12599,0.01049,0.277
234100,0.00391,-0.12612,0.01090,0.277
234200,0.00407,-0.12663,0.01123,0.277
234300,0.00501,-0.12720,0.01156,0.277
234400,0.00611,-0.12871,0.01186,0.277
234500,0.00607,-0.12905,0.01186,0.277
234600,0.00711,-0.13077,0.01174,0.277
234700,0.00790,-0.13139,0.01197,0.276
234800,0.00852,-0.13038,0.01214,0.276
234900,0.00973,-0.13025,0.01253,0.276
235000,0.01027,-0.13030,0.01289,0.276
235100,0.01080,-0.13117,0.01318,0.275
235200,0.01304,-0.13147,0.01337,0.275
235300,0.01338,-0.13037,0.01328,0.275
235400,0.01400,-0.13019,0.01339,0.276
235500,0.01488,-0.13026,0.01378,0.275
235600,0.01501,-0.12998,0.01396,0.275
235700,0.01691,-0.13106,0.01426,0.274
235800,0.01763,-0.13135,0.01413,0.275
235900,0.01788,-0.13138,0.01421,0.274
236000,0.01804,-0.13046,0.01463,0.274
236100,0.01958,-0.13130,0.01514,0.273
236200,0.02040,-0.12986,0.01571,0.274
236300,0.02019,-0.13050,0.01589,0.273
236400,0.02021,-0.13034,0.01557,0.272
236500,0.01912,-0.13025,0.01521,0.272
236600,0.01876,-0.13060,0.01481,0.271
236700,0.02007,-0.13068,0.01512,0.271
236800,0.02131,-0.13131,0.01516,0.271
236900,0.02053,-0.13166,0.01528,0.272
237000,0.02237,-0.13276,0.01520,0.272
237100,0.02190,-0.13336,0.01514,0.272
237200,0.02246,-0.13307,0.01527,0.273
237300,0.02445,-0.13318,0.01511,0.273
237400,0.02685,-0.13412,0.01487,0.273
237500,0.02624,-0.13382,0.01426,0.273
237600,0.02544,-0.13399,0.01386,0.273
237700,0.02612,-0.13411,0.01370,0.274
237800,0.02729,-0.13409,0.01367,0.276
237900,0.02714,-0.13395,0.01356,0.276
238000,0.02601,-0.13426,0.01384,0.276
238100,0.02574,-0.13422,0.01416,0.277
238200,0.02566,-0.13481,0.01387,0.277
238300,0.02592,-0.13385,0.01421,0.278
238400,0.02585,-0.13333,0.01418,0.279
238500,0.02514,-0.13276,0.01419,0.279
238600,0.02594,-0.13319,0.01491,0.280
238700,0.02638,-0.13327,0.01517,0.280
238800,0.02763,-0.13356,0.01527,0.280
238900,0.02697,-0.13352,0.01465,0.281
239000,0.02691,-0.13387,0.01474,0.281
239100,0.02737,-0.13370,0.01458,0.281
239200,0.02741,-0.13381,0.01469,0.281
239300,0.02822,-0.13328,0.01459,0.280
239400,0.02834,-0.13413,0.01480,0.280
239500,0.02968,-0.13430,0.01519,0.281
239600,0.02913,-0.13368,0.01474,0.281
239700,0.02943,-0.13450,0.01523,0.280
239800,0.02996,-0.13476,0.01502,0.281
239900,0.03033,-0.13415,0.01487,0.281
240000,0.03114,-0.13387,0.01461,0.281
240100,0.03215,-0.13389,0.01465,0.280
240200,0.03297,-0.13459,0.01455,0.280
240300,0.03419,-0.13383,0.01486,0.279
240400,0.03526,-0.13352,0.01493,0.278
240500,0.03531,-0.13364,0.01460,0.278
240600,0.03399,-0.13278,0.01432,0.279
240700,0.03343,-0.13350,0.01440,0.278
240800,0.03299,-0.13304,0.01455,0.279
240900,0.03477,-0.13375,0.01511,0.278
241000,0.03506,-0.13384,0.01499,0.278
241100,0.03472,-0.13348,0.01506,0.277
241200,0.03552,-0.13306,0.01498,0.278
241300,0.03689,-0.13302,0.01555,0.278
241400,0.03765,-0.13309,0.01584,0.279
241500,0.03634,-0.13374,0.01604,0.279
241600,0.03589,-0.13364,0.01681,0.278
241700,0.03462,-0.13224,0.01685,0.279
241800,0.03369,-0.13202,0.01688,0.279
241900,0.03289,-0.13158,0.01648,0.280
242000,0.03293,-0.13122,0.01674,0.281
242100,0.03322,-0.13012,0.01695,0.280
242200,0.03358,-0.12952,0.01714,0.280
242300,0.03334,-0.12941,0.01712,0.280
242400,0.03312,-0.12912,0.01675,0.280
242500,0.03163,-0.12811,0.01726,0.280
242600,0.03200,-0.12793,0.01744,0.281
242700,0.03265,-0.12700,0.01769,0.281
242800,0.03119,-0.12631,0.01714,0.281
242900,0.03062,-0.12435,0.01727,0.281
243000,0.02985,-0.12430,0.01676,0.282
243100,0.03033,-0.12366,0.01622,0.282
243200,0.02950,-0.12364,0.01560,0.283
243300,0.03025,-0.12398,0.01566,0.283
243400,0.02997,-0.12321,0.01552,0.284
243500,0.03147,-0.12381,0.01562,0.285
243600,0.03356,-0.12479,0.01584,0.284
243700,0.03349,-0.12488,0.01538,0.284
243800,0.03221,-0.12337,0.01479,0.284
243900,0.03152,-0.12226,0.01428,0.285
244000,0.03046,-0.12117,0.01441,0.285
244100,0.02830,-0.12057,0.01416,0.284
244200,0.02708,-0.11780,0.01323,0.284
244300,0.02666,-0.11678,0.01272,0.283
244400,0.02552,-0.11582,0.01263,0.284
244500,0.02551,-0.11522,0.01277,0.283
244600,0.02476,-0.11350,0.01258,0.283
244700,0.02471,-0.11273,0.01269,0.283
244800,0.02331,-0.11116,0.01256,0.282
244900,0.02284,-0.11063,0.01208,0.282
245000,0.02252,-0.10993,0.01206,0.281
245100,0.02182,-0.10891,0.01198,0.282
245200,0.02126,-0.10822,0.01180,0.281
245300,0.02204,-0.10803,0.01182,0.282
245400,0.02241,-0.10757,0.01171,0.281
245500,0.02119,-0.10680,0.01074,0.281
245600,0.02146,-0.10584,0.01058,0.282
245700,0.02063,-0.10389,0.01040,0.283
245800,0.01894,-0.10242,0.01049,0.282
245900,0.01832,-0.10109,0.01013,0.283
246000,0.01792,-0.10031,0.00981,0.283
246100,0.01627,-0.09895,0.00967,0.284
246200,0.01528,-0.09960,0.00911,0.284
246300,0.01420,-0.10028,0.00906,0.284
246400,0.01449,-0.10036,0.00932,0.285
246500,0.01343,-0.09884,0.00935,0.285
246600,0.01305,-0.09746,0.00937,0.285
246700,0.01165,-0.09590,0.00943,0.286
246800,0.01027,-0.09404,0.00912,0.286
246900,0.01046,-0.09308,0.00937,0.285
247000,0.00981,-0.09283,0.00923,0.285
247100,0.01053,-0.09288,0.00972,0.284
247200,0.01046,-0.09246,0.00989,0.284
247300,0.00901,-0.09192,0.01001,0.284
247400,0.00790,-0.09104,0.00978,0.284
247500,0.00731,-0.09029,0.00984,0.284
247600,0.00810,-0.08958,0.01025,0.284
247700,0.00920,-0.08880,0.01010,0.283
247800,0.00911,-0.08816,0.00988,0.283
247900,0.00916,-0.08813,0.00972,0.284
248000,0.01007,-0.08687,0.00920,0.284
248100,0.01175,-0.08655,0.00905,0.284
248200,0.01192,-0.08660,0.00920,0.284
248300,0.01208,-0.08693,0.00901,0.283
248400,0.01149,-0.08716,0.00897,0.283
248500,0.01115,-0.08692,0.00913,0.284
248600,0.01082,-0.08685,0.00798,0.283
248700,0.01080,-0.08668,0.00773,0.283
248800,0.01053,-0.08702,0.00806,0.284
248900,0.01168,-0.08711,0.00801,0.283
249000,0.01220,-0.08698,0.00801,0.284
249100,0.01261,-0.08710,0.00833,0.283
249200,0.01169,-0.08694,0.00814,0.284
249300,0.01014,-0.08640,0.00819,0.285
249400,0.00990,-0.08679,0.00806,0.286
249500,0.00791,-0.08654,0.00777,0.285
249600,0.00701,-0.08714,0.00827,0.286
249700,0.00616,-0.08799,0.00775,0.287
249800,0.00432,-0.08869,0.00791,0.287
249900,0.00337,-0.08934,0.00800,0.288
250000,0.00131,-0.08926,0.00767,0.287
250100,0.00016,-0.08856,0.00788,0.288
250200,-0.00002,-0.08805,0.00756,0.289
250300,-0.00041,-0.08845,0.00732,0.289
250400,-0.00083,-0.08868,0.00744,0.288
250500,-0.00127,-0.08904,0.00692,0.288
250600,-0.00057,-0.08935,0.00714,0.288
250700,-0.00087,-0.08903,0.00721,0.288
250800,-0.00049,-0.08958,0.00735,0.289
250900,-0.00222,-0.08899,0.00730,0.290
251000,-0.00293,-0.08911,0.00762,0.291
251100,-0.00395,-0.08991,0.00714,0.291
251200,-0.00445,-0.08970,0.00677,0.293
251300,-0.00442,-0.08931,0.00646,0.292
251400,-0.00402,-0.09018,0.00646,0.293
251500,-0.00501,-0.08923,0.00633,0.293
251600,-0.00451,-0.08936,0.00645,0.293
251700,-0.00416,-0.08939,0.00704,0.293
251800,-0.00292,-0.08979,0.00741,0.292
251900,-0.00272,-0.08988,0.00762,0.292
252000,-0.00264,-0.09058,0.00751,0.292
252100,-0.00284,-0.09106,0.00769,0.292
252200,-0.00178,-0.09274,0.00766,0.292
252300,-0.00121,-0.09366,0.00741,0.293
252400,0.00004,-0.09368,0.00771,0.293
252500,0.00149,-0.09322,0.00753,0.293
252600,0.00077,-0.09287,0.00768,0.292
252700,0.00017,-0.09328,0.00757,0.292
252800,-0.00028,-0.09296,0.00744,0.293
252900,0.00023,-0.09356,0.00734,0.292
253000,-0.00012,-0.09307,0.00723,0.292
253100,-0.00085,-0.09275,0.00749,0.291
253200,-0.00158,-0.09243,0.00786,0.292
253300,-0.00250,-0.09144,0.00801,0.291
253400,-0.00281,-0.09189,0.00818,0.292
253500,-0.00459,-0.08964,0.00811,0.290
253600,-0.00625,-0.08916,0.00766,0.290
253700,-0.00556,-0.08898,0.00765,0.289
253800,-0.00515,-0.08879,0.00838,0.289
253900,-0.00471,-0.08964,0.00848,0.289
254000,-0.00432,-0.08981,0.00827,0.289
254100,-0.00414,-0.09015,0.00843,0.290
254200,-0.00357,-0.09176,0.00884,0.290
254300,-0.00438,-0.09154,0.00893,0.290
254400,-0.00385,-0.09183,0.00930,0.290
254500,-0.00391,-0.09127,0.00966,0.291
254600,-0.00476,-0.09076,0.00967,0.290
254700,-0.00527,-0.09052,0.00942,0.290
254800,-0.00423,-0.09169,0.00955,0.291
254900,-0.00427,-0.09213,0.00972,0.292
255000,-0.00397,-0.09238,0.00973,0.293
255100,-0.00283,-0.09244,0.00978,0.292
255200,-0.00317,-0.09297,0.00955,0.293
255300,-0.00362,-0.09374,0.00939,0.292
255400,-0.00267,-0.09464,0.00947,0.292
255500,-0.00140,-0.09489,0.01003,0.291
255600,-0.00096,-0.09639,0.01034,0.290
255700,-0.00019,-0.09748,0.01072,0.290
255800,0.00058,-0.09772,0.01079,0.291
255900,0.00042,-0.09665,0.01114,0.291
256000,-0.00140,-0.09769,0.01070,0.292
256100,-0.00144,-0.09755,0.01074,0.292
256200,-0.00054,-0.09805,0.01136,0.293
256300,0.00070,-0.09698,0.01145,0.293
256400,0.00075,-0.09614,0.01140,0.292
256500,0.00310,-0.09838,0.01151,0.292
256600,0.00448,-0.09959,0.01146,0.292
256700,0.00565,-0.10096,0.01178,0.291
256800,0.00782,-0.10287,0.01216,0.292
256900,0.00800,-0.10298,0.01212,0.291
257000,0.00697,-0.10260,0.01205,0.291
257100,0.00635,-0.10286,0.01135,0.293
257200,0.00596,-0.10348,0.01062,0.292
257300,0.00639,-0.10356,0.01043,0.293
257400,0.00655,-0.10404,0.01030,0.294
257500,0.00722,-0.10443,0.01055,0.294
257600,0.00763,-0.10456,0.01062,0.294
257700,0.00714,-0.10439,0.01103,0.294
257800,0.00777,-0.10510,0.01155,0.294
257900,0.00799,-0.10502,0.01164,0.293
258000,0.00868,-0.10595,0.01219,0.292
258100,0.00806,-0.10700,0.01236,0.292
258200,0.00887,-0.10698,0.01246,0.292
258300,0.00788,-0.10635,0.01259,0.292
258400,0.00875,-0.10676,0.01269,0.292
258500,0.00876,-0.10791,0.01231,0.292
258600,0.00914,-0.10686,0.01334,0.291
258700,0.00981,-0.10723,0.01362,0.291
258800,0.00963,-0.10700,0.01335,0.291
258900,0.00848,-0.10764,0.01374,0.290
259000,0.00792,-0.10802,0.01345,0.289
259100,0.00865,-0.10770,0.01320,0.289
259200,0.00991,-0.10775,0.01345,0.288
259300,0.01147,-0.10959,0.01346,0.288
259400,0.01182,-0.10937,0.01357,0.288
259500,0.01281,-0.10979,0.01340,0.287
259600,0.01288,-0.11017,0.01321,0.287
259700,0.01421,-0.10968,0.01362,0.286
259800,0.01605,-0.10919,0.01418,0.286
259900,0.01764,-0.10919,0.01421,0.286
260000,0.01910,-0.11018,0.01410,0.286
260100,0.01921,-0.11138,0.01372,0.287
260200,0.01885,-0.11192,0.01411,0.287
260300,0.01971,-0.11213,0.01424,0.287
260400,0.01888,-0.11201,0.01422,0.287
260500,0.01885,-0.11171,0.01464,0.287
260600,0.01842,-0.11132,0.01451,0.287
260700,0.01958,-0.11186,0.01473,0.287
260800,0.01856,-0.11239,0.01498,0.287
260900,0.01992,-0.11216,0.01505,0.287
261000,0.02061,-0.11247,0.01512,0.287
261100,0.02218,-0.11265,0.01579,0.288
261200,0.02238,-0.11319,0.01610,0.286
261300,0.02236,-0.11378,0.01588,0.286
261400,0.02331,-0.11372,0.01559,0.285
261500,0.02506,-0.11478,0.01521,0.284
261600,0.02587,-0.11553,0.01503,0.285
261700,0.02622,-0.11736,0.01441,0.285
261800,0.02544,-0.11726,0.01386,0.285
261900,0.02574,-0.11734,0.01347,0.285
262000,0.02658,-0.11809,0.01387,0.284
262100,0.02667,-0.11866,0.01352,0.285
262200,0.02647,-0.11838,0.01303,0.284
262300,0.02745,-0.11851,0.01333,0.284
262400,0.02628,-0.11840,0.01318,0.284
262500,0.02611,-0.12000,0.01249,0.283
262600,0.02677,-0.12052,0.01212,0.284
262700,0.02807,-0.12044,0.01180,0.283
262800,0.02809,-0.12092,0.01178,0.283
262900,0.02860,-0.12198,0.01134,0.283
263000,0.02946,-0.12247,0.01157,0.282
263100,0.03078,-0.12278,0.01119,0.283
263200,0.03169,-0.12346,0.01087,0.282
263300,0.03206,-0.12433,0.01019,0.283
263400,0.03122,-0.12366,0.00969,0.282
263500,0.03193,-0.12476,0.00974,0.282
263600,0.03208,-0.12490,0.01024,0.283
263700,0.03153,-0.12534,0.01041,0.283
263800,0.03223,-0.12592,0.01015,0.282
263900,0.03288,-0.12642,0.00998,0.282
264000,0.03309,-0.12569,0.01019,0.282
264100,0.03500,-0.12463,0.01006,0.281
264200,0.03553,-0.12520,0.01029,0.282
264300,0.03570,-0.12583,0.01055,0.282
264400,0.03653,-0.12626,0.01067,0.282
264500,0.03732,-0.12824,0.01017,0.283
264600,0.04058,-0.13004,0.01042,0.284
264700,0.04091,-0.13116,0.01043,0.284
264800,0.04156,-0.13179,0.01013,0.283
264900,0.04249,-0.13148,0.01008,0.283
265000,0.04250,-0.13087,0.00968,0.282
265100,0.04275,-0.13118,0.00941,0.283
265200,0.04352,-0.13203,0.00965,0.282
265300,0.04290,-0.13206,0.00990,0.283
265400,0.04275,-0.13157,0.01027,0.283
265500,0.04243,-0.13223,0.01003,0.283
265600,0.04259,-0.13251,0.00956,0.284
265700,0.04246,-0.13315,0.00895,0.284
265800,0.04289,-0.13440,0.00858,0.284
265900,0.04438,-0.13664,0.00823,0.284
266000,0.04713,-0.13805,0.00855,0.283
266100,0.04831,-0.13879,0.00803,0.284
266200,0.04834,-0.13912,0.00746,0.283
266300,0.04730,-0.13942,0.00711,0.283
266400,0.04804,-0.14025,0.00675,0.283
266500,0.04693,-0.13907,0.00652,0.282
266600,0.04643,-0.13865,0.00632,0.282
266700,0.04623,-0.13800,0.00570,0.283
266800,0.04565,-0.13741,0.00591,0.283
266900,0.04615,-0.13766,0.00583,0.283
267000,0.04869,-0.13838,0.00577,0.283
267100,0.05048,-0.13812,0.00581,0.282
267200,0.05047,-0.13791,0.00598,0.282
267300,0.05014,-0.13746,0.00578,0.282
267400,0.05069,-0.13681,0.00575,0.281
267500,0.04894,-0.13638,0.00569,0.281
267600,0.04804,-0.13628,0.00552,0.280
267700,0.04742,-0.13641,0.00560,0.280
267800,0.04719,-0.13599,0.00574,0.280
267900,0.04547,-0.13609,0.00567,0.281
268000,0.04488,-0.13659,0.00545,0.281
268100,0.04490,-0.13589,0.00542,0.280
268200,0.04458,-0.13541,0.00529,0.280
268300,0.04673,-0.13700,0.00523,0.280
268400,0.04561,-0.13717,0.00480,0.281
268500,0.04733,-0.13697,0.00509,0.281
268600,0.04755,-0.13729,0.00472,0.281
268700,0.04667,-0.13679,0.00418,0.282
268800,0.04659,-0.13594,0.00474,0.282
268900,0.04759,-0.13549,0.00511,0.282
269000,0.04744,-0.13463,0.00512,0.284
269100,0.04717,-0.13501,0.00544,0.284
269200,0.04690,-0.13461,0.00565,0.285
269300,0.04707,-0.13337,0.00579,0.285
269400,0.04635,-0.13226,0.00559,0.285
269500,0.04664,-0.13071,0.00541,0.285
269600,0.04824,-0.13007,0.00556,0.285
269700,0.04766,-0.12958,0.00520,0.285
269800,0.04706,-0.12956,0.00480,0.285
269900,0.04669,-0.12962,0.00505,0.284
270000,0.04560,-0.12774,0.00512,0.286
270100,0.04632,-0.12708,0.00514,0.286
270200,0.04640,-0.12708,0.00529,0.287
270300,0.04519,-0.12709,0.00518,0.287
270400,0.04640,-0.12691,0.00533,0.288
270500,0.04674,-0.12767,0.00526,0.288
270600,0.04793,-0.12816,0.00552,0.287
270700,0.04790,-0.12789,0.00559,0.287
270800,0.04878,-0.12696,0.00553,0.287
270900,0.04791,-0.12740,0.00547,0.286
271000,0.04844,-0.12742,0.00534,0.285
271100,0.04799,-0.12760,0.00495,0.285
271200,0.04892,-0.12788,0.00471,0.285
271300,0.04951,-0.12813,0.00479,0.285
271400,0.04964,-0.12817,0.00474,0.285
271500,0.04959,-0.12798,0.00496,0.284
271600,0.04872,-0.12740,0.00454,0.285
271700,0.04897,-0.12599,0.00407,0.285
271800,0.04978,-0.12626,0.00408,0.284
271900,0.05031,-0.12666,0.00448,0.283
272000,0.05046,-0.12549,0.00415,0.284
272100,0.04968,-0.12531,0.00399,0.283
272200,0.04946,-0.12535,0.00385,0.284
272300,0.04959,-0.12559,0.00316,0.284
272400,0.05004,-0.12592,0.00272,0.284
272500,0.05015,-0.12506,0.00241,0.284
272600,0.04960,-0.12389,0.00216,0.284
272700,0.04872,-0.12392,0.00177,0.285
272800,0.04911,-0.12414,0.00190,0.285
272900,0.04967,-0.12364,0.00191,0.285
273000,0.05127,-0.12330,0.00127,0.286
273100,0.05224,-0.12346,0.00125,0.286
273200,0.05429,-0.12296,0.00108,0.286
273300,0.05527,-0.12306,0.00075,0.286
273400,0.05665,-0.12339,0.00089,0.286
273500,0.05659,-0.12339,0.00086,0.287
273600,0.05780,-0.12318,0.00026,0.287
273700,0.05852,-0.12291,-0.00002,0.287
273800,0.05837,-0.12290,-0.00057,0.287
273900,0.05764,-0.12287,-0.00058,0.287
274000,0.05727,-0.12319,-0.00084,0.287
274100,0.05628,-0.12422,-0.00098,0.286
274200,0.05551,-0.12370,-0.00085,0.286
274300,0.05656,-0.12403,-0.00125,0.286
274400,0.05571,-0.12385,-0.00194,0.285
274500,0.05484,-0.12264,-0.00192,0.284
274600,0.05314,-0.12234,-0.00246,0.284
274700,0.05274,-0.12183,-0.00270,0.284
274800,0.05258,-0.12128,-0.00303,0.286
274900,0.05188,-0.12106,-0.00302,0.286
275000,0.05187,-0.12109,-0.00297,0.287
275100,0.05235,-0.11992,-0.00341,0.286
275200,0.05313,-0.11911,-0.00434,0.289
275300,0.05357,-0.11870,-0.00418,0.288
275400,0.05275,-0.11853,-0.00483,0.289
275500,0.05228,-0.11814,-0.00479,0.288
275600,0.05142,-0.11651,-0.00494,0.289
275700,0.05160,-0.11676,-0.00480,0.289
275800,0.05193,-0.11704,-0.00476,0.289
275900,0.05118,-0.11679,-0.00453,0.288
276000,0.05099,-0.11645,-0.00441,0.289
276100,0.05075,-0.11717,-0.00428,0.290
276200,0.05058,-0.11640,-0.00377,0.290
276300,0.05036,-0.11511,-0.00304,0.290
276400,0.04981,-0.11463,-0.00276,0.291
276500,0.04937,-0.11530,-0.00262,0.291
276600,0.04852,-0.11500,-0.00252,0.292
276700,0.04804,-0.11477,-0.00244,0.293
276800,0.04773,-0.11499,-0.00267,0.293
276900,0.04770,-0.11515,-0.00315,0.293
277000,0.04680,-0.11502,-0.00349,0.293
277100,0.04668,-0.11536,-0.00377,0.293
277200,0.04686,-0.11621,-0.00372,0.294
277300,0.04692,-0.11693,-0.00371,0.294
277400,0.04629,-0.11780,-0.00388,0.294
277500,0.04758,-0.11842,-0.00437,0.294
277600,0.04685,-0.11864,-0.00423,0.295
277700,0.04770,-0.11875,-0.00435,0.295
277800,0.04742,-0.11851,-0.00500,0.294
277900,0.04880,-0.11850,-0.00481,0.294
278000,0.04968,-0.11812,-0.00456,0.294
278100,0.04914,-0.11776,-0.00465,0.294
278200,0.04870,-0.11723,-0.00430,0.294
278300,0.04778,-0.11740,-0.00486,0.293
278400,0.04871,-0.11695,-0.00452,0.293
278500,0.04751,-0.11641,-0.00495,0.293
278600,0.04658,-0.11576,-0.00510,0.292
278700,0.04693,-0.11605,-0.00547,0.292
278800,0.04613,-0.11615,-0.00632,0.292
278900,0.04526,-0.11547,-0.00670,0.291
279000,0.04541,-0.11576,-0.00667,0.290
279100,0.04428,-0.11544,-0.00695,0.290
279200,0.04480,-0.11563,-0.00702,0.290
279300,0.04391,-0.11583,-0.00760,0.289
279400,0.04494,-0.11652,-0.00751,0.289
279500,0.04441,-0.11739,-0.00803,0.289
279600,0.04296,-0.11732,-0.00839,0.289
279700,0.04413,-0.11702,-0.00814,0.289
279800,0.04520,-0.11691,-0.00862,0.289
279900,0.04676,-0.11709,-0.00944,0.289
280000,0.04845,-0.11745,-0.00981,0.287
280100,0.05132,-0.11781,-0.00976,0.287
280200,0.05105,-0.11728,-0.01002,0.287
280300,0.05250,-0.11740,-0.00984,0.287
280400,0.05235,-0.11757,-0.01012,0.287
280500,0.05301,-0.11683,-0.00977,0.288
280600,0.05395,-0.11773,-0.00966,0.289
280700,0.05387,-0.11802,-0.00959,0.288
280800,0.05354,-0.11866,-0.00996,0.289
280900,0.05284,-0.11813,-0.01006,0.289
281000,0.05211,-0.11701,-0.01024,0.290
281100,0.05155,-0.11596,-0.01062,0.289
281200,0.05158,-0.11542,-0.01056,0.289
281300,0.05026,-0.11503,-0.01073,0.289
281400,0.04844,-0.11416,-0.01084,0.289
281500,0.04655,-0.11338,-0.01075,0.290
281600,0.04681,-0.11363,-0.01034,0.290
281700,0.04580,-0.11341,-0.00954,0.289
281800,0.04483,-0.11347,-0.00943,0.289
281900,0.04408,-0.11294,-0.00938,0.290
282000,0.04382,-0.11363,-0.00938,0.289
282100,0.04402,-0.11314,-0.00931,0.289
282200,0.04398,-0.11296,-0.00876,0.289
282300,0.04325,-0.11251,-0.00831,0.290
282400,0.04349,-0.11203,-0.00781,0.289
282500,0.04270,-0.11235,-0.00712,0.289
282600,0.04381,-0.11390,-0.00660,0.289
282700,0.04460,-0.11452,-0.00602,0.288
282800,0.04448,-0.11406,-0.00636,0.289
282900,0.04306,-0.11331,-0.00594,0.289
283000,0.04136,-0.11317,-0.00542,0.287
283100,0.04056,-0.11257,-0.00489,0.286
283200,0.03923,-0.11287,-0.00454,0.286
283300,0.03879,-0.11245,-0.00399,0.285
283400,0.03945,-0.11308,-0.00389,0.285
283500,0.03991,-0.11305,-0.00349,0.285
283600,0.03952,-0.11388,-0.00321,0.285
283700,0.03931,-0.11385,-0.00261,0.284
283800,0.03978,-0.11447,-0.00180,0.284
283900,0.04047,-0.11358,-0.00165,0.284
284000,0.04156,-0.11433,-0.00152,0.284
284100,0.04114,-0.11399,-0.00145,0.285
284200,0.04003,-0.11315,-0.00167,0.286
284300,0.03890,-0.11260,-0.00146,0.286
284400,0.03861,-0.11171,-0.00119,0.287
284500,0.03940,-0.11261,-0.00117,0.286
284600,0.03867,-0.11297,-0.00083,0.286
284700,0.03857,-0.11317,-0.00056,0.286
284800,0.03798,-0.11371,-0.00048,0.285
284900,0.03780,-0.11478,-0.00044,0.285
285000,0.03796,-0.11527,-0.00083,0.285
285100,0.03663,-0.11655,-0.00033,0.286
285200,0.03458,-0.11614,0.00069,0.285
285300,0.03480,-0.11612,0.00017,0.284
285400,0.03550,-0.11610,0.00019,0.285
285500,0.03699,-0.11615,0.00022,0.285
285600,0.03789,-0.11728,0.00019,0.284
285700,0.03764,-0.11728,-0.00007,0.284
285800,0.03738,-0.11678,-0.00043,0.284
285900,0.03845,-0.11709,-0.00084,0.284
286000,0.03848,-0.11698,-0.00129,0.283
286100,0.03845,-0.11637,-0.00151,0.283
286200,0.03832,-0.11638,-0.00242,0.283
286300,0.03902,-0.11806,-0.00338,0.282
286400,0.03944,-0.11846,-0.00377,0.282
286500,0.04006,-0.11814,-0.00399,0.283
286600,0.04106,-0.11905,-0.00408,0.283
286700,0.04138,-0.11855,-0.00399,0.282
286800,0.04076,-0.11894,-0.00409,0.281
286900,0.04078,-0.11966,-0.00391,0.282
287000,0.04163,-0.12038,-0.00371,0.283
287100,0.04158,-0.11998,-0.00336,0.282
287200,0.04171,-0.11855,-0.00322,0.282
287300,0.04215,-0.11876,-0.00313,0.282
287400,0.04188,-0.11929,-0.00314,0.282
287500,0.04250,-0.11859,-0.00294,0.281
287600,0.04381,-0.11924,-0.00314,0.281
287700,0.04387,-0.11962,-0.00349,0.280
287800,0.04569,-0.12009,-0.00296,0.281
287900,0.04598,-0.12002,-0.00307,0.281
288000,0.04631,-0.11985,-0.00301,0.282
288100,0.04706,-0.11999,-0.00248,0.283
288200,0.04769,-0.12149,-0.00260,0.283
288300,0.04811,-0.12170,-0.00231,0.284
288400,0.04879,-0.12117,-0.00222,0.283
288500,0.04858,-0.12120,-0.00174,0.284
288600,0.04984,-0.12218,-0.00156,0.285
288700,0.04985,-0.12153,-0.00029,0.285
288800,0.05124,-0.12127,0.00066,0.285
288900,0.05177,-0.12155,0.00062,0.285
289000,0.05196,-0.12188,0.00072,0.285
289100,0.05238,-0.12233,0.00083,0.285
289200,0.05119,-0.12273,0.00054,0.284
289300,0.05140,-0.12304,0.00042,0.285
289400,0.05055,-0.12305,0.00022,0.285
289500,0.05100,-0.12295,0.00076,0.285
289600,0.05188,-0.12329,0.00069,0.285
289700,0.05118,-0.12402,0.00055,0.285
289800,0.05145,-0.12433,0.00066,0.285
289900,0.04968,-0.12308,0.00144,0.285
290000,0.04921,-0.12380,0.00182,0.284
290100,0.04625,-0.12353,0.00158,0.283
290200,0.04620,-0.12357,0.00167,0.284
290300,0.04504,-0.12350,0.00118,0.284
290400,0.04486,-0.12384,0.00120,0.284
290500,0.04376,-0.12469,0.00070,0.284
290600,0.04320,-0.12378,0.00048,0.284
290700,0.04268,-0.12363,0.00042,0.284
290800,0.04283,-0.12280,0.00064,0.284
290900,0.04353,-0.12353,0.00065,0.283
291000,0.04400,-0.12427,0.00065,0.283
291100,0.04541,-0.12475,0.00104,0.283
291200,0.04472,-0.12425,0.00104,0.283
291300,0.04566,-0.12453,0.00178,0.283
291400,0.04641,-0.12572,0.00219,0.283
291500,0.04792,-0.12640,0.00220,0.283
291600,0.04793,-0.12701,0.00212,0.282
291700,0.04761,-0.12830,0.00226,0.283
291800,0.04814,-0.12811,0.00179,0.284
291900,0.04726,-0.12817,0.00158,0.284
292000,0.04832,-0.12841,0.00196,0.285
292100,0.04899,-0.12850,0.00254,0.285
292200,0.04905,-0.12820,0.00250,0.285
292300,0.04829,-0.12855,0.00256,0.284
292400,0.04700,-0.12854,0.00239,0.285
292500,0.04717,-0.12781,0.00258,0.286
292600,0.04606,-0.12717,0.00247,0.285
292700,0.04498,-0.12630,0.00181,0.286
292800,0.04463,-0.12688,0.00225,0.287
292900,0.04450,-0.12763,0.00221,0.287
293000,0.04462,-0.12859,0.00219,0.287
293100,0.04499,-0.12876,0.00211,0.288
293200,0.04438,-0.12842,0.00233,0.288
293300,0.04316,-0.12870,0.00190,0.288
293400,0.04265,-0.12877,0.00224,0.288
293500,0.04267,-0.12895,0.00194,0.288
293600,0.04299,-0.12924,0.00264,0.289
293700,0.04314,-0.13034,0.00242,0.290
293800,0.04252,-0.13051,0.00215,0.290
293900,0.04226,-0.13076,0.00214,0.289
294000,0.04206,-0.13117,0.00206,0.288
294100,0.04388,-0.13214,0.00211,0.288
294200,0.04503,-0.13364,0.00202,0.287
294300,0.04670,-0.13436,0.00237,0.287
294400,0.04809,-0.13567,0.00257,0.286
294500,0.04910,-0.13600,0.00293,0.286
294600,0.05006,-0.13654,0.00262,0.286
294700,0.05036,-0.13617,0.00246,0.286
294800,0.05052,-0.13696,0.00271,0.286
294900,0.05159,-0.13611,0.00287,0.285
295000,0.05182,-0.13684,0.00352,0.285
295100,0.05229,-0.13739,0.00350,0.285
295200,0.05422,-0.13766,0.00310,0.284
295300,0.05385,-0.13771,0.00321,0.284
295400,0.05387,-0.13813,0.00376,0.284
295500,0.05293,-0.13828,0.00352,0.284
295600,0.05186,-0.13804,0.00356,0.285
295700,0.05123,-0.13798,0.00403,0.283
295800,0.05005,-0.13804,0.00441,0.283
295900,0.04884,-0.13777,0.00492,0.283
296000,0.04814,-0.13738,0.00561,0.282
296100,0.04767,-0.13690,0.00578,0.281
296200,0.04778,-0.13775,0.00664,0.279
296300,0.04731,-0.13708,0.00753,0.280
296400,0.04618,-0.13765,0.00773,0.280
296500,0.04576,-0.13766,0.00758,0.280
296600,0.04598,-0.13742,0.00815,0.280
296700,0.04647,-0.13797,0.00827,0.279
296800,0.04617,-0.13741,0.00820,0.279
296900,0.04481,-0.13559,0.00827,0.278
297000,0.04378,-0.13481,0.00866,0.278
297100,0.04285,-0.13418,0.00871,0.278
297200,0.04323,-0.13429,0.00844,0.278
297300,0.04337,-0.13213,0.00898,0.277
297400,0.04434,-0.13099,0.00923,0.277
297500,0.04334,-0.13054,0.00951,0.277
297600,0.04237,-0.12938,0.00927,0.277
297700,0.04194,-0.12856,0.00993,0.278
297800,0.03932,-0.12808,0.00993,0.278
297900,0.03806,-0.12858,0.00983,0.278
298000,0.03719,-0.12848,0.00954,0.277
298100,0.03607,-0.12835,0.00923,0.277
298200,0.03555,-0.12774,0.00937,0.278
298300,0.03438,-0.12585,0.00962,0.277
298400,0.03443,-0.12615,0.00958,0.277
298500,0.03460,-0.12674,0.00944,0.276
298600,0.03371,-0.12612,0.00931,0.275
298700,0.03330,-0.12710,0.00862,0.274
298800,0.03298,-0.12821,0.00788,0.275
298900,0.03275,-0.12838,0.00787,0.275
299000,0.03382,-0.12782,0.00769,0.275
299100,0.03372,-0.12668,0.00735,0.275
299200,0.03345,-0.12597,0.00723,0.275
299300,0.03340,-0.12532,0.00747,0.274
299400,0.03329,-0.12551,0.00749,0.275
299500,0.03340,-0.12640,0.00728,0.275
299600,0.03273,-0.12569,0.00742,0.276
299700,0.03349,-0.12602,0.00751,0.276
299800,0.03208,-0.12613,0.00794,0.276
299900,0.03294,-0.12664,0.00770,0.276
300000,0.03204,-0.12590,0.00744,0.276
300100,0.03193,-0.12559,0.00735,0.276
300200,0.03250,-0.12520,0.00746,0.275
300300,0.03166,-0.12389,0.00780,0.275
300400,0.03166,-0.12396,0.00757,0.275
300500,0.03221,-0.12391,0.00752,0.275
300600,0.03108,-0.12414,0.00748,0.273
300700,0.03182,-0.12382,0.00708,0.273
300800,0.03206,-0.12367,0.00653,0.274
300900,0.03178,-0.12273,0.00626,0.274
301000,0.03147,-0.12176,0.00627,0.274
301100,0.02961,-0.12100,0.00574,0.274
301200,0.02991,-0.12051,0.00591,0.275
301300,0.02868,-0.12023,0.00537,0.275
301400,0.02816,-0.11779,0.00552,0.275
301500,0.02744,-0.11743,0.00540,0.274
301600,0.02615,-0.11593,0.00466,0.274
301700,0.02637,-0.11420,0.00434,0.274
301800,0.02655,-0.11332,0.00486,0.274
301900,0.02823,-0.11358,0.00515,0.274
302000,0.02648,-0.11283,0.00464,0.274
302100,0.02714,-0.11311,0.00431,0.274
302200,0.02696,-0.11344,0.00433,0.273
302300,0.02789,-0.11390,0.00454,0.273
302400,0.02844,-0.11541,0.00469,0.272
302500,0.02843,-0.11595,0.00463,0.272
302600,0.02781,-0.11608,0.00440,0.272
302700,0.02608,-0.11576,0.00525,0.272
302800,0.02634,-0.11645,0.00534,0.272
302900,0.02701,-0.11652,0.00588,0.272
303000,0.02655,-0.11567,0.00642,0.273
303100,0.02545,-0.11425,0.00655,0.274
303200,0.02604,-0.11479,0.00623,0.275
303300,0.02689,-0.11506,0.00606,0.276
303400,0.02732,-0.11507,0.00549,0.276
303500,0.02715,-0.11594,0.00457,0.276
303600,0.02663,-0.11558,0.00364,0.276
303700,0.02653,-0.11438,0.00313,0.275
303800,0.02702,-0.11410,0.00255,0.276
303900,0.02704,-0.11428,0.00233,0.276
304000,0.02711,-0.11383,0.00223,0.277
304100,0.02647,-0.11373,0.00196,0.277
304200,0.02689,-0.11340,0.00136,0.279
304300,0.02664,-0.11334,0.00069,0.280
304400,0.02577,-0.11247,0.00049,0.280
304500,0.02412,-0.11164,-0.00000,0.280
304600,0.02346,-0.11065,0.00016,0.280
304700,0.02378,-0.11071,0.00033,0.280
304800,0.02293,-0.10936,0.00002,0.280
304900,0.02164,-0.10887,-0.00012,0.280
305000,0.02132,-0.10859,-0.00058,0.281
305100,0.02198,-0.10786,-0.00052,0.280
305200,0.02059,-0.10741,-0.00017,0.281
305300,0.02063,-0.10711,-0.00028,0.281
305400,0.02020,-0.10654,-0.00063,0.281
305500,0.01948,-0.10545,-0.00044,0.281
305600,0.02005,-0.10539,-0.00048,0.281
305700,0.01973,-0.10531,-0.00056,0.282
305800,0.02081,-0.10463,-0.00063,0.282
305900,0.02091,-0.10499,-0.00073,0.282
306000,0.02223,-0.10603,-0.00093,0.283
306100,0.02241,-0.10656,-0.00062,0.283
306200,0.02240,-0.10646,-0.00091,0.283
306300,0.02323,-0.10689,-0.00145,0.283
306400,0.02321,-0.10637,-0.00168,0.282
306500,0.02307,-0.10657,-0.00155,0.282
306600,0.02301,-0.10586,-0.00158,0.282
306700,0.02159,-0.10567,-0.00172,0.283
306800,0.02221,-0.10596,-0.00177,0.282
306900,0.02318,-0.10650,-0.00167,0.282
307000,0.02445,-0.10763,-0.00134,0.283
307100,0.02633,-0.10795,-0.00094,0.283
307200,0.02714,-0.10830,-0.00060,0.284
307300,0.02768,-0.11030,-0.00074,0.284
307400,0.02732,-0.11081,-0.00072,0.284
307500,0.02775,-0.11193,-0.00084,0.285
307600,0.02882,-0.11332,-0.00040,0.285
307700,0.02883,-0.11434,-0.00113,0.284
307800,0.02954,-0.11449,-0.00126,0.284
307900,0.03020,-0.11371,-0.00099,0.284
308000,0.02945,-0.11337,-0.00104,0.284
308100,0.02967,-0.11366,-0.00137,0.284
308200,0.02990,-0.11343,-0.00183,0.283
308300,0.03036,-0.11473,-0.00177,0.283
308400,0.03005,-0.11460,-0.00165,0.283
308500,0.03045,-0.11436,-0.00208,0.283
308600,0.02980,-0.11520,-0.00215,0.285
308700,0.02941,-0.11487,-0.00185,0.284
308800,0.02883,-0.11414,-0.00198,0.283
308900,0.02929,-0.11458,-0.00207,0.284
309000,0.02919,-0.11526,-0.00214,0.283
309100,0.02993,-0.11604,-0.00180,0.284
309200,0.03090,-0.11694,-0.00138,0.285
309300,0.03072,-0.11747,-0.00109,0.286
309400,0.03148,-0.11793,-0.00071,0.286
309500,0.03072,-0.11747,-0.00079,0.285
309600,0.03128,-0.11821,-0.00070,0.284
309700,0.03069,-0.11793,-0.00074,0.284
309800,0.03056,-0.11694,-0.00122,0.284
309900,0.03007,-0.11694,-0.00142,0.284
310000,0.03169,-0.11767,-0.00133,0.284
310100,0.03163,-0.11890,-0.00153,0.285
310200,0.03225,-0.12010,-0.00143,0.285
310300,0.03326,-0.12131,-0.00177,0.285
310400,0.03311,-0.12019,-0.00168,0.286
310500,0.03276,-0.11980,-0.00167,0.286
310600,0.03163,-0.11985,-0.00186,0.286
310700,0.03084,-0.12030,-0.00183,0.286
310800,0.03040,-0.12061,-0.00152,0.285
310900,0.03121,-0.12109,-0.00128,0.284
311000,0.03049,-0.12159,-0.00130,0.285
311100,0.03018,-0.12147,-0.00084,0.284
311200,0.03032,-0.12240,-0.00123,0.285
311300,0.03094,-0.12272,-0.00153,0.285
311400,0.03084,-0.12337,-0.00209,0.285
311500,0.03032,-0.12319,-0.00192,0.286
311600,0.03111,-0.12307,-0.00094,0.287
311700,0.03150,-0.12311,-0.00082,0.286
311800,0.03025,-0.12332,-0.00090,0.286
311900,0.02903,-0.12236,-0.00142,0.286
312000,0.02897,-0.12236,-0.00143,0.285
312100,0.02837,-0.12067,-0.00140,0.285
312200,0.02758,-0.11984,-0.00154,0.286
312300,0.02745,-0.11942,-0.00146,0.286
312400,0.02816,-0.11853,-0.00172,0.286
312500,0.02801,-0.11839,-0.00185,0.286
312600,0.02881,-0.11922,-0.00161,0.287
312700,0.03086,-0.11982,-0.00187,0.286
312800,0.03128,-0.11878,-0.00195,0.286
312900,0.03129,-0.11803,-0.00239,0.285
313000,0.03092,-0.11762,-0.00278,0.284
313100,0.03169,-0.11905,-0.00274,0.283
313200,0.03177,-0.11867,-0.00244,0.282
313300,0.03126,-0.11785,-0.00201,0.282
313400,0.03068,-0.11634,-0.00174,0.281
313500,0.02987,-0.11489,-0.00098,0.280
313600,0.02874,-0.11341,-0.00054,0.280
313700,0.02751,-0.11323,-0.00030,0.281
313800,0.02652,-0.11285,0.00019,0.281
313900,0.02628,-0.11139,0.00025,0.281
314000,0.02519,-0.11061,0.00070,0.281
314100,0.02398,-0.10957,0.00129,0.281
314200,0.02239,-0.10994,0.00186,0.280
314300,0.02194,-0.11042,0.00231,0.279
314400,0.02157,-0.11067,0.00223,0.279
314500,0.02174,-0.11036,0.00251,0.278
314600,0.02212,-0.11038,0.00238,0.279
314700,0.02153,-0.11033,0.00264,0.279
314800,0.02257,-0.11096,0.00312,0.279
314900,0.02395,-0.11097,0.00370,0.279
315000,0.02353,-0.10932,0.00402,0.279
315100,0.02245,-0.10955,0.00448,0.279
315200,0.02234,-0.10989,0.00457,0.279
315300,0.02412,-0.11089,0.00488,0.279
315400,0.02380,-0.11064,0.00480,0.279
315500,0.02489,-0.11155,0.00519,0.278
315600,0.02417,-0.11144,0.00594,0.278
315700,0.02487,-0.11158,0.00593,0.277
315800,0.02343,-0.11163,0.00580,0.279
315900,0.02332,-0.11094,0.00572,0.278
316000,0.02118,-0.11013,0.00564,0.278
316100,0.02102,-0.10969,0.00535,0.278
316200,0.02077,-0.10871,0.00551,0.279
316300,0.02004,-0.10899,0.00561,0.279
316400,0.01995,-0.10875,0.00595,0.279
316500,0.02001,-0.10775,0.00597,0.279
316600,0.01856,-0.10843,0.00568,0.279
316700,0.01828,-0.10875,0.00569,0.279
316800,0.01790,-0.10915,0.00593,0.279
316900,0.01728,-0.10916,0.00615,0.280
317000,0.01450,-0.10680,0.00566,0.279
317100,0.01276,-0.10761,0.00547,0.279
317200,0.01095,-0.10785,0.00554,0.278
317300,0.01043,-0.10793,0.00540,0.279
317400,0.00932,-0.10734,0.00548,0.278
317500,0.00904,-0.10670,0.00542,0.278
317600,0.00759,-0.10558,0.00552,0.277
317700,0.00530,-0.10399,0.00562,0.278
317800,0.00354,-0.10310,0.00494,0.280
317900,0.00263,-0.10375,0.00510,0.280
318000,0.00354,-0.10424,0.00482,0.280
318100,0.00307,-0.10495,0.00492,0.280
318200,0.00260,-0.10493,0.00506,0.280
318300,0.00176,-0.10428,0.00465,0.281
318400,0.00108,-0.10447,0.00413,0.281
318500,0.00091,-0.10459,0.00433,0.281
318600,0.00111,-0.10425,0.00449,0.280
318700,0.00145,-0.10389,0.00422,0.281
318800,0.00144,-0.10447,0.00455,0.281
318900,-0.00016,-0.10267,0.00454,0.281
319000,-0.00144,-0.10238,0.00488,0.281
319100,-0.00254,-0.10168,0.00464,0.281
319200,-0.00370,-0.10114,0.00450,0.281
319300,-0.00485,-0.09947,0.00455,0.280
319400,-0.00497,-0.09845,0.00472,0.280
319500,-0.00526,-0.09839,0.00504,0.280
319600,-0.00446,-0.09834,0.00514,0.280
319700,-0.00508,-0.09821,0.00525,0.280
319800,-0.00516,-0.09856,0.00549,0.279
319900,-0.00453,-0.09798,0.00612,0.279
320000,-0.00589,-0.09698,0.00636,0.279
320100,-0.00566,-0.09595,0.00677,0.278
320200,-0.00682,-0.09516,0.00661,0.277
320300,-0.00715,-0.09541,0.00712,0.278
320400,-0.00689,-0.09578,0.00739,0.278
320500,-0.00718,-0.09586,0.00756,0.277
320600,-0.00627,-0.09508,0.00828,0.278
320700,-0.00646,-0.09490,0.00840,0.278
320800,-0.00615,-0.09405,0.00798,0.279
320900,-0.00615,-0.09363,0.00793,0.279
321000,-0.00601,-0.09403,0.00763,0.280
321100,-0.00558,-0.09477,0.00777,0.280
321200,-0.00621,-0.09488,0.00799,0.278
321300,-0.00568,-0.09407,0.00856,0.278
321400,-0.00377,-0.09543,0.00872,0.278
321500,-0.00289,-0.09527,0.00851,0.277
321600,-0.00221,-0.09664,0.00842,0.277
321700,-0.00162,-0.09762,0.00852,0.276
321800,-0.00044,-0.09784,0.00844,0.275
321900,0.00046,-0.09824,0.00890,0.275
322000,0.00052,-0.09891,0.00905,0.275
322100,-0.00039,-0.10007,0.00899,0.275
322200,0.00160,-0.10129,0.00948,0.275
322300,0.00049,-0.10111,0.00909,0.275
322400,-0.00001,-0.10006,0.00950,0.275
322500,-0.00074,-0.09932,0.00969,0.276
322600,-0.00214,-0.09751,0.00988,0.276
322700,-0.00325,-0.09686,0.00990,0.278
322800,-0.00390,-0.09656,0.00987,0.278
322900,-0.00495,-0.09644,0.01013,0.278
323000,-0.00505,-0.09732,0.00998,0.278
323100,-0.00573,-0.09699,0.00967,0.279
323200,-0.00542,-0.09645,0.00990,0.280
323300,-0.00522,-0.09525,0.01033,0.279
323400,-0.00578,-0.09526,0.01002,0.278
323500,-0.00528,-0.09627,0.00999,0.280
323600,-0.00462,-0.09676,0.00992,0.280
323700,-0.00319,-0.09716,0.01014,0.280
323800,-0.00250,-0.09724,0.01019,0.280
323900,-0.00338,-0.09812,0.01027,0.280
324000,-0.00303,-0.09890,0.01057,0.280
324100,-0.00313,-0.09883,0.01033,0.280
324200,-0.00298,-0.09761,0.01005,0.280
324300,-0.00266,-0.09800,0.00929,0.281
324400,-0.00168,-0.09816,0.00885,0.282
324500,-0.00177,-0.09940,0.00844,0.282
324600,-0.00244,-0.09950,0.00818,0.283
324700,-0.00178,-0.10038,0.00713,0.283
324800,-0.00197,-0.09953,0.00677,0.283
324900,-0.00272,-0.09997,0.00594,0.283
325000,-0.00144,-0.10187,0.00585,0.284
325100,-0.00072,-0.10109,0.00500,0.283
325200,0.00031,-0.10090,0.00458,0.284
325300,-0.00007,-0.09918,0.00459,0.283
325400,0.00126,-0.09960,0.00463,0.283
325500,0.00135,-0.10008,0.00429,0.283
325600,0.00224,-0.10071,0.00373,0.283
325700,0.00254,-0.10082,0.00377,0.283
325800,0.00428,-0.10068,0.00416,0.283
325900,0.00494,-0.10119,0.00397,0.283
326000,0.00662,-0.10126,0.00380,0.283
326100,0.00780,-0.10204,0.00439,0.283
326200,0.00849,-0.10340,0.00418,0.283
326300,0.00895,-0.10318,0.00459,0.282
326400,0.00871,-0.10336,0.00466,0.282
326500,0.00824,-0.10392,0.00456,0.283
326600,0.00965,-0.10384,0.00440,0.281
326700,0.01051,-0.10413,0.00413,0.282
326800,0.01208,-0.10393,0.00422,0.283
326900,0.01361,-0.10443,0.00401,0.282
327000,0.01620,-0.10560,0.00413,0.282
327100,0.01619,-0.10509,0.00392,0.281
327200,0.01706,-0.10374,0.00352,0.281
327300,0.01729,-0.10288,0.00339,0.281
327400,0.01813,-0.10229,0.00270,0.282
327500,0.01844,-0.10107,0.00269,0.282
327600,0.01908,-0.10145,0.00227,0.282
327700,0.02027,-0.10198,0.00209,0.281
327800,0.02122,-0.10268,0.00237,0.280
327900,0.02162,-0.10186,0.00163,0.279
328000,0.02081,-0.10160,0.00153,0.278
328100,0.02176,-0.10064,0.00166,0.278
328200,0.02197,-0.09975,0.00140,0.279
328300,0.02259,-0.09984,0.00125,0.279
328400,0.02286,-0.09943,0.00168,0.279
328500,0.02241,-0.09863,0.00173,0.279
328600,0.02332,-0.09853,0.00160,0.279
328700,0.02331,-0.09849,0.00166,0.279
328800,0.02463,-0.09793,0.00159,0.280
328900,0.02681,-0.09878,0.00162,0.281
329000,0.02648,-0.09771,0.00188,0.281
329100,0.02697,-0.09812,0.00202,0.281
329200,0.02778,-0.09735,0.00171,0.281
329300,0.02939,-0.09905,0.00151,0.281
329400,0.02993,-0.09967,0.00123,0.282
329500,0.03099,-0.10008,0.00094,0.282
329600,0.03014,-0.10019,0.00119,0.283
329700,0.03092,-0.10029,0.00120,0.284
329800,0.03053,-0.10010,0.00184,0.285
329900,0.03017,-0.10119,0.00158,0.285
330000,0.02983,-0.10171,0.00184,0.286
330100,0.03060,-0.10222,0.00188,0.286
330200,0.03059,-0.10322,0.00180,0.287
330300,0.02927,-0.10209,0.00195,0.286
330400,0.02823,-0.10252,0.00173,0.286
330500,0.02901,-0.10110,0.00190,0.287
330600,0.02927,-0.10228,0.00108,0.287
330700,0.02994,-0.10195,0.00110,0.287
330800,0.03052,-0.10311,0.00132,0.287
330900,0.03058,-0.10312,0.00120,0.287
331000,0.03148,-0.10352,0.00147,0.286
331100,0.03275,-0.10289,0.00116,0.286
331200,0.03317,-0.10316,0.00121,0.288
331300,0.03320,-0.10339,0.00091,0.288
331400,0.03262,-0.10351,0.00092,0.288
331500,0.03194,-0.10413,0.00075,0.288
331600,0.03139,-0.10400,0.00043,0.288
331700,0.03206,-0.10492,-0.00006,0.289
331800,0.03179,-0.10512,-0.00012,0.289
331900,0.03181,-0.10454,-0.00057,0.290
332000,0.03256,-0.10430,-0.00090,0.290
332100,0.03353,-0.10562,-0.00129,0.291
332200,0.03317,-0.10584,-0.00185,0.291
332300,0.03549,-0.10666,-0.00244,0.292
332400,0.03611,-0.10731,-0.00304,0.292
332500,0.03729,-0.10815,-0.00332,0.291
332600,0.03854,-0.10657,-0.00383,0.290
332700,0.03989,-0.10722,-0.00404,0.288
332800,0.04113,-0.10815,-0.00421,0.288
332900,0.04237,-0.10950,-0.00475,0.287
333000,0.04361,-0.10852,-0.00480,0.287
333100,0.04429,-0.10894,-0.00446,0.287
333200,0.04422,-0.11009,-0.00508,0.287
333300,0.04438,-0.11157,-0.00513,0.287
333400,0.04438,-0.11248,-0.00490,0.287
333500,0.04320,-0.11075,-0.00527,0.288
333600,0.04211,-0.10991,-0.00553,0.288
333700,0.04107,-0.10955,-0.00549,0.288
333800,0.04163,-0.10988,-0.00561,0.288
333900,0.04349,-0.10997,-0.00571,0.288
334000,0.04314,-0.11001,-0.00619,0.288
334100,0.04414,-0.11104,-0.00632,0.288
334200,0.04426,-0.11202,-0.00595,0.288
334300,0.04299,-0.11011,-0.00520,0.287
334400,0.04192,-0.10994,-0.00481,0.288
334500,0.04187,-0.10902,-0.00483,0.287
334600,0.04228,-0.10905,-0.00467,0.286
334700,0.04130,-0.10925,-0.00427,0.286
334800,0.04047,-0.10898,-0.00420,0.287
334900,0.04096,-0.10951,-0.00418,0.287
335000,0.04034,-0.10922,-0.00415,0.286
335100,0.03999,-0.10976,-0.00394,0.287
335200,0.03966,-0.11052,-0.00376,0.287
335300,0.03948,-0.11182,-0.00382,0.287
335400,0.03900,-0.11266,-0.00377,0.288
335500,0.03933,-0.11261,-0.00367,0.289
335600,0.03821,-0.11220,-0.00354,0.289
335700,0.03816,-0.11197,-0.00367,0.290
335800,0.03881,-0.11167,-0.00408,0.290
335900,0.03971,-0.11195,-0.00415,0.290
336000,0.03886,-0.11051,-0.00409,0.291
336100,0.03881,-0.11073,-0.00455,0.290
336200,0.03999,-0.10986,-0.00440,0.290
336300,0.04083,-0.11019,-0.00515,0.290
336400,0.04204,-0.11011,-0.00486,0.290
336500,0.04176,-0.10925,-0.00440,0.290
336600,0.04242,-0.10920,-0.00405,0.290
336700,0.04310,-0.10980,-0.00356,0.289
336800,0.04213,-0.11038,-0.00397,0.290
336900,0.04220,-0.11013,-0.00380,0.290
337000,0.04230,-0.10991,-0.00325,0.291
337100,0.04239,-0.11071,-0.00365,0.292
337200,0.04284,-0.11125,-0.00397,0.292
337300,0.04371,-0.11264,-0.00467,0.293
337400,0.04354,-0.11387,-0.00412,0.293
337500,0.04299,-0.11499,-0.00410,0.292
337600,0.04312,-0.11489,-0.00414,0.292
337700,0.04336,-0.11584,-0.00387,0.293
337800,0.04378,-0.11616,-0.00391,0.294
337900,0.04467,-0.11601,-0.00355,0.295
338000,0.04490,-0.11572,-0.00318,0.296
338100,0.04523,-0.11615,-0.00344,0.296
338200,0.04518,-0.11738,-0.00300,0.296
338300,0.04550,-0.11822,-0.00262,0.296
338400,0.04572,-0.11906,-0.00299,0.295
338500,0.04650,-0.11954,-0.00278,0.295
338600,0.04574,-0.11988,-0.00268,0.296
338700,0.04521,-0.12039,-0.00254,0.297
338800,0.04381,-0.12065,-0.00293,0.296
338900,0.04273,-0.12014,-0.00237,0.296
339000,0.04342,-0.12141,-0.00270,0.296
339100,0.04419,-0.12132,-0.00263,0.296
339200,0.04433,-0.12208,-0.00256,0.296
339300,0.04435,-0.12182,-0.00237,0.296
339400,0.04457,-0.12055,-0.00238,0.296
339500,0.04465,-0.11926,-0.00222,0.296
339600,0.04520,-0.11888,-0.00311,0.296
339700,0.04479,-0.11846,-0.00339,0.296
339800,0.04539,-0.11738,-0.00418,0.296
339900,0.04496,-0.11717,-0.00441,0.296
340000,0.04596,-0.11725,-0.00473,0.295
340100,0.04527,-0.11783,-0.00505,0.295
340200,0.04553,-0.11781,-0.00524,0.295
340300,0.04759,-0.11835,-0.00554,0.294
340400,0.04821,-0.11855,-0.00543,0.295
340500,0.04815,-0.11979,-0.00564,0.294
340600,0.04910,-0.11954,-0.00556,0.294
340700,0.04916,-0.11953,-0.00587,0.294
340800,0.04956,-0.11943,-0.00568,0.294
340900,0.04929,-0.12007,-0.00598,0.294
341000,0.04902,-0.11905,-0.00630,0.294
341100,0.04880,-0.11838,-0.00641,0.295
341200,0.04958,-0.11841,-0.00652,0.295
341300,0.04994,-0.11777,-0.00660,0.296
341400,0.04875,-0.11702,-0.00655,0.296
341500,0.04923,-0.11605,-0.00671,0.296
341600,0.05021,-0.11604,-0.00683,0.297
341700,0.05019,-0.11473,-0.00736,0.296
341800,0.05057,-0.11461,-0.00748,0.297
341900,0.05024,-0.11517,-0.00678,0.298
342000,0.04950,-0.11509,-0.00633,0.297
342100,0.04848,-0.11448,-0.00608,0.297
342200,0.04655,-0.11379,-0.00610,0.297
342300,0.04411,-0.11232,-0.00538,0.298
342400,0.04326,-0.11244,-0.00500,0.297
342500,0.04260,-0.11255,-0.00448,0.298
342600,0.04249,-0.11506,-0.00403,0.297
342700,0.04231,-0.11502,-0.00403,0.298
342800,0.04182,-0.11491,-0.00368,0.298
342900,0.04135,-0.11479,-0.00344,0.299
343000,0.04134,-0.11536,-0.00335,0.298
343100,0.04055,-0.11548,-0.00383,0.298
343200,0.04059,-0.11588,-0.00323,0.298
343300,0.04124,-0.11672,-0.00384,0.298
343400,0.04161,-0.11732,-0.00370,0.298
343500,0.04227,-0.11819,-0.00272,0.297
343600,0.04389,-0.11898,-0.00190,0.297
343700,0.04520,-0.11927,-0.00140,0.296
343800,0.04371,-0.11932,-0.00111,0.296
343900,0.04214,-0.11908,-0.00102,0.296
344000,0.04345,-0.11914,-0.00141,0.295
344100,0.04412,-0.11823,-0.00148,0.296
344200,0.04584,-0.11830,-0.00159,0.296
344300,0.04632,-0.11981,-0.00203,0.295
344400,0.04705,-0.12061,-0.00237,0.294
344500,0.04706,-0.12080,-0.00188,0.294
344600,0.04763,-0.12141,-0.00153,0.295
344700,0.04789,-0.12019,-0.00155,0.295
