i,word,power,danger
0,fury,0.088,0.583
0,awful,-0.118,0.513
1,hate,-0.140,0.544
1,scoundrel,-0.151,0.455
2,horrible,-0.117,0.552
2,vulgar,-0.095,0.520
3,good,0.180,-0.406
3,home,0.099,-0.413
4,short,-0.461,0.055
4,gone,-0.457,-0.049
5,broken,-0.368,0.308
5,alone,-0.448,-0.121
6,dreadful,-0.177,0.486
6,love,0.383,-0.341
7,excellent,0.543,-0.264
7,idle,-0.600,-0.014
8,honorable,0.427,-0.381
8,youth,0.440,-0.232
9,powerful,0.695,-0.016
9,spite,-0.294,0.365
10,nature,0.130,-0.470
10,jealousy,-0.055,0.450
11,worse,-0.320,0.446
11,radiant,0.507,-0.119
12,respect,0.325,-0.405
12,president,0.489,-0.024
13,fortune,0.592,-0.133
13,perfect,0.493,-0.351
14,freedom,0.548,-0.292
14,hit,0.203,0.496
15,easy,-0.056,-0.480
15,guilty,-0.160,0.444
16,delighted,0.430,-0.196
16,intruder,-0.189,0.414
17,persons,0.153,-0.400
17,lunch,0.177,-0.335
18,strongly,0.495,0.141
18,gone,-0.457,-0.049
19,mocking,-0.163,0.474
19,recognized,0.374,-0.288
20,irritable,-0.005,0.591
20,familiar,0.204,-0.406
21,disagreeable,-0.393,0.416
21,learn,0.472,-0.128
22,rest,-0.101,-0.532
22,youth,0.440,-0.232
23,life,0.497,-0.209
23,spite,-0.294,0.365
24,excited,0.560,0.011
24,ill,-0.473,0.234
25,danger,0.136,0.577
25,glad,0.516,-0.127
26,freedom,0.548,-0.292
26,honor,0.497,-0.211
27,great,0.531,-0.204
27,respect,0.325,-0.405
28,amusement,0.594,-0.065
28,money,0.459,-0.160
29,hatred,-0.120,0.571
29,scarcely,-0.496,0.227
30,ashamed,-0.326,0.298
30,ridiculous,-0.310,0.301
31,anger,0.122,0.499
31,effort,0.490,0.064
32,respectful,0.397,-0.391
32,love,0.383,-0.341
33,chair,-0.331,-0.342
33,embarrassment,-0.288,0.374
34,proud,0.568,-0.140
34,grandeur,0.578,-0.060
35,desperate,-0.162,0.530
35,pity,-0.497,0.159
36,ill,-0.473,0.234
36,gardens,-0.153,-0.413
37,energy,0.595,-0.150
37,great,0.531,-0.204
38,furious,0.069,0.633
38,poor,-0.538,0.133
39,prince,0.444,-0.290
39,family,0.281,-0.413
40,perfection,0.621,-0.088
40,honorable,0.427,-0.381
41,short,-0.461,0.055
41,coach,0.391,0.136
42,love,0.383,-0.341
42,gold,0.446,-0.181
43,friendship,0.293,-0.431
43,less,-0.520,-0.026
44,perfect,0.493,-0.351
44,rich,0.544,-0.171
45,worthless,-0.497,0.232
45,low,-0.526,-0.059
46,shooting,0.168,0.463
46,president,0.489,-0.024
47,enchanting,0.445,-0.168
47,attitude,0.459,-0.073
48,exceptional,0.580,-0.037
48,rest,-0.101,-0.532
49,despair,-0.236,0.470
49,rejected,-0.389,0.263
50,great,0.531,-0.204
50,important,0.468,-0.133
51,friendliness,0.210,-0.502
51,argue,-0.042,0.501
52,action,0.538,0.099
52,life,0.497,-0.209
53,difficulty,-0.191,0.464
53,hasty,-0.027,0.488
54,elegance,0.393,-0.360
54,agree,0.120,-0.457
55,suffering,-0.326,0.487
55,dead,-0.467,0.279
56,less,-0.520,-0.026
56,natural,-0.020,-0.520
57,delighted,0.430,-0.196
57,gone,-0.457,-0.049
58,money,0.459,-0.160
58,determination,0.458,-0.032
59,great,0.531,-0.204
59,pity,-0.497,0.159
60,freedom,0.548,-0.292
60,strong,0.608,-0.112
61,fortune,0.592,-0.133
61,horror,-0.069,0.517
62,peace,0.136,-0.550
62,excitement,0.452,-0.150
63,offend,-0.178,0.496
63,unhappy,-0.443,0.266
64,quarrel,0.009,0.576
64,fear,-0.200,0.534
65,accomplish,0.525,-0.178
65,rest,-0.101,-0.532
66,bright,0.433,-0.250
66,gardens,-0.153,-0.413
67,calm,-0.162,-0.556
67,excited,0.560,0.011
68,terror,-0.084,0.585
68,merry,0.540,-0.176
69,holy,0.107,-0.485
69,easy,-0.056,-0.480
70,skill,0.510,-0.098
70,effort,0.490,0.064
71,perfect,0.493,-0.351
71,happy,0.558,-0.188
72,losing,-0.323,0.423
72,emergency,0.093,0.496
73,fears,-0.206,0.530
73,splendid,0.536,-0.108
74,serene,-0.120,-0.478
74,soft,-0.218,-0.421
75,worth,0.471,-0.246
75,overcome,0.451,-0.013
76,perfection,0.621,-0.088
76,ill,-0.473,0.234
77,happiness,0.593,-0.158
77,afraid,-0.297,0.533
78,confidence,0.442,-0.467
78,smooth,-0.176,-0.500
79,friendliness,0.210,-0.502
79,trouble,-0.068,0.476
80,gray,-0.473,-0.133
80,tiny,-0.427,-0.210
81,depressed,-0.527,0.291
81,sincerity,0.266,-0.390
82,dull,-0.562,-0.054
82,life,0.497,-0.209
83,quiet,-0.093,-0.486
83,stumble,-0.244,0.390
84,violent,0.090,0.574
84,god,0.416,-0.158
85,splendid,0.536,-0.108
85,effort,0.490,0.064
86,happy,0.558,-0.188
86,love,0.383,-0.341
87,hero,0.641,-0.091
87,conquering,0.623,0.088
88,glad,0.516,-0.127
88,ecstasy,0.461,0.083
89,despair,-0.236,0.470
89,insane,-0.307,0.424
90,smile,0.334,-0.221
90,ear,-0.346,-0.185
91,loathing,-0.162,0.500
91,amusing,0.482,-0.100
92,triumph,0.684,-0.116
92,happiness,0.593,-0.158
93,prince,0.444,-0.290
93,napkin,-0.397,-0.237
94,honor,0.497,-0.211
94,fresh,0.045,-0.442
95,life,0.497,-0.209
95,hope,0.298,-0.425
96,good,0.180,-0.406
96,down,-0.398,0.084
97,unable,-0.425,0.225
97,flying,0.380,-0.191
98,brilliant,0.560,-0.248
98,pleased,0.455,-0.272
99,ill,-0.473,0.234
99,worried,-0.123,0.512
100,afraid,-0.297,0.533
100,poor,-0.538,0.133
101,grow,0.446,-0.209
101,small,-0.395,-0.250
102,savage,0.134,0.516
102,enjoyment,0.424,-0.225
103,empty,-0.610,-0.011
103,sore,-0.330,0.385
104,lucky,0.494,-0.244
104,true,0.367,-0.319
105,love,0.383,-0.341
105,future,0.469,-0.169
106,subtle,-0.252,-0.392
106,wrong,-0.203,0.387
107,awful,-0.118,0.513
107,excitement,0.452,-0.150
108,proud,0.568,-0.140
108,alone,-0.448,-0.121
109,life,0.497,-0.209
109,death,-0.149,0.490
110,wonderful,0.605,-0.136
110,ill,-0.473,0.234
111,little,-0.428,-0.163
111,fall,-0.288,0.330
112,happiness,0.593,-0.158
112,force,0.468,0.109
113,happy,0.558,-0.188
113,positively,0.516,-0.227
114,curse,-0.218,0.484
114,loathing,-0.162,0.500
115,angry,0.045,0.505
115,youth,0.440,-0.232
116,rich,0.544,-0.171
116,great,0.531,-0.204
117,hateful,-0.112,0.527
117,chair,-0.331,-0.342
118,bless,0.167,-0.466
118,shooting,0.168,0.463
119,ill,-0.473,0.234
119,bad,-0.219,0.352
120,steal,-0.048,0.593
120,love,0.383,-0.341
121,poor,-0.538,0.133
121,life,0.497,-0.209
122,abused,-0.252,0.593
122,afraid,-0.297,0.533
123,vermin,-0.148,0.382
123,gentleman,0.285,-0.267
124,tragedy,-0.175,0.554
124,despair,-0.236,0.470
125,faith,0.222,-0.423
125,gratification,0.436,-0.156
126,strong,0.608,-0.112
126,despise,-0.196,0.401
127,family,0.281,-0.413
127,friends,0.309,-0.298
128,experienced,0.488,-0.100
128,together,0.249,-0.338
129,horrified,-0.141,0.592
129,great,0.531,-0.204
130,success,0.758,-0.050
130,prince,0.444,-0.290
131,attraction,0.486,-0.096
131,delighted,0.430,-0.196
132,brilliant,0.560,-0.248
132,life,0.497,-0.209
133,afraid,-0.297,0.533
133,wealthy,0.506,-0.248
134,fascinating,0.595,-0.116
134,terrible,0.023,0.563
135,favorable,0.376,-0.397
135,future,0.469,-0.169
136,violent,0.090,0.574
136,honor,0.497,-0.211
137,important,0.468,-0.133
137,alone,-0.448,-0.121
138,independence,0.572,-0.157
138,ridiculed,-0.256,0.479
139,easy,-0.056,-0.480
139,marry,0.449,-0.096
140,love,0.383,-0.341
140,unable,-0.425,0.225
141,crime,0.092,0.621
141,freedom,0.548,-0.292
142,fortunate,0.522,-0.199
142,pleased,0.455,-0.272
143,afraid,-0.297,0.533
143,fear,-0.200,0.534
144,delay,-0.387,0.207
144,home,0.099,-0.413
145,horrible,-0.117,0.552
145,goodness,0.303,-0.453
146,happiness,0.593,-0.158
146,violently,0.055,0.600
147,dead,-0.467,0.279
147,life,0.497,-0.209
148,joy,0.606,-0.111
148,brilliant,0.560,-0.248
149,horrified,-0.141,0.592
149,prince,0.444,-0.290
150,happy,0.558,-0.188
150,love,0.383,-0.341
151,honest,0.276,-0.468
151,ill,-0.473,0.234
152,powerful,0.695,-0.016
152,empty,-0.610,-0.011
153,courage,0.526,-0.067
153,tired,-0.498,0.132
154,produce,0.559,-0.117
154,terrible,0.023,0.563
155,disturbed,-0.151,0.518
155,horror,-0.069,0.517
156,life,0.497,-0.209
156,mother,0.333,-0.366
157,happiness,0.593,-0.158
157,grandeur,0.578,-0.060
158,proud,0.568,-0.140
158,nervousness,-0.157,0.519
159,great,0.531,-0.204
159,corrupt,-0.093,0.558
160,awkwardness,-0.443,0.194
160,council,0.179,-0.418
161,ill,-0.473,0.234
161,love,0.383,-0.341
162,drunk,-0.190,0.417
162,possessed,0.178,0.395
163,successful,0.647,-0.152
163,brighter,0.544,-0.152
164,calm,-0.162,-0.556
164,lucky,0.494,-0.244
165,triumphant,0.726,-0.072
165,happy,0.558,-0.188
166,smiling,0.415,-0.219
166,simple,-0.235,-0.374
167,dull,-0.562,-0.054
167,hope,0.298,-0.425
168,pleasant,0.253,-0.441
168,mother,0.333,-0.366
169,education,0.336,-0.427
169,lacking,-0.469,0.094
170,extraordinary,0.603,-0.167
170,higher,0.350,-0.236
171,threatening,0.075,0.575
171,evil,-0.040,0.560
172,disagreeable,-0.393,0.416
172,force,0.468,0.109
173,recognized,0.374,-0.288
173,phenomenon,0.420,0.077
174,futile,-0.516,0.143
174,natural,-0.020,-0.520
175,enthusiastic,0.619,-0.010
175,suffering,-0.326,0.487
176,happy,0.558,-0.188
176,hate,-0.140,0.544
177,prince,0.444,-0.290
177,father,0.310,-0.327
178,great,0.531,-0.204
178,faint,-0.493,0.253
179,glad,0.516,-0.127
179,pity,-0.497,0.159
180,happiness,0.593,-0.158
180,love,0.383,-0.341
181,poisoned,-0.144,0.529
181,ill,-0.473,0.234
182,pleased,0.455,-0.272
182,vulgar,-0.095,0.520
183,passion,0.516,0.005
183,mother,0.333,-0.366
184,poor,-0.538,0.133
184,sick,-0.494,0.223
185,wait,-0.467,-0.040
185,nice,0.295,-0.345
186,unlucky,-0.481,0.224
186,amusing,0.482,-0.100
187,terror,-0.084,0.585
187,disturbed,-0.151,0.518
188,brilliant,0.560,-0.248
188,wealthy,0.506,-0.248
189,harm,-0.183,0.429
189,nonsense,-0.377,0.214
190,evil,-0.040,0.560
190,enjoying,0.514,-0.106
191,great,0.531,-0.204
191,life,0.497,-0.209
192,general,0.414,-0.237
192,spiritual,0.182,-0.433
193,love,0.383,-0.341
193,tenderness,0.020,-0.485
194,sick,-0.494,0.223
194,ill,-0.473,0.234
195,pillow,-0.317,-0.387
195,mother,0.333,-0.366
196,youth,0.440,-0.232
196,gallant,0.351,-0.261
197,vague,-0.495,0.034
197,celebrated,0.468,-0.129
198,splendid,0.536,-0.108
198,clever,0.293,-0.378
199,company,0.382,-0.333
199,lose,-0.408,0.291
200,soft,-0.218,-0.421
200,short,-0.461,0.055
201,great,0.531,-0.204
201,honest,0.276,-0.468
202,happy,0.558,-0.188
202,unhappy,-0.443,0.266
203,succeed,0.642,-0.114
203,hateful,-0.112,0.527
204,smart,0.559,-0.202
204,mother,0.333,-0.366
205,excited,0.560,0.011
205,education,0.336,-0.427
206,respectful,0.397,-0.391
206,respected,0.430,-0.321
207,elegance,0.393,-0.360
207,shining,0.500,-0.146
208,brilliant,0.560,-0.248
208,faint,-0.493,0.253
209,kiss,0.476,-0.117
209,agree,0.120,-0.457
210,slight,-0.364,-0.209
210,lady,0.241,-0.265
211,wait,-0.467,-0.040
211,smile,0.334,-0.221
212,delighted,0.430,-0.196
212,grace,0.081,-0.430
213,dull,-0.562,-0.054
213,company,0.382,-0.333
214,smiling,0.415,-0.219
214,little,-0.428,-0.163
215,afraid,-0.297,0.533
215,bored,-0.552,0.009
216,energetic,0.639,0.020
216,charming,0.475,-0.180
217,interesting,0.488,-0.143
217,annoyed,-0.174,0.475
218,mother,0.333,-0.366
218,crowd,0.249,0.344
219,extraordinary,0.603,-0.167
219,disaster,-0.069,0.570
220,mutilated,-0.170,0.561
220,awful,-0.118,0.513
221,ill,-0.473,0.234
221,family,0.281,-0.413
222,splendid,0.536,-0.108
222,benefit,0.386,-0.334
223,horrible,-0.117,0.552
223,death,-0.149,0.490
224,evil,-0.040,0.560
224,hopes,0.354,-0.293
225,little,-0.428,-0.163
225,sister,0.168,-0.420
226,sorrow,-0.593,0.127
226,depressed,-0.527,0.291
227,wise,0.330,-0.430
227,threat,0.113,0.523
228,life,0.497,-0.209
228,alone,-0.448,-0.121
229,humiliation,-0.261,0.465
229,glad,0.516,-0.127
230,wonder,0.540,-0.119
230,ill,-0.473,0.234
231,happiness,0.593,-0.158
231,radiant,0.507,-0.119
232,pity,-0.497,0.159
232,asleep,-0.306,-0.361
233,vigorous,0.594,-0.055
233,shining,0.500,-0.146
234,torture,0.029,0.541
234,awful,-0.118,0.513
235,education,0.336,-0.427
235,infidelity,-0.164,0.503
236,horror,-0.069,0.517
236,deceiving,-0.188,0.381
237,happy,0.558,-0.188
237,proud,0.568,-0.140
238,tortured,-0.132,0.580
238,hurt,-0.239,0.496
239,love,0.383,-0.341
239,misery,-0.482,0.157
240,joy,0.606,-0.111
240,hatred,-0.120,0.571
241,kill,0.158,0.638
241,overwrought,0.071,0.528
242,wait,-0.467,-0.040
242,sister,0.168,-0.420
243,agony,-0.154,0.487
243,family,0.281,-0.413
244,unfaithful,-0.234,0.542
244,sacred,0.368,-0.311
245,marvelous,0.490,-0.218
245,cried,-0.290,0.308
246,infidelity,-0.164,0.503
246,divinity,0.424,-0.234
247,glad,0.516,-0.127
247,ill,-0.473,0.234
248,general,0.414,-0.237
248,fail,-0.374,0.273
249,favorable,0.376,-0.397
249,loveliness,0.414,-0.315
250,mother,0.333,-0.366
250,freshness,0.189,-0.413
251,sofa,-0.319,-0.342
251,understanding,0.225,-0.391
252,kiss,0.476,-0.117
252,little,-0.428,-0.163
253,happiness,0.593,-0.158
253,dull,-0.562,-0.054
254,less,-0.520,-0.026
254,tiresome,-0.361,0.202
255,pleasure,0.465,-0.144
255,untidy,-0.322,0.350
256,happy,0.558,-0.188
256,great,0.531,-0.204
257,splendid,0.536,-0.108
257,congratulate,0.525,-0.142
258,extraordinary,0.603,-0.167
258,glad,0.516,-0.127
259,hero,0.641,-0.091
259,disagreeable,-0.393,0.416
260,afraid,-0.297,0.533
260,delight,0.409,-0.204
261,assure,0.430,-0.310
261,sleep,-0.203,-0.448
262,ill,-0.473,0.234
262,difficulties,-0.176,0.492
263,cheerful,0.491,-0.194
263,joyful,0.479,-0.182
264,depressed,-0.527,0.291
264,broken,-0.368,0.308
265,great,0.531,-0.204
265,talk,0.160,-0.343
266,pleasure,0.465,-0.144
266,recognized,0.374,-0.288
267,quiet,-0.093,-0.486
267,refusing,-0.312,0.363
268,exceptional,0.580,-0.037
268,party,0.419,-0.088
269,mother,0.333,-0.366
269,gray,-0.473,-0.133
270,prince,0.444,-0.290
270,admired,0.464,-0.247
271,family,0.281,-0.413
271,trouble,-0.068,0.476
272,little,-0.428,-0.163
272,graceful,0.319,-0.280
273,softness,-0.082,-0.561
273,rest,-0.101,-0.532
274,scarcely,-0.496,0.227
274,attractiveness,0.482,-0.191
275,easy,-0.056,-0.480
275,smiling,0.415,-0.219
276,slow,-0.542,-0.207
276,smiled,0.264,-0.303
277,excited,0.560,0.011
277,gone,-0.457,-0.049
278,tired,-0.498,0.132
278,thank,0.177,-0.431
279,feather,-0.309,-0.344
279,view,0.137,-0.427
280,tiny,-0.427,-0.210
280,false,-0.423,0.198
281,strong,0.608,-0.112
281,surprising,0.471,-0.073
282,natural,-0.020,-0.520
282,noticeable,0.405,-0.229
283,successful,0.647,-0.152
283,happy,0.558,-0.188
284,vexed,-0.110,0.483
284,white,-0.100,-0.394
285,admiration,0.437,-0.272
285,love,0.383,-0.341
286,shame,-0.388,0.421
286,agony,-0.154,0.487
287,thrill,0.507,-0.039
287,future,0.469,-0.169
288,rest,-0.101,-0.532
288,tired,-0.498,0.132
289,success,0.758,-0.050
289,happiness,0.593,-0.158
290,grand,0.594,-0.106
290,intoxicated,-0.239,0.517
291,terror,-0.084,0.585
291,serene,-0.120,-0.478
292,offend,-0.178,0.496
292,common,-0.260,-0.337
293,despair,-0.236,0.470
293,horror,-0.069,0.517
294,successful,0.647,-0.152
294,low,-0.526,-0.059
295,horrible,-0.117,0.552
295,short,-0.461,0.055
296,faith,0.222,-0.423
296,refused,-0.406,0.213
297,independent,0.432,-0.304
297,unhappiness,-0.347,0.379
298,fascinating,0.595,-0.116
298,intelligent,0.493,-0.258
299,suffering,-0.326,0.487
299,fascination,0.564,-0.076
300,devilish,-0.046,0.560
300,nonsense,-0.377,0.214
301,rest,-0.101,-0.532
301,smiling,0.415,-0.219
302,brilliance,0.565,-0.221
302,hateful,-0.112,0.527
303,happy,0.558,-0.188
303,life,0.497,-0.209
304,pleasure,0.465,-0.144
304,despicable,-0.253,0.390
305,horrible,-0.117,0.552
305,senseless,-0.504,0.179
306,violently,0.055,0.600
306,rage,0.091,0.577
307,fortune,0.592,-0.133
307,disgusting,-0.277,0.532
308,passionate,0.567,-0.119
308,disgust,-0.224,0.506
309,ill,-0.473,0.234
309,intelligence,0.486,-0.164
310,poor,-0.538,0.133
310,knowledge,0.426,-0.282
311,devil,0.103,0.526
311,company,0.382,-0.333
312,astonishing,0.548,-0.027
312,scared,-0.248,0.469
313,joy,0.606,-0.111
313,suffering,-0.326,0.487
314,forgotten,-0.466,0.027
314,remembered,0.191,-0.412
315,scoundrel,-0.151,0.455
315,remarkable,0.383,-0.215
316,benefit,0.386,-0.334
316,wait,-0.467,-0.040
317,life,0.497,-0.209
317,respect,0.325,-0.405
318,together,0.249,-0.338
318,painfully,-0.134,0.397
319,scarcely,-0.496,0.227
319,force,0.468,0.109
320,education,0.336,-0.427
320,gain,0.507,-0.191
321,profit,0.356,-0.328
321,plenty,0.451,-0.145
322,slavery,-0.292,0.507
322,ill,-0.473,0.234
323,irritable,-0.005,0.591
323,chair,-0.331,-0.342
324,wasting,-0.475,0.255
324,rubbish,-0.416,0.172
325,weakness,-0.539,0.192
325,gone,-0.457,-0.049
326,great,0.531,-0.204
326,poor,-0.538,0.133
327,good,0.180,-0.406
327,jerk,-0.280,0.300
328,glad,0.516,-0.127
328,horror,-0.069,0.517
329,life,0.497,-0.209
329,mess,-0.178,0.485
330,nice,0.295,-0.345
330,living,0.398,-0.180
331,quarrel,0.009,0.576
331,value,0.444,-0.202
332,ill,-0.473,0.234
332,unhappy,-0.443,0.266
333,peace,0.136,-0.550
333,true,0.367,-0.319
334,afraid,-0.297,0.533
334,rest,-0.101,-0.532
335,death,-0.149,0.490
335,drunk,-0.190,0.417
336,shame,-0.388,0.421
336,dissatisfaction,-0.330,0.378
337,little,-0.428,-0.163
337,mere,-0.420,-0.131
338,extraordinary,0.603,-0.167
338,happiness,0.593,-0.158
339,tortured,-0.132,0.580
339,revolution,0.366,0.350
340,life,0.497,-0.209
340,poverty,-0.434,0.310
341,tired,-0.498,0.132
341,asleep,-0.306,-0.361
342,broken,-0.368,0.308
342,sofa,-0.319,-0.342
343,fall,-0.288,0.330
343,expectation,0.375,-0.056
344,thank,0.177,-0.431
344,god,0.416,-0.158
345,triumph,0.684,-0.116
345,ill,-0.473,0.234
346,smooth,-0.176,-0.500
346,dung,-0.428,0.305
347,perfect,0.493,-0.351
347,uneasy,-0.254,0.340
348,splendid,0.536,-0.108
348,mother,0.333,-0.366
349,positively,0.516,-0.227
349,stupid,-0.395,0.260
350,perfection,0.621,-0.088
350,scarcely,-0.496,0.227
351,happiness,0.593,-0.158
351,great,0.531,-0.204
352,life,0.497,-0.209
352,family,0.281,-0.413
353,beaten,-0.213,0.530
353,cleverness,0.497,-0.249
354,joyful,0.479,-0.182
354,nature,0.130,-0.470
355,remembered,0.191,-0.412
355,fault,-0.356,0.252
356,delight,0.409,-0.204
356,fresh,0.045,-0.442
357,satisfactory,0.408,-0.276
357,little,-0.428,-0.163
358,ill,-0.473,0.234
358,blissful,0.385,-0.175
359,alone,-0.448,-0.121
359,headache,-0.208,0.406
360,worried,-0.123,0.512
360,love,0.383,-0.341
361,bright,0.433,-0.250
361,tiny,-0.427,-0.210
362,happy,0.558,-0.188
362,wonder,0.540,-0.119
363,amusing,0.482,-0.100
363,smiling,0.415,-0.219
364,hurt,-0.239,0.496
364,torture,0.029,0.541
365,true,0.367,-0.319
365,emotion,0.416,0.126
366,hating,-0.103,0.519
366,despair,-0.236,0.470
367,scarcely,-0.496,0.227
367,enemy,0.024,0.471
368,rosy,0.417,-0.288
368,darling,0.208,-0.363
369,life,0.497,-0.209
369,pleasure,0.465,-0.144
370,great,0.531,-0.204
370,sleep,-0.203,-0.448
371,terrible,0.023,0.563
371,progress,0.530,-0.161
372,live,0.399,-0.148
372,rapid,0.415,0.089
373,hero,0.641,-0.091
373,sick,-0.494,0.223
374,happiness,0.593,-0.158
374,pleasant,0.253,-0.441
375,afraid,-0.297,0.533
375,shame,-0.388,0.421
376,smooth,-0.176,-0.500
376,unable,-0.425,0.225
377,chair,-0.331,-0.342
377,beast,0.159,0.410
378,blurred,-0.348,0.027
378,missing,-0.337,0.072
379,fearful,-0.377,0.280
379,cloud,-0.170,-0.433
380,gleeful,0.478,-0.075
380,wait,-0.467,-0.040
381,powerful,0.695,-0.016
381,raging,0.135,0.502
382,storm,0.086,0.531
382,big,0.418,-0.144
383,stormy,0.045,0.514
383,angry,0.045,0.505
384,recognized,0.374,-0.288
384,spite,-0.294,0.365
385,joyful,0.479,-0.182
385,pride,0.430,-0.058
386,delight,0.409,-0.204
386,fall,-0.288,0.330
387,splendid,0.536,-0.108
387,good,0.180,-0.406
388,little,-0.428,-0.163
388,fearfully,-0.327,0.317
389,afraid,-0.297,0.533
389,exhilarating,0.586,-0.066
390,home,0.099,-0.413
390,falling,-0.186,0.356
391,tired,-0.498,0.132
391,dissatisfaction,-0.330,0.378
392,reward,0.520,-0.178
392,sleep,-0.203,-0.448
393,nervous,-0.187,0.400
393,court,0.355,0.215
394,happiness,0.593,-0.158
394,energy,0.595,-0.150
395,happy,0.558,-0.188
395,life,0.497,-0.209
396,faint,-0.493,0.253
396,future,0.469,-0.169
397,crowd,0.249,0.344
397,property,0.207,-0.353
398,tortured,-0.132,0.580
398,disagreeable,-0.393,0.416
399,love,0.383,-0.341
399,slight,-0.364,-0.209
400,joy,0.606,-0.111
400,weary,-0.473,0.058
401,died,-0.292,0.443
401,mother,0.333,-0.366
402,great,0.531,-0.204
402,honor,0.497,-0.211
403,fortunate,0.522,-0.199
403,value,0.444,-0.202
404,excitement,0.452,-0.150
404,delighted,0.430,-0.196
405,tired,-0.498,0.132
405,alone,-0.448,-0.121
406,desperate,-0.162,0.530
406,aroused,0.440,0.168
407,enjoy,0.517,-0.166
407,charming,0.475,-0.180
408,splendid,0.536,-0.108
408,smiling,0.415,-0.219
409,sorrow,-0.593,0.127
409,evil,-0.040,0.560
410,truth,0.321,-0.402
410,distort,-0.182,0.449
411,angry,0.045,0.505
411,irritated,-0.152,0.418
412,shame,-0.388,0.421
412,promising,0.427,-0.161
413,wonder,0.540,-0.119
413,life,0.497,-0.209
414,confidence,0.442,-0.467
414,thank,0.177,-0.431
415,precisely,0.259,-0.297
415,clock,-0.136,-0.357
416,stress,-0.131,0.465
416,alone,-0.448,-0.121
417,general,0.414,-0.237
417,council,0.179,-0.418
418,great,0.531,-0.204
418,annoyed,-0.174,0.475
419,furious,0.069,0.633
419,serenity,0.060,-0.547
420,success,0.758,-0.050
420,ashamed,-0.326,0.298
421,accident,-0.111,0.545
421,glad,0.516,-0.127
422,pleasant,0.253,-0.441
422,importance,0.426,-0.110
423,dull,-0.562,-0.054
423,reasonable,0.286,-0.393
424,intellectual,0.430,-0.310
424,love,0.383,-0.341
425,nature,0.130,-0.470
425,spite,-0.294,0.365
426,ill,-0.473,0.234
426,defending,0.455,0.194
427,book,0.088,-0.414
427,smile,0.334,-0.221
428,wealthy,0.506,-0.248
428,drunk,-0.190,0.417
429,superior,0.562,-0.063
429,disgraceful,-0.300,0.430
430,hope,0.298,-0.425
430,satisfied,0.367,-0.317
431,bright,0.433,-0.250
431,little,-0.428,-0.163
432,die,-0.281,0.512
432,spoil,-0.194,0.402
433,life,0.497,-0.209
433,divorce,-0.216,0.464
434,fortune,0.592,-0.133
434,unfaithful,-0.234,0.542
435,strong,0.608,-0.112
435,generous,0.430,-0.410
436,pleasant,0.253,-0.441
436,providing,0.468,-0.177
437,hell,0.008,0.638
437,kiss,0.476,-0.117
438,marvel,0.616,-0.142
438,threatening,0.075,0.575
439,supremely,0.561,-0.069
439,healthy,0.362,-0.428
440,grand,0.594,-0.106
440,weakness,-0.539,0.192
441,positively,0.516,-0.227
441,mute,-0.438,-0.052
442,burst,0.267,0.535
442,highness,0.513,-0.038
443,view,0.137,-0.427
443,home,0.099,-0.413
444,worse,-0.320,0.446
444,ill,-0.473,0.234
445,insult,-0.129,0.524
445,natural,-0.020,-0.520
446,shame,-0.388,0.421
446,life,0.497,-0.209
447,furious,0.069,0.633
447,illness,-0.306,0.428
448,honor,0.497,-0.211
448,prince,0.444,-0.290
449,family,0.281,-0.413
449,celebrated,0.468,-0.129
450,excitability,0.560,-0.002
450,malnutrition,-0.355,0.398
451,attack,0.230,0.471
451,problem,-0.211,0.412
452,mother,0.333,-0.366
452,harm,-0.183,0.429
453,horror,-0.069,0.517
453,agony,-0.154,0.487
454,trouble,-0.068,0.476
454,broken,-0.368,0.308
455,intelligent,0.493,-0.258
455,irritability,-0.165,0.490
456,fortune,0.592,-0.133
456,cheerful,0.491,-0.194
457,sick,-0.494,0.223
457,anxiety,-0.116,0.501
458,great,0.531,-0.204
458,life,0.497,-0.209
459,tortured,-0.132,0.580
459,onslaught,0.216,0.530
460,afraid,-0.297,0.533
460,troubles,-0.222,0.559
461,prince,0.444,-0.290
461,father,0.310,-0.327
462,love,0.383,-0.341
462,family,0.281,-0.413
463,scarcely,-0.496,0.227
463,dead,-0.467,0.279
464,criminal,-0.060,0.575
464,shame,-0.388,0.421
465,burst,0.267,0.535
465,poor,-0.538,0.133
466,low,-0.526,-0.059
466,ill,-0.473,0.234
467,weep,-0.408,0.392
467,plenty,0.451,-0.145
468,great,0.531,-0.204
468,motherly,0.280,-0.421
469,action,0.538,0.099
469,kind,0.169,-0.476
470,proud,0.568,-0.140
470,terrible,0.023,0.563
471,love,0.383,-0.341
471,mother,0.333,-0.366
472,trouble,-0.068,0.476
472,chair,-0.331,-0.342
473,worth,0.471,-0.246
473,little,-0.428,-0.163
474,excited,0.560,0.011
474,awful,-0.118,0.513
475,fury,0.088,0.583
475,unhappy,-0.443,0.266
476,torment,-0.183,0.488
476,truth,0.321,-0.402
477,humiliation,-0.261,0.465
477,deceived,-0.280,0.430
478,confidence,0.442,-0.467
478,cruelty,-0.017,0.528
479,poor,-0.538,0.133
479,humiliating,-0.275,0.456
480,miserable,-0.463,0.277
480,hateful,-0.112,0.527
481,worse,-0.320,0.446
481,low,-0.526,-0.059
482,joy,0.606,-0.111
482,admired,0.464,-0.247
483,happy,0.558,-0.188
483,ill,-0.473,0.234
484,great,0.531,-0.204
484,friends,0.309,-0.298
485,spite,-0.294,0.365
485,entertained,0.422,-0.183
486,life,0.497,-0.209
486,clever,0.293,-0.378
487,bored,-0.552,0.009
487,little,-0.428,-0.163
488,fun,0.493,-0.059
488,ugly,-0.282,0.320
489,experienced,0.488,-0.100
489,charity,0.143,-0.450
490,love,0.383,-0.341
490,encouragement,0.465,-0.115
491,celebrated,0.468,-0.129
491,wait,-0.467,-0.040
492,successful,0.647,-0.152
492,marvel,0.616,-0.142
493,hope,0.298,-0.425
493,truth,0.321,-0.402
494,afraid,-0.297,0.533
494,grand,0.594,-0.106
495,succeed,0.642,-0.114
495,proud,0.568,-0.140
496,peace,0.136,-0.550
496,awful,-0.118,0.513
497,festive,0.482,-0.079
497,friend,0.213,-0.351
498,short,-0.461,0.055
498,little,-0.428,-0.163
499,great,0.531,-0.204
499,ardent,0.435,0.126
500,die,-0.281,0.512
500,horrible,-0.117,0.552
501,happy,0.558,-0.188
501,assure,0.430,-0.310
502,misbehavior,-0.303,0.470
502,respectable,0.384,-0.340
503,wrath,0.000,0.617
503,laugh,0.368,-0.248
504,forward,0.325,-0.320
504,shrug,-0.404,0.061
505,prince,0.444,-0.290
505,company,0.382,-0.333
506,intoxicated,-0.239,0.517
506,punishment,-0.026,0.527
507,hell,0.008,0.638
507,honorable,0.427,-0.381
508,success,0.758,-0.050
508,greatly,0.497,-0.021
509,killing,0.152,0.629
509,marvelous,0.490,-0.218
510,big,0.418,-0.144
510,order,0.269,-0.330
511,immense,0.471,0.001
511,downy,-0.270,-0.332
512,rest,-0.101,-0.532
512,broken,-0.368,0.308
513,terrible,0.023,0.563
513,silk,-0.199,-0.462
514,great,0.531,-0.204
514,loss,-0.395,0.351
515,ill,-0.473,0.234
515,celebrated,0.468,-0.129
516,scandal,0.006,0.497
516,handsome,0.374,-0.205
517,wonder,0.540,-0.119
517,mother,0.333,-0.366
518,steal,-0.048,0.593
518,treasure,0.489,-0.232
519,splendid,0.536,-0.108
519,pleased,0.455,-0.272
520,advantage,0.490,-0.253
520,marvelous,0.490,-0.218
521,happy,0.558,-0.188
521,agreeable,0.344,-0.285
522,punishment,-0.026,0.527
522,lost,-0.327,0.315
523,ability,0.420,-0.251
523,fool,-0.395,0.272
524,fortune,0.592,-0.133
524,abandon,-0.399,0.326
525,love,0.383,-0.341
525,wicked,0.055,0.474
526,pity,-0.497,0.159
526,quiet,-0.093,-0.486
527,enjoy,0.517,-0.166
527,disgraceful,-0.300,0.430
528,horrors,-0.116,0.556
528,extremely,0.503,0.144
529,low,-0.526,-0.059
529,interesting,0.488,-0.143
530,wonder,0.540,-0.119
530,life,0.497,-0.209
531,happiness,0.593,-0.158
531,happy,0.558,-0.188
532,correct,0.246,-0.382
532,marriage,0.440,-0.111
533,danger,0.136,0.577
533,ill,-0.473,0.234
534,honorable,0.427,-0.381
534,understanding,0.225,-0.391
535,wrongly,-0.414,0.344
535,sofa,-0.319,-0.342
536,afraid,-0.297,0.533
536,hateful,-0.112,0.527
537,love,0.383,-0.341
537,force,0.468,0.109
538,peace,0.136,-0.550
538,radiant,0.507,-0.119
539,rest,-0.101,-0.532
539,despair,-0.236,0.470
540,suffer,-0.187,0.575
540,happiest,0.525,-0.195
541,calm,-0.162,-0.556
541,cup,-0.297,-0.324
542,skillful,0.501,-0.121
542,defending,0.455,0.194
543,disagreeable,-0.393,0.416
543,interesting,0.488,-0.143
544,happiness,0.593,-0.158
544,general,0.414,-0.237
545,great,0.531,-0.204
545,difficulty,-0.191,0.464
546,life,0.497,-0.209
546,love,0.383,-0.341
547,happy,0.558,-0.188
547,attainment,0.492,-0.206
548,low,-0.526,-0.059
548,chair,-0.331,-0.342
549,down,-0.398,0.084
549,bed,-0.230,-0.308
550,confidence,0.442,-0.467
550,insult,-0.129,0.524
551,shameful,-0.314,0.447
551,broken,-0.368,0.308
552,horrified,-0.141,0.592
552,experienced,0.488,-0.100
553,sofa,-0.319,-0.342
553,big,0.418,-0.144
554,jealousy,-0.055,0.450
554,view,0.137,-0.427
555,decide,0.354,-0.070
555,express,0.326,-0.095
556,insulting,-0.104,0.524
556,unfinished,-0.389,0.125
557,dangerous,0.086,0.658
557,afraid,-0.297,0.533
558,great,0.531,-0.204
558,peace,0.136,-0.550
559,family,0.281,-0.413
559,new,0.262,-0.305
560,danger,0.136,0.577
560,responsible,0.422,-0.211
561,unhappiness,-0.347,0.379
561,calamity,-0.161,0.470
562,frightened,-0.199,0.459
562,satisfied,0.367,-0.317
563,brilliant,0.560,-0.248
563,wonder,0.540,-0.119
564,natural,-0.020,-0.520
564,falsehood,-0.258,0.420
565,joy,0.606,-0.111
565,pain,-0.192,0.531
566,future,0.469,-0.169
566,experienced,0.488,-0.100
567,low,-0.526,-0.059
567,emphasis,0.422,0.072
568,dull,-0.562,-0.054
568,offend,-0.178,0.496
569,degrading,-0.388,0.385
569,humiliating,-0.275,0.456
570,positively,0.516,-0.227
570,company,0.382,-0.333
571,calm,-0.162,-0.556
571,useless,-0.527,0.202
572,crime,0.092,0.621
572,life,0.497,-0.209
573,died,-0.292,0.443
573,love,0.383,-0.341
574,important,0.468,-0.133
574,mistaken,-0.330,0.344
575,difficulty,-0.191,0.464
575,little,-0.428,-0.163
576,tranquil,-0.091,-0.588
576,guilty,-0.160,0.444
577,brilliance,0.565,-0.221
577,penetrate,0.242,0.424
578,great,0.531,-0.204
578,hope,0.298,-0.425
579,evil,-0.040,0.560
579,deceit,-0.259,0.476
580,proud,0.568,-0.140
580,calm,-0.162,-0.556
581,murderer,0.084,0.678
581,humiliate,-0.284,0.462
582,murder,0.076,0.627
582,fury,0.088,0.583
583,shame,-0.388,0.421
583,effort,0.490,0.064
584,happiness,0.593,-0.158
584,life,0.497,-0.209
585,horror,-0.069,0.517
585,rose,-0.008,-0.423
586,happy,0.558,-0.188
586,weeping,-0.359,0.418
587,terror,-0.084,0.585
587,nightmare,-0.145,0.569
588,peace,0.136,-0.550
588,distress,-0.126,0.539
589,alone,-0.448,-0.121
589,remembered,0.191,-0.412
590,tortured,-0.132,0.580
590,tormented,-0.172,0.547
591,suffering,-0.326,0.487
591,evil,-0.040,0.560
592,important,0.468,-0.133
592,lovely,0.361,-0.322
593,shame,-0.388,0.421
593,irritating,-0.078,0.566
594,spite,-0.294,0.365
594,reading,-0.073,-0.425
595,slow,-0.542,-0.207
595,life,0.497,-0.209
596,storm,0.086,0.531
596,water,-0.076,-0.488
597,brilliant,0.560,-0.248
597,sky,0.029,-0.519
598,merry,0.540,-0.176
598,low,-0.526,-0.059
599,sunshine,0.289,-0.407
599,big,0.418,-0.144
600,imprisoned,-0.273,0.480
600,splendid,0.536,-0.108
601,sun,0.271,-0.334
601,mud,-0.426,-0.058
602,annoying,-0.150,0.539
602,broken,-0.368,0.308
603,construction,0.414,-0.163
603,purpose,0.370,-0.181
604,harrowing,-0.016,0.423
604,straw,-0.354,-0.145
605,angry,0.045,0.505
605,short,-0.461,0.055
606,experience,0.512,-0.138
606,books,-0.121,-0.434
607,fear,-0.200,0.534
607,ruined,-0.373,0.295
608,lovely,0.361,-0.322
608,down,-0.398,0.084
609,lying,-0.180,0.344
609,manure,-0.326,0.150
610,angered,-0.038,0.605
610,mortified,-0.269,0.458
611,positively,0.516,-0.227
611,reasonable,0.286,-0.393
612,poor,-0.538,0.133
612,ill,-0.473,0.234
613,inactivity,-0.550,0.006
613,rest,-0.101,-0.532
614,happier,0.590,-0.162
614,happy,0.558,-0.188
615,stupid,-0.395,0.260
615,immense,0.471,0.001
616,pasture,-0.315,-0.395
616,lie,-0.242,0.413
617,exhausted,-0.440,0.207
617,seed,-0.237,-0.373
618,argue,-0.042,0.501
618,lost,-0.327,0.315
619,annoying,-0.150,0.539
619,anger,0.122,0.499
620,great,0.531,-0.204
620,forward,0.325,-0.320
621,lovely,0.361,-0.322
621,father,0.310,-0.327
622,good,0.180,-0.406
622,home,0.099,-0.413
623,magnificent,0.614,-0.221
623,thankful,0.314,-0.438
624,splendid,0.536,-0.108
624,snipe,0.041,0.504
625,gun,0.179,0.554
625,happiest,0.525,-0.195
626,joy,0.606,-0.111
626,happy,0.558,-0.188
627,hurt,-0.239,0.496
627,glad,0.516,-0.127
628,worse,-0.320,0.446
628,radiant,0.507,-0.119
629,together,0.249,-0.338
629,anxious,0.022,0.414
630,cheerful,0.491,-0.194
630,interesting,0.488,-0.143
631,grateful,0.201,-0.430
631,poetic,0.104,-0.418
632,respect,0.325,-0.405
632,charming,0.475,-0.180
633,superb,0.593,-0.189
633,excellent,0.543,-0.264
634,peaceful,0.045,-0.533
634,natural,-0.020,-0.520
635,gun,0.179,0.554
635,canvas,-0.185,-0.447
636,positively,0.516,-0.227
636,wait,-0.467,-0.040
637,wonderfully,0.590,-0.146
637,favorite,0.373,-0.208
638,lucky,0.494,-0.244
638,splendid,0.536,-0.108
639,crime,0.092,0.621
639,life,0.497,-0.209
640,terrible,0.023,0.563
640,love,0.383,-0.341
641,truth,0.321,-0.402
641,enjoyment,0.424,-0.225
642,dead,-0.467,0.279
642,gray,-0.473,-0.133
643,faint,-0.493,0.253
643,growth,0.449,-0.229
644,slow,-0.542,-0.207
644,sky,0.029,-0.519
645,disagreeable,-0.393,0.416
645,bright,0.433,-0.250
646,gun,0.179,0.554
646,cry,-0.299,0.343
647,strong,0.608,-0.112
647,blue,-0.252,-0.365
648,successful,0.647,-0.152
648,glad,0.516,-0.127
649,snipe,0.041,0.504
649,shooting,0.168,0.463
650,great,0.531,-0.204
650,low,-0.526,-0.059
651,serene,-0.120,-0.478
651,little,-0.428,-0.163
652,afraid,-0.297,0.533
652,positively,0.516,-0.227
653,splendid,0.536,-0.108
653,ill,-0.473,0.234
654,suffer,-0.187,0.575
654,suffering,-0.326,0.487
655,magnificent,0.614,-0.221
655,rest,-0.101,-0.532
656,poor,-0.538,0.133
656,worth,0.471,-0.246
657,crying,-0.287,0.379
657,unfairness,-0.132,0.450
658,positive,0.490,-0.310
658,teach,0.429,-0.224
659,power,0.518,-0.022
659,shooting,0.168,0.463
660,profit,0.356,-0.328
660,understanding,0.225,-0.391
661,extremely,0.503,0.144
661,blue,-0.252,-0.365
662,positively,0.516,-0.227
662,snipe,0.041,0.504
663,great,0.531,-0.204
663,difficulties,-0.176,0.492
664,difficulty,-0.191,0.464
664,holy,0.107,-0.485
665,gun,0.179,0.554
665,prince,0.444,-0.290
666,steal,-0.048,0.593
666,money,0.459,-0.160
667,stealing,-0.041,0.582
667,useless,-0.527,0.202
668,shirt,-0.246,-0.371
668,fat,-0.411,0.106
669,glory,0.565,-0.149
669,honor,0.497,-0.211
670,excellent,0.543,-0.264
670,happiest,0.525,-0.195
671,ill,-0.473,0.234
671,love,0.383,-0.341
672,wonderful,0.605,-0.136
672,disturbed,-0.151,0.518
673,damn,-0.127,0.502
673,welcome,0.343,-0.243
674,terrible,0.023,0.563
674,worth,0.471,-0.246
675,idle,-0.600,-0.014
675,glad,0.516,-0.127
676,magnificent,0.614,-0.221
676,kind,0.169,-0.476
677,education,0.336,-0.427
677,marvelous,0.490,-0.218
678,gone,-0.457,-0.049
678,gloomy,-0.393,0.213
679,perfection,0.621,-0.088
679,wonderfully,0.590,-0.146
680,yawn,-0.500,-0.194
680,ill,-0.473,0.234
681,perfect,0.493,-0.351
681,future,0.469,-0.169
682,humiliation,-0.261,0.465
682,rejection,-0.235,0.437
683,honorable,0.427,-0.381
683,talent,0.505,-0.245
684,powerful,0.695,-0.016
684,pleasure,0.465,-0.144
685,painful,-0.232,0.485
685,humiliating,-0.275,0.456
686,life,0.497,-0.209
686,glad,0.516,-0.127
687,success,0.758,-0.050
687,brilliant,0.560,-0.248
688,betray,-0.025,0.588
688,love,0.383,-0.341
689,confidence,0.442,-0.467
689,less,-0.520,-0.026
690,great,0.531,-0.204
690,pleased,0.455,-0.272
691,desperate,-0.162,0.530
691,vexed,-0.110,0.483
692,passionate,0.567,-0.119
692,passion,0.516,0.005
693,excitement,0.452,-0.150
693,spite,-0.294,0.365
694,violent,0.090,0.574
694,rest,-0.101,-0.532
695,book,0.088,-0.414
695,able,0.367,-0.194
696,happiness,0.593,-0.158
696,ill,-0.473,0.234
697,feeble,-0.559,0.080
697,little,-0.428,-0.163
698,afraid,-0.297,0.533
698,disgust,-0.224,0.506
699,stealing,-0.041,0.582
699,scarcely,-0.496,0.227
700,serenity,0.060,-0.547
700,hungry,-0.295,0.422
701,exceptional,0.580,-0.037
701,greatest,0.539,-0.145
702,fear,-0.200,0.534
702,great,0.531,-0.204
703,life,0.497,-0.209
703,passion,0.516,0.005
704,win,0.586,-0.159
704,glad,0.516,-0.127
705,rich,0.544,-0.171
705,risky,0.209,0.499
706,ill,-0.473,0.234
706,pillow,-0.317,-0.387
707,furious,0.069,0.633
707,damn,-0.127,0.502
708,king,0.463,0.020
708,together,0.249,-0.338
709,money,0.459,-0.160
709,eight,-0.258,-0.244
710,smiling,0.415,-0.219
710,wait,-0.467,-0.040
711,rage,0.091,0.577
711,dream,-0.117,-0.493
712,mother,0.333,-0.366
712,little,-0.428,-0.163
713,lame,-0.425,0.183
713,orderly,0.163,-0.421
714,positively,0.516,-0.227
714,water,-0.076,-0.488
715,gaining,0.501,-0.146
715,alone,-0.448,-0.121
716,trainer,0.438,0.022
716,reading,-0.073,-0.425
717,scarcely,-0.496,0.227
717,uncouth,-0.193,0.477
718,smart,0.559,-0.202
718,excite,0.497,0.084
719,gladiator,0.424,0.245
719,big,0.418,-0.144
720,dirty,-0.431,0.209
720,smiling,0.415,-0.219
721,energy,0.595,-0.150
721,importance,0.426,-0.110
722,extremely,0.503,0.144
722,little,-0.428,-0.163
723,quality,0.425,-0.311
723,forgotten,-0.466,0.027
724,softness,-0.082,-0.561
724,bright,0.433,-0.250
725,excited,0.560,0.011
725,bloodshot,-0.020,0.439
726,strong,0.608,-0.112
726,stray,-0.217,0.435
727,glad,0.516,-0.127
727,dreadful,-0.177,0.486
728,scarcely,-0.496,0.227
728,home,0.099,-0.413
729,threatening,0.075,0.575
729,great,0.531,-0.204
730,perfect,0.493,-0.351
730,angry,0.045,0.505
731,life,0.497,-0.209
731,vulgar,-0.095,0.520
732,happiness,0.593,-0.158
732,torture,0.029,0.541
733,shame,-0.388,0.421
733,deceit,-0.259,0.476
734,proud,0.568,-0.140
734,peace,0.136,-0.550
735,love,0.383,-0.341
735,false,-0.423,0.198
736,brilliance,0.565,-0.221
736,pleasant,0.253,-0.441
737,ill,-0.473,0.234
737,satisfied,0.367,-0.317
738,difficulties,-0.176,0.492
738,remembered,0.191,-0.412
739,freedom,0.548,-0.292
739,deceive,-0.133,0.480
740,friendliness,0.210,-0.502
740,mother,0.333,-0.366
741,greatest,0.539,-0.145
741,loathing,-0.162,0.500
742,arrest,0.039,0.567
742,life,0.497,-0.209
743,alone,-0.448,-0.121
743,gone,-0.457,-0.049
744,lovely,0.361,-0.322
744,cool,0.414,-0.239
745,afraid,-0.297,0.533
745,calm,-0.162,-0.556
746,dangerously,0.044,0.601
746,glad,0.516,-0.127
747,happiness,0.593,-0.158
747,torture,0.029,0.541
748,happy,0.558,-0.188
748,shining,0.500,-0.146
749,win,0.586,-0.159
749,peace,0.136,-0.550
750,violently,0.055,0.600
750,mistaken,-0.330,0.344
751,intensity,0.593,0.227
751,loathing,-0.162,0.500
752,amusement,0.594,-0.065
752,scarcely,-0.496,0.227
753,mockery,-0.287,0.491
753,hopelessness,-0.470,0.245
754,shame,-0.388,0.421
754,worry,-0.164,0.365
755,love,0.383,-0.341
755,quiet,-0.093,-0.486
756,criminal,-0.060,0.575
756,vexed,-0.110,0.483
757,hell,0.008,0.638
757,power,0.518,-0.022
758,great,0.531,-0.204
758,angry,0.045,0.505
759,strong,0.608,-0.112
759,suffer,-0.187,0.575
760,terror,-0.084,0.585
760,abandoned,-0.503,0.300
761,peace,0.136,-0.550
761,worried,-0.123,0.512
762,life,0.497,-0.209
762,unhappy,-0.443,0.266
763,unhappiness,-0.347,0.379
763,lovely,0.361,-0.322
764,ecstasy,0.461,0.083
764,gone,-0.457,-0.049
765,greatly,0.497,-0.021
765,lost,-0.327,0.315
766,admired,0.464,-0.247
766,shadow,-0.421,0.020
767,painful,-0.232,0.485
767,pity,-0.497,0.159
768,pleasure,0.465,-0.144
768,excitement,0.452,-0.150
769,perfect,0.493,-0.351
769,home,0.099,-0.413
770,upset,-0.251,0.427
770,gladiator,0.424,0.245
771,winning,0.669,-0.163
771,favorable,0.376,-0.397
772,triumph,0.684,-0.116
772,effort,0.490,0.064
773,freedom,0.548,-0.292
773,fear,-0.200,0.534
774,life,0.497,-0.209
774,drunken,-0.186,0.479
775,disagreeable,-0.393,0.416
775,worrying,-0.254,0.491
776,dangerous,0.086,0.658
776,angry,0.045,0.505
777,brilliant,0.560,-0.248
777,brilliance,0.565,-0.221
778,strong,0.608,-0.112
778,great,0.531,-0.204
779,superb,0.593,-0.189
779,spite,-0.294,0.365
780,honor,0.497,-0.211
780,cry,-0.299,0.343
781,calm,-0.162,-0.556
781,trembling,-0.134,0.449
782,excited,0.560,0.011
782,formidable,0.462,0.009
783,weak,-0.612,0.034
783,afraid,-0.297,0.533
784,vigorous,0.594,-0.055
784,lose,-0.408,0.291
785,shaking,-0.123,0.393
785,firmly,0.348,-0.188
786,exciting,0.573,-0.112
786,angry,0.045,0.505
787,water,-0.076,-0.488
787,forward,0.325,-0.320
788,clear,0.148,-0.374
788,dry,-0.363,-0.137
789,little,-0.428,-0.163
789,solitary,-0.448,-0.016
790,great,0.531,-0.204
790,value,0.444,-0.202
791,dead,-0.467,0.279
791,gladiator,0.424,0.245
792,flying,0.380,-0.191
792,rose,-0.008,-0.423
793,imperial,0.459,-0.004
793,darling,0.208,-0.363
794,devil,0.103,0.526
794,beating,-0.028,0.480
795,excited,0.560,0.011
795,action,0.538,0.099
796,favorable,0.376,-0.397
796,incitement,0.184,0.453
797,water,-0.076,-0.488
797,fresh,0.045,-0.442
798,winner,0.656,-0.103
798,tenderness,0.020,-0.485
799,whip,0.052,0.487
799,uncertainty,-0.378,0.302
800,fears,-0.206,0.530
800,effort,0.490,0.064
801,strength,0.496,-0.078
801,anxious,0.022,0.414
802,horror,-0.069,0.517
802,greatly,0.497,-0.021
803,awful,-0.118,0.513
803,fearful,-0.377,0.280
804,clumsy,-0.483,0.201
804,unable,-0.425,0.225
805,passion,0.516,0.005
805,hideous,-0.209,0.461
806,shoot,0.091,0.594
806,poor,-0.538,0.133
807,life,0.497,-0.209
807,misfortune,-0.205,0.479
808,energy,0.595,-0.150
808,gone,-0.457,-0.049
809,worse,-0.320,0.446
809,attitude,0.459,-0.073
810,rage,0.091,0.577
810,terrible,0.023,0.563
811,end,-0.369,0.106
811,wife,0.314,-0.186
812,angered,-0.038,0.605
812,positively,0.516,-0.227
813,short,-0.461,0.055
813,settle,0.372,-0.215
814,miserable,-0.463,0.277
814,deceived,-0.280,0.430
815,happy,0.558,-0.188
815,awful,-0.118,0.513
816,friends,0.309,-0.298
816,party,0.419,-0.088
817,stray,-0.217,0.435
817,money,0.459,-0.160
818,extremely,0.503,0.144
818,interesting,0.488,-0.143
819,great,0.531,-0.204
819,satisfactory,0.408,-0.276
820,health,0.219,-0.363
820,priceless,0.417,-0.030
821,less,-0.520,-0.026
821,power,0.518,-0.022
822,excellent,0.543,-0.264
822,glad,0.516,-0.127
823,utmost,0.483,0.022
823,mere,-0.420,-0.131
824,waste,-0.453,0.325
824,knowledge,0.426,-0.282
825,nobility,0.269,-0.344
825,traveler,0.346,-0.186
826,unlucky,-0.481,0.224
826,secure,0.413,-0.314
827,abandoned,-0.503,0.300
827,terrible,0.023,0.563
828,ill,-0.473,0.234
828,pity,-0.497,0.159
829,lovely,0.361,-0.322
829,naturally,0.105,-0.408
830,brilliance,0.565,-0.221
830,rest,-0.101,-0.532
831,shame,-0.388,0.421
831,agonizing,-0.180,0.502
832,shy,-0.542,-0.096
832,foe,-0.087,0.534
833,money,0.459,-0.160
833,little,-0.428,-0.163
834,glory,0.565,-0.149
834,elegance,0.393,-0.360
835,radiant,0.507,-0.119
835,nice,0.295,-0.345
836,progress,0.530,-0.161
836,lover,0.522,-0.047
837,great,0.531,-0.204
837,hateful,-0.112,0.527
838,splendor,0.519,-0.217
838,smiled,0.264,-0.303
839,stabbed,-0.104,0.595
839,pain,-0.192,0.531
840,terror,-0.084,0.585
840,agony,-0.154,0.487
841,kill,0.158,0.638
841,distress,-0.126,0.539
842,brilliant,0.560,-0.248
842,danger,0.136,0.577
843,value,0.444,-0.202
843,force,0.468,0.109
844,disagreeable,-0.393,0.416
844,low,-0.526,-0.059
845,dignity,0.389,-0.308
845,general,0.414,-0.237
846,love,0.383,-0.341
846,development,0.377,-0.224
847,weary,-0.473,0.058
847,silent,-0.354,-0.245
848,triumphant,0.726,-0.072
848,horror,-0.069,0.517
849,difficulty,-0.191,0.464
849,injured,-0.265,0.417
850,horrified,-0.141,0.592
850,hurt,-0.239,0.496
851,lost,-0.327,0.315
851,down,-0.398,0.084
852,broken,-0.368,0.308
852,forward,0.325,-0.320
853,accident,-0.111,0.545
853,ill,-0.473,0.234
854,rescue,0.609,0.087
854,weeping,-0.359,0.418
855,frightened,-0.199,0.459
855,smiling,0.415,-0.219
856,dream,-0.117,-0.493
856,true,0.367,-0.319
857,cruel,-0.092,0.521
857,spectacles,0.396,-0.033
858,despair,-0.236,0.470
858,difficulty,-0.191,0.464
859,attitude,0.459,-0.073
859,silent,-0.354,-0.245
860,smiled,0.264,-0.303
860,smile,0.334,-0.221
861,terrible,0.023,0.563
861,scared,-0.248,0.469
862,afraid,-0.297,0.533
862,hate,-0.140,0.544
863,honor,0.497,-0.211
863,secure,0.413,-0.314
864,fantastic,0.567,-0.190
864,dreadful,-0.177,0.486
865,water,-0.076,-0.488
865,friends,0.309,-0.298
866,low,-0.526,-0.059
866,hope,0.298,-0.425
867,war,0.113,0.626
867,ill,-0.473,0.234
868,bored,-0.552,0.009
868,prince,0.444,-0.290
869,favorable,0.376,-0.397
869,marvelous,0.490,-0.218
870,friendly,0.230,-0.368
870,invalid,-0.418,0.104
871,natural,-0.020,-0.520
871,youth,0.440,-0.232
872,attractive,0.459,-0.193
872,flower,-0.176,-0.443
873,great,0.531,-0.204
873,vitality,0.509,-0.245
874,perfect,0.493,-0.351
874,shameful,-0.314,0.447
875,irritable,-0.005,0.591
875,goodness,0.303,-0.453
876,terrible,0.023,0.563
876,badly,-0.363,0.306
877,hatred,-0.120,0.571
877,disgust,-0.224,0.506
878,smart,0.559,-0.202
878,mother,0.333,-0.366
879,ill,-0.473,0.234
879,together,0.249,-0.338
880,wonderfully,0.590,-0.146
880,excited,0.560,0.011
881,scandalous,0.053,0.547
881,disgraceful,-0.300,0.430
882,enthusiastic,0.619,-0.010
882,rescue,0.609,0.087
883,disagreeable,-0.393,0.416
883,harm,-0.183,0.429
884,poor,-0.538,0.133
884,gone,-0.457,-0.049
885,dissatisfied,-0.350,0.364
885,little,-0.428,-0.163
886,pleasure,0.465,-0.144
886,soft,-0.218,-0.421
887,glad,0.516,-0.127
887,mournful,-0.413,0.178
888,kill,0.158,0.638
888,weak,-0.612,0.034
889,couch,-0.372,-0.369
889,good,0.180,-0.406
890,education,0.336,-0.427
890,extremely,0.503,0.144
891,ill,-0.473,0.234
891,disliked,-0.415,0.312
892,extraordinary,0.603,-0.167
892,talent,0.505,-0.245
893,enchanted,0.406,-0.202
893,praises,0.365,-0.269
894,proud,0.568,-0.140
894,calm,-0.162,-0.556
895,rest,-0.101,-0.532
895,beating,-0.028,0.480
896,painful,-0.232,0.485
896,little,-0.428,-0.163
897,faint,-0.493,0.253
897,love,0.383,-0.341
898,happy,0.558,-0.188
898,unhappy,-0.443,0.266
899,shame,-0.388,0.421
899,humiliating,-0.275,0.456
900,worse,-0.320,0.446
900,shameful,-0.314,0.447
901,hate,-0.140,0.544
901,humiliation,-0.261,0.465
902,passionate,0.567,-0.119
902,wonder,0.540,-0.119
903,ill,-0.473,0.234
903,alone,-0.448,-0.121
904,calm,-0.162,-0.556
904,friendship,0.293,-0.431
905,great,0.531,-0.204
905,distress,-0.126,0.539
906,love,0.383,-0.341
906,charming,0.475,-0.180
907,sorrow,-0.593,0.127
907,life,0.497,-0.209
908,family,0.281,-0.413
908,accord,-0.000,-0.456
909,perfection,0.621,-0.088
909,enthusiastic,0.619,-0.010
910,sick,-0.494,0.223
910,future,0.469,-0.169
911,unhappy,-0.443,0.266
911,new,0.262,-0.305
912,proud,0.568,-0.140
912,poor,-0.538,0.133
913,angel,0.186,-0.521
913,praised,0.356,-0.357
914,respect,0.325,-0.405
914,disliked,-0.415,0.312
915,embarrassment,-0.288,0.374
915,embarrassed,-0.313,0.259
916,mother,0.333,-0.366
916,alone,-0.448,-0.121
917,terrible,0.023,0.563
917,shameful,-0.314,0.447
918,painful,-0.232,0.485
918,terribly,-0.159,0.474
919,goodness,0.303,-0.453
919,pleasure,0.465,-0.144
920,weak,-0.612,0.034
920,horror,-0.069,0.517
921,poisoned,-0.144,0.529
921,life,0.497,-0.209
922,sick,-0.494,0.223
922,prince,0.444,-0.290
923,friendship,0.293,-0.431
923,kind,0.169,-0.476
924,prosperous,0.566,-0.220
924,greatest,0.539,-0.145
925,monstrous,0.117,0.605
925,brilliant,0.560,-0.248
926,vigorous,0.594,-0.055
926,horrid,-0.155,0.503
927,angel,0.186,-0.521
927,treasure,0.489,-0.232
928,joy,0.606,-0.111
928,father,0.310,-0.327
929,fun,0.493,-0.059
929,gone,-0.457,-0.049
930,died,-0.292,0.443
930,misfortune,-0.205,0.479
931,poor,-0.538,0.133
931,prince,0.444,-0.290
932,dazzling,0.551,0.017
932,white,-0.100,-0.394
933,losing,-0.323,0.423
933,glad,0.516,-0.127
934,scarcely,-0.496,0.227
934,exasperated,-0.073,0.409
935,drown,-0.208,0.549
935,distress,-0.126,0.539
936,weak,-0.612,0.034
936,excellent,0.543,-0.264
937,honor,0.497,-0.211
937,life,0.497,-0.209
938,grateful,0.201,-0.430
938,book,0.088,-0.414
939,illness,-0.306,0.428
939,wicked,0.055,0.474
940,prince,0.444,-0.290
940,sanctuary,0.104,-0.448
941,fantastic,0.567,-0.190
941,worried,-0.123,0.512
942,merry,0.540,-0.176
942,good,0.180,-0.406
943,healthy,0.362,-0.428
943,trembling,-0.134,0.449
944,splendid,0.536,-0.108
944,water,-0.076,-0.488
945,feeble,-0.559,0.080
945,glad,0.516,-0.127
946,distress,-0.126,0.539
946,punishment,-0.026,0.527
947,bored,-0.552,0.009
947,pleased,0.455,-0.272
948,grumble,-0.200,0.454
948,money,0.459,-0.160
949,depressed,-0.527,0.291
949,worse,-0.320,0.446
950,ill,-0.473,0.234
950,wait,-0.467,-0.040
951,smiling,0.415,-0.219
951,quietly,-0.278,-0.310
952,irritable,-0.005,0.591
952,sick,-0.494,0.223
953,afraid,-0.297,0.533
953,fury,0.088,0.583
954,perfection,0.621,-0.088
954,deceive,-0.133,0.480
955,unjust,-0.293,0.355
955,improve,0.407,-0.208
956,peace,0.136,-0.550
956,rude,-0.136,0.535
957,hurt,-0.239,0.496
957,broken,-0.368,0.308
958,sorrow,-0.593,0.127
958,deceived,-0.280,0.430
959,ill,-0.473,0.234
959,wane,-0.493,0.141
960,troubles,-0.222,0.559
960,enjoy,0.517,-0.166
961,corrupt,-0.093,0.558
961,positively,0.516,-0.227
962,general,0.414,-0.237
962,attitude,0.459,-0.073
963,enthusiastic,0.619,-0.010
963,vigor,0.526,-0.071
964,loss,-0.395,0.351
964,disliked,-0.415,0.312
965,definite,0.178,-0.283
965,adviser,0.204,-0.264
966,life,0.497,-0.209
966,interesting,0.488,-0.143
967,qualities,0.343,-0.232
967,precisely,0.259,-0.297
968,intellect,0.400,-0.289
968,true,0.367,-0.319
969,generous,0.430,-0.410
969,honest,0.276,-0.468
970,intellectual,0.430,-0.310
970,good,0.180,-0.406
971,ingenious,0.503,-0.040
971,holiday,0.257,-0.368
972,friendliness,0.210,-0.502
972,natural,-0.020,-0.520
973,empty,-0.610,-0.011
973,dull,-0.562,-0.054
974,celebrated,0.468,-0.129
974,broken,-0.368,0.308
975,brilliant,0.560,-0.248
975,poor,-0.538,0.133
976,proud,0.568,-0.140
976,stupid,-0.395,0.260
977,sunset,-0.088,-0.465
977,scattered,-0.392,0.117
978,splendid,0.536,-0.108
978,bright,0.433,-0.250
979,nature,0.130,-0.470
979,view,0.137,-0.427
980,pleased,0.455,-0.272
980,dung,-0.428,0.305
981,trap,-0.224,0.358
981,tree,-0.140,-0.389
982,stray,-0.217,0.435
982,wait,-0.467,-0.040
983,bored,-0.552,0.009
983,cheerful,0.491,-0.194
984,rest,-0.101,-0.532
984,greatly,0.497,-0.021
985,intelligent,0.493,-0.258
985,money,0.459,-0.160
986,laziness,-0.505,-0.029
986,unwillingly,-0.355,0.234
987,succeed,0.642,-0.114
987,great,0.531,-0.204
988,important,0.468,-0.133
988,clever,0.293,-0.378
989,love,0.383,-0.341
989,starve,-0.174,0.463
990,hurt,-0.239,0.496
990,mortified,-0.269,0.458
991,advantage,0.490,-0.253
991,education,0.336,-0.427
992,faith,0.222,-0.423
992,view,0.137,-0.427
993,attack,0.230,0.471
993,value,0.444,-0.202
994,inferior,-0.522,-0.013
994,disliked,-0.415,0.312
995,honest,0.276,-0.468
995,meaningless,-0.519,0.105
996,little,-0.428,-0.163
996,good,0.180,-0.406
997,prosperity,0.516,-0.217
997,ill,-0.473,0.234
998,positively,0.516,-0.227
998,idiocy,-0.392,0.358
999,prisoner,-0.279,0.408
999,president,0.489,-0.024
1000,ability,0.420,-0.251
1000,utmost,0.483,0.022
1001,freedom,0.548,-0.292
1001,burst,0.267,0.535
1002,murder,0.076,0.627
1002,wonder,0.540,-0.119
1003,argue,-0.042,0.501
1003,determination,0.458,-0.032
1004,natural,-0.020,-0.520
1004,alone,-0.448,-0.121
1005,sloth,-0.594,-0.046
1005,error,-0.393,0.321
1006,wound,-0.208,0.395
1006,silent,-0.354,-0.245
1007,angry,0.045,0.505
1007,gone,-0.457,-0.049
1008,afraid,-0.297,0.533
1008,irritating,-0.078,0.566
1009,tea,-0.157,-0.381
1009,embarrassed,-0.313,0.259
1010,splendid,0.536,-0.108
1010,pleasant,0.253,-0.441
1011,delightful,0.425,-0.134
1011,laugh,0.368,-0.248
1012,rest,-0.101,-0.532
1012,ill,-0.473,0.234
1013,recognized,0.374,-0.288
1013,uneven,-0.396,0.231
1014,little,-0.428,-0.163
1014,smile,0.334,-0.221
1015,short,-0.461,0.055
1015,laughter,0.366,-0.222
1016,hell,0.008,0.638
1016,badly,-0.363,0.306
1017,afraid,-0.297,0.533
1017,tired,-0.498,0.132
1018,accord,-0.000,-0.456
1018,down,-0.398,0.084
1019,strength,0.496,-0.078
1019,weariness,-0.475,0.160
1020,happy,0.558,-0.188
1020,disturbed,-0.151,0.518
1021,flower,-0.176,-0.443
1021,nerve,-0.230,0.397
1022,rest,-0.101,-0.532
1022,storm,0.086,0.531
1023,poor,-0.538,0.133
1023,smooth,-0.176,-0.500
1024,low,-0.526,-0.059
1024,less,-0.520,-0.026
1025,wrong,-0.203,0.387
1025,together,0.249,-0.338
1026,drunk,-0.190,0.417
1026,fine,0.143,-0.406
1027,action,0.538,0.099
1027,effort,0.490,0.064
1028,energy,0.595,-0.150
1028,vigor,0.526,-0.071
1029,happy,0.558,-0.188
1029,water,-0.076,-0.488
1030,slow,-0.542,-0.207
1030,life,0.497,-0.209
1031,short,-0.461,0.055
1031,easily,0.052,-0.433
1032,wild,0.289,0.438
1032,view,0.137,-0.427
1033,perfect,0.493,-0.351
1033,incapable,-0.407,0.254
1034,little,-0.428,-0.163
1034,sun,0.271,-0.334
1035,comfortable,0.032,-0.542
1035,rest,-0.101,-0.532
1036,family,0.281,-0.413
1036,smiling,0.415,-0.219
1037,pillow,-0.317,-0.387
1037,sunshine,0.289,-0.407
1038,brilliance,0.565,-0.221
1038,recognized,0.374,-0.288
1039,sky,0.029,-0.519
1039,weariness,-0.475,0.160
1040,god,0.416,-0.158
1040,cried,-0.290,0.308
1041,ill,-0.473,0.234
1041,foremost,0.456,-0.088
1042,wild,0.289,0.438
1042,soft,-0.218,-0.421
1043,short,-0.461,0.055
1043,fresh,0.045,-0.442
1044,fat,-0.411,0.106
1044,down,-0.398,0.084
1045,effort,0.490,0.064
1045,easy,-0.056,-0.480
1046,force,0.468,0.109
1046,fall,-0.288,0.330
1047,water,-0.076,-0.488
1047,nice,0.295,-0.345
1048,disagreeable,-0.393,0.416
1048,honor,0.497,-0.211
1049,hungry,-0.295,0.422
1049,smiling,0.415,-0.219
1050,hurt,-0.239,0.496
1050,scarcely,-0.496,0.227
1051,poor,-0.538,0.133
1051,splendid,0.536,-0.108
1052,delighted,0.430,-0.196
1052,enrich,0.456,-0.119
1053,action,0.538,0.099
1053,gentlemanly,0.344,-0.327
1054,life,0.497,-0.209
1054,pleasure,0.465,-0.144
1055,ill,-0.473,0.234
1055,incapable,-0.407,0.254
1056,energetic,0.639,0.020
1056,afraid,-0.297,0.533
1057,energy,0.595,-0.150
1057,positively,0.516,-0.227
1058,natural,-0.020,-0.520
1058,frightened,-0.199,0.459
1059,prince,0.444,-0.290
1059,gone,-0.457,-0.049
1060,unfaithful,-0.234,0.542
1060,comfortable,0.032,-0.542
1061,greatly,0.497,-0.021
1061,distressed,-0.176,0.437
1062,liberty,0.499,-0.248
1062,strength,0.496,-0.078
1063,miserable,-0.463,0.277
1063,alluring,0.533,-0.060
1064,happy,0.558,-0.188
1064,unpleasantness,-0.282,0.461
1065,water,-0.076,-0.488
1065,fall,-0.288,0.330
1066,terrible,0.023,0.563
1066,proper,0.243,-0.333
1067,burst,0.267,0.535
1067,peace,0.136,-0.550
1068,hopeless,-0.580,0.138
1068,respectful,0.397,-0.391
1069,difficulties,-0.176,0.492
1069,tea,-0.157,-0.381
1070,despair,-0.236,0.470
1070,chair,-0.331,-0.342
1071,happiness,0.593,-0.158
1071,comfortable,0.032,-0.542
1072,joy,0.606,-0.111
1072,pain,-0.192,0.531
1073,happy,0.558,-0.188
1073,proud,0.568,-0.140
1074,freedom,0.548,-0.292
1074,mother,0.333,-0.366
1075,worried,-0.123,0.512
1075,extremely,0.503,0.144
1076,painful,-0.232,0.485
1076,loss,-0.395,0.351
1077,quarrel,0.009,0.576
1077,happily,0.466,-0.223
1078,losing,-0.323,0.423
1078,admired,0.464,-0.247
1079,smart,0.559,-0.202
1079,charming,0.475,-0.180
1080,wonderfully,0.590,-0.146
1080,true,0.367,-0.319
1081,tragic,-0.107,0.601
1081,worse,-0.320,0.446
1082,delinquent,-0.031,0.603
1082,culprit,-0.255,0.431
1083,burst,0.267,0.535
1083,weeping,-0.359,0.418
1084,radiant,0.507,-0.119
1084,mother,0.333,-0.366
1085,scream,0.086,0.480
1085,general,0.414,-0.237
1086,wild,0.289,0.438
1086,little,-0.428,-0.163
1087,happy,0.558,-0.188
1087,great,0.531,-0.204
1088,winning,0.669,-0.163
1088,ill,-0.473,0.234
1089,interesting,0.488,-0.143
1089,carnival,0.438,-0.039
1090,rest,-0.101,-0.532
1090,pleased,0.455,-0.272
1091,gray,-0.473,-0.133
1091,delighted,0.430,-0.196
1092,glory,0.565,-0.149
1092,grandeur,0.578,-0.060
1093,annoyed,-0.174,0.475
1093,silence,-0.375,-0.174
1094,glad,0.516,-0.127
1094,altogether,0.186,-0.356
1095,keen,0.487,-0.070
1095,little,-0.428,-0.163
1096,friendliness,0.210,-0.502
1096,experience,0.512,-0.138
1097,strong,0.608,-0.112
1097,afraid,-0.297,0.533
1098,alone,-0.448,-0.121
1098,sitting,-0.245,-0.294
1099,ill,-0.473,0.234
1099,thank,0.177,-0.431
1100,peace,0.136,-0.550
1100,effort,0.490,0.064
1101,knowledge,0.426,-0.282
1101,faith,0.222,-0.423
1102,quiet,-0.093,-0.486
1102,helpless,-0.442,0.219
1103,wonder,0.540,-0.119
1103,pity,-0.497,0.159
1104,miserable,-0.463,0.277
1104,anger,0.122,0.499
1105,suffer,-0.187,0.575
1105,poor,-0.538,0.133
1106,dead,-0.467,0.279
1106,hope,0.298,-0.425
1107,love,0.383,-0.341
1107,wait,-0.467,-0.040
1108,aching,-0.151,0.579
1108,life,0.497,-0.209
1109,pride,0.430,-0.058
1109,other,-0.317,-0.176
1110,confidence,0.442,-0.467
1110,disliked,-0.415,0.312
1111,happy,0.558,-0.188
1111,hurting,-0.242,0.431
1112,tenderness,0.020,-0.485
1112,excitement,0.452,-0.150
1113,disagreeable,-0.393,0.416
1113,charming,0.475,-0.180
1114,disturbed,-0.151,0.518
1114,loss,-0.395,0.351
1115,happiness,0.593,-0.158
1115,rage,0.091,0.577
1116,proud,0.568,-0.140
1116,positively,0.516,-0.227
1117,nature,0.130,-0.470
1117,distort,-0.182,0.449
1118,worth,0.471,-0.246
1118,suspected,-0.076,0.410
1119,vague,-0.495,0.034
1119,profit,0.356,-0.328
1120,wrong,-0.203,0.387
1120,friend,0.213,-0.351
1121,truth,0.321,-0.402
1121,convict,-0.015,0.467
1122,fear,-0.200,0.534
1122,spite,-0.294,0.365
1123,rest,-0.101,-0.532
1123,gray,-0.473,-0.133
1124,soft,-0.218,-0.421
1124,good,0.180,-0.406
1125,empty,-0.610,-0.011
1125,bright,0.433,-0.250
1126,easily,0.052,-0.433
1126,tea,-0.157,-0.381
1127,smart,0.559,-0.202
1127,unnecessary,-0.432,0.092
1128,vigorous,0.594,-0.055
1128,love,0.383,-0.341
1129,merry,0.540,-0.176
1129,wild,0.289,0.438
1130,strong,0.608,-0.112
1130,healthy,0.362,-0.428
1131,joy,0.606,-0.111
1131,inactivity,-0.550,0.006
1132,idle,-0.600,-0.014
1132,reward,0.520,-0.178
1133,leading,0.584,-0.078
1133,life,0.497,-0.209
1134,scarcely,-0.496,0.227
1134,short,-0.461,0.055
1135,mist,-0.410,-0.132
1135,rose,-0.008,-0.423
1136,peace,0.136,-0.550
1136,useless,-0.527,0.202
1137,ill,-0.473,0.234
1137,marry,0.449,-0.096
1138,sky,0.029,-0.519
1138,slight,-0.364,-0.209
1139,triumph,0.684,-0.116
1139,gray,-0.473,-0.133
1140,smooth,-0.176,-0.500
1140,glow,0.385,-0.292
1141,horror,-0.069,0.517
1141,mistaken,-0.330,0.344
1142,empty,-0.610,-0.011
1142,life,0.497,-0.209
1143,softness,-0.082,-0.561
1143,bright,0.433,-0.250
1144,weakness,-0.539,0.192
1144,power,0.518,-0.022
1145,disturbance,-0.051,0.532
1145,anger,0.122,0.499
1146,burst,0.267,0.535
1146,fury,0.088,0.583
1147,cruel,-0.092,0.521
1147,pity,-0.497,0.159
1148,suffering,-0.326,0.487
1148,poisoned,-0.144,0.529
1149,corrupt,-0.093,0.558
1149,terrible,0.023,0.563
1150,unhappy,-0.443,0.266
1150,mistake,-0.393,0.253
1151,crime,0.092,0.621
1151,honorable,0.427,-0.381
1152,unfaithful,-0.234,0.542
1152,honest,0.276,-0.468
1153,misfortune,-0.205,0.479
1153,kind,0.169,-0.476
1154,success,0.758,-0.050
1154,weapon,0.180,0.571
1155,strong,0.608,-0.112
1155,cowardice,-0.366,0.335
1156,shoot,0.091,0.594
1156,pistol,0.155,0.522
1157,danger,0.136,0.577
1157,life,0.497,-0.209
1158,great,0.531,-0.204
1158,gain,0.507,-0.191
1159,divorce,-0.216,0.464
1159,plenty,0.451,-0.145
1160,attainment,0.492,-0.206
1160,damage,-0.182,0.471
1161,perfect,0.493,-0.351
1161,disturbance,-0.051,0.532
1162,crime,0.092,0.621
1162,advantage,0.490,-0.253
1163,tortured,-0.132,0.580
1163,happy,0.558,-0.188
1164,triumphant,0.726,-0.072
1164,suffer,-0.187,0.575
1165,terrible,0.023,0.563
1165,worse,-0.320,0.446
1166,lover,0.522,-0.047
1166,guilty,-0.160,0.444
1167,peace,0.136,-0.550
1167,life,0.497,-0.209
1168,faithless,-0.253,0.406
1168,general,0.414,-0.237
1169,unhappy,-0.443,0.266
1169,blame,-0.263,0.367
1170,pleasure,0.465,-0.144
1170,immense,0.471,0.001
1171,power,0.518,-0.022
1171,family,0.281,-0.413
1172,hope,0.298,-0.425
1172,broken,-0.368,0.308
1173,pleased,0.455,-0.272
1173,money,0.459,-0.160
1174,gratification,0.436,-0.156
1174,tea,-0.157,-0.381
1175,celebrated,0.468,-0.129
1175,easy,-0.056,-0.480
1176,life,0.497,-0.209
1176,chair,-0.331,-0.342
1177,strengthen,0.633,0.006
1177,leading,0.584,-0.078
1178,famous,0.615,-0.095
1178,quality,0.425,-0.311
1179,truth,0.321,-0.402
1179,glaring,0.453,0.075
1180,secure,0.413,-0.314
1180,family,0.281,-0.413
1181,worse,-0.320,0.446
1181,hostile,0.006,0.484
1182,prosperity,0.516,-0.217
1182,ruin,-0.368,0.319
1183,failure,-0.391,0.277
1183,deplorable,-0.302,0.361
1184,disastrous,-0.143,0.474
1184,view,0.137,-0.427
1185,benefit,0.386,-0.334
1185,little,-0.428,-0.163
1186,agony,-0.154,0.487
1186,excitement,0.452,-0.150
1187,pain,-0.192,0.531
1187,glad,0.516,-0.127
1188,awful,-0.118,0.513
1188,gone,-0.457,-0.049
1189,shame,-0.388,0.421
1189,ashamed,-0.326,0.298
1190,hopeless,-0.580,0.138
1190,terrified,-0.094,0.569
1191,less,-0.520,-0.026
1191,tired,-0.498,0.132
1192,scared,-0.248,0.469
1192,accord,-0.000,-0.456
1193,ill,-0.473,0.234
1193,difficulty,-0.191,0.464
1194,miserable,-0.463,0.277
1194,life,0.497,-0.209
1195,thrill,0.507,-0.039
1195,hair,-0.264,-0.285
1196,sincere,0.259,-0.455
1196,exaggerated,0.214,0.475
1197,joy,0.606,-0.111
1197,lose,-0.408,0.291
1198,calm,-0.162,-0.556
1198,action,0.538,0.099
1199,mother,0.333,-0.366
1199,father,0.310,-0.327
1200,delighted,0.430,-0.196
1200,alone,-0.448,-0.121
1201,scared,-0.248,0.469
1201,love,0.383,-0.341
1202,punishing,-0.033,0.567
1202,horror,-0.069,0.517
1203,merciless,0.060,0.584
1203,shining,0.500,-0.146
1204,quickly,0.407,0.042
1204,down,-0.398,0.084
1205,generous,0.430,-0.410
1205,quality,0.425,-0.311
1206,shame,-0.388,0.421
1206,anger,0.122,0.499
1207,floor,-0.345,-0.146
1207,work,0.336,-0.082
1208,calm,-0.162,-0.556
1208,low,-0.526,-0.059
1209,wait,-0.467,-0.040
1209,trembling,-0.134,0.449
1210,burst,0.267,0.535
1210,awful,-0.118,0.513
1211,life,0.497,-0.209
1211,pleased,0.455,-0.272
1212,hell,0.008,0.638
1212,love,0.383,-0.341
1213,worse,-0.320,0.446
1213,threat,0.113,0.523
1214,abandoned,-0.503,0.300
1214,miserable,-0.463,0.277
1215,happiness,0.593,-0.158
1215,happy,0.558,-0.188
1216,strong,0.608,-0.112
1216,crying,-0.287,0.379
1217,weeping,-0.359,0.418
1217,shameful,-0.314,0.447
1218,freedom,0.548,-0.292
1218,menace,0.189,0.554
1219,terrified,-0.094,0.569
1219,ill,-0.473,0.234
1220,table,-0.289,-0.274
1220,princess,0.306,-0.234
1221,hostile,0.006,0.484
1221,wait,-0.467,-0.040
1222,influential,0.610,-0.140
1222,hope,0.298,-0.425
1223,recognized,0.374,-0.288
1223,master,0.344,-0.132
1224,pleased,0.455,-0.272
1224,uncertainty,-0.378,0.302
1225,elegance,0.393,-0.360
1225,less,-0.520,-0.026
1226,joy,0.606,-0.111
1226,great,0.531,-0.204
1227,positive,0.490,-0.310
1227,natural,-0.020,-0.520
1228,freedom,0.548,-0.292
1228,secure,0.413,-0.314
1229,afraid,-0.297,0.533
1229,false,-0.423,0.198
1230,fascination,0.564,-0.076
1230,greatly,0.497,-0.021
1231,stress,-0.131,0.465
1231,spite,-0.294,0.365
1232,benefit,0.386,-0.334
1232,little,-0.428,-0.163
1233,reading,-0.073,-0.425
1233,six,-0.331,-0.248
1234,despair,-0.236,0.470
1234,cool,0.414,-0.239
1235,idle,-0.600,-0.014
1235,prince,0.444,-0.290
1236,terrible,0.023,0.563
1236,infectious,-0.111,0.435
1237,laugh,0.368,-0.248
1237,laughter,0.366,-0.222
1238,fortunate,0.522,-0.199
1238,good,0.180,-0.406
1239,worse,-0.320,0.446
1239,misery,-0.482,0.157
1240,excess,0.282,0.360
1240,health,0.219,-0.363
1241,smart,0.559,-0.202
1241,exaggerated,0.214,0.475
1242,smiling,0.415,-0.219
1242,small,-0.395,-0.250
1243,little,-0.428,-0.163
1243,lost,-0.327,0.315
1244,positively,0.516,-0.227
1244,prince,0.444,-0.290
1245,perfect,0.493,-0.351
1245,corrupt,-0.093,0.558
1246,passionate,0.567,-0.119
1246,diamond,0.449,-0.212
1247,thrilling,0.574,-0.074
1247,glad,0.516,-0.127
1248,happy,0.558,-0.188
1248,bored,-0.552,0.009
1249,enjoy,0.517,-0.166
1249,garden,-0.027,-0.383
1250,intelligent,0.493,-0.258
1250,unhappy,-0.443,0.266
1251,afraid,-0.297,0.533
1251,sleeplessness,-0.363,0.345
1252,sleep,-0.203,-0.448
1252,incorrigible,-0.105,0.383
1253,violent,0.090,0.574
1253,company,0.382,-0.333
1254,painful,-0.232,0.485
1254,kind,0.169,-0.476
1255,life,0.497,-0.209
1255,humiliation,-0.261,0.465
1256,alone,-0.448,-0.121
1256,quietly,-0.278,-0.310
1257,exceptional,0.580,-0.037
1257,difficulties,-0.176,0.492
1258,money,0.459,-0.160
1258,clearness,0.235,-0.390
1259,lost,-0.327,0.315
1259,delay,-0.387,0.207
1260,important,0.468,-0.133
1260,dirty,-0.431,0.209
1261,less,-0.520,-0.026
1261,anxiety,-0.116,0.501
1262,fortune,0.592,-0.133
1262,revenue,0.447,-0.248
1263,love,0.383,-0.341
1263,mother,0.333,-0.366
1264,succeed,0.642,-0.114
1264,life,0.497,-0.209
1265,generous,0.430,-0.410
1265,scandal,0.006,0.497
1266,opportunity,0.576,-0.134
1266,stealing,-0.041,0.582
1267,happy,0.558,-0.188
1267,money,0.459,-0.160
1268,insult,-0.129,0.524
1268,lie,-0.242,0.413
1269,peace,0.136,-0.550
1269,difficulties,-0.176,0.492
1270,honorable,0.427,-0.381
1270,humiliate,-0.284,0.462
1271,honor,0.497,-0.211
1271,respect,0.325,-0.405
1272,weapon,0.180,0.571
1272,frightened,-0.199,0.459
1273,afraid,-0.297,0.533
1273,life,0.497,-0.209
1274,strong,0.608,-0.112
1274,dream,-0.117,-0.493
1275,successful,0.647,-0.152
1275,independence,0.572,-0.157
1276,enjoy,0.517,-0.166
1276,independent,0.432,-0.304
1277,glory,0.565,-0.149
1277,force,0.468,0.109
1278,brilliant,0.560,-0.248
1278,charming,0.475,-0.180
1279,opportunity,0.576,-0.134
1279,love,0.383,-0.341
1280,perfect,0.493,-0.351
1280,happy,0.558,-0.188
1281,familiar,0.204,-0.406
1281,rapid,0.415,0.089
1282,hurt,-0.239,0.496
1282,glad,0.516,-0.127
1283,gone,-0.457,-0.049
1283,gallant,0.351,-0.261
1284,softness,-0.082,-0.561
1284,prince,0.444,-0.290
1285,success,0.758,-0.050
1285,successful,0.647,-0.152
1286,gloomy,-0.393,0.213
1286,fresh,0.045,-0.442
1287,great,0.531,-0.204
1287,little,-0.428,-0.163
1288,attack,0.230,0.471
1288,water,-0.076,-0.488
1289,interesting,0.488,-0.143
1289,smiling,0.415,-0.219
1290,weakness,-0.539,0.192
1290,life,0.497,-0.209
1291,dull,-0.562,-0.054
1291,worth,0.471,-0.246
1292,action,0.538,0.099
1292,refusal,-0.300,0.392
1293,happy,0.558,-0.188
1293,satisfy,0.470,-0.057
1294,powerful,0.695,-0.016
1294,dangerous,0.086,0.658
1295,advantage,0.490,-0.253
1295,inferior,-0.522,-0.013
1296,intelligence,0.486,-0.164
1296,attitude,0.459,-0.073
1297,power,0.518,-0.022
1297,envious,-0.188,0.450
1298,ill,-0.473,0.234
1298,friendship,0.293,-0.431
1299,afraid,-0.297,0.533
1299,sore,-0.330,0.385
1300,love,0.383,-0.341
1300,wait,-0.467,-0.040
1301,ruined,-0.373,0.295
1301,marriage,0.440,-0.111
1302,worse,-0.320,0.446
1302,immense,0.471,0.001
1303,ache,-0.188,0.427
1303,order,0.269,-0.330
1304,strong,0.608,-0.112
1304,friendliness,0.210,-0.502
1305,joy,0.606,-0.111
1305,hopeless,-0.580,0.138
1306,shining,0.500,-0.146
1306,pleasant,0.253,-0.441
1307,bright,0.433,-0.250
1307,whip,0.052,0.487
1308,happiness,0.593,-0.158
1308,wonder,0.540,-0.119
1309,glad,0.516,-0.127
1309,force,0.468,0.109
1310,angry,0.045,0.505
1310,talk,0.160,-0.343
1311,distress,-0.126,0.539
1311,courage,0.526,-0.067
1312,proud,0.568,-0.140
1312,painful,-0.232,0.485
1313,lover,0.522,-0.047
1313,abandon,-0.399,0.326
1314,utmost,0.483,0.022
1314,simply,-0.228,-0.272
1315,life,0.497,-0.209
1315,short,-0.461,0.055
1316,fury,0.088,0.583
1316,natural,-0.020,-0.520
1317,injured,-0.265,0.417
1317,challenge,0.340,0.322
1318,hope,0.298,-0.425
1318,determination,0.458,-0.032
1319,confused,-0.300,0.292
1319,rejoice,0.378,-0.125
1320,untrue,-0.459,0.326
1320,degrading,-0.388,0.385
1321,strong,0.608,-0.112
1321,proud,0.568,-0.140
1322,weeping,-0.359,0.418
1322,deceived,-0.280,0.430
1323,president,0.489,-0.024
1323,little,-0.428,-0.163
1324,enemy,0.024,0.471
1324,remembered,0.191,-0.412
1325,storm,0.086,0.531
1325,weariness,-0.475,0.160
1326,opponent,0.062,0.479
1326,regard,0.296,-0.318
1327,success,0.758,-0.050
1327,triumph,0.684,-0.116
1328,smiling,0.415,-0.219
1328,forgotten,-0.466,0.027
1329,gone,-0.457,-0.049
1329,purpose,0.370,-0.181
1330,attitude,0.459,-0.073
1330,quickly,0.407,0.042
1331,glad,0.516,-0.127
1331,down,-0.398,0.084
1332,spite,-0.294,0.365
1332,despise,-0.196,0.401
1333,hatred,-0.120,0.571
1333,anger,0.122,0.499
1334,disgraced,-0.318,0.411
1334,kind,0.169,-0.476
1335,afraid,-0.297,0.533
1335,honor,0.497,-0.211
1336,independence,0.572,-0.157
1336,life,0.497,-0.209
1337,enjoy,0.517,-0.166
1337,faithful,0.205,-0.390
1338,magnificent,0.614,-0.221
1338,experienced,0.488,-0.100
1339,dream,-0.117,-0.493
1339,unpleasant,-0.363,0.337
1340,splendid,0.536,-0.108
1340,rest,-0.101,-0.532
1341,energy,0.595,-0.150
1341,natural,-0.020,-0.520
1342,relax,0.003,-0.487
1342,money,0.459,-0.160
1343,wits,0.367,-0.111
1343,work,0.336,-0.082
1344,great,0.531,-0.204
1344,dull,-0.562,-0.054
1345,useless,-0.527,0.202
1345,honor,0.497,-0.211
1346,asleep,-0.306,-0.361
1346,lost,-0.327,0.315
1347,dissatisfaction,-0.330,0.378
1347,deceive,-0.133,0.480
1348,love,0.383,-0.341
1348,revolting,-0.252,0.410
1349,hate,-0.140,0.544
1349,hostile,0.006,0.484
1350,pity,-0.497,0.159
1350,forgiving,0.145,-0.402
1351,humiliating,-0.275,0.456
1351,hope,0.298,-0.425
1352,worse,-0.320,0.446
1352,splendid,0.536,-0.108
1353,glad,0.516,-0.127
1353,shooting,0.168,0.463
1354,hurt,-0.239,0.496
1354,frightened,-0.199,0.459
1355,holy,0.107,-0.485
1355,clean,0.005,-0.464
1356,empty,-0.610,-0.011
1356,honor,0.497,-0.211
1357,cotton,-0.324,-0.407
1357,fat,-0.411,0.106
1358,father,0.310,-0.327
1358,big,0.418,-0.144
1359,company,0.382,-0.333
1359,family,0.281,-0.413
1360,unsuccessful,-0.551,0.118
1360,badly,-0.363,0.306
1361,proud,0.568,-0.140
1361,great,0.531,-0.204
1362,die,-0.281,0.512
1362,splendid,0.536,-0.108
1363,destruction,0.088,0.588
1363,thank,0.177,-0.431
1364,pudding,-0.208,-0.362
1364,funny,0.308,-0.224
1365,strong,0.608,-0.112
1365,good,0.180,-0.406
1366,excellent,0.543,-0.264
1366,attractive,0.459,-0.193
1367,poisoned,-0.144,0.529
1367,sky,0.029,-0.519
1368,wonder,0.540,-0.119
1368,life,0.497,-0.209
1369,opportunity,0.576,-0.134
1369,cowardice,-0.366,0.335
1370,devil,0.103,0.526
1370,trouble,-0.068,0.476
1371,liberty,0.499,-0.248
1371,favorable,0.376,-0.397
1372,honest,0.276,-0.468
1372,less,-0.520,-0.026
1373,honor,0.497,-0.211
1373,penetrate,0.242,0.424
1374,afraid,-0.297,0.533
1374,happy,0.558,-0.188
1375,courage,0.526,-0.067
1375,low,-0.526,-0.059
1376,excellent,0.543,-0.264
1376,worse,-0.320,0.446
1377,violent,0.090,0.574
1377,intellectual,0.430,-0.310
1378,freedom,0.548,-0.292
1378,agony,-0.154,0.487
1379,deceived,-0.280,0.430
1379,spite,-0.294,0.365
1380,cheerful,0.491,-0.194
1380,ill,-0.473,0.234
1381,interesting,0.488,-0.143
1381,teach,0.429,-0.224
1382,brilliant,0.560,-0.248
1382,excited,0.560,0.011
1383,amusement,0.594,-0.065
1383,life,0.497,-0.209
1384,pleasant,0.253,-0.441
1384,trouble,-0.068,0.476
1385,hell,0.008,0.638
1385,gain,0.507,-0.191
1386,peace,0.136,-0.550
1386,good,0.180,-0.406
1387,proud,0.568,-0.140
1387,money,0.459,-0.160
1388,gray,-0.473,-0.133
1388,true,0.367,-0.319
1389,prosperity,0.516,-0.217
1389,faint,-0.493,0.253
1390,idle,-0.600,-0.014
1390,great,0.531,-0.204
1391,progress,0.530,-0.161
1391,empire,0.525,0.042
1392,savage,0.134,0.516
1392,able,0.367,-0.194
1393,ill,-0.473,0.234
1393,power,0.518,-0.022
1394,wealth,0.502,-0.149
1394,decreased,-0.486,0.028
1395,efficient,0.517,-0.246
1395,low,-0.526,-0.059
1396,poor,-0.538,0.133
1396,raise,0.472,-0.140
1397,agree,0.120,-0.457
1397,thank,0.177,-0.431
1398,positively,0.516,-0.227
1398,loss,-0.395,0.351
1399,expert,0.505,-0.081
1399,alarm,0.197,0.459
1400,deteriorating,-0.498,0.242
1400,gain,0.507,-0.191
1401,happiest,0.525,-0.195
1401,law,0.390,-0.098
1402,slow,-0.542,-0.207
1402,difficulty,-0.191,0.464
1403,worthless,-0.497,0.232
1403,stinking,-0.324,0.430
1404,guarantee,0.366,-0.424
1404,dissatisfied,-0.350,0.364
1405,stupid,-0.395,0.260
1405,bury,-0.288,0.348
1406,vague,-0.495,0.034
1406,organization,0.425,-0.185
1407,exceptional,0.580,-0.037
1407,bored,-0.552,0.009
1408,interesting,0.488,-0.143
1408,dream,-0.117,-0.493
1409,gold,0.446,-0.181
1409,books,-0.121,-0.434
1410,important,0.468,-0.133
1410,responsible,0.422,-0.211
1411,irritable,-0.005,0.591
1411,true,0.367,-0.319
1412,low,-0.526,-0.059
1412,ill,-0.473,0.234
1413,sick,-0.494,0.223
1413,development,0.377,-0.224
1414,worse,-0.320,0.446
1414,education,0.336,-0.427
1415,wise,0.330,-0.430
1415,knowledge,0.426,-0.282
1416,poor,-0.538,0.133
1416,poverty,-0.434,0.310
1417,prosperity,0.516,-0.217
1417,comfort,0.175,-0.441
1418,positively,0.516,-0.227
1418,life,0.497,-0.209
1419,violent,0.090,0.574
1419,disliked,-0.415,0.312
1420,worried,-0.123,0.512
1420,hope,0.298,-0.425
1421,great,0.531,-0.204
1421,clever,0.293,-0.378
1422,dissatisfaction,-0.330,0.378
1422,force,0.468,0.109
1423,success,0.758,-0.050
1423,happy,0.558,-0.188
1424,shame,-0.388,0.421
1424,action,0.538,0.099
1425,revolutionize,0.535,0.102
1425,worth,0.471,-0.246
1426,useless,-0.527,0.202
1426,pleasure,0.465,-0.144
1427,difficulty,-0.191,0.464
1427,urgent,0.202,0.418
1428,family,0.281,-0.413
1428,alarm,0.197,0.459
1429,invincible,0.651,-0.005
1429,dung,-0.428,0.305
1430,kind,0.169,-0.476
1430,spite,-0.294,0.365
1431,difficulties,-0.176,0.492
1431,new,0.262,-0.305
1432,waste,-0.453,0.325
1432,clever,0.293,-0.378
1433,less,-0.520,-0.026
1433,future,0.469,-0.169
1434,company,0.382,-0.333
1434,true,0.367,-0.319
1435,small,-0.395,-0.250
1435,gardens,-0.153,-0.413
1436,amusement,0.594,-0.065
1436,conviction,0.391,0.071
1437,shame,-0.388,0.421
1437,scarcely,-0.496,0.227
1438,rude,-0.136,0.535
1438,life,0.497,-0.209
1439,great,0.531,-0.204
1439,general,0.414,-0.237
1440,wealth,0.502,-0.149
1440,ruin,-0.368,0.319
1441,order,0.269,-0.330
1441,autumn,-0.046,-0.398
1442,produce,0.559,-0.117
1442,splendid,0.536,-0.108
1443,book,0.088,-0.414
1443,bad,-0.219,0.352
1444,annihilate,0.139,0.574
1444,revolution,0.366,0.350
1445,worse,-0.320,0.446
1445,money,0.459,-0.160
1446,water,-0.076,-0.488
1446,cruelly,-0.059,0.455
1447,nature,0.130,-0.470
1447,spite,-0.294,0.365
1448,trouble,-0.068,0.476
1448,gone,-0.457,-0.049
1449,prosperity,0.516,-0.217
1449,greatest,0.539,-0.145
1450,worthless,-0.497,0.232
1450,faith,0.222,-0.423
1451,easy,-0.056,-0.480
1451,chair,-0.331,-0.342
1452,down,-0.398,0.084
1452,table,-0.289,-0.274
1453,exceptional,0.580,-0.037
1453,refusal,-0.300,0.392
1454,worrying,-0.254,0.491
1454,honor,0.497,-0.211
1455,hell,0.008,0.638
1455,advantage,0.490,-0.253
1456,hurt,-0.239,0.496
1456,stillness,-0.182,-0.431
1457,dull,-0.562,-0.054
1457,faint,-0.493,0.253
1458,torture,0.029,0.541
1458,mistaken,-0.330,0.344
1459,cheer,0.603,-0.106
1459,terrible,0.023,0.563
1460,emaciated,-0.431,0.301
1460,unwell,-0.313,0.343
1461,frightened,-0.199,0.459
1461,money,0.459,-0.160
1462,exaggerated,0.214,0.475
1462,strength,0.496,-0.078
1463,fear,-0.200,0.534
1463,serenity,0.060,-0.547
1464,weak,-0.612,0.034
1464,life,0.497,-0.209
1465,glad,0.516,-0.127
1465,thank,0.177,-0.431
1466,illness,-0.306,0.428
1466,falsehood,-0.258,0.420
1467,weep,-0.408,0.392
1467,sick,-0.494,0.223
1468,irresistible,0.565,0.010
1468,devil,0.103,0.526
1469,courage,0.526,-0.067
1469,power,0.518,-0.022
1470,worth,0.471,-0.246
1470,awful,-0.118,0.513
1471,strong,0.608,-0.112
1471,happiness,0.593,-0.158
1472,hell,0.008,0.638
1472,die,-0.281,0.512
1473,irritable,-0.005,0.591
1473,irritability,-0.165,0.490
1474,afraid,-0.297,0.533
1474,dying,-0.207,0.442
1475,life,0.497,-0.209
1475,falsehood,-0.258,0.420
1476,disgusted,-0.257,0.503
1476,inheritance,0.446,-0.232
1477,force,0.468,0.109
1477,clearness,0.235,-0.390
1478,waste,-0.453,0.325
1478,gain,0.507,-0.191
1479,familiar,0.204,-0.406
1479,lost,-0.327,0.315
1480,devil,0.103,0.526
1480,spite,-0.294,0.365
1481,hurt,-0.239,0.496
1481,generosity,0.340,-0.362
1482,evil,-0.040,0.560
1482,bad,-0.219,0.352
1483,happiness,0.593,-0.158
1483,happy,0.558,-0.188
1484,life,0.497,-0.209
1484,death,-0.149,0.490
1485,painful,-0.232,0.485
1485,misery,-0.482,0.157
1486,miserable,-0.463,0.277
1486,passion,0.516,0.005
1487,grand,0.594,-0.106
1487,respectful,0.397,-0.391
1488,amusement,0.594,-0.065
1488,exceptional,0.580,-0.037
1489,great,0.531,-0.204
1489,prince,0.444,-0.290
1490,pleasure,0.465,-0.144
1490,broken,-0.368,0.308
1491,dangerous,0.086,0.658
1491,afraid,-0.297,0.533
1492,disagreeable,-0.393,0.416
1492,relaxing,-0.006,-0.493
1493,healthy,0.362,-0.428
1493,inferior,-0.522,-0.013
1494,happy,0.558,-0.188
1494,ill,-0.473,0.234
1495,promotion,0.519,-0.106
1495,hideous,-0.209,0.461
1496,horror,-0.069,0.517
1496,dreadful,-0.177,0.486
1497,worried,-0.123,0.512
1497,awful,-0.118,0.513
1498,recognized,0.374,-0.288
1498,ashamed,-0.326,0.298
1499,brilliant,0.560,-0.248
1499,dull,-0.562,-0.054
1500,proud,0.568,-0.140
1500,weakness,-0.539,0.192
1501,passion,0.516,0.005
1501,cried,-0.290,0.308
1502,passionate,0.567,-0.119
1502,quarrel,0.009,0.576
1503,superior,0.562,-0.063
1503,prince,0.444,-0.290
1504,thrilled,0.572,-0.056
1504,life,0.497,-0.209
1505,afraid,-0.297,0.533
1505,divine,0.521,-0.237
1506,disgusting,-0.277,0.532
1506,irritation,-0.057,0.538
1507,horrified,-0.141,0.592
1507,hurt,-0.239,0.496
1508,happiness,0.593,-0.158
1508,unhappy,-0.443,0.266
1509,hatred,-0.120,0.571
1509,evil,-0.040,0.560
1510,fiend,0.094,0.538
1510,love,0.383,-0.341
1511,great,0.531,-0.204
1511,pleasures,0.419,-0.172
1512,devil,0.103,0.526
1512,defending,0.455,0.194
1513,leading,0.584,-0.078
1513,dazzling,0.551,0.017
1514,greatest,0.539,-0.145
1514,satisfied,0.367,-0.317
1515,unfaithful,-0.234,0.542
1515,happy,0.558,-0.188
1516,amusement,0.594,-0.065
1516,mocking,-0.163,0.474
1517,terrible,0.023,0.563
1517,miserable,-0.463,0.277
1518,torture,0.029,0.541
1518,jealousy,-0.055,0.450
1519,suffer,-0.187,0.575
1519,die,-0.281,0.512
1520,horror,-0.069,0.517
1520,truth,0.321,-0.402
1521,terror,-0.084,0.585
1521,dreadful,-0.177,0.486
1522,ill,-0.473,0.234
1522,dream,-0.117,-0.493
1523,life,0.497,-0.209
1523,excitement,0.452,-0.150
1524,furious,0.069,0.633
1524,peace,0.136,-0.550
1525,perfection,0.621,-0.088
1525,overcoming,0.554,-0.050
1526,wrath,0.000,0.617
1526,energy,0.595,-0.150
1527,action,0.538,0.099
1527,firmness,0.468,-0.229
1528,lover,0.522,-0.047
1528,important,0.468,-0.133
1529,angered,-0.038,0.605
1529,thief,-0.061,0.563
1530,violently,0.055,0.600
1530,hatred,-0.120,0.571
1531,worse,-0.320,0.446
1531,justice,0.355,-0.150
1532,generous,0.430,-0.410
1532,passion,0.516,0.005
1533,suffering,-0.326,0.487
1533,life,0.497,-0.209
1534,dull,-0.562,-0.054
1534,less,-0.520,-0.026
1535,hurt,-0.239,0.496
1535,love,0.383,-0.341
1536,rage,0.091,0.577
1536,celebrated,0.468,-0.129
1537,engaged,0.466,-0.163
1537,good,0.180,-0.406
1538,disliked,-0.415,0.312
1538,approving,0.445,-0.233
1539,disapproved,-0.453,0.304
1539,emperor,0.507,0.051
1540,unpleasant,-0.363,0.337
1540,clever,0.293,-0.378
1541,attitude,0.459,-0.073
1541,short,-0.461,0.055
1542,scarcely,-0.496,0.227
1542,gray,-0.473,-0.133
1543,life,0.497,-0.209
1543,courage,0.526,-0.067
1544,triumph,0.684,-0.116
1544,joy,0.606,-0.111
1545,amusement,0.594,-0.065
1545,rest,-0.101,-0.532
1546,stealing,-0.041,0.582
1546,glad,0.516,-0.127
1547,adultery,0.020,0.566
1547,defect,-0.381,0.293
1548,honor,0.497,-0.211
1548,divorce,-0.216,0.464
1549,weapon,0.180,0.571
1549,guilty,-0.160,0.444
1550,education,0.336,-0.427
1550,uncertainty,-0.378,0.302
1551,kind,0.169,-0.476
1551,execution,0.133,0.469
1552,confidence,0.442,-0.467
1552,betrayed,-0.199,0.451
1553,nice,0.295,-0.345
1553,curtains,-0.237,-0.350
1554,liberty,0.499,-0.248
1554,action,0.538,0.099
1555,victory,0.642,-0.136
1555,brilliant,0.560,-0.248
1556,energy,0.595,-0.150
1556,inspired,0.500,-0.189
1557,failure,-0.391,0.277
1557,quick,0.404,0.039
1558,intellectual,0.430,-0.310
1558,exaggerated,0.214,0.475
1559,defeat,-0.403,0.283
1559,faith,0.222,-0.423
1560,chaos,-0.131,0.636
1560,danger,0.136,0.577
1561,great,0.531,-0.204
1561,infidelity,-0.164,0.503
1562,glad,0.516,-0.127
1562,pleasant,0.253,-0.441
1563,cheerful,0.491,-0.194
1563,radiant,0.507,-0.119
1564,smiling,0.415,-0.219
1564,smiled,0.264,-0.303
1565,shame,-0.388,0.421
1565,other,-0.317,-0.176
1566,annoyed,-0.174,0.475
1566,delighted,0.430,-0.196
1567,noise,-0.018,0.433
1567,darling,0.208,-0.363
1568,ill,-0.473,0.234
1568,money,0.459,-0.160
1569,grand,0.594,-0.106
1569,kiss,0.476,-0.117
1570,new,0.262,-0.305
1570,sure,0.214,-0.308
1571,small,-0.395,-0.250
1571,fresh,0.045,-0.442
1572,enthusiast,0.602,-0.036
1572,great,0.531,-0.204
1573,unpleasant,-0.363,0.337
1573,gaiety,0.459,-0.068
1574,disagreeable,-0.393,0.416
1574,terrible,0.023,0.563
1575,poor,-0.538,0.133
1575,thing,-0.332,-0.165
1576,grow,0.446,-0.209
1576,smiling,0.415,-0.219
1577,chair,-0.331,-0.342
1577,tiny,-0.427,-0.210
1578,glad,0.516,-0.127
1578,gone,-0.457,-0.049
1579,depressed,-0.527,0.291
1579,dead,-0.467,0.279
1580,die,-0.281,0.512
1580,value,0.444,-0.202
1581,life,0.497,-0.209
1581,death,-0.149,0.490
1582,peace,0.136,-0.550
1582,less,-0.520,-0.026
1583,sister,0.168,-0.420
1583,down,-0.398,0.084
1584,terrible,0.023,0.563
1584,extremely,0.503,0.144
1585,dangerous,0.086,0.658
1585,supported,0.213,-0.314
1586,engaged,0.466,-0.163
1586,specialist,0.432,-0.129
1587,family,0.281,-0.413
1587,paper,-0.320,-0.283
1588,execution,0.133,0.469
1588,regard,0.296,-0.318
1589,glad,0.516,-0.127
1589,hope,0.298,-0.425
1590,action,0.538,0.099
1590,shining,0.500,-0.146
1591,suffering,-0.326,0.487
1591,painful,-0.232,0.485
1592,excellent,0.543,-0.264
1592,misunderstanding,-0.293,0.353
1593,wonderful,0.605,-0.136
1593,awful,-0.118,0.513
1594,sincere,0.259,-0.455
1594,correct,0.246,-0.382
1595,anxious,0.022,0.414
1595,new,0.262,-0.305
1596,energetic,0.639,0.020
1596,energy,0.595,-0.150
1597,great,0.531,-0.204
1597,wonder,0.540,-0.119
1598,ill,-0.473,0.234
1598,hope,0.298,-0.425
1599,hopeless,-0.580,0.138
1599,leading,0.584,-0.078
1600,prince,0.444,-0.290
1600,less,-0.520,-0.026
1601,worried,-0.123,0.512
1601,silk,-0.199,-0.462
1602,bright,0.433,-0.250
1602,little,-0.428,-0.163
1603,disagreeable,-0.393,0.416
1603,responsible,0.422,-0.211
1604,acquainted,0.230,-0.386
1604,together,0.249,-0.338
1605,merry,0.540,-0.176
1605,horror,-0.069,0.517
1606,honor,0.497,-0.211
1606,unable,-0.425,0.225
1607,memorable,0.418,-0.299
1607,dread,-0.129,0.447
1608,shy,-0.542,-0.096
1608,scared,-0.248,0.469
1609,faint,-0.493,0.253
1609,delighted,0.430,-0.196
1610,happiness,0.593,-0.158
1610,calm,-0.162,-0.556
1611,glad,0.516,-0.127
1611,true,0.367,-0.319
1612,died,-0.292,0.443
1612,skill,0.510,-0.098
1613,opponent,0.062,0.479
1613,accomplished,0.409,-0.241
1614,terribly,-0.159,0.474
1614,tiny,-0.427,-0.210
1615,perfect,0.493,-0.351
1615,great,0.531,-0.204
1616,kill,0.158,0.638
1616,extraordinary,0.603,-0.167
1617,hope,0.298,-0.425
1617,love,0.383,-0.341
1618,extremely,0.503,0.144
1618,uncertainty,-0.378,0.302
1619,hero,0.641,-0.091
1619,conquering,0.623,0.088
1620,excellent,0.543,-0.264
1620,dignity,0.389,-0.308
1621,success,0.758,-0.050
1621,splendid,0.536,-0.108
1622,injustice,-0.127,0.476
1622,satisfied,0.367,-0.317
1623,true,0.367,-0.319
1623,civilization,0.383,-0.252
1624,strong,0.608,-0.112
1624,denying,-0.354,0.323
1625,great,0.531,-0.204
1625,education,0.336,-0.427
1626,rich,0.544,-0.171
1626,favorable,0.376,-0.397
1627,smiling,0.415,-0.219
1627,property,0.207,-0.353
1628,glad,0.516,-0.127
1628,mistake,-0.393,0.253
1629,intellectual,0.430,-0.310
1629,harmful,-0.234,0.457
1630,dangerous,0.086,0.658
1630,absence,-0.469,0.058
1631,agree,0.120,-0.457
1631,correct,0.246,-0.382
1632,prince,0.444,-0.290
1632,general,0.414,-0.237
1633,honor,0.497,-0.211
1633,injured,-0.265,0.417
1634,freedom,0.548,-0.292
1634,family,0.281,-0.413
1635,abandoned,-0.503,0.300
1635,independent,0.432,-0.304
1636,dream,-0.117,-0.493
1636,delight,0.409,-0.204
1637,education,0.336,-0.427
1637,painful,-0.232,0.485
1638,terror,-0.084,0.585
1638,glad,0.516,-0.127
1639,splendid,0.536,-0.108
1639,important,0.468,-0.133
1640,wonderfully,0.590,-0.146
1640,poor,-0.538,0.133
1641,great,0.531,-0.204
1641,guilty,-0.160,0.444
1642,wonderful,0.605,-0.136
1642,goodness,0.303,-0.453
1643,infidelity,-0.164,0.503
1643,gone,-0.457,-0.049
1644,afraid,-0.297,0.533
1644,opportunity,0.576,-0.134
1645,ill,-0.473,0.234
1645,sore,-0.330,0.385
1646,fortunate,0.522,-0.199
1646,frightened,-0.199,0.459
1647,desperate,-0.162,0.530
1647,anger,0.122,0.499
1648,vigorous,0.594,-0.055
1648,attitude,0.459,-0.073
1649,forsaken,-0.452,0.305
1649,disturbed,-0.151,0.518
1650,life,0.497,-0.209
1650,extremely,0.503,0.144
1651,great,0.531,-0.204
1651,hate,-0.140,0.544
1652,awful,-0.118,0.513
1652,unhappy,-0.443,0.266
1653,peace,0.136,-0.550
1653,horrible,-0.117,0.552
1654,humiliation,-0.261,0.465
1654,wait,-0.467,-0.040
1655,depraved,-0.149,0.567
1655,corrupt,-0.093,0.558
1656,anger,0.122,0.499
1656,deceived,-0.280,0.430
1657,hatred,-0.120,0.571
1657,divorce,-0.216,0.464
1658,love,0.383,-0.341
1658,spiteful,-0.235,0.446
1659,afraid,-0.297,0.533
1659,effort,0.490,0.064
1660,less,-0.520,-0.026
1660,agree,0.120,-0.457
1661,happy,0.558,-0.188
1661,thank,0.177,-0.431
1662,intelligent,0.493,-0.258
1662,rewarding,0.498,-0.225
1663,fear,-0.200,0.534
1663,useless,-0.527,0.202
1664,badly,-0.363,0.306
1664,precious,0.371,-0.292
1665,rich,0.544,-0.171
1665,liberty,0.499,-0.248
1666,terror,-0.084,0.585
1666,humiliation,-0.261,0.465
1667,happiness,0.593,-0.158
1667,horror,-0.069,0.517
1668,life,0.497,-0.209
1668,stole,-0.142,0.438
1669,shy,-0.542,-0.096
1669,depression,-0.418,0.342
1670,ill,-0.473,0.234
1670,radiant,0.507,-0.119
1671,love,0.383,-0.341
1671,chalk,-0.482,-0.150
1672,prince,0.444,-0.290
1672,charming,0.475,-0.180
1673,kill,0.158,0.638
1673,afraid,-0.297,0.533
1674,happy,0.558,-0.188
1674,die,-0.281,0.512
1675,value,0.444,-0.202
1675,smiling,0.415,-0.219
1676,happiness,0.593,-0.158
1676,merry,0.540,-0.176
1677,glad,0.516,-0.127
1677,nice,0.295,-0.345
1678,triumph,0.684,-0.116
1678,great,0.531,-0.204
1679,enjoying,0.514,-0.106
1679,extremely,0.503,0.144
1680,wonderfully,0.590,-0.146
1680,splendid,0.536,-0.108
1681,wonderful,0.605,-0.136
1681,annoy,-0.231,0.467
1682,softness,-0.082,-0.561
1682,boring,-0.559,0.010
1683,excellent,0.543,-0.264
1683,intelligent,0.493,-0.258
1684,happy,0.558,-0.188
1684,love,0.383,-0.341
1685,enthusiasm,0.585,-0.086
1685,excited,0.560,0.011
1686,scarcely,-0.496,0.227
1686,sleep,-0.203,-0.448
1687,poor,-0.538,0.133
1687,unlucky,-0.481,0.224
1688,empty,-0.610,-0.011
1688,lurid,0.029,0.458
1689,loss,-0.395,0.351
1689,asleep,-0.306,-0.361
1690,life,0.497,-0.209
1690,independent,0.432,-0.304
1691,effort,0.490,0.064
1691,little,-0.428,-0.163
1692,smiling,0.415,-0.219
1692,delight,0.409,-0.204
1693,happy,0.558,-0.188
1693,splendid,0.536,-0.108
1694,strong,0.608,-0.112
1694,comfortable,0.032,-0.542
1695,joy,0.606,-0.111
1695,happiness,0.593,-0.158
1696,terror,-0.084,0.585
1696,great,0.531,-0.204
1697,shining,0.500,-0.146
1697,love,0.383,-0.341
1698,shy,-0.542,-0.096
1698,mother,0.333,-0.366
1699,afraid,-0.297,0.533
1699,gone,-0.457,-0.049
1700,vigorous,0.594,-0.055
1700,true,0.367,-0.319
1701,glad,0.516,-0.127
1701,prince,0.444,-0.290
1702,chair,-0.331,-0.342
1702,smiling,0.415,-0.219
1703,painful,-0.232,0.485
1703,delighted,0.430,-0.196
1704,happiness,0.593,-0.158
1704,disturbed,-0.151,0.518
1705,great,0.531,-0.204
1705,lover,0.522,-0.047
1706,alone,-0.448,-0.121
1706,loved,0.249,-0.338
1707,agonizing,-0.180,0.502
1707,may,-0.192,-0.315
1708,intensity,0.593,0.227
1708,congratulate,0.525,-0.142
1709,engagement,0.466,-0.221
1709,engaged,0.466,-0.163
1710,extraordinary,0.603,-0.167
1710,enthusiastic,0.619,-0.010
1711,perfection,0.621,-0.088
1711,happiest,0.525,-0.195
1712,tortured,-0.132,0.580
1712,love,0.383,-0.341
1713,suffering,-0.326,0.487
1713,weeping,-0.359,0.418
1714,happiness,0.593,-0.158
1714,terrible,0.023,0.563
1715,aroused,0.440,0.168
1715,prized,0.371,-0.264
1716,useless,-0.527,0.202
1716,negative,-0.420,0.293
1717,gone,-0.457,-0.049
1717,little,-0.428,-0.163
1718,amazing,0.616,-0.047
1718,prestige,0.547,-0.220
1719,die,-0.281,0.512
1719,deceit,-0.259,0.476
1720,cruel,-0.092,0.521
1720,death,-0.149,0.490
1721,danger,0.136,0.577
1721,illness,-0.306,0.428
1722,hope,0.298,-0.425
1722,difficulty,-0.191,0.464
1723,successful,0.647,-0.152
1723,calm,-0.162,-0.556
1724,ill,-0.473,0.234
1724,relief,0.051,-0.403
1725,weeping,-0.359,0.418
1725,low,-0.526,-0.059
1726,suffering,-0.326,0.487
1726,power,0.518,-0.022
1727,happiest,0.525,-0.195
1727,rest,-0.101,-0.532
1728,hell,0.008,0.638
1728,hurt,-0.239,0.496
1729,little,-0.428,-0.163
1729,nonsense,-0.377,0.214
1730,afraid,-0.297,0.533
1730,terror,-0.084,0.585
1731,triumphant,0.726,-0.072
1731,passionate,0.567,-0.119
1732,die,-0.281,0.512
1732,hate,-0.140,0.544
1733,terrible,0.023,0.563
1733,worse,-0.320,0.446
1734,happiness,0.593,-0.158
1734,life,0.497,-0.209
1735,pillow,-0.317,-0.387
1735,defiant,0.210,0.394
1736,awful,-0.118,0.513
1736,agony,-0.154,0.487
1737,shame,-0.388,0.421
1737,badly,-0.363,0.306
1738,death,-0.149,0.490
1738,unconsciousness,-0.464,0.176
1739,hope,0.298,-0.425
1739,down,-0.398,0.084
1740,revenge,0.168,0.504
1740,divorce,-0.216,0.464
1741,abandon,-0.399,0.326
1741,luminous,0.361,-0.365
1742,short,-0.461,0.055
1742,view,0.137,-0.427
1743,beaten,-0.213,0.530
1743,life,0.497,-0.209
1744,happiness,0.593,-0.158
1744,sorrow,-0.593,0.127
1745,illness,-0.306,0.428
1745,passion,0.516,0.005
1746,distraught,-0.170,0.546
1746,terrible,0.023,0.563
1747,confidence,0.442,-0.467
1747,extraordinary,0.603,-0.167
1748,panic,-0.081,0.614
1748,violent,0.090,0.574
1749,memorable,0.418,-0.299
1749,love,0.383,-0.341
1750,humiliation,-0.261,0.465
1750,fresh,0.045,-0.442
1751,idiotic,-0.379,0.355
1751,hope,0.298,-0.425
1752,shoot,0.091,0.594
1752,wonder,0.540,-0.119
1753,life,0.497,-0.209
1753,sofa,-0.319,-0.342
1754,effort,0.490,0.064
1754,revolver,0.170,0.436
1755,happiness,0.593,-0.158
1755,lost,-0.327,0.315
1756,shot,-0.008,0.433
1756,trigger,0.147,0.382
1757,strong,0.608,-0.112
1757,elegant,0.316,-0.256
1758,losing,-0.323,0.423
1758,sincere,0.259,-0.455
1759,suffering,-0.326,0.487
1759,shame,-0.388,0.421
1760,joy,0.606,-0.111
1760,peace,0.136,-0.550
1761,action,0.538,0.099
1761,died,-0.292,0.443
1762,afraid,-0.297,0.533
1762,perfect,0.493,-0.351
1763,powerful,0.695,-0.016
1763,extraordinary,0.603,-0.167
1764,ill,-0.473,0.234
1764,death,-0.149,0.490
1765,handsome,0.374,-0.205
1765,home,0.099,-0.413
1766,disliked,-0.415,0.312
1766,difficulty,-0.191,0.464
1767,pain,-0.192,0.531
1767,illness,-0.306,0.428
1768,hungry,-0.295,0.422
1768,spite,-0.294,0.365
1769,family,0.281,-0.413
1769,simple,-0.235,-0.374
1770,losing,-0.323,0.423
1770,despair,-0.236,0.470
1771,suffering,-0.326,0.487
1771,pillow,-0.317,-0.387
1772,overcoming,0.554,-0.050
1772,wonder,0.540,-0.119
1773,excited,0.560,0.011
1773,guilty,-0.160,0.444
1774,died,-0.292,0.443
1774,gray,-0.473,-0.133
1775,wonderful,0.605,-0.136
1775,glad,0.516,-0.127
1776,stress,-0.131,0.465
1776,wait,-0.467,-0.040
1777,dear,0.251,-0.315
1777,cracked,-0.325,0.202
1778,confidence,0.442,-0.467
1778,life,0.497,-0.209
1779,honor,0.497,-0.211
1779,respect,0.325,-0.405
1780,dignity,0.389,-0.308
1780,thank,0.177,-0.431
1781,irritating,-0.078,0.566
1781,scared,-0.248,0.469
1782,succeed,0.642,-0.114
1782,irritation,-0.057,0.538
1783,exasperated,-0.073,0.409
1783,quickly,0.407,0.042
1784,killing,0.152,0.629
1784,little,-0.428,-0.163
1785,die,-0.281,0.512
1785,hatred,-0.120,0.571
1786,peace,0.136,-0.550
1786,achievement,0.532,-0.063
1787,hopeless,-0.580,0.138
1787,shameful,-0.314,0.447
1788,thankful,0.314,-0.438
1788,kiss,0.476,-0.117
1789,great,0.531,-0.204
1789,glad,0.516,-0.127
1790,energy,0.595,-0.150
1790,divorce,-0.216,0.464
1791,angry,0.045,0.505
1791,thank,0.177,-0.431
1792,hate,-0.140,0.544
1792,life,0.497,-0.209
1793,splendid,0.536,-0.108
1793,overwrought,0.071,0.528
1794,terrible,0.023,0.563
1794,brutal,0.098,0.543
1795,terrified,-0.094,0.569
1795,death,-0.149,0.490
1796,ill,-0.473,0.234
1796,misfortune,-0.205,0.479
1797,living,0.398,-0.180
1797,lying,-0.180,0.344
1798,less,-0.520,-0.026
1798,difficulty,-0.191,0.464
1799,happiness,0.593,-0.158
1799,happy,0.558,-0.188
1800,embarrassment,-0.288,0.374
1800,new,0.262,-0.305
1801,sincere,0.259,-0.455
1801,respect,0.325,-0.405
1802,irritates,-0.163,0.441
1802,little,-0.428,-0.163
1803,life,0.497,-0.209
1803,painful,-0.232,0.485
1804,peace,0.136,-0.550
1804,true,0.367,-0.319
1805,afraid,-0.297,0.533
1805,generosity,0.340,-0.362
1806,cheerful,0.491,-0.194
1806,end,-0.369,0.106
1807,winning,0.669,-0.163
1807,weakness,-0.539,0.192
1808,freedom,0.548,-0.292
1808,rest,-0.101,-0.532
1809,simple,-0.235,-0.374
1809,emotion,0.416,0.126
1810,suffering,-0.326,0.487
1810,shame,-0.388,0.421
1811,vengeance,0.165,0.591
1811,education,0.336,-0.427
1812,life,0.497,-0.209
1812,divorce,-0.216,0.464
1813,criminal,-0.060,0.575
1813,unlawful,-0.149,0.468
1814,mighty,0.653,-0.006
1814,brutal,0.098,0.543
1815,distressed,-0.176,0.437
1815,disgrace,-0.326,0.332
1816,joy,0.606,-0.111
1816,difficulty,-0.191,0.464
1817,glad,0.516,-0.127
1817,fatality,-0.007,0.526
1818,successful,0.647,-0.152
1818,dangerous,0.086,0.658
1819,pain,-0.192,0.531
1819,accident,-0.111,0.545
1820,shoot,0.091,0.594
1820,shame,-0.388,0.421
1821,beaten,-0.213,0.530
1821,life,0.497,-0.209
1822,happiness,0.593,-0.158
1822,loss,-0.395,0.351
1823,die,-0.281,0.512
1823,weakness,-0.539,0.192
1824,positive,0.490,-0.310
1824,divorce,-0.216,0.464
1825,succeed,0.642,-0.114
1825,calm,-0.162,-0.556
1826,strong,0.608,-0.112
1826,happy,0.558,-0.188
1827,weak,-0.612,0.034
1827,family,0.281,-0.413
1828,generosity,0.340,-0.362
1828,accept,0.117,-0.396
1829,dangerous,0.086,0.658
1829,disgraceful,-0.300,0.430
1830,prince,0.444,-0.290
1830,ill,-0.473,0.234
1831,vexed,-0.110,0.483
1831,important,0.468,-0.133
1832,happiness,0.593,-0.158
1832,future,0.469,-0.169
1833,less,-0.520,-0.026
1833,money,0.459,-0.160
1834,great,0.531,-0.204
1834,importance,0.426,-0.110
1835,ability,0.420,-0.251
1835,cried,-0.290,0.308
1836,glory,0.565,-0.149
1836,disagreeable,-0.393,0.416
1837,hell,0.008,0.638
1837,liar,-0.294,0.398
1838,empty,-0.610,-0.011
1838,majority,0.431,-0.073
1839,shame,-0.388,0.421
1839,condemn,0.032,0.495
1840,idle,-0.600,-0.014
1840,beggar,-0.454,0.104
1841,wonderful,0.605,-0.136
1841,reading,-0.073,-0.425
1842,action,0.538,0.099
1842,splendid,0.536,-0.108
1843,down,-0.398,0.084
1843,new,0.262,-0.305
1844,weary,-0.473,0.058
1844,little,-0.428,-0.163
1845,weakness,-0.539,0.192
1845,natural,-0.020,-0.520
1846,strengthen,0.633,0.006
1846,horrified,-0.141,0.592
1847,creation,0.515,-0.241
1847,creator,0.483,-0.185
1848,great,0.531,-0.204
1848,devil,0.103,0.526
1849,excellent,0.543,-0.264
1849,prince,0.444,-0.290
1850,honor,0.497,-0.211
1850,infidelity,-0.164,0.503
1851,life,0.497,-0.209
1851,god,0.416,-0.158
1852,riches,0.596,-0.181
1852,abundance,0.501,-0.080
1853,kind,0.169,-0.476
1853,vague,-0.495,0.034
1854,happy,0.558,-0.188
1854,disliked,-0.415,0.312
1855,merry,0.540,-0.176
1855,natural,-0.020,-0.520
1856,absent,-0.572,0.025
1856,happiest,0.525,-0.195
1857,happiness,0.593,-0.158
1857,deceit,-0.259,0.476
1858,love,0.383,-0.341
1858,loving,0.375,-0.241
1859,pity,-0.497,0.159
1859,truth,0.321,-0.402
1860,freedom,0.548,-0.292
1860,life,0.497,-0.209
1861,chaos,-0.131,0.636
1861,hopeless,-0.580,0.138
1862,alone,-0.448,-0.121
1862,wedding,0.434,-0.057
1863,died,-0.292,0.443
1863,dread,-0.129,0.447
1864,evil,-0.040,0.560
1864,ill,-0.473,0.234
1865,anger,0.122,0.499
1865,delight,0.409,-0.204
1866,panic,-0.081,0.614
1866,suffer,-0.187,0.575
1867,love,0.383,-0.341
1867,misery,-0.482,0.157
1868,burst,0.267,0.535
1868,god,0.416,-0.158
1869,assured,0.289,-0.382
1869,gone,-0.457,-0.049
1870,angry,0.045,0.505
1870,blue,-0.252,-0.365
1871,losing,-0.323,0.423
1871,lose,-0.408,0.291
1872,great,0.531,-0.204
1872,blessed,0.240,-0.440
1873,hell,0.008,0.638
1873,ill,-0.473,0.234
1874,wrangling,0.060,0.511
1874,gorgeous,0.412,-0.252
1875,holy,0.107,-0.485
1875,books,-0.121,-0.434
1876,died,-0.292,0.443
1876,lively,0.424,-0.031
1877,positively,0.516,-0.227
1877,value,0.444,-0.202
1878,wonder,0.540,-0.119
1878,bored,-0.552,0.009
1879,sister,0.168,-0.420
1879,orange,-0.251,-0.368
1880,fury,0.088,0.583
1880,despair,-0.236,0.470
1881,desperation,-0.052,0.546
1881,wait,-0.467,-0.040
1882,clean,0.005,-0.464
1882,shirt,-0.246,-0.371
1883,wild,0.289,0.438
1883,horror,-0.069,0.517
1884,fear,-0.200,0.534
1884,dead,-0.467,0.279
1885,lost,-0.327,0.315
1885,wedding,0.434,-0.057
1886,truthfulness,0.455,-0.257
1886,stupid,-0.395,0.260
1887,afraid,-0.297,0.533
1887,relaxing,-0.006,-0.493
1888,glad,0.516,-0.127
1888,frightened,-0.199,0.459
1889,absent,-0.572,0.025
1889,sister,0.168,-0.420
1890,correct,0.246,-0.382
1890,wrong,-0.203,0.387
1891,gold,0.446,-0.181
1891,little,-0.428,-0.163
1892,blessed,0.240,-0.440
1892,tenderness,0.020,-0.485
1893,scarcely,-0.496,0.227
1893,true,0.367,-0.319
1894,joy,0.606,-0.111
1894,stately,0.573,-0.064
1895,peace,0.136,-0.550
1895,died,-0.292,0.443
1896,perfect,0.493,-0.351
1896,fears,-0.206,0.530
1897,leading,0.584,-0.078
1897,glory,0.565,-0.149
1898,strong,0.608,-0.112
1898,mistake,-0.393,0.253
1899,torture,0.029,0.541
1899,life,0.497,-0.209
1900,horrified,-0.141,0.592
1900,less,-0.520,-0.026
1901,wounded,-0.226,0.455
1901,kind,0.169,-0.476
1902,terrible,0.023,0.563
1902,difficulty,-0.191,0.464
1903,weak,-0.612,0.034
1903,little,-0.428,-0.163
1904,died,-0.292,0.443
1904,forward,0.325,-0.320
1905,truth,0.321,-0.402
1905,love,0.383,-0.341
1906,friends,0.309,-0.298
1906,rose,-0.008,-0.423
1907,wonder,0.540,-0.119
1907,salvation,0.385,-0.259
1908,hell,0.008,0.638
1908,charming,0.475,-0.180
1909,grandeur,0.578,-0.060
1909,honor,0.497,-0.211
1910,marvel,0.616,-0.142
1910,proud,0.568,-0.140
1911,family,0.281,-0.413
1911,obedient,0.009,-0.437
1912,triumph,0.684,-0.116
1912,radiant,0.507,-0.119
1913,fear,-0.200,0.534
1913,losing,-0.323,0.423
1914,rich,0.544,-0.171
1914,prince,0.444,-0.290
1915,sister,0.168,-0.420
1915,crowd,0.249,0.344
1916,great,0.531,-0.204
1916,silk,-0.199,-0.462
1917,happiness,0.593,-0.158
1917,power,0.518,-0.022
1918,creation,0.515,-0.241
1918,splendid,0.536,-0.108
1919,happy,0.558,-0.188
1919,glad,0.516,-0.127
1920,joy,0.606,-0.111
1920,glory,0.565,-0.149
1921,charming,0.475,-0.180
1921,difficulty,-0.191,0.464
1922,kiss,0.476,-0.117
1922,true,0.367,-0.319
1923,small,-0.395,-0.250
1923,shirt,-0.246,-0.371
1924,soft,-0.218,-0.421
1924,home,0.099,-0.413
1925,life,0.497,-0.209
1925,gone,-0.457,-0.049
1926,army,0.373,0.256
1926,party,0.419,-0.088
1927,perfect,0.493,-0.351
1927,respect,0.325,-0.405
1928,strong,0.608,-0.112
1928,disagreeable,-0.393,0.416
1929,friends,0.309,-0.298
1929,common,-0.260,-0.337
1930,proper,0.243,-0.333
1930,new,0.262,-0.305
1931,approving,0.445,-0.233
1931,greatly,0.497,-0.021
1932,pleased,0.455,-0.272
1932,extremely,0.503,0.144
1933,unable,-0.425,0.225
1933,attitude,0.459,-0.073
1934,happiness,0.593,-0.158
1934,abandoned,-0.503,0.300
1935,afraid,-0.297,0.533
1935,smiling,0.415,-0.219
1936,pleasure,0.465,-0.144
1936,dreaded,-0.119,0.414
1937,able,0.367,-0.194
1937,down,-0.398,0.084
1938,excited,0.560,0.011
1938,worried,-0.123,0.512
1939,worth,0.471,-0.246
1939,disliked,-0.415,0.312
1940,life,0.497,-0.209
1940,glad,0.516,-0.127
1941,great,0.531,-0.204
1941,talent,0.505,-0.245
1942,joy,0.606,-0.111
1942,happy,0.558,-0.188
1943,drown,-0.208,0.549
1943,evil,-0.040,0.560
1944,happiness,0.593,-0.158
1944,suffer,-0.187,0.575
1945,suffering,-0.326,0.487
1945,shame,-0.388,0.421
1946,fascinating,0.595,-0.116
1946,love,0.383,-0.341
1947,losing,-0.323,0.423
1947,grateful,0.201,-0.430
1948,leading,0.584,-0.078
1948,respectful,0.397,-0.391
1949,intensity,0.593,0.227
1949,spite,-0.294,0.365
1950,freedom,0.548,-0.292
1950,life,0.497,-0.209
1951,depression,-0.418,0.342
1951,attack,0.230,0.471
1952,hungry,-0.295,0.422
1952,money,0.459,-0.160
1953,inspired,0.500,-0.189
1953,appreciated,0.374,-0.330
1954,success,0.758,-0.050
1954,successful,0.647,-0.152
1955,enlightened,0.403,-0.276
1955,modest,-0.111,-0.447
1956,extremely,0.503,0.144
1956,interesting,0.488,-0.143
1957,talent,0.505,-0.245
1957,encouragement,0.465,-0.115
1958,great,0.531,-0.204
1958,gross,-0.387,0.317
1959,poverty,-0.434,0.310
1959,true,0.367,-0.319
1960,life,0.497,-0.209
1960,admired,0.464,-0.247
1961,afraid,-0.297,0.533
1961,uncouth,-0.193,0.477
1962,grow,0.446,-0.209
1962,willing,0.400,-0.187
1963,intellectual,0.430,-0.310
1963,fool,-0.395,0.272
1964,natural,-0.020,-0.520
1964,struggle,0.260,0.329
1965,education,0.336,-0.427
1965,artist,0.290,-0.248
1966,ugly,-0.282,0.320
1966,new,0.262,-0.305
1967,rage,0.091,0.577
1967,peace,0.136,-0.550
1968,success,0.758,-0.050
1968,ill,-0.473,0.234
1969,violent,0.090,0.574
1969,dissatisfied,-0.350,0.364
1970,vigorous,0.594,-0.055
1970,lifeless,-0.552,0.202
1971,vigor,0.526,-0.071
1971,force,0.468,0.109
1972,successful,0.647,-0.152
1972,excited,0.560,0.011
1973,positively,0.516,-0.227
1973,heart,0.302,-0.228
1974,insignificant,-0.580,0.152
1974,excitement,0.452,-0.150
1975,less,-0.520,-0.026
1975,soft,-0.218,-0.421
1976,anxiety,-0.116,0.501
1976,dignity,0.389,-0.308
1977,remembered,0.191,-0.412
1977,living,0.398,-0.180
1978,wealthy,0.506,-0.248
1978,poor,-0.538,0.133
1979,great,0.531,-0.204
1979,worse,-0.320,0.446
1980,spite,-0.294,0.365
1980,careless,-0.426,0.114
1981,tremble,-0.061,0.489
1981,nimble,0.470,-0.072
1982,agony,-0.154,0.487
1982,serene,-0.120,-0.478
1983,vulgarity,-0.132,0.535
1983,harmony,0.101,-0.510
1984,positively,0.516,-0.227
1984,effort,0.490,0.064
1985,fear,-0.200,0.534
1985,losing,-0.323,0.423
1986,offensive,0.073,0.532
1986,low,-0.526,-0.059
1987,depression,-0.418,0.342
1987,true,0.367,-0.319
1988,marvelous,0.490,-0.218
1988,hurting,-0.242,0.431
1989,peace,0.136,-0.550
1989,pity,-0.497,0.159
1990,wonderful,0.605,-0.136
1990,life,0.497,-0.209
1991,excited,0.560,0.011
1991,quality,0.425,-0.311
1992,great,0.531,-0.204
1992,creation,0.515,-0.241
1993,hurt,-0.239,0.496
1993,delighted,0.430,-0.196
1994,fine,0.143,-0.406
1994,down,-0.398,0.084
1995,suffer,-0.187,0.575
1995,greatest,0.539,-0.145
1996,positively,0.516,-0.227
1996,cleverness,0.497,-0.249
1997,sincerity,0.266,-0.390
1997,forgotten,-0.466,0.027
1998,enthusiasm,0.585,-0.086
1998,waste,-0.453,0.325
1999,extremely,0.503,0.144
1999,money,0.459,-0.160
2000,alone,-0.448,-0.121
2000,lost,-0.327,0.315
2001,perfection,0.621,-0.088
2001,excited,0.560,0.011
2002,happy,0.558,-0.188
2002,talent,0.505,-0.245
2003,defect,-0.381,0.293
2003,denying,-0.354,0.323
2004,love,0.383,-0.341
2004,true,0.367,-0.319
2005,reassurance,0.076,-0.524
2005,approval,0.439,-0.267
2006,afraid,-0.297,0.533
2006,respect,0.325,-0.405
2007,opportunity,0.576,-0.134
2007,disagreeable,-0.393,0.416
2008,magnificent,0.614,-0.221
2008,wealthy,0.506,-0.248
2009,life,0.497,-0.209
2009,envious,-0.188,0.450
2010,perfect,0.493,-0.351
2010,glad,0.516,-0.127
2011,irritating,-0.078,0.566
2011,offensive,0.073,0.532
2012,tortured,-0.132,0.580
2012,experience,0.512,-0.138
2013,loss,-0.395,0.351
2013,broken,-0.368,0.308
2014,happiness,0.593,-0.158
2014,happy,0.558,-0.188
2015,smooth,-0.176,-0.500
2015,sore,-0.330,0.385
2016,future,0.469,-0.169
2016,jealousy,-0.055,0.450
2017,extraordinary,0.603,-0.167
2017,useless,-0.527,0.202
2018,life,0.497,-0.209
2018,engaged,0.466,-0.163
2019,love,0.383,-0.341
2019,loving,0.375,-0.241
2020,crying,-0.287,0.379
2020,collision,0.101,0.428
2021,great,0.531,-0.204
2021,pleased,0.455,-0.272
2022,irresistible,0.565,0.010
2022,attraction,0.486,-0.096
2023,burst,0.267,0.535
2023,happy,0.558,-0.188
2024,happiness,0.593,-0.158
2024,calm,-0.162,-0.556
2025,senseless,-0.504,0.179
2025,agonizing,-0.180,0.502
2026,violent,0.090,0.574
2026,pain,-0.192,0.531
2027,intensity,0.593,0.227
2027,suffering,-0.326,0.487
2028,suffer,-0.187,0.575
2028,aching,-0.151,0.579
2029,peace,0.136,-0.550
2029,broken,-0.368,0.308
2030,life,0.497,-0.209
2030,true,0.367,-0.319
2031,monstrous,0.117,0.605
2031,shameful,-0.314,0.447
2032,happy,0.558,-0.188
2032,abandoned,-0.503,0.300
2033,happiness,0.593,-0.158
2033,brilliant,0.560,-0.248
2034,poverty,-0.434,0.310
2034,worth,0.471,-0.246
2035,leading,0.584,-0.078
2035,wealth,0.502,-0.149
2036,progress,0.530,-0.161
2036,harmony,0.101,-0.510
2037,great,0.531,-0.204
2037,prince,0.444,-0.290
2038,goodness,0.303,-0.453
2038,ill,-0.473,0.234
2039,prosperity,0.516,-0.217
2039,radiant,0.507,-0.119
2040,tiny,-0.427,-0.210
2040,little,-0.428,-0.163
2041,natural,-0.020,-0.520
2041,good,0.180,-0.406
2042,shameful,-0.314,0.447
2042,life,0.497,-0.209
2043,dull,-0.562,-0.054
2043,scarcely,-0.496,0.227
2044,independence,0.572,-0.157
2044,action,0.538,0.099
2045,education,0.336,-0.427
2045,satisfied,0.367,-0.317
2046,happiness,0.593,-0.158
2046,terrible,0.023,0.563
2047,hurt,-0.239,0.496
2047,smiling,0.415,-0.219
2048,illiterate,-0.485,0.198
2048,love,0.383,-0.341
2049,weak,-0.612,0.034
2049,tormented,-0.172,0.547
2050,ill,-0.473,0.234
2050,money,0.459,-0.160
2051,unwillingly,-0.355,0.234
2051,offended,-0.183,0.350
2052,infuriated,-0.000,0.606
2052,quarrel,0.009,0.576
2053,cool,0.414,-0.239
2053,god,0.416,-0.158
2054,fury,0.088,0.583
2054,weakness,-0.539,0.192
2055,awful,-0.118,0.513
2055,anger,0.122,0.499
2056,agree,0.120,-0.457
2056,cry,-0.299,0.343
2057,happiness,0.593,-0.158
2057,unhappy,-0.443,0.266
2058,loathing,-0.162,0.500
2058,horror,-0.069,0.517
2059,disagreeable,-0.393,0.416
2059,worse,-0.320,0.446
2060,disorder,-0.245,0.484
2060,life,0.497,-0.209
2061,empty,-0.610,-0.011
2061,anxiety,-0.116,0.501
2062,stupid,-0.395,0.260
2062,little,-0.428,-0.163
2063,shame,-0.388,0.421
2063,ill,-0.473,0.234
2064,positively,0.516,-0.227
2064,awful,-0.118,0.513
2065,gentleman,0.285,-0.267
2065,room,-0.030,-0.318
2066,weakness,-0.539,0.192
2066,distress,-0.126,0.539
2067,smooth,-0.176,-0.500
2067,stifling,0.081,0.495
2068,terrible,0.023,0.563
2068,faint,-0.493,0.253
2069,happiness,0.593,-0.158
2069,scarcely,-0.496,0.227
2070,frightening,0.126,0.602
2070,afraid,-0.297,0.533
2071,sick,-0.494,0.223
2071,stinking,-0.324,0.430
2072,suffer,-0.187,0.575
2072,suffering,-0.326,0.487
2073,life,0.497,-0.209
2073,painful,-0.232,0.485
2074,soft,-0.218,-0.421
2074,recognized,0.374,-0.288
2075,comfortable,0.032,-0.542
2075,radiant,0.507,-0.119
2076,calm,-0.162,-0.556
2076,disorder,-0.245,0.484
2077,emaciated,-0.431,0.301
2077,less,-0.520,-0.026
2078,worse,-0.320,0.446
2078,loathing,-0.162,0.500
2079,terror,-0.084,0.585
2079,engaged,0.466,-0.163
2080,pillow,-0.317,-0.387
2080,irate,-0.006,0.467
2081,sick,-0.494,0.223
2081,angry,0.045,0.505
2082,ill,-0.473,0.234
2082,shirt,-0.246,-0.371
2083,rosy,0.417,-0.288
2083,small,-0.395,-0.250
2084,hope,0.298,-0.425
2084,dissatisfied,-0.350,0.364
2085,water,-0.076,-0.488
2085,gone,-0.457,-0.049
2086,afraid,-0.297,0.533
2086,alone,-0.448,-0.121
2087,strong,0.608,-0.112
2087,disagreeable,-0.393,0.416
2088,emaciated,-0.431,0.301
2088,strength,0.496,-0.078
2089,wise,0.330,-0.430
2089,intellect,0.400,-0.289
2090,great,0.531,-0.204
2090,life,0.497,-0.209
2091,death,-0.149,0.490
2091,frightened,-0.199,0.459
2092,terror,-0.084,0.585
2092,loss,-0.395,0.351
2093,hell,0.008,0.638
2093,vexed,-0.110,0.483
2094,suffering,-0.326,0.487
2094,dead,-0.467,0.279
2095,sick,-0.494,0.223
2095,active,0.450,-0.083
2096,dangerous,0.086,0.658
2096,battle,0.412,0.420
2097,glad,0.516,-0.127
2097,sleep,-0.203,-0.448
2098,soft,-0.218,-0.421
2098,little,-0.428,-0.163
2099,engaged,0.466,-0.163
2099,spite,-0.294,0.365
2100,death,-0.149,0.490
2100,kiss,0.476,-0.117
2101,worse,-0.320,0.446
2101,miserable,-0.463,0.277
2102,great,0.531,-0.204
2102,tiny,-0.427,-0.210
2103,passionate,0.567,-0.119
2103,life,0.497,-0.209
2104,desperate,-0.162,0.530
2104,painful,-0.232,0.485
2105,strong,0.608,-0.112
2105,pain,-0.192,0.531
2106,wonderful,0.605,-0.136
2106,happy,0.558,-0.188
2107,suffering,-0.326,0.487
2107,sick,-0.494,0.223
2108,deceive,-0.133,0.480
2108,tea,-0.157,-0.381
2109,afraid,-0.297,0.533
2109,die,-0.281,0.512
2110,dead,-0.467,0.279
2110,lie,-0.242,0.413
2111,calm,-0.162,-0.556
2111,dying,-0.207,0.442
2112,effort,0.490,0.064
2112,exhausted,-0.440,0.207
2113,sorrow,-0.593,0.127
2113,loss,-0.395,0.351
2114,death,-0.149,0.490
2114,doctor,0.376,-0.108
2115,sleep,-0.203,-0.448
2115,food,0.129,-0.401
2116,irritable,-0.005,0.591
2116,sick,-0.494,0.223
2117,suffering,-0.326,0.487
2117,vindictive,-0.046,0.523
2118,disgusting,-0.277,0.532
2118,die,-0.281,0.512
2119,deceit,-0.259,0.476
2119,hope,0.298,-0.425
2120,furious,0.069,0.633
2120,life,0.497,-0.209
2121,pain,-0.192,0.531
2121,agony,-0.154,0.487
2122,happiness,0.593,-0.158
2122,revulsion,-0.184,0.462
2123,effort,0.490,0.064
2123,pleasure,0.465,-0.144
2124,rest,-0.101,-0.532
2124,loathing,-0.162,0.500
2125,worse,-0.320,0.446
2125,sick,-0.494,0.223
2126,snatch,0.171,0.460
2126,true,0.367,-0.319
2127,dying,-0.207,0.442
2127,intensely,0.443,0.109
2128,faint,-0.493,0.253
2128,dead,-0.467,0.279
2129,terrible,0.023,0.563
2129,horror,-0.069,0.517
2130,menace,0.189,0.554
2130,scarcely,-0.496,0.227
2131,distraught,-0.170,0.546
2131,peace,0.136,-0.550
2132,painful,-0.232,0.485
2132,happily,0.466,-0.223
2133,hopeless,-0.580,0.138
2133,shame,-0.388,0.421
2134,despair,-0.236,0.470
2134,immense,0.471,0.001
2135,graciously,0.283,-0.418
2135,trouble,-0.068,0.476
2136,firmness,0.468,-0.229
2136,strength,0.496,-0.078
2137,strangle,0.021,0.589
2137,merciless,0.060,0.584
2138,sorrow,-0.593,0.127
2138,suffering,-0.326,0.487
2139,died,-0.292,0.443
2139,orphan,-0.497,0.173
2140,wealthy,0.506,-0.248
2140,friendship,0.293,-0.431
2141,honor,0.497,-0.211
2141,common,-0.260,-0.337
2142,plenty,0.451,-0.145
2142,friend,0.213,-0.351
2143,intelligent,0.493,-0.258
2143,education,0.336,-0.427
2144,trouble,-0.068,0.476
2144,understanding,0.225,-0.391
2145,terrible,0.023,0.563
2145,despair,-0.236,0.470
2146,chair,-0.331,-0.342
2146,unwell,-0.313,0.343
2147,sorrow,-0.593,0.127
2147,great,0.531,-0.204
2148,love,0.383,-0.341
2148,pleasant,0.253,-0.441
2149,weak,-0.612,0.034
2149,loss,-0.395,0.351
2150,stabbed,-0.104,0.595
2150,strength,0.496,-0.078
2151,afraid,-0.297,0.533
2151,blue,-0.252,-0.365
2152,strong,0.608,-0.112
2152,humiliating,-0.275,0.456
2153,glory,0.565,-0.149
2153,peace,0.136,-0.550
2154,enthusiastic,0.619,-0.010
2154,disagreeable,-0.393,0.416
2155,pleasure,0.465,-0.144
2155,grateful,0.201,-0.430
2156,dead,-0.467,0.279
2156,scared,-0.248,0.469
2157,gaining,0.501,-0.146
2157,less,-0.520,-0.026
2158,perfect,0.493,-0.351
2158,harmony,0.101,-0.510
2159,happiness,0.593,-0.158
2159,action,0.538,0.099
2160,abandoned,-0.503,0.300
2160,wealthy,0.506,-0.248
2161,loss,-0.395,0.351
2161,love,0.383,-0.341
2162,family,0.281,-0.413
2162,trouble,-0.068,0.476
2163,life,0.497,-0.209
2163,experienced,0.488,-0.100
2164,overjoyed,0.487,-0.141
2164,weary,-0.473,0.058
2165,awful,-0.118,0.513
2165,knowledge,0.426,-0.282
2166,calm,-0.162,-0.556
2166,friends,0.309,-0.298
2167,attack,0.230,0.471
2167,horror,-0.069,0.517
2168,suffer,-0.187,0.575
2168,generous,0.430,-0.410
2169,refusal,-0.300,0.392
2169,home,0.099,-0.413
2170,opportunity,0.576,-0.134
2170,painful,-0.232,0.485
2171,war,0.113,0.626
2171,honor,0.497,-0.211
2172,influential,0.610,-0.140
2172,happy,0.558,-0.188
2173,poor,-0.538,0.133
2173,devil,0.103,0.526
2174,fear,-0.200,0.534
2174,family,0.281,-0.413
2175,life,0.497,-0.209
2175,misfortune,-0.205,0.479
2176,action,0.538,0.099
2176,familiar,0.204,-0.406
2177,hopeless,-0.580,0.138
2177,positively,0.516,-0.227
2178,trouble,-0.068,0.476
2178,council,0.179,-0.418
2179,strong,0.608,-0.112
2179,powerfully,0.598,-0.083
2180,weariness,-0.475,0.160
2180,dignity,0.389,-0.308
2181,great,0.531,-0.204
2181,hostility,-0.082,0.461
2182,anxiety,-0.116,0.501
2182,love,0.383,-0.341
2183,joy,0.606,-0.111
2183,angel,0.186,-0.521
2184,education,0.336,-0.427
2184,pleased,0.455,-0.272
2185,engaging,0.538,-0.231
2185,life,0.497,-0.209
2186,enthusiasm,0.585,-0.086
2186,painful,-0.232,0.485
2187,greatness,0.684,-0.163
2187,snug,0.026,-0.491
2188,silk,-0.199,-0.462
2188,sofa,-0.319,-0.342
2189,evil,-0.040,0.560
2189,cruelty,-0.017,0.528
2190,dead,-0.467,0.279
2190,sincere,0.259,-0.455
2191,suffering,-0.326,0.487
2191,torture,0.029,0.541
2192,leading,0.584,-0.078
2192,sacred,0.368,-0.311
2193,almighty,0.728,-0.040
2193,peace,0.136,-0.550
2194,tortured,-0.132,0.580
2194,harassing,-0.050,0.530
2195,shame,-0.388,0.421
2195,excited,0.560,0.011
2196,vigorous,0.594,-0.055
2196,life,0.497,-0.209
2197,virtue,0.406,-0.312
2197,rosy,0.417,-0.288
2198,feeble,-0.559,0.080
2198,ill,-0.473,0.234
2199,great,0.531,-0.204
2199,glad,0.516,-0.127
2200,small,-0.395,-0.250
2200,birthday,0.452,-0.099
2201,fortune,0.592,-0.133
2201,happy,0.558,-0.188
2202,congratulate,0.525,-0.142
2202,gray,-0.473,-0.133
2203,learn,0.472,-0.128
2203,teacher,0.362,-0.238
2204,meditation,-0.055,-0.470
2204,book,0.088,-0.414
2205,win,0.586,-0.159
2205,action,0.538,0.099
2206,positively,0.516,-0.227
2206,hurt,-0.239,0.496
2207,scanty,-0.456,0.023
2207,importance,0.426,-0.110
2208,useless,-0.527,0.202
2208,love,0.383,-0.341
2209,dead,-0.467,0.279
2209,death,-0.149,0.490
2210,happiness,0.593,-0.158
2210,softness,-0.082,-0.561
2211,believing,0.386,-0.310
2211,intensely,0.443,0.109
2212,joy,0.606,-0.111
2212,easy,-0.056,-0.480
2213,reward,0.520,-0.178
2213,glad,0.516,-0.127
2214,dull,-0.562,-0.054
2214,shining,0.500,-0.146
2215,hope,0.298,-0.425
2215,exist,0.348,-0.300
2216,action,0.538,0.099
2216,scared,-0.248,0.469
2217,unable,-0.425,0.225
2217,chair,-0.331,-0.342
2218,death,-0.149,0.490
2218,fascinated,0.466,-0.066
2219,die,-0.281,0.512
2219,died,-0.292,0.443
2220,punish,0.008,0.535
2220,learn,0.472,-0.128
2221,education,0.336,-0.427
2221,badly,-0.363,0.306
2222,love,0.383,-0.341
2222,knowledge,0.426,-0.282
2223,punishment,-0.026,0.527
2223,happily,0.466,-0.223
2224,splendid,0.536,-0.108
2224,ill,-0.473,0.234
2225,mother,0.333,-0.366
2225,asleep,-0.306,-0.361
2226,divorce,-0.216,0.464
2226,marry,0.449,-0.096
2227,respect,0.325,-0.405
2227,wife,0.314,-0.186
2228,experience,0.512,-0.138
2228,vague,-0.495,0.034
2229,progress,0.530,-0.161
2229,rapidity,0.447,0.098
2230,regard,0.296,-0.318
2230,strain,-0.122,0.391
2231,enthusiasm,0.585,-0.086
2231,poor,-0.538,0.133
2232,courage,0.526,-0.067
2232,friendship,0.293,-0.431
2233,enthusiastic,0.619,-0.010
2233,family,0.281,-0.413
2234,hope,0.298,-0.425
2234,alone,-0.448,-0.121
2235,gloomy,-0.393,0.213
2235,live,0.399,-0.148
2236,offend,-0.178,0.496
2236,angry,0.045,0.505
2237,useless,-0.527,0.202
2237,order,0.269,-0.330
2238,painful,-0.232,0.485
2238,sore,-0.330,0.385
2239,irritable,-0.005,0.591
2239,worrying,-0.254,0.491
2240,natural,-0.020,-0.520
2240,easy,-0.056,-0.480
2241,peace,0.136,-0.550
2241,miserable,-0.463,0.277
2242,great,0.531,-0.204
2242,kiss,0.476,-0.117
2243,cruel,-0.092,0.521
2243,humiliated,-0.302,0.420
2244,suffering,-0.326,0.487
2244,hate,-0.140,0.544
2245,depressed,-0.527,0.291
2245,passionate,0.567,-0.119
2246,worse,-0.320,0.446
2246,action,0.538,0.099
2247,congratulate,0.525,-0.142
2247,money,0.459,-0.160
2248,home,0.099,-0.413
2248,close,-0.390,-0.025
2249,prince,0.444,-0.290
2249,pleased,0.455,-0.272
2250,painful,-0.232,0.485
2250,low,-0.526,-0.059
2251,ill,-0.473,0.234
2251,wait,-0.467,-0.040
2252,yawn,-0.500,-0.194
2252,yawning,-0.477,-0.083
2253,love,0.383,-0.341
2253,short,-0.461,0.055
2254,mother,0.333,-0.366
2254,soft,-0.218,-0.421
2255,asleep,-0.306,-0.361
2255,smiling,0.415,-0.219
2256,joy,0.606,-0.111
2256,quilt,-0.307,-0.375
2257,hell,0.008,0.638
2257,chair,-0.331,-0.342
2258,dead,-0.467,0.279
2258,favorite,0.373,-0.208
2259,communicate,0.260,-0.287
2259,fixed,-0.061,-0.362
2260,ill,-0.473,0.234
2260,excitement,0.452,-0.150
2261,silent,-0.354,-0.245
2261,down,-0.398,0.084
2262,swindle,-0.118,0.436
2262,kindness,0.152,-0.420
2263,mother,0.333,-0.366
2263,fall,-0.288,0.330
2264,incapable,-0.407,0.254
2264,god,0.416,-0.158
2265,burst,0.267,0.535
2265,radiant,0.507,-0.119
2266,shame,-0.388,0.421
2266,dread,-0.129,0.447
2267,unhappy,-0.443,0.266
2267,father,0.310,-0.327
2268,afraid,-0.297,0.533
2268,rest,-0.101,-0.532
2269,despair,-0.236,0.470
2269,weakly,-0.513,-0.019
2270,scared,-0.248,0.469
2270,short,-0.461,0.055
2271,sorrow,-0.593,0.127
2271,hatred,-0.120,0.571
2272,low,-0.526,-0.059
2272,chair,-0.331,-0.342
2273,mother,0.333,-0.366
2273,kiss,0.476,-0.117
2274,love,0.383,-0.341
2274,charming,0.475,-0.180
2275,painful,-0.232,0.485
2275,future,0.469,-0.169
2276,little,-0.428,-0.163
2276,table,-0.289,-0.274
2277,intensity,0.593,0.227
2277,smiling,0.415,-0.219
2278,misery,-0.482,0.157
2278,alone,-0.448,-0.121
2279,prince,0.444,-0.290
2279,heart,0.302,-0.228
2280,terrible,0.023,0.563
2280,home,0.099,-0.413
2281,despair,-0.236,0.470
2281,unable,-0.425,0.225
2282,forgotten,-0.466,0.027
2282,fall,-0.288,0.330
2283,life,0.497,-0.209
2283,immense,0.471,0.001
2284,angry,0.045,0.505
2284,embarrassment,-0.288,0.374
2285,ill,-0.473,0.234
2285,delighted,0.430,-0.196
2286,miserable,-0.463,0.277
2286,serene,-0.120,-0.478
2287,disagreeable,-0.393,0.416
2287,gone,-0.457,-0.049
2288,hostile,0.006,0.484
2288,excitement,0.452,-0.150
2289,disturbed,-0.151,0.518
2289,worried,-0.123,0.512
2290,faint,-0.493,0.253
2290,indisposed,-0.392,0.274
2291,amazing,0.616,-0.047
2291,loss,-0.395,0.351
2292,aggressively,0.215,0.482
2292,benefit,0.386,-0.334
2293,dazzling,0.551,0.017
2293,wounded,-0.226,0.455
2294,despair,-0.236,0.470
2294,alone,-0.448,-0.121
2295,love,0.383,-0.341
2295,living,0.398,-0.180
2296,irritation,-0.057,0.538
2296,elegance,0.393,-0.360
2297,hatred,-0.120,0.571
2297,worse,-0.320,0.446
2298,respect,0.325,-0.405
2298,diminished,-0.502,0.077
2299,powerful,0.695,-0.016
2299,water,-0.076,-0.488
2300,smiling,0.415,-0.219
2300,gone,-0.457,-0.049
2301,frightened,-0.199,0.459
2301,mother,0.333,-0.366
2302,upset,-0.251,0.427
2302,stupid,-0.395,0.260
2303,broken,-0.368,0.308
2303,little,-0.428,-0.163
2304,closed,-0.422,-0.051
2304,end,-0.369,0.106
2305,diamonds,0.602,-0.164
2305,applause,0.484,-0.077
2306,less,-0.520,-0.026
2306,uninteresting,-0.496,0.057
2307,dirty,-0.431,0.209
2307,crowd,0.249,0.344
2308,relief,0.051,-0.403
2308,military,0.320,0.236
2309,freedom,0.548,-0.292
2309,ill,-0.473,0.234
2310,brilliance,0.565,-0.221
2310,proud,0.568,-0.140
2311,injury,-0.250,0.503
2311,intensely,0.443,0.109
2312,losing,-0.323,0.423
2312,little,-0.428,-0.163
2313,empty,-0.610,-0.011
2313,angry,0.045,0.505
2314,successful,0.647,-0.152
2314,humiliating,-0.275,0.456
2315,serenity,0.060,-0.547
2315,agonizing,-0.180,0.502
2316,mother,0.333,-0.366
2316,princess,0.306,-0.234
2317,excited,0.560,0.011
2317,hateful,-0.112,0.527
2318,insulting,-0.104,0.524
2318,smiling,0.415,-0.219
2319,disgusting,-0.277,0.532
2319,idiot,-0.454,0.329
2320,suffering,-0.326,0.487
2320,poor,-0.538,0.133
2321,lovely,0.361,-0.322
2321,silent,-0.354,-0.245
2322,hatred,-0.120,0.571
2322,calm,-0.162,-0.556
2323,tortured,-0.132,0.580
2323,terror,-0.084,0.585
2324,happiness,0.593,-0.158
2324,greatest,0.539,-0.145
2325,interesting,0.488,-0.143
2325,friends,0.309,-0.298
2326,little,-0.428,-0.163
2326,deserted,-0.388,0.223
2327,respect,0.325,-0.405
2327,family,0.281,-0.413
2328,intellectual,0.430,-0.310
2328,mother,0.333,-0.366
2329,passion,0.516,0.005
2329,defending,0.455,0.194
2330,freedom,0.548,-0.292
2330,shy,-0.542,-0.096
2331,cup,-0.297,-0.324
2331,rose,-0.008,-0.423
2332,blessing,0.318,-0.460
2332,betrayed,-0.199,0.451
2333,happy,0.558,-0.188
2333,new,0.262,-0.305
2334,water,-0.076,-0.488
2334,party,0.419,-0.088
2335,angry,0.045,0.505
2335,untidy,-0.322,0.350
2336,wrath,0.000,0.617
2336,responsible,0.422,-0.211
2337,enjoy,0.517,-0.166
2337,ill,-0.473,0.234
2338,charming,0.475,-0.180
2338,appreciate,0.329,-0.322
2339,mother,0.333,-0.366
2339,little,-0.428,-0.163
2340,famous,0.615,-0.095
2340,splendid,0.536,-0.108
2341,fortune,0.592,-0.133
2341,love,0.383,-0.341
2342,excited,0.560,0.011
2342,excite,0.497,0.084
2343,life,0.497,-0.209
2343,paramount,0.481,-0.100
2344,wonderful,0.605,-0.136
2344,passion,0.516,0.005
2345,miserable,-0.463,0.277
2345,natural,-0.020,-0.520
2346,suffering,-0.326,0.487
2346,calm,-0.162,-0.556
2347,happy,0.558,-0.188
2347,horrid,-0.155,0.503
2348,broken,-0.368,0.308
2348,second,-0.325,-0.203
2349,mother,0.333,-0.366
2349,water,-0.076,-0.488
2350,dead,-0.467,0.279
2350,respected,0.430,-0.321
2351,cheer,0.603,-0.106
2351,cool,0.414,-0.239
2352,angry,0.045,0.505
2352,little,-0.428,-0.163
2353,beaten,-0.213,0.530
2353,glad,0.516,-0.127
2354,absent,-0.572,0.025
2354,unpleasant,-0.363,0.337
2355,softness,-0.082,-0.561
2355,tired,-0.498,0.132
2356,died,-0.292,0.443
2356,love,0.383,-0.341
2357,wonderful,0.605,-0.136
2357,wonderfully,0.590,-0.146
2358,tenderness,0.020,-0.485
2358,trouble,-0.068,0.476
2359,terrible,0.023,0.563
2359,poor,-0.538,0.133
2360,happy,0.558,-0.188
2360,calm,-0.162,-0.556
2361,shame,-0.388,0.421
2361,sincere,0.259,-0.455
2362,agile,0.423,-0.097
2362,cried,-0.290,0.308
2363,goodness,0.303,-0.453
2363,father,0.310,-0.327
2364,general,0.414,-0.237
2364,good,0.180,-0.406
2365,hell,0.008,0.638
2365,wild,0.289,0.438
2366,excited,0.560,0.011
2366,worth,0.471,-0.246
2367,happiness,0.593,-0.158
2367,attractive,0.459,-0.193
2368,rest,-0.101,-0.532
2368,glad,0.516,-0.127
2369,low,-0.526,-0.059
2369,rosy,0.417,-0.288
2370,soft,-0.218,-0.421
2370,delight,0.409,-0.204
2371,passion,0.516,0.005
2371,attraction,0.486,-0.096
2372,great,0.531,-0.204
2372,false,-0.423,0.198
2373,positively,0.516,-0.227
2373,love,0.383,-0.341
2374,poor,-0.538,0.133
2374,life,0.497,-0.209
2375,family,0.281,-0.413
2375,future,0.469,-0.169
2376,glowing,0.448,-0.225
2376,youth,0.440,-0.232
2377,harmoniously,0.228,-0.495
2377,sunshine,0.289,-0.407
2378,happy,0.558,-0.188
2378,advanced,0.445,-0.151
2379,glad,0.516,-0.127
2379,gently,-0.011,-0.476
2380,panic,-0.081,0.614
2380,joy,0.606,-0.111
2381,annoyed,-0.174,0.475
2381,silent,-0.354,-0.245
2382,happiness,0.593,-0.158
2382,love,0.383,-0.341
2383,painful,-0.232,0.485
2383,downcast,-0.415,0.298
2384,scarcely,-0.496,0.227
2384,emotion,0.416,0.126
2385,sore,-0.330,0.385
2385,true,0.367,-0.319
2386,calm,-0.162,-0.556
2386,ill,-0.473,0.234
2387,great,0.531,-0.204
2387,negative,-0.420,0.293
2388,happy,0.558,-0.188
2388,disagreeable,-0.393,0.416
2389,prince,0.444,-0.290
2389,alone,-0.448,-0.121
2390,empty,-0.610,-0.011
2390,miserable,-0.463,0.277
2391,air,-0.110,-0.386
2391,holidays,0.237,-0.303
2392,anxiety,-0.116,0.501
2392,mother,0.333,-0.366
2393,shooting,0.168,0.463
2393,badly,-0.363,0.306
2394,nice,0.295,-0.345
2394,able,0.367,-0.194
2395,apathy,-0.509,0.018
2395,water,-0.076,-0.488
2396,hell,0.008,0.638
2396,positively,0.516,-0.227
2397,afraid,-0.297,0.533
2397,mistaken,-0.330,0.344
2398,brilliant,0.560,-0.248
2398,prince,0.444,-0.290
2399,vexed,-0.110,0.483
2399,excitement,0.452,-0.150
2400,great,0.531,-0.204
2400,happiest,0.525,-0.195
2401,pleased,0.455,-0.272
2401,love,0.383,-0.341
2402,hateful,-0.112,0.527
2402,respected,0.430,-0.321
2403,important,0.468,-0.133
2403,alone,-0.448,-0.121
2404,general,0.414,-0.237
2404,wait,-0.467,-0.040
2405,snipe,0.041,0.504
2405,shooting,0.168,0.463
2406,faint,-0.493,0.253
2406,tired,-0.498,0.132
2407,down,-0.398,0.084
2407,table,-0.289,-0.274
2408,nice,0.295,-0.345
2408,handsome,0.374,-0.205
2409,splendid,0.536,-0.108
2409,jolly,0.477,-0.182
2410,fascinating,0.595,-0.116
2410,gone,-0.457,-0.049
2411,disagreeable,-0.393,0.416
2411,love,0.383,-0.341
2412,enjoy,0.517,-0.166
2412,misery,-0.482,0.157
2413,gun,0.179,0.554
2413,life,0.497,-0.209
2414,agony,-0.154,0.487
2414,blame,-0.263,0.367
2415,charming,0.475,-0.180
2415,lovely,0.361,-0.322
2416,strong,0.608,-0.112
2416,burst,0.267,0.535
2417,suffering,-0.326,0.487
2417,cruel,-0.092,0.521
2418,increase,0.509,-0.100
2418,attractive,0.459,-0.193
2419,amusement,0.594,-0.065
2419,peace,0.136,-0.550
2420,positively,0.516,-0.227
2420,desperate,-0.162,0.530
2421,happiness,0.593,-0.158
2421,happy,0.558,-0.188
2422,criminal,-0.060,0.575
2422,worrying,-0.254,0.491
2423,shooting,0.168,0.463
2423,delay,-0.387,0.207
2424,gun,0.179,0.554
2424,welcomed,0.398,-0.242
2425,perfect,0.493,-0.351
2425,quality,0.425,-0.311
2426,radiant,0.507,-0.119
2426,charming,0.475,-0.180
2427,great,0.531,-0.204
2427,idiocy,-0.392,0.358
2428,strong,0.608,-0.112
2428,pleasure,0.465,-0.144
2429,honor,0.497,-0.211
2429,villain,0.091,0.508
2430,annoyance,-0.176,0.384
2430,together,0.249,-0.338
2431,down,-0.398,0.084
2431,smile,0.334,-0.221
2432,family,0.281,-0.413
2432,understanding,0.225,-0.391
2433,joy,0.606,-0.111
2433,shoot,0.091,0.594
2434,life,0.497,-0.209
2434,elegance,0.393,-0.360
2435,excellent,0.543,-0.264
2435,education,0.336,-0.427
2436,wild,0.289,0.438
2436,attractive,0.459,-0.193
2437,splendid,0.536,-0.108
2437,ill,-0.473,0.234
2438,magnificent,0.614,-0.221
2438,snipe,0.041,0.504
2439,experienced,0.488,-0.100
2439,little,-0.428,-0.163
2440,together,0.249,-0.338
2440,startled,0.110,0.373
2441,gun,0.179,0.554
2441,wasting,-0.475,0.255
2442,danger,0.136,0.577
2442,harm,-0.183,0.429
2443,shoot,0.091,0.594
2443,general,0.414,-0.237
2444,injustice,-0.127,0.476
2444,hopeful,0.246,-0.416
2445,violently,0.055,0.600
2445,scare,-0.163,0.546
2446,losing,-0.323,0.423
2446,tramp,-0.421,0.277
2447,snipe,0.041,0.504
2447,shooting,0.168,0.463
2448,damn,-0.127,0.502
2448,vexed,-0.110,0.483
2449,smooth,-0.176,-0.500
2449,genial,0.439,-0.164
2450,troubles,-0.222,0.559
2450,ill,-0.473,0.234
2451,afraid,-0.297,0.533
2451,comfortable,0.032,-0.542
2452,great,0.531,-0.204
2452,splendid,0.536,-0.108
2453,gun,0.179,0.554
2453,gloomy,-0.393,0.213
2454,agree,0.120,-0.457
2454,shot,-0.008,0.433
2455,faint,-0.493,0.253
2455,water,-0.076,-0.488
2456,shoot,0.091,0.594
2456,bang,0.272,0.491
2457,lucky,0.494,-0.244
2457,hit,0.203,0.496
2458,low,-0.526,-0.059
2458,snipe,0.041,0.504
2459,killing,0.152,0.629
2459,ill,-0.473,0.234
2460,success,0.758,-0.050
2460,hope,0.298,-0.425
2461,excited,0.560,0.011
2461,together,0.249,-0.338
2462,grass,-0.230,-0.314
2462,larger,0.378,-0.048
2463,sunlight,0.258,-0.352
2463,white,-0.100,-0.394
2464,strong,0.608,-0.112
2464,gun,0.179,0.554
2465,great,0.531,-0.204
2465,unlucky,-0.481,0.224
2466,water,-0.076,-0.488
2466,failure,-0.391,0.277
2467,disgraceful,-0.300,0.430
2467,snipe,0.041,0.504
2468,calm,-0.162,-0.556
2468,cool,0.414,-0.239
2469,worse,-0.320,0.446
2469,stinking,-0.324,0.430
2470,triumph,0.684,-0.116
2470,splendid,0.536,-0.108
2471,infectious,-0.111,0.435
2471,laugh,0.368,-0.248
2472,succeeding,0.557,-0.075
2472,absence,-0.469,0.058
2473,sleeping,-0.230,-0.437
2473,shooting,0.168,0.463
2474,money,0.459,-0.160
2474,delightful,0.425,-0.134
2475,disgust,-0.224,0.506
2475,pleasant,0.253,-0.441
2476,wealthy,0.506,-0.248
2476,intelligence,0.486,-0.164
2477,useless,-0.527,0.202
2477,honesty,0.340,-0.368
2478,honest,0.276,-0.468
2478,true,0.367,-0.319
2479,attitude,0.459,-0.073
2479,dishonest,-0.402,0.203
2480,perfect,0.493,-0.351
2480,life,0.497,-0.209
2481,kind,0.169,-0.476
2481,provoking,0.277,0.416
2482,family,0.281,-0.413
2482,unjust,-0.293,0.355
2483,increase,0.509,-0.100
2483,sleep,-0.203,-0.448
2484,great,0.531,-0.204
2484,faint,-0.493,0.253
2485,ill,-0.473,0.234
2485,fun,0.493,-0.059
2486,enjoy,0.517,-0.166
2486,enjoying,0.514,-0.106
2487,strong,0.608,-0.112
2487,negative,-0.420,0.293
2488,trouble,-0.068,0.476
2488,smiling,0.415,-0.219
2489,greatest,0.539,-0.145
2489,life,0.497,-0.209
2490,perfect,0.493,-0.351
2490,approval,0.439,-0.267
2491,asleep,-0.306,-0.361
2491,lost,-0.327,0.315
2492,shoot,0.091,0.594
2492,terrible,0.023,0.563
2493,snipe,0.041,0.504
2493,cool,0.414,-0.239
2494,freshness,0.189,-0.413
2494,infectious,-0.111,0.435
2495,gun,0.179,0.554
2495,sleeping,-0.230,-0.437
2496,shooting,0.168,0.463
2496,gray,-0.473,-0.133
2497,sky,0.029,-0.519
2497,bright,0.433,-0.250
2498,stillness,-0.182,-0.431
2498,smallest,-0.454,0.032
2499,recognized,0.374,-0.288
2499,little,-0.428,-0.163
2500,frightened,-0.199,0.459
2500,water,-0.076,-0.488
2501,strong,0.608,-0.112
2501,excited,0.560,0.011
2502,short,-0.461,0.055
2502,air,-0.110,-0.386
2503,angry,0.045,0.505
2503,command,0.355,0.268
2504,clear,0.148,-0.374
2504,sitting,-0.245,-0.294
2505,terrible,0.023,0.563
2505,enjoying,0.514,-0.106
2506,attitude,0.459,-0.073
2506,big,0.418,-0.144
2507,ill,-0.473,0.234
2507,clumsy,-0.483,0.201
2508,forward,0.325,-0.320
2508,cry,-0.299,0.343
2509,gun,0.179,0.554
2509,sky,0.029,-0.519
2510,gold,0.446,-0.181
2510,blue,-0.252,-0.365
2511,killing,0.152,0.629
2511,happy,0.558,-0.188
2512,pleased,0.455,-0.272
2512,less,-0.520,-0.026
2513,life,0.497,-0.209
2513,important,0.468,-0.133
2514,disagreeable,-0.393,0.416
2514,great,0.531,-0.204
2515,suffer,-0.187,0.575
2515,marvelous,0.490,-0.218
2516,hurt,-0.239,0.496
2516,drunk,-0.190,0.417
2517,successful,0.647,-0.152
2517,hungry,-0.295,0.422
2518,hostility,-0.082,0.461
2518,amused,0.455,-0.077
2519,dead,-0.467,0.279
2519,ill,-0.473,0.234
2520,splendid,0.536,-0.108
2520,pity,-0.497,0.159
2521,grandeur,0.578,-0.060
2521,offensive,0.073,0.532
2522,happiness,0.593,-0.158
2522,incredible,0.610,-0.037
2523,peace,0.136,-0.550
2523,frighten,0.042,0.414
2524,disturbed,-0.151,0.518
2524,died,-0.292,0.443
2525,rage,0.091,0.577
2525,hateful,-0.112,0.527
2526,scarcely,-0.496,0.227
2526,worried,-0.123,0.512
2527,admiration,0.437,-0.272
2527,knowledge,0.426,-0.282
2528,disgusting,-0.277,0.532
2528,uninteresting,-0.496,0.057
2529,familiar,0.204,-0.406
2529,disturb,-0.051,0.413
2530,misery,-0.482,0.157
2530,trembling,-0.134,0.449
2531,disaster,-0.069,0.570
2531,wretched,-0.378,0.292
2532,horrible,-0.117,0.552
2532,nice,0.295,-0.345
2533,happy,0.558,-0.188
2533,great,0.531,-0.204
2534,punish,0.008,0.535
2534,unlucky,-0.481,0.224
2535,crime,0.092,0.621
2535,evil,-0.040,0.560
2536,quarrel,0.009,0.576
2536,faint,-0.493,0.253
2537,ill,-0.473,0.234
2537,horror,-0.069,0.517
2538,hell,0.008,0.638
2538,enjoy,0.517,-0.166
2539,mother,0.333,-0.366
2539,broken,-0.368,0.308
2540,exceptional,0.580,-0.037
2540,family,0.281,-0.413
2541,shy,-0.542,-0.096
2541,strength,0.496,-0.078
2542,strong,0.608,-0.112
2542,dignity,0.389,-0.308
2543,irritate,-0.075,0.504
2543,glittering,0.451,-0.186
2544,sore,-0.330,0.385
2544,madness,-0.095,0.493
2545,suffer,-0.187,0.575
2545,great,0.531,-0.204
2546,low,-0.526,-0.059
2546,forgotten,-0.466,0.027
2547,action,0.538,0.099
2547,punishment,-0.026,0.527
2548,benefit,0.386,-0.334
2548,helpless,-0.442,0.219
2549,annoy,-0.231,0.467
2549,disliked,-0.415,0.312
2550,protest,0.076,0.533
2550,independent,0.432,-0.304
2551,disagreeable,-0.393,0.416
2551,wound,-0.208,0.395
2552,comfortable,0.032,-0.542
2552,unsatisfactory,-0.404,0.274
2553,praised,0.356,-0.357
2553,security,0.333,-0.326
2554,life,0.497,-0.209
2554,upset,-0.251,0.427
2555,future,0.469,-0.169
2555,renew,0.328,-0.270
2556,sorrow,-0.593,0.127
2556,curse,-0.218,0.484
2557,truth,0.321,-0.402
2557,pleasing,0.392,-0.324
2558,pain,-0.192,0.531
2558,incapacity,-0.428,0.312
2559,crime,0.092,0.621
2559,evil,-0.040,0.560
2560,penniless,-0.608,0.172
2560,irritable,-0.005,0.591
2561,die,-0.281,0.512
2561,greatest,0.539,-0.145
2562,frightening,0.126,0.602
2562,brutal,0.098,0.543
2563,happy,0.558,-0.188
2563,healthy,0.362,-0.428
2564,attack,0.230,0.471
2564,love,0.383,-0.341
2565,terrible,0.023,0.563
2565,life,0.497,-0.209
2566,ashamed,-0.326,0.298
2566,friend,0.213,-0.351
2567,passionate,0.567,-0.119
2567,bright,0.433,-0.250
2568,smile,0.334,-0.221
2568,ideal,0.291,-0.252
2569,slow,-0.542,-0.207
2569,shook,-0.038,0.423
2570,good,0.180,-0.406
2570,home,0.099,-0.413
2571,knowing,0.210,-0.335
2571,dust,-0.387,-0.073
2572,box,-0.290,-0.229
2572,know,0.213,-0.279
2573,gone,-0.457,-0.049
2573,turnout,0.450,0.047
2574,short,-0.461,0.055
2574,grace,0.081,-0.430
2575,elegance,0.393,-0.360
2575,pleased,0.455,-0.272
2576,joyful,0.479,-0.182
2576,recognized,0.374,-0.288
2577,glad,0.516,-0.127
2577,gray,-0.473,-0.133
2578,strong,0.608,-0.112
2578,rich,0.544,-0.171
2579,mortified,-0.269,0.458
2579,ill,-0.473,0.234
2580,splendid,0.536,-0.108
2580,less,-0.520,-0.026
2581,brilliance,0.565,-0.221
2581,love,0.383,-0.341
2582,fascinating,0.595,-0.116
2582,friendliness,0.210,-0.502
2583,smart,0.559,-0.202
2583,future,0.469,-0.169
2584,pleased,0.455,-0.272
2584,sleep,-0.203,-0.448
2585,happy,0.558,-0.188
2585,shameful,-0.314,0.447
2586,horrors,-0.116,0.556
2586,glad,0.516,-0.127
2587,courage,0.526,-0.067
2587,little,-0.428,-0.163
2588,foremost,0.456,-0.088
2588,short,-0.461,0.055
2589,penetrate,0.242,0.424
2589,friends,0.309,-0.298
2590,rich,0.544,-0.171
2590,nature,0.130,-0.470
2591,passionate,0.567,-0.119
2591,positively,0.516,-0.227
2592,love,0.383,-0.341
2592,money,0.459,-0.160
2593,wonderful,0.605,-0.136
2593,admiration,0.437,-0.272
2594,smart,0.559,-0.202
2594,big,0.418,-0.144
2595,smiling,0.415,-0.219
2595,favorite,0.373,-0.208
2596,happy,0.558,-0.188
2596,luxury,0.479,-0.183
2597,despise,-0.196,0.401
2597,delightful,0.425,-0.134
2598,great,0.531,-0.204
2598,glad,0.516,-0.127
2599,ill,-0.473,0.234
2599,wealth,0.502,-0.149
2600,silk,-0.199,-0.462
2600,sofa,-0.319,-0.342
2601,proud,0.568,-0.140
2601,mistake,-0.393,0.253
2602,pleased,0.455,-0.272
2602,love,0.383,-0.341
2603,water,-0.076,-0.488
2603,small,-0.395,-0.250
2604,gossip,-0.221,0.408
2604,simple,-0.235,-0.374
2605,wonderfully,0.590,-0.146
2605,terrible,0.023,0.563
2606,luxury,0.479,-0.183
2606,worries,-0.216,0.411
2607,chair,-0.331,-0.342
2607,little,-0.428,-0.163
2608,smart,0.559,-0.202
2608,disagreeable,-0.393,0.416
2609,positively,0.516,-0.227
2609,healthy,0.362,-0.428
2610,forward,0.325,-0.320
2610,good,0.180,-0.406
2611,amazing,0.616,-0.047
2611,exceptional,0.580,-0.037
2612,hungry,-0.295,0.422
2612,beggar,-0.454,0.104
2613,ill,-0.473,0.234
2613,company,0.382,-0.333
2614,happy,0.558,-0.188
2614,great,0.531,-0.204
2615,wild,0.289,0.438
2615,pleasant,0.253,-0.441
2616,value,0.444,-0.202
2616,lively,0.424,-0.031
2617,easy,-0.056,-0.480
2617,chair,-0.331,-0.342
2618,abandoned,-0.503,0.300
2618,divorce,-0.216,0.464
2619,mother,0.333,-0.366
2619,breakfast,0.059,-0.399
2620,good,0.180,-0.406
2620,party,0.419,-0.088
2621,agree,0.120,-0.457
2621,wait,-0.467,-0.040
2622,positively,0.516,-0.227
2622,life,0.497,-0.209
2623,proud,0.568,-0.140
2623,disagreeable,-0.393,0.416
2624,ill,-0.473,0.234
2624,ashamed,-0.326,0.298
2625,great,0.531,-0.204
2625,pleasure,0.465,-0.144
2626,bored,-0.552,0.009
2626,tired,-0.498,0.132
2627,wonder,0.540,-0.119
2627,little,-0.428,-0.163
2628,dazzling,0.551,0.017
2628,sunshine,0.289,-0.407
2629,low,-0.526,-0.059
2629,short,-0.461,0.055
2630,harmony,0.101,-0.510
2630,knowledge,0.426,-0.282
2631,hair,-0.264,-0.285
2631,greet,0.296,-0.247
2632,extraordinary,0.603,-0.167
2632,noise,-0.018,0.433
2633,sick,-0.494,0.223
2633,appreciated,0.374,-0.330
2634,weak,-0.612,0.034
2634,natural,-0.020,-0.520
2635,tired,-0.498,0.132
2635,love,0.383,-0.341
2636,believing,0.386,-0.310
2636,mistaken,-0.330,0.344
2637,afraid,-0.297,0.533
2637,scared,-0.248,0.469
2638,energetic,0.639,0.020
2638,sunshine,0.289,-0.407
2639,difficulty,-0.191,0.464
2639,normal,-0.146,-0.436
2640,honor,0.497,-0.211
2640,firmness,0.468,-0.229
2641,hell,0.008,0.638
2641,happy,0.558,-0.188
2642,smiling,0.415,-0.219
2642,down,-0.398,0.084
2643,die,-0.281,0.512
2643,life,0.497,-0.209
2644,vigorous,0.594,-0.055
2644,falsity,-0.326,0.392
2645,proud,0.568,-0.140
2645,horror,-0.069,0.517
2646,love,0.383,-0.341
2646,army,0.373,0.256
2647,great,0.531,-0.204
2647,clean,0.005,-0.464
2648,calming,-0.098,-0.557
2648,awful,-0.118,0.513
2649,agony,-0.154,0.487
2649,heartless,-0.213,0.411
2650,threatening,0.075,0.575
2650,divorce,-0.216,0.464
2651,unable,-0.425,0.225
2651,remembered,0.191,-0.412
2652,home,0.099,-0.413
2652,gratitude,0.243,-0.314
2653,magnificence,0.602,0.013
2653,delighted,0.430,-0.196
2654,tired,-0.498,0.132
2654,resplendent,0.469,-0.163
2655,luxury,0.479,-0.183
2655,general,0.414,-0.237
2656,trouble,-0.068,0.476
2656,household,0.132,-0.382
2657,magnificent,0.614,-0.221
2657,organization,0.425,-0.185
2658,elegance,0.393,-0.360
2658,enjoying,0.514,-0.106
2659,progress,0.530,-0.161
2659,wonder,0.540,-0.119
2660,respectful,0.397,-0.391
2660,power,0.518,-0.022
2661,pleasant,0.253,-0.441
2661,little,-0.428,-0.163
2662,pity,-0.497,0.159
2662,true,0.367,-0.319
2663,smile,0.334,-0.221
2663,pencil,-0.289,-0.254
2664,splendid,0.536,-0.108
2664,hope,0.298,-0.425
2665,marvelous,0.490,-0.218
2665,knowledge,0.426,-0.282
2666,disliked,-0.415,0.312
2666,company,0.382,-0.333
2667,positively,0.516,-0.227
2667,wounded,-0.226,0.455
2668,firing,0.270,0.536
2668,great,0.531,-0.204
2669,apathy,-0.509,0.018
2669,water,-0.076,-0.488
2670,quarrel,0.009,0.576
2670,peace,0.136,-0.550
2671,positive,0.490,-0.310
2671,enjoy,0.517,-0.166
2672,afraid,-0.297,0.533
2672,honor,0.497,-0.211
2673,irritation,-0.057,0.538
2673,mere,-0.420,-0.131
2674,disagreement,-0.332,0.357
2674,little,-0.428,-0.163
2675,disagreeable,-0.393,0.416
2675,tired,-0.498,0.132
2676,worse,-0.320,0.446
2676,party,0.419,-0.088
2677,enjoying,0.514,-0.106
2677,alone,-0.448,-0.121
2678,rest,-0.101,-0.532
2678,worries,-0.216,0.411
2679,great,0.531,-0.204
2679,positively,0.516,-0.227
2680,talk,0.160,-0.343
2680,heart,0.302,-0.228
2681,truth,0.321,-0.402
2681,angry,0.045,0.505
2682,happy,0.558,-0.188
2682,glad,0.516,-0.127
2683,life,0.497,-0.209
2683,desire,0.395,-0.148
2684,force,0.468,0.109
2684,living,0.398,-0.180
2685,divorce,-0.216,0.464
2685,easy,-0.056,-0.480
2686,unhappy,-0.443,0.266
2686,noble,0.208,-0.396
2687,suffer,-0.187,0.575
2687,slave,-0.276,0.426
2688,great,0.531,-0.204
2688,wonder,0.540,-0.119
2689,horrified,-0.141,0.592
2689,aroused,0.440,0.168
2690,love,0.383,-0.341
2690,friend,0.213,-0.351
2691,extraordinary,0.603,-0.167
2691,charming,0.475,-0.180
2692,strong,0.608,-0.112
2692,afraid,-0.297,0.533
2693,mother,0.333,-0.366
2693,father,0.310,-0.327
2694,wild,0.289,0.438
2694,alone,-0.448,-0.121
2695,disgust,-0.224,0.506
2695,poverty,-0.434,0.310
2696,agree,0.120,-0.457
2696,desire,0.395,-0.148
2697,happy,0.558,-0.188
2697,suffering,-0.326,0.487
2698,awful,-0.118,0.513
2698,marry,0.449,-0.096
2699,divorce,-0.216,0.464
2699,sleep,-0.203,-0.448
2700,humiliate,-0.284,0.462
2700,humiliating,-0.275,0.456
2701,abandoned,-0.503,0.300
2701,love,0.383,-0.341
2702,grand,0.594,-0.106
2702,rest,-0.101,-0.532
2703,burst,0.267,0.535
2703,unhappy,-0.443,0.266
2704,brilliance,0.565,-0.221
2704,force,0.468,0.109
2705,cheerful,0.491,-0.194
2705,excitement,0.452,-0.150
2706,glad,0.516,-0.127
2706,accord,-0.000,-0.456
2707,disliked,-0.415,0.312
2707,sad,-0.471,0.069
2708,leading,0.584,-0.078
2708,hurt,-0.239,0.496
2709,fear,-0.200,0.534
2709,wealth,0.502,-0.149
2710,great,0.531,-0.204
2710,luxury,0.479,-0.183
2711,perfect,0.493,-0.351
2711,divorce,-0.216,0.464
2712,life,0.497,-0.209
2712,abundance,0.501,-0.080
2713,knowledge,0.426,-0.282
2713,books,-0.121,-0.434
2714,freedom,0.548,-0.292
2714,appreciated,0.374,-0.330
2715,wealthy,0.506,-0.248
2715,satisfied,0.367,-0.317
2716,successful,0.647,-0.152
2716,wasting,-0.475,0.255
2717,wonder,0.540,-0.119
2717,excite,0.497,0.084
2718,money,0.459,-0.160
2718,small,-0.395,-0.250
2719,quarrel,0.009,0.576
2719,great,0.531,-0.204
2720,afraid,-0.297,0.533
2720,loss,-0.395,0.351
2721,dull,-0.562,-0.054
2721,hope,0.298,-0.425
2722,independence,0.572,-0.157
2722,view,0.137,-0.427
2723,bored,-0.552,0.009
2723,extremely,0.503,0.144
2724,difficulties,-0.176,0.492
2724,engaged,0.466,-0.163
2725,excellent,0.543,-0.264
2725,worrying,-0.254,0.491
2726,fatal,-0.081,0.508
2726,kind,0.169,-0.476
2727,good,0.180,-0.406
2727,tiresome,-0.361,0.202
2728,honest,0.276,-0.468
2728,respected,0.430,-0.321
2729,life,0.497,-0.209
2729,revolution,0.366,0.350
2730,fortune,0.592,-0.133
2730,positively,0.516,-0.227
2731,wealthy,0.506,-0.248
2731,council,0.179,-0.418
2732,honorable,0.427,-0.381
2732,great,0.531,-0.204
2733,confidence,0.442,-0.467
2733,governor,0.401,0.145
2734,terrible,0.023,0.563
2734,rest,-0.101,-0.532
2735,nobility,0.269,-0.344
2735,party,0.419,-0.088
2736,insult,-0.129,0.524
2736,malignant,-0.117,0.476
2737,honest,0.276,-0.468
2737,money,0.459,-0.160
2738,stormy,0.045,0.514
2738,family,0.281,-0.413
2739,hostile,0.006,0.484
2739,suspicious,-0.106,0.417
2740,short,-0.461,0.055
2740,special,0.386,-0.169
2741,peace,0.136,-0.550
2741,ardent,0.435,0.126
2742,intelligence,0.486,-0.164
2742,approving,0.445,-0.233
2743,glad,0.516,-0.127
2743,opposition,-0.006,0.426
2744,refused,-0.406,0.213
2744,inability,-0.341,0.263
2745,enemy,0.024,0.471
2745,good,0.180,-0.406
2746,afraid,-0.297,0.533
2746,guarantee,0.366,-0.424
2747,malignant,-0.117,0.476
2747,soft,-0.218,-0.421
2748,crowd,0.249,0.344
2748,table,-0.289,-0.274
2749,hatred,-0.120,0.571
2749,party,0.419,-0.088
2750,confidence,0.442,-0.467
2750,furious,0.069,0.633
2751,secure,0.413,-0.314
2751,passion,0.516,0.005
2752,excellent,0.543,-0.264
2752,life,0.497,-0.209
2753,calm,-0.162,-0.556
2753,cheerful,0.491,-0.194
2754,little,-0.428,-0.163
2754,significant,0.441,-0.122
2755,advanced,0.445,-0.151
2755,persons,0.153,-0.400
2756,hasty,-0.027,0.488
2756,overcome,0.451,-0.013
2757,trust,0.390,-0.238
2757,devoted,0.240,-0.381
2758,goodness,0.303,-0.453
2758,truth,0.321,-0.402
2759,grandeur,0.578,-0.060
2759,evil,-0.040,0.560
2760,respectful,0.397,-0.391
2760,respect,0.325,-0.405
2761,pathetic,-0.484,0.258
2761,scared,-0.248,0.469
2762,strong,0.608,-0.112
2762,weakness,-0.539,0.192
2763,hell,0.008,0.638
2763,intoxicated,-0.239,0.517
2764,battle,0.412,0.420
2764,rest,-0.101,-0.532
2765,depressed,-0.527,0.291
2765,alone,-0.448,-0.121
2766,denying,-0.354,0.323
2766,dirty,-0.431,0.209
2767,prince,0.444,-0.290
2767,damn,-0.127,0.502
2768,glad,0.516,-0.127
2768,pleasant,0.253,-0.441
2769,serenity,0.060,-0.547
2769,loss,-0.395,0.351
2770,peace,0.136,-0.550
2770,decaying,-0.415,0.304
2771,rich,0.544,-0.171
2771,truth,0.321,-0.402
2772,advantage,0.490,-0.253
2772,growth,0.449,-0.229
2773,worth,0.471,-0.246
2773,ill,-0.473,0.234
2774,hell,0.008,0.638
2774,clear,0.148,-0.374
2775,gain,0.507,-0.191
2775,true,0.367,-0.319
2776,fortune,0.592,-0.133
2776,proud,0.568,-0.140
2777,friend,0.213,-0.351
2777,down,-0.398,0.084
2778,wonder,0.540,-0.119
2778,glad,0.516,-0.127
2779,pleasure,0.465,-0.144
2779,delighted,0.430,-0.196
2780,rudeness,0.182,0.387
2780,slight,-0.364,-0.209
2781,worse,-0.320,0.446
2781,malignant,-0.117,0.476
2782,powerful,0.695,-0.016
2782,exciting,0.573,-0.112
2783,opportunity,0.576,-0.134
2783,peace,0.136,-0.550
2784,wrongly,-0.414,0.344
2784,stupid,-0.395,0.260
2785,opponent,0.062,0.479
2785,deficient,-0.413,0.148
2786,enemy,0.024,0.471
2786,big,0.418,-0.144
2787,forgotten,-0.466,0.027
2787,captain,0.436,0.088
2788,afraid,-0.297,0.533
2788,action,0.538,0.099
2789,trickery,-0.153,0.454
2789,majority,0.431,-0.073
2790,depressed,-0.527,0.291
2790,great,0.531,-0.204
2791,smart,0.559,-0.202
2791,splendid,0.536,-0.108
2792,eloquent,0.445,-0.133
2792,nobility,0.269,-0.344
2793,weak,-0.612,0.034
2793,bored,-0.552,0.009
2794,sad,-0.471,0.069
2794,dejected,-0.234,0.386
2795,gentleman,0.285,-0.267
2795,denied,-0.227,0.290
2796,happy,0.558,-0.188
2796,disgusted,-0.257,0.503
2797,successful,0.647,-0.152
2797,independence,0.572,-0.157
2798,success,0.758,-0.050
2798,wealth,0.502,-0.149
2799,excellent,0.543,-0.264
2799,friendship,0.293,-0.431
2800,triumph,0.684,-0.116
2800,succeed,0.642,-0.114
2801,winning,0.669,-0.163
2801,celebrating,0.582,-0.049
2802,shy,-0.542,-0.096
2802,honest,0.276,-0.468
2803,glad,0.516,-0.127
2803,pleased,0.455,-0.272
2804,betray,-0.025,0.588
2804,pleasure,0.465,-0.144
2805,weakness,-0.539,0.192
2805,congratulations,0.509,-0.148
2806,concert,0.551,-0.055
2806,benefit,0.386,-0.334
2807,astonishing,0.548,-0.027
2807,worth,0.471,-0.246
2808,disagreeable,-0.393,0.416
2808,losing,-0.323,0.423
2809,ill,-0.473,0.234
2809,love,0.383,-0.341
2810,freedom,0.548,-0.292
2810,peace,0.136,-0.550
2811,great,0.531,-0.204
2811,humiliation,-0.261,0.465
2812,true,0.367,-0.319
2812,fearful,-0.377,0.280
2813,divorce,-0.216,0.464
2813,incapable,-0.407,0.254
2814,panic,-0.081,0.614
2814,illness,-0.306,0.428
2815,dangerously,0.044,0.601
2815,positively,0.516,-0.227
2816,dull,-0.562,-0.054
2816,action,0.538,0.099
2817,afraid,-0.297,0.533
2817,wounded,-0.226,0.455
2818,glad,0.516,-0.127
2818,chair,-0.331,-0.342
2819,happily,0.466,-0.223
2819,charmed,0.446,-0.257
2820,success,0.758,-0.050
2820,painful,-0.232,0.485
2821,ill,-0.473,0.234
2821,truth,0.321,-0.402
2822,irritable,-0.005,0.591
2822,concert,0.551,-0.055
2823,threatening,0.075,0.575
2823,life,0.497,-0.209
2824,cruel,-0.092,0.521
2824,vindictive,-0.046,0.523
2825,trustworthy,0.380,-0.453
2825,terror,-0.084,0.585
2826,joy,0.606,-0.111
2826,happy,0.558,-0.188
2827,afraid,-0.297,0.533
2827,rude,-0.136,0.535
2828,pity,-0.497,0.159
2828,knowing,0.210,-0.335
2829,powerful,0.695,-0.016
2829,panic,-0.081,0.614
2830,horror,-0.069,0.517
2830,pleasure,0.465,-0.144
2831,prince,0.444,-0.290
2831,less,-0.520,-0.026
2832,great,0.531,-0.204
2832,advantage,0.490,-0.253
2833,recognized,0.374,-0.288
2833,familiar,0.204,-0.406
2834,father,0.310,-0.327
2834,approved,0.237,-0.336
2835,grateful,0.201,-0.430
2835,warmth,0.170,-0.402
2836,pleased,0.455,-0.272
2836,power,0.518,-0.022
2837,natural,-0.020,-0.520
2837,satisfied,0.367,-0.317
2838,happy,0.558,-0.188
2838,painful,-0.232,0.485
2839,distinguished,0.393,-0.158
2839,down,-0.398,0.084
2840,concert,0.551,-0.055
2840,alone,-0.448,-0.121
2841,horrible,-0.117,0.552
2841,positively,0.516,-0.227
2842,ill,-0.473,0.234
2842,annoyed,-0.174,0.475
2843,dissatisfaction,-0.330,0.378
2843,unsatisfactory,-0.404,0.274
2844,afraid,-0.297,0.533
2844,worrying,-0.254,0.491
2845,frightened,-0.199,0.459
2845,little,-0.428,-0.163
2846,unbearable,-0.083,0.474
2846,talk,0.160,-0.343
2847,honor,0.497,-0.211
2847,badly,-0.363,0.306
2848,powerful,0.695,-0.016
2848,bruise,-0.135,0.361
2849,life,0.497,-0.209
2849,natural,-0.020,-0.520
2850,unproductive,-0.474,0.157
2850,tiny,-0.427,-0.210
2851,ash,-0.470,-0.039
2851,princess,0.306,-0.234
2852,excite,0.497,0.084
2852,providing,0.468,-0.177
2853,money,0.459,-0.160
2853,force,0.468,0.109
2854,disturbed,-0.151,0.518
2854,gone,-0.457,-0.049
2855,great,0.531,-0.204
2855,poverty,-0.434,0.310
2856,positively,0.516,-0.227
2856,glad,0.516,-0.127
2857,war,0.113,0.626
2857,trustworthy,0.380,-0.453
2858,excellent,0.543,-0.264
2858,pleased,0.455,-0.272
2859,interesting,0.488,-0.143
2859,serene,-0.120,-0.478
2860,agree,0.120,-0.457
2860,attitude,0.459,-0.073
2861,error,-0.393,0.321
2861,trouble,-0.068,0.476
2862,nil,-0.525,-0.106
2862,spite,-0.294,0.365
2863,view,0.137,-0.427
2863,simply,-0.228,-0.272
2864,confidence,0.442,-0.467
2864,intensity,0.593,0.227
2865,jubilee,0.264,-0.298
2865,talk,0.160,-0.343
2866,glad,0.516,-0.127
2866,important,0.468,-0.133
2867,monstrous,0.117,0.605
2867,treachery,-0.067,0.527
2868,empty,-0.610,-0.011
2868,displeasure,-0.345,0.309
2869,concert,0.551,-0.055
2869,life,0.497,-0.209
2870,chosen,0.398,-0.285
2870,value,0.444,-0.202
2871,advantage,0.490,-0.253
2871,chairman,0.423,-0.048
2872,great,0.531,-0.204
2872,education,0.336,-0.427
2873,blue,-0.252,-0.365
2873,liking,0.345,-0.259
2874,excellent,0.543,-0.264
2874,comfortable,0.032,-0.542
2875,low,-0.526,-0.059
2875,sincere,0.259,-0.455
2876,positively,0.516,-0.227
2876,badly,-0.363,0.306
2877,radiant,0.507,-0.119
2877,learn,0.472,-0.128
2878,wild,0.289,0.438
2878,strength,0.496,-0.078
2879,positive,0.490,-0.310
2879,pleasure,0.465,-0.144
2880,concert,0.551,-0.055
2880,settle,0.372,-0.215
2881,perfection,0.621,-0.088
2881,splendid,0.536,-0.108
2882,perfect,0.493,-0.351
2882,mother,0.333,-0.366
2883,death,-0.149,0.490
2883,council,0.179,-0.418
2884,attack,0.230,0.471
2884,interesting,0.488,-0.143
2885,disturbed,-0.151,0.518
2885,enjoyment,0.424,-0.225
2886,disagreeable,-0.393,0.416
2886,king,0.463,0.020
2887,triumph,0.684,-0.116
2887,great,0.531,-0.204
2888,marvelous,0.490,-0.218
2888,glad,0.516,-0.127
2889,gone,-0.457,-0.049
2889,talk,0.160,-0.343
2890,positively,0.516,-0.227
2890,pleased,0.455,-0.272
2891,confused,-0.300,0.292
2891,second,-0.325,-0.203
2892,annoying,-0.150,0.539
2892,forgotten,-0.466,0.027
2893,sofa,-0.319,-0.342
2893,little,-0.428,-0.163
2894,weak,-0.612,0.034
2894,concert,0.551,-0.055
2895,talent,0.505,-0.245
2895,pretended,-0.337,0.268
2896,interesting,0.488,-0.143
2896,mother,0.333,-0.366
2897,great,0.531,-0.204
2897,honor,0.497,-0.211
2898,blunder,-0.374,0.342
2898,celebrated,0.468,-0.129
2899,punishing,-0.033,0.567
2899,punish,0.008,0.535
2900,remembered,0.191,-0.412
2900,good,0.180,-0.406
2901,less,-0.520,-0.026
2901,easy,-0.056,-0.480
2902,prince,0.444,-0.290
2902,comfort,0.175,-0.441
2903,little,-0.428,-0.163
2903,fruit,-0.039,-0.439
2904,enjoy,0.517,-0.166
2904,life,0.497,-0.209
2905,hell,0.008,0.638
2905,intellectual,0.430,-0.310
2906,big,0.418,-0.144
2906,special,0.386,-0.169
2907,great,0.531,-0.204
2907,hungry,-0.295,0.422
2908,smiling,0.415,-0.219
2908,bald,-0.416,-0.087
2909,successful,0.647,-0.152
2909,amusing,0.482,-0.100
2910,congratulate,0.525,-0.142
2910,glad,0.516,-0.127
2911,success,0.758,-0.050
2911,celebrating,0.582,-0.049
2912,amusement,0.594,-0.065
2912,hostility,-0.082,0.461
2913,prince,0.444,-0.290
2913,interesting,0.488,-0.143
2914,soft,-0.218,-0.421
2914,little,-0.428,-0.163
2915,famous,0.615,-0.095
2915,fear,-0.200,0.534
2916,great,0.531,-0.204
2916,infernal,0.005,0.537
2917,intellectual,0.430,-0.310
2917,engaged,0.466,-0.163
2918,dull,-0.562,-0.054
2918,bored,-0.552,0.009
2919,greatest,0.539,-0.145
2919,true,0.367,-0.319
2920,splendid,0.536,-0.108
2920,glad,0.516,-0.127
2921,losing,-0.323,0.423
2921,worried,-0.123,0.512
2922,peace,0.136,-0.550
2922,enjoying,0.514,-0.106
2923,lost,-0.327,0.315
2923,good,0.180,-0.406
2924,angry,0.045,0.505
2924,comfort,0.175,-0.441
2925,wonder,0.540,-0.119
2925,shout,0.027,0.487
2926,painful,-0.232,0.485
2926,difficulties,-0.176,0.492
2927,comfortable,0.032,-0.542
2927,divorce,-0.216,0.464
2928,calm,-0.162,-0.556
2928,spite,-0.294,0.365
2929,smiling,0.415,-0.219
2929,remarkable,0.383,-0.215
2930,family,0.281,-0.413
2930,little,-0.428,-0.163
2931,money,0.459,-0.160
2931,wrong,-0.203,0.387
2932,soft,-0.218,-0.421
2932,drunk,-0.190,0.417
2933,brilliant,0.560,-0.248
2933,positively,0.516,-0.227
2934,marvelous,0.490,-0.218
2934,charming,0.475,-0.180
2935,perfection,0.621,-0.088
2935,dazzling,0.551,0.017
2936,vigorous,0.594,-0.055
2936,great,0.531,-0.204
2937,happy,0.558,-0.188
2937,mother,0.333,-0.366
2938,brilliance,0.565,-0.221
2938,fine,0.143,-0.406
2939,attitude,0.459,-0.073
2939,unfair,-0.401,0.204
2940,pleasant,0.253,-0.441
2940,value,0.444,-0.202
2941,appreciated,0.374,-0.330
2941,pleasure,0.465,-0.144
2942,natural,-0.020,-0.520
2942,tired,-0.498,0.132
2943,gifted,0.537,-0.174
2943,anger,0.122,0.499
2944,energy,0.595,-0.150
2944,education,0.336,-0.427
2945,respectful,0.397,-0.391
2945,love,0.383,-0.341
2946,poor,-0.538,0.133
2946,horrid,-0.155,0.503
2947,ability,0.420,-0.251
2947,mournful,-0.413,0.178
2948,worth,0.471,-0.246
2948,miracles,0.461,-0.135
2949,happiness,0.593,-0.158
2949,radiant,0.507,-0.119
2950,scarcely,-0.496,0.227
2950,pity,-0.497,0.159
2951,intelligence,0.486,-0.164
2951,interesting,0.488,-0.143
2952,afraid,-0.297,0.533
2952,divine,0.521,-0.237
2953,winning,0.669,-0.163
2953,marvelous,0.490,-0.218
2954,extraordinary,0.603,-0.167
2954,wonderful,0.605,-0.136
2955,gone,-0.457,-0.049
2955,home,0.099,-0.413
2956,sister,0.168,-0.420
2956,blame,-0.263,0.367
2957,alone,-0.448,-0.121
2957,fail,-0.374,0.273
2958,dull,-0.562,-0.054
2958,brightness,0.393,-0.225
2959,glad,0.516,-0.127
2959,natural,-0.020,-0.520
2960,effort,0.490,0.064
2960,emotion,0.416,0.126
2961,unhappy,-0.443,0.266
2961,deceived,-0.280,0.430
2962,calm,-0.162,-0.556
2962,hateful,-0.112,0.527
2963,calming,-0.098,-0.557
2963,life,0.497,-0.209
2964,extremely,0.503,0.144
2964,utmost,0.483,0.022
2965,love,0.383,-0.341
2965,refused,-0.406,0.213
2966,freedom,0.548,-0.292
2966,opportunity,0.576,-0.134
2967,family,0.281,-0.413
2967,wait,-0.467,-0.040
2968,quarrel,0.009,0.576
2968,dull,-0.562,-0.054
2969,losing,-0.323,0.423
2969,gone,-0.457,-0.049
2970,glad,0.516,-0.127
2970,silence,-0.375,-0.174
2971,warfare,0.215,0.597
2971,evil,-0.040,0.560
2972,afraid,-0.297,0.533
2972,burst,0.267,0.535
2973,horrified,-0.141,0.592
2973,happy,0.558,-0.188
2974,triumph,0.684,-0.116
2974,victory,0.642,-0.136
2975,dangerous,0.086,0.658
2975,weapon,0.180,0.571
2976,leading,0.584,-0.078
2976,life,0.497,-0.209
2977,sleep,-0.203,-0.448
2977,fascinated,0.466,-0.066
2978,terror,-0.084,0.585
2978,smiling,0.415,-0.219
2979,greatest,0.539,-0.145
2979,tenderness,0.020,-0.485
2980,scared,-0.248,0.469
2980,frightened,-0.199,0.459
2981,joy,0.606,-0.111
2981,horrible,-0.117,0.552
2982,suffering,-0.326,0.487
2982,pain,-0.192,0.531
2983,punish,0.008,0.535
2983,accomplished,0.409,-0.241
2984,quickly,0.407,0.042
2984,other,-0.317,-0.176
2985,ill,-0.473,0.234
2985,doctor,0.376,-0.108
2986,believing,0.386,-0.310
2986,gone,-0.457,-0.049
2987,love,0.383,-0.341
2987,intellect,0.400,-0.289
2988,overjoyed,0.487,-0.141
2988,thank,0.177,-0.431
2989,know,0.213,-0.279
2989,immediately,0.309,0.164
2990,energy,0.595,-0.150
2990,greater,0.350,-0.159
2991,force,0.468,0.109
2991,refused,-0.406,0.213
2992,affirmative,0.447,-0.181
2992,spite,-0.294,0.365
2993,great,0.531,-0.204
2993,losing,-0.323,0.423
2994,smiling,0.415,-0.219
2994,wait,-0.467,-0.040
2995,dying,-0.207,0.442
2995,good,0.180,-0.406
2996,ill,-0.473,0.234
2996,fun,0.493,-0.059
2997,beaten,-0.213,0.530
2997,favorable,0.376,-0.397
2998,burst,0.267,0.535
2998,honor,0.497,-0.211
2999,courage,0.526,-0.067
2999,soothe,-0.052,-0.444
3000,afraid,-0.297,0.533
3000,agony,-0.154,0.487
3001,pain,-0.192,0.531
3001,life,0.497,-0.209
3002,violence,0.147,0.625
3002,extraordinary,0.603,-0.167
3003,disorder,-0.245,0.484
3003,overwrought,0.071,0.528
3004,sofa,-0.319,-0.342
3004,council,0.179,-0.418
3005,pillow,-0.317,-0.387
3005,holy,0.107,-0.485
3006,joy,0.606,-0.111
3006,deathbed,-0.288,0.421
3007,youth,0.440,-0.232
3007,unable,-0.425,0.225
3008,suffering,-0.326,0.487
3008,prince,0.444,-0.290
3009,terror,-0.084,0.585
3009,scream,0.086,0.480
3010,worrying,-0.254,0.491
3010,agonizing,-0.180,0.502
3011,terrified,-0.094,0.569
3011,awful,-0.118,0.513
3012,extraordinary,0.603,-0.167
3012,comprehend,0.259,-0.356
3013,afraid,-0.297,0.533
3013,chill,0.014,-0.447
3014,dying,-0.207,0.442
3014,quickly,0.407,0.042
3015,life,0.497,-0.209
3015,death,-0.149,0.490
3016,utmost,0.483,0.022
3016,fearful,-0.377,0.280
3017,happiness,0.593,-0.158
3017,glorified,0.494,-0.199
3018,violence,0.147,0.625
3018,joy,0.606,-0.111
3019,rest,-0.101,-0.532
3019,true,0.367,-0.319
3020,happy,0.558,-0.188
3020,great,0.531,-0.204
3021,prince,0.444,-0.290
3021,sitting,-0.245,-0.294
3022,believing,0.386,-0.310
3022,value,0.444,-0.202
3023,mother,0.333,-0.366
3023,gently,-0.011,-0.476
3024,smart,0.559,-0.202
3024,dead,-0.467,0.279
3025,weakness,-0.539,0.192
3025,comfortable,0.032,-0.542
3026,positively,0.516,-0.227
3026,disgust,-0.224,0.506
3027,terror,-0.084,0.585
3027,proud,0.568,-0.140
3028,excited,0.560,0.011
3028,splendid,0.536,-0.108
3029,asleep,-0.306,-0.361
3029,smiling,0.415,-0.219
3030,joy,0.606,-0.111
3030,suffer,-0.187,0.575
3031,money,0.459,-0.160
3031,refused,-0.406,0.213
3032,napping,-0.225,-0.513
3032,company,0.382,-0.333
3033,attack,0.230,0.471
3033,snug,0.026,-0.491
3034,energy,0.595,-0.150
3034,honest,0.276,-0.468
3035,dishonest,-0.402,0.203
3035,opposition,-0.006,0.426
3036,divorce,-0.216,0.464
3036,unsatisfactory,-0.404,0.274
3037,freedom,0.548,-0.292
3037,true,0.367,-0.319
3038,abandoned,-0.503,0.300
3038,wrong,-0.203,0.387
3039,glad,0.516,-0.127
3039,mistake,-0.393,0.253
3040,nature,0.130,-0.470
3040,good,0.180,-0.406
3041,worth,0.471,-0.246
3041,unsound,-0.474,0.055
3042,efficient,0.517,-0.246
3042,satisfied,0.367,-0.317
3043,abuse,-0.058,0.566
3043,great,0.531,-0.204
3044,positively,0.516,-0.227
3044,honest,0.276,-0.468
3045,life,0.497,-0.209
3045,prince,0.444,-0.290
3046,triumph,0.684,-0.116
3046,humiliation,-0.261,0.465
3047,dead,-0.467,0.279
3047,unpleasant,-0.363,0.337
3048,afraid,-0.297,0.533
3048,awful,-0.118,0.513
3049,divorce,-0.216,0.464
3049,heavens,0.176,-0.370
3050,experience,0.512,-0.138
3050,appreciated,0.374,-0.330
3051,suffer,-0.187,0.575
3051,love,0.383,-0.341
3052,difficulty,-0.191,0.464
3052,lose,-0.408,0.291
3053,death,-0.149,0.490
3053,gone,-0.457,-0.049
3054,criminal,-0.060,0.575
3054,disgust,-0.224,0.506
3055,unhappy,-0.443,0.266
3055,opposition,-0.006,0.426
3056,wounded,-0.226,0.455
3056,appreciate,0.329,-0.322
3057,embarrassment,-0.288,0.374
3057,little,-0.428,-0.163
3058,divorce,-0.216,0.464
3058,dream,-0.117,-0.493
3059,life,0.497,-0.209
3059,glad,0.516,-0.127
3060,healthy,0.362,-0.428
3060,progress,0.530,-0.161
3061,downcast,-0.415,0.298
3061,father,0.310,-0.327
3062,shameful,-0.314,0.447
3062,ill,-0.473,0.234
3063,quarrel,0.009,0.576
3063,disliked,-0.415,0.312
3064,peace,0.136,-0.550
3064,degrading,-0.388,0.385
3065,cleverness,0.497,-0.249
3065,smiling,0.415,-0.219
3066,mother,0.333,-0.366
3066,crying,-0.287,0.379
3067,dangerous,0.086,0.658
3067,waste,-0.453,0.325
3068,positively,0.516,-0.227
3068,worrying,-0.254,0.491
3069,prince,0.444,-0.290
3069,worried,-0.123,0.512
3070,happier,0.590,-0.162
3070,life,0.497,-0.209
3071,hopeless,-0.580,0.138
3071,happy,0.558,-0.188
3072,interesting,0.488,-0.143
3072,attitude,0.459,-0.073
3073,lucky,0.494,-0.244
3073,low,-0.526,-0.059
3074,bless,0.167,-0.466
3074,view,0.137,-0.427
3075,bored,-0.552,0.009
3075,experience,0.512,-0.138
3076,strong,0.608,-0.112
3076,eternal,0.381,-0.304
3077,delighted,0.430,-0.196
3077,salvation,0.385,-0.259
3078,disagreeable,-0.393,0.416
3078,positively,0.516,-0.227
3079,poor,-0.538,0.133
3079,worse,-0.320,0.446
3080,deceitful,-0.169,0.503
3080,crazy,-0.137,0.478
3081,princess,0.306,-0.234
3081,evening,-0.303,-0.194
3082,wonderful,0.605,-0.136
3082,sleep,-0.203,-0.448
3083,feeble,-0.559,0.080
3083,general,0.414,-0.237
3084,great,0.531,-0.204
3084,drunk,-0.190,0.417
3085,immense,0.471,0.001
3085,short,-0.461,0.055
3086,brilliant,0.560,-0.248
3086,lifeless,-0.552,0.202
3087,glad,0.516,-0.127
3087,awful,-0.118,0.513
3088,positively,0.516,-0.227
3088,fine,0.143,-0.406
3089,fear,-0.200,0.534
3089,true,0.367,-0.319
3090,love,0.383,-0.341
3090,friendly,0.230,-0.368
3091,happiness,0.593,-0.158
3091,afraid,-0.297,0.533
3092,truth,0.321,-0.402
3092,holy,0.107,-0.485
3093,chair,-0.331,-0.342
3093,asleep,-0.306,-0.361
3094,extraordinary,0.603,-0.167
3094,faith,0.222,-0.423
3095,weary,-0.473,0.058
3095,grace,0.081,-0.430
3096,unprepared,-0.423,0.165
3096,strive,0.396,0.184
3097,unable,-0.425,0.225
3097,false,-0.423,0.198
3098,grand,0.594,-0.106
3098,independence,0.572,-0.157
3099,disgusted,-0.257,0.503
3099,honor,0.497,-0.211
3100,happiness,0.593,-0.158
3100,happy,0.558,-0.188
3101,despair,-0.236,0.470
3101,unhappy,-0.443,0.266
3102,dull,-0.562,-0.054
3102,glad,0.516,-0.127
3103,stimulating,0.488,0.049
3103,disconcerted,-0.299,0.358
3104,dead,-0.467,0.279
3104,good,0.180,-0.406
3105,yawn,-0.500,-0.194
3105,hope,0.298,-0.425
3106,extremely,0.503,0.144
3106,silk,-0.199,-0.462
3107,faint,-0.493,0.253
3107,chair,-0.331,-0.342
3108,worse,-0.320,0.446
3108,affirmative,0.447,-0.181
3109,little,-0.428,-0.163
3109,recover,0.319,-0.289
3110,scarcely,-0.496,0.227
3110,tramp,-0.421,0.277
3111,disgusting,-0.277,0.532
3111,shameful,-0.314,0.447
3112,sick,-0.494,0.223
3112,life,0.497,-0.209
3113,irritation,-0.057,0.538
3113,irritability,-0.165,0.490
3114,less,-0.520,-0.026
3114,love,0.383,-0.341
3115,low,-0.526,-0.059
3115,jealous,-0.105,0.475
3116,tortured,-0.132,0.580
3116,audacity,0.552,0.005
3117,agonizing,-0.180,0.502
3117,awful,-0.118,0.513
3118,quarrel,0.009,0.576
3118,offensive,0.073,0.532
3119,useless,-0.527,0.202
3119,education,0.336,-0.427
3120,pain,-0.192,0.531
3120,unpleasant,-0.363,0.337
3121,life,0.497,-0.209
3121,shattered,-0.193,0.494
3122,irritable,-0.005,0.591
3122,peace,0.136,-0.550
3123,horrified,-0.141,0.592
3123,love,0.383,-0.341
3124,honest,0.276,-0.468
3124,irritability,-0.165,0.490
3125,glad,0.516,-0.127
3125,meek,-0.370,-0.277
3126,ill,-0.473,0.234
3126,good,0.180,-0.406
3127,inspiration,0.468,-0.236
3127,divorce,-0.216,0.464
3128,excited,0.560,0.011
3128,queen,0.539,-0.124
3129,hideous,-0.209,0.461
3129,unpleasant,-0.363,0.337
3130,money,0.459,-0.160
3130,embarrassment,-0.288,0.374
3131,life,0.497,-0.209
3131,natural,-0.020,-0.520
3132,horrified,-0.141,0.592
3132,great,0.531,-0.204
3133,empty,-0.610,-0.011
3133,terror,-0.084,0.585
3134,menacing,0.057,0.599
3134,cruel,-0.092,0.521
3135,quarrel,0.009,0.576
3135,honorable,0.427,-0.381
3136,low,-0.526,-0.059
3136,love,0.383,-0.341
3137,illness,-0.306,0.428
3137,alone,-0.448,-0.121
3138,suffer,-0.187,0.575
3138,die,-0.281,0.512
3139,burst,0.267,0.535
3139,death,-0.149,0.490
3140,calm,-0.162,-0.556
3140,distress,-0.126,0.539
3141,despairing,-0.255,0.462
3141,passion,0.516,0.005
3142,money,0.459,-0.160
3142,good,0.180,-0.406
3143,awful,-0.118,0.513
3143,down,-0.398,0.084
3144,nightmare,-0.145,0.569
3144,cheerful,0.491,-0.194
3145,divorce,-0.216,0.464
3145,fail,-0.374,0.273
3146,hope,0.298,-0.425
3146,trembling,-0.134,0.449
3147,little,-0.428,-0.163
3147,irritated,-0.152,0.418
3148,great,0.531,-0.204
3148,pity,-0.497,0.159
3149,terror,-0.084,0.585
3149,hatred,-0.120,0.571
3150,rest,-0.101,-0.532
3150,cruel,-0.092,0.521
3151,mother,0.333,-0.366
3151,cup,-0.297,-0.324
3152,happiness,0.593,-0.158
3152,honor,0.497,-0.211
3153,passionate,0.567,-0.119
3153,love,0.383,-0.341
3154,life,0.497,-0.209
3154,storm,0.086,0.531
3155,quarrel,0.009,0.576
3155,wealthy,0.506,-0.248
3156,pleasure,0.465,-0.144
3156,fight,0.415,0.244
3157,forgotten,-0.466,0.027
3157,heavens,0.176,-0.370
3158,guarantee,0.366,-0.424
3158,blame,-0.263,0.367
3159,punish,0.008,0.535
3159,pity,-0.497,0.159
3160,headache,-0.208,0.406
3160,home,0.099,-0.413
3161,cruel,-0.092,0.521
3161,despair,-0.236,0.470
3162,brutal,0.098,0.543
3162,ill,-0.473,0.234
3163,hope,0.298,-0.425
3163,spite,-0.294,0.365
3164,victory,0.642,-0.136
3164,punishing,-0.033,0.567
3165,suffer,-0.187,0.575
3165,die,-0.281,0.512
3166,gone,-0.457,-0.049
3166,fresh,0.045,-0.442
3167,panic,-0.081,0.614
3167,joy,0.606,-0.111
3168,love,0.383,-0.341
3168,sleeping,-0.230,-0.437
3169,nightmare,-0.145,0.569
3169,horrible,-0.117,0.552
3170,quarrel,0.009,0.576
3170,headache,-0.208,0.406
3171,smiling,0.415,-0.219
3171,lilac,-0.163,-0.363
3172,sick,-0.494,0.223
3172,money,0.459,-0.160
3173,reading,-0.073,-0.425
3173,silent,-0.354,-0.245
3174,desperate,-0.162,0.530
3174,frightened,-0.199,0.459
3175,order,0.269,-0.330
3175,see,-0.179,-0.265
3176,dream,-0.117,-0.493
3176,fearful,-0.377,0.280
3177,afraid,-0.297,0.533
3177,terror,-0.084,0.585
3178,shy,-0.542,-0.096
3178,rosy,0.417,-0.288
3179,violently,0.055,0.600
3179,mother,0.333,-0.366
3180,ill,-0.473,0.234
3180,excitement,0.452,-0.150
3181,scared,-0.248,0.469
3181,glittering,0.451,-0.186
3182,hell,0.008,0.638
3182,knowing,0.210,-0.335
3183,big,0.418,-0.144
3183,wrong,-0.203,0.387
3184,down,-0.398,0.084
3184,lower,-0.359,-0.026
3185,gray,-0.473,-0.133
3185,true,0.367,-0.319
3186,cheer,0.603,-0.106
3186,terror,-0.084,0.585
3187,comfortable,0.032,-0.542
3187,bright,0.433,-0.250
3188,terrible,0.023,0.563
3188,humiliation,-0.261,0.465
3189,sick,-0.494,0.223
3189,ill,-0.473,0.234
3190,worthless,-0.497,0.232
3190,splendid,0.536,-0.108
3191,life,0.497,-0.209
3191,awful,-0.118,0.513
3192,losing,-0.323,0.423
3192,low,-0.526,-0.059
3193,great,0.531,-0.204
3193,unhappy,-0.443,0.266
3194,hatred,-0.120,0.571
3194,alone,-0.448,-0.121
3195,degrading,-0.388,0.385
3195,love,0.383,-0.341
3196,hate,-0.140,0.544
3196,reward,0.520,-0.178
3197,irritable,-0.005,0.591
3197,interesting,0.488,-0.143
3198,glad,0.516,-0.127
3198,clever,0.293,-0.378
3199,ill,-0.473,0.234
3199,attractive,0.459,-0.193
3200,illness,-0.306,0.428
3200,gone,-0.457,-0.049
3201,worse,-0.320,0.446
3201,charming,0.475,-0.180
3202,dreadful,-0.177,0.486
3202,good,0.180,-0.406
3203,happiness,0.593,-0.158
3203,pleased,0.455,-0.272
3204,dirty,-0.431,0.209
3204,mistake,-0.393,0.253
3205,hate,-0.140,0.544
3205,truth,0.321,-0.402
3206,afraid,-0.297,0.533
3206,hateful,-0.112,0.527
3207,fury,0.088,0.583
3207,revenge,0.168,0.504
3208,ill,-0.473,0.234
3208,mother,0.333,-0.366
3209,hatred,-0.120,0.571
3209,awful,-0.118,0.513
3210,disgusting,-0.277,0.532
3210,bright,0.433,-0.250
3211,sunshine,0.289,-0.407
3211,irritated,-0.152,0.418
3212,useless,-0.527,0.202
3212,tiny,-0.427,-0.210
3213,happiness,0.593,-0.158
3213,love,0.383,-0.341
3214,success,0.758,-0.050
3214,triumph,0.684,-0.116
3215,zest,0.586,-0.102
3215,glad,0.516,-0.127
3216,passionate,0.567,-0.119
3216,life,0.497,-0.209
3217,fury,0.088,0.583
3217,jealous,-0.105,0.475
3218,hell,0.008,0.638
3218,hate,-0.140,0.544
3219,extraordinary,0.603,-0.167
3219,happy,0.558,-0.188
3220,loathing,-0.162,0.500
3220,unhappiness,-0.347,0.379
3221,torture,0.029,0.541
3221,tenderness,0.020,-0.485
3222,great,0.531,-0.204
3222,effort,0.490,0.064
3223,tortured,-0.132,0.580
3223,poisoned,-0.144,0.529
3224,mother,0.333,-0.366
3224,beating,-0.028,0.480
3225,dull,-0.562,-0.054
3225,quiet,-0.093,-0.486
3226,empty,-0.610,-0.011
3226,hideous,-0.209,0.461
3227,terror,-0.084,0.585
3227,dream,-0.117,-0.493
3228,sick,-0.494,0.223
3228,miserable,-0.463,0.277
3229,interesting,0.488,-0.143
3229,irritated,-0.152,0.418
3230,life,0.497,-0.209
3230,misery,-0.482,0.157
3231,pleased,0.455,-0.272
3231,truth,0.321,-0.402
3232,worried,-0.123,0.512
3232,sickening,-0.330,0.379
3233,cruelty,-0.017,0.528
3233,falsehood,-0.258,0.420
3234,smart,0.559,-0.202
3234,cheerful,0.491,-0.194
3235,proud,0.568,-0.140
3235,evil,-0.040,0.560
3236,suffer,-0.187,0.575
3236,peace,0.136,-0.550
3237,laughter,0.366,-0.222
3237,crushed,-0.240,0.334
3238,rapid,0.415,0.089
3238,shadow,-0.421,0.020
3239,punish,0.008,0.535
3239,wait,-0.467,-0.040
3240,life,0.497,-0.209
3240,bright,0.433,-0.250
3241,sorrow,-0.593,0.127
3241,troubles,-0.222,0.559
3242,grow,0.446,-0.209
3242,fruit,-0.039,-0.439
3243,leading,0.584,-0.078
3243,great,0.531,-0.204
3244,rest,-0.101,-0.532
3244,friends,0.309,-0.298
3245,ridicule,-0.238,0.417
3245,general,0.414,-0.237
3246,shy,-0.542,-0.096
3246,awful,-0.118,0.513
3247,scarcely,-0.496,0.227
3247,knowledge,0.426,-0.282
3248,ridiculed,-0.256,0.479
3248,offend,-0.178,0.496
3249,energetic,0.639,0.020
3249,energy,0.595,-0.150
3250,intellectual,0.430,-0.310
3250,less,-0.520,-0.026
3251,kill,0.158,0.638
3251,succeed,0.642,-0.114
3252,great,0.531,-0.204
3252,exaggerated,0.214,0.475
3253,massacre,0.053,0.612
3253,heroism,0.604,-0.024
3254,book,0.088,-0.414
3254,desire,0.395,-0.148
3255,enjoy,0.517,-0.166
3255,rest,-0.101,-0.532
3256,party,0.419,-0.088
3256,crowd,0.249,0.344
3257,beaten,-0.213,0.530
3257,true,0.367,-0.319
3258,splendid,0.536,-0.108
3258,engagement,0.466,-0.221
3259,triumph,0.684,-0.116
3259,mother,0.333,-0.366
3260,blessing,0.318,-0.460
3260,forward,0.325,-0.320
3261,respectful,0.397,-0.391
3261,soft,-0.218,-0.421
3262,whore,-0.121,0.519
3262,pity,-0.497,0.159
3263,money,0.459,-0.160
3263,smiling,0.415,-0.219
3264,hero,0.641,-0.091
3264,despairing,-0.255,0.462
3265,afraid,-0.297,0.533
3265,great,0.531,-0.204
3266,suffering,-0.326,0.487
3266,aged,-0.437,0.160
3267,big,0.418,-0.144
3267,together,0.249,-0.338
3268,familiar,0.204,-0.406
3268,sitting,-0.245,-0.294
3269,artillery,0.335,0.405
3269,youth,0.440,-0.232
3270,heroic,0.621,-0.078
3270,fortune,0.592,-0.133
3271,knowledge,0.426,-0.282
3271,quiet,-0.093,-0.486
3272,disagreeable,-0.393,0.416
3272,unfavorable,-0.401,0.220
3273,alone,-0.448,-0.121
3273,persons,0.153,-0.400
3274,dangerous,0.086,0.658
3274,war,0.113,0.626
3275,beaten,-0.213,0.530
3275,engagement,0.466,-0.221
3276,smaller,-0.423,0.000
3276,down,-0.398,0.084
3277,terrible,0.023,0.563
3277,misfortune,-0.205,0.479
3278,low,-0.526,-0.059
3278,vulgar,-0.095,0.520
3279,gone,-0.457,-0.049
3279,strike,0.086,0.383
3280,desperate,-0.162,0.530
3280,awful,-0.118,0.513
3281,unhappy,-0.443,0.266
3281,terribly,-0.159,0.474
3282,blessing,0.318,-0.460
3282,poor,-0.538,0.133
3283,worse,-0.320,0.446
3283,mother,0.333,-0.366
3284,hell,0.008,0.638
3284,glad,0.516,-0.127
3285,great,0.531,-0.204
3285,approval,0.439,-0.267
3286,suffering,-0.326,0.487
3286,life,0.497,-0.209
3287,worth,0.471,-0.246
3287,angry,0.045,0.505
3288,success,0.758,-0.050
3288,energy,0.595,-0.150
3289,strong,0.608,-0.112
3289,weapon,0.180,0.571
3290,distraught,-0.170,0.546
3290,awful,-0.118,0.513
3291,triumphant,0.726,-0.072
3291,successful,0.647,-0.152
3292,engagement,0.466,-0.221
3292,proclamation,0.500,0.049
3293,shame,-0.388,0.421
3293,kiss,0.476,-0.117
3294,happiness,0.593,-0.158
3294,afraid,-0.297,0.533
3295,war,0.113,0.626
3295,peaceful,0.045,-0.533
3296,freedom,0.548,-0.292
3296,prince,0.444,-0.290
3297,hungry,-0.295,0.422
3297,crying,-0.287,0.379
3298,healthy,0.362,-0.428
3298,scream,0.086,0.480
3299,furious,0.069,0.633
3299,despairing,-0.255,0.462
3300,calm,-0.162,-0.556
3300,poor,-0.538,0.133
3301,great,0.531,-0.204
3301,mother,0.333,-0.366
3302,sleep,-0.203,-0.448
3302,blind,-0.467,0.139
3303,afraid,-0.297,0.533
3303,fear,-0.200,0.534
3304,happier,0.590,-0.162
3304,glad,0.516,-0.127
3305,life,0.497,-0.209
3305,unhappiness,-0.347,0.379
3306,hell,0.008,0.638
3306,alone,-0.448,-0.121
3307,spiritual,0.182,-0.433
3307,remembered,0.191,-0.412
3308,goodness,0.303,-0.453
3308,honor,0.497,-0.211
3309,tenderness,0.020,-0.485
3309,embarrassment,-0.288,0.374
3310,death,-0.149,0.490
3310,deathbed,-0.288,0.421
3311,energy,0.595,-0.150
3311,intellectual,0.430,-0.310
3312,terror,-0.084,0.585
3312,knowledge,0.426,-0.282
3313,satisfactory,0.408,-0.276
3313,joys,0.417,-0.243
3314,serene,-0.120,-0.478
3314,satisfied,0.367,-0.317
3315,tortured,-0.132,0.580
3315,sincere,0.259,-0.455
3316,life,0.497,-0.209
3316,prince,0.444,-0.290
3317,extraordinary,0.603,-0.167
3317,evolution,0.471,-0.080
3318,weakness,-0.539,0.192
3318,rest,-0.101,-0.532
3319,pursuing,0.323,0.300
3319,reading,-0.073,-0.425
3320,freedom,0.548,-0.292
3320,comprehend,0.259,-0.356
3321,charmed,0.446,-0.257
3321,love,0.383,-0.341
3322,divine,0.521,-0.237
3322,delighted,0.430,-0.196
3323,creation,0.515,-0.241
3323,holy,0.107,-0.485
3324,agonizing,-0.180,0.502
3324,horror,-0.069,0.517
3325,happy,0.558,-0.188
3325,evil,-0.040,0.560
3326,afraid,-0.297,0.533
3326,perfect,0.493,-0.351
3327,life,0.497,-0.209
3327,living,0.398,-0.180
3328,disappointed,-0.415,0.280
3328,failure,-0.391,0.277
3329,great,0.531,-0.204
3329,less,-0.520,-0.026
3330,family,0.281,-0.413
3330,experienced,0.488,-0.100
3331,hungry,-0.295,0.422
3331,thank,0.177,-0.431
3332,comfort,0.175,-0.441
3332,sister,0.168,-0.420
3333,rest,-0.101,-0.532
3333,shooting,0.168,0.463
3334,annoyed,-0.174,0.475
3334,scarcity,-0.396,0.227
3335,punishment,-0.026,0.527
3335,dying,-0.207,0.442
3336,pleasure,0.465,-0.144
3336,wait,-0.467,-0.040
3337,action,0.538,0.099
3337,wrongly,-0.414,0.344
3338,afraid,-0.297,0.533
3338,suicide,-0.107,0.594
3339,succeed,0.642,-0.114
3339,intensity,0.593,0.227
3340,energy,0.595,-0.150
3340,life,0.497,-0.209
3341,cool,0.414,-0.239
3341,thatch,-0.448,-0.072
3342,fresh,0.045,-0.442
3342,sunlight,0.258,-0.352
3343,smart,0.559,-0.202
3343,skillful,0.501,-0.121
3344,bury,-0.288,0.348
3344,shirt,-0.246,-0.371
3345,slowly,-0.335,-0.173
3345,third,-0.266,-0.261
3346,neat,0.055,-0.456
3346,seed,-0.237,-0.373
3347,hell,0.008,0.638
3347,good,0.180,-0.406
3348,righteous,0.316,-0.300
3348,soul,0.008,-0.388
3349,burst,0.267,0.535
3349,truth,0.321,-0.402
3350,experienced,0.488,-0.100
3350,spiritual,0.182,-0.433
3351,senseless,-0.504,0.179
3351,understanding,0.225,-0.391
3352,life,0.497,-0.209
3352,miracle,0.480,-0.215
3353,poor,-0.538,0.133
3353,god,0.416,-0.158
3354,reward,0.520,-0.178
3354,goodness,0.303,-0.453
3355,incredible,0.610,-0.037
3355,suffering,-0.326,0.487
3356,progress,0.530,-0.161
3356,advancing,0.491,-0.223
3357,falsity,-0.326,0.392
3357,force,0.468,0.109
3358,marvelous,0.490,-0.218
3358,effort,0.490,0.064
3359,ill,-0.473,0.234
3359,death,-0.149,0.490
3360,shoot,0.091,0.594
3360,happy,0.558,-0.188
3361,life,0.497,-0.209
3361,wrongly,-0.414,0.344
3362,happiness,0.593,-0.158
3362,brutal,0.098,0.543
3363,love,0.383,-0.341
3363,knowledge,0.426,-0.282
3364,mother,0.333,-0.366
3364,trouble,-0.068,0.476
3365,die,-0.281,0.512
3365,destroying,0.044,0.565
3366,worse,-0.320,0.446
3366,interesting,0.488,-0.143
3367,natural,-0.020,-0.520
3367,nature,0.130,-0.470
3368,positively,0.516,-0.227
3368,intellectual,0.430,-0.310
3369,destroy,0.079,0.634
3369,peace,0.136,-0.550
3370,life,0.497,-0.209
3370,less,-0.520,-0.026
3371,creation,0.515,-0.241
3371,evil,-0.040,0.560
3372,great,0.531,-0.204
3372,goodness,0.303,-0.453
3373,wise,0.330,-0.430
3373,worth,0.471,-0.246
3374,happiness,0.593,-0.158
3374,afraid,-0.297,0.533
3375,wonder,0.540,-0.119
3375,trap,-0.224,0.358
3376,sleep,-0.203,-0.448
3376,absence,-0.469,0.058
3377,nice,0.295,-0.345
3377,good,0.180,-0.406
3378,angered,-0.038,0.605
3378,honor,0.497,-0.211
3379,terrible,0.023,0.563
3379,mistaken,-0.330,0.344
3380,victorious,0.698,0.007
3380,natural,-0.020,-0.520
3381,prince,0.444,-0.290
3381,pleased,0.455,-0.272
3382,great,0.531,-0.204
3382,rest,-0.101,-0.532
3383,war,0.113,0.626
3383,pleasant,0.253,-0.441
3384,less,-0.520,-0.026
3384,jolly,0.477,-0.182
3385,happy,0.558,-0.188
3385,interesting,0.488,-0.143
3386,brilliant,0.560,-0.248
3386,afraid,-0.297,0.533
3387,little,-0.428,-0.163
3387,fresh,0.045,-0.442
3388,trees,-0.071,-0.359
3388,giddy,0.215,0.289
3389,excited,0.560,0.011
3389,life,0.497,-0.209
3390,depressed,-0.527,0.291
3390,peace,0.136,-0.550
3391,freedom,0.548,-0.292
3391,menacing,0.057,0.599
3392,alone,-0.448,-0.121
3392,cup,-0.297,-0.324
3393,war,0.113,0.626
3393,prince,0.444,-0.290
3394,persons,0.153,-0.400
3394,smile,0.334,-0.221
3395,beastly,0.251,0.529
3395,cruel,-0.092,0.521
3396,true,0.367,-0.319
3396,approve,0.384,-0.228
3397,kill,0.158,0.638
3397,drunken,-0.186,0.479
