word,count
aback,3
abandon,21
abandoned,58
abandonment,7
abashed,4
abate,1
abatement,1
abbey,21
abbot,4
abbreviation,2
abdomen,1
abduction,3
aberration,4
abhor,6
abhorrence,12
abhorrent,2
abide,4
abiding,1
ability,11
abject,9
ablaze,1
able,316
abnormal,2
aboard,9
abode,33
abolish,2
abolition,1
abominable,29
abominate,2
abomination,4
abortion,1
abortive,1
abound,11
abreast,4
abroad,92
abrupt,33
abruptly,63
absence,95
absent,48
absinthe,4
absolute,69
absolution,4
absorb,2
absorbed,84
absorbing,10
absorption,5
abstain,2
abstract,6
abstraction,3
absurd,41
absurdity,5
abundance,21
abundant,5
abuse,12
abused,5
abusive,2
abyss,62
academic,1
academy,14
accede,1
accelerated,1
accent,38
accentuate,1
accept,75
acceptable,9
acceptance,16
access,6
accessible,5
accident,41
accidental,6
accidentally,10
accommodate,2
accommodation,1
accompaniment,11
accompany,19
accompanying,6
accomplice,7
accomplish,11
accomplished,55
accomplishment,7
accord,30
accordance,32
account,207
accounting,4
accounts,25
accumulate,1
accumulation,7
accuracy,8
accurate,12
accursed,6
accusation,6
accuse,14
accused,29
accuser,2
accusing,3
accustomed,61
ache,7
achieve,7
achieved,4
achievement,2
aching,8
acid,2
acknowledge,22
acknowledged,24
acknowledgment,4
acme,1
acoustic,1
acquaint,2
acquaintance,122
acquainted,95
acquiescence,7
acquire,6
acquiring,2
acquisition,2
acquit,5
acquittal,1
acre,13
acres,19
acrobat,2
act,154
acting,18
action,131
active,20
activity,26
actor,8
actress,6
actual,32
acumen,1
acute,7
acutely,5
ad,11
adamant,1
adapt,1
adaptation,1
add,85
added,427
addendum,1
adder,2
addicted,2
addition,53
additional,10
address,108
addresses,11
adept,2
adequate,3
adhere,2
adherence,3
adherent,3
adhering,3
adhesion,1
adieu,11
adjacent,2
adjoining,16
adjunct,1
adjust,3
administer,1
administration,10
administrative,7
admirable,46
admiral,2
admiralty,1
admiration,73
admire,47
admired,54
admirer,7
admiring,28
admission,7
admit,97
admittance,4
admitted,46
admitting,16
admonition,3
adolescence,1
adopt,10
adorable,19
adoration,27
adore,20
adoring,5
adorn,2
adrift,2
adulterated,1
adultery,7
advance,72
advanced,90
advancement,9
advancing,22
advantage,88
advantageous,4
advent,9
adventure,48
adventurer,3
adventures,22
adventurous,3
adversary,8
adversity,5
advertise,1
advertising,1
advice,66
advisable,9
advise,29
advised,21
adviser,1
advocate,7
aegis,1
aerial,5
afar,11
affable,7
affair,113
affect,22
affecting,9
affection,125
affectionate,41
affections,13
affiliated,4
affiliation,1
affinity,3
affirm,5
affirmation,5
affirmative,9
affirmatively,2
afflict,1
afflicted,10
affliction,10
affluence,1
affluent,2
afford,32
affront,9
affronted,3
afield,4
afloat,1
afore,8
afraid,249
afresh,23
african,1
aft,4
aftermath,1
afternoon,49
aftertaste,3
afterthought,3
age,236
aged,48
agency,9
agent,44
agglomeration,1
aggravated,6
aggravates,1
aggravating,1
aggravation,1
aggregation,1
aggressive,4
aggressively,1
aghast,1
agile,8
agility,9
agitate,3
agitated,43
agitation,40
aglow,2
ago,212
agonizing,15
agony,115
agree,55
agreeable,76
agreed,91
agreeing,13
agreement,20
agricultural,3
agriculture,30
aground,1
ahead,31
aid,62
aiding,7
aids,5
ailing,4
ailment,1
aim,64
aimless,1
air,511
airs,18
airspace,1
ajar,9
akin,14
alabaster,1
alarm,63
alarmed,56
alarming,41
alas,108
albatross,1
album,6
alcohol,2
alcove,13
alert,14
alertness,1
algebra,2
alias,20
alien,3
alienated,1
alienation,2
alight,7
alike,30
alive,109
allay,1
alleged,2
alleviate,3
alley,50
alleyway,1
alliance,11
allied,2
allot,1
allow,146
allowable,3
allowance,8
allowed,157
alloy,2
alluring,3
allusion,29
alluvial,1
ally,5
almanac,1
almighty,8
almond,1
aloft,9
alone,577
alongside,6
aloof,7
aloud,78
alphabet,4
alphabetical,3
alpine,2
altar,45
alter,17
alteration,12
altered,24
alternate,5
alternating,1
alternative,11
altogether,70
amalgamation,3
amateur,6
amaze,4
amazed,32
amazement,66
amazing,5
ambassador,4
amber,8
ambiguous,2
ambition,31
ambitious,6
ambrosia,6
ambulance,8
ambush,21
ameliorate,2
amen,6
amenable,4
amend,3
amendment,3
amends,5
amiable,75
amicable,4
amid,85
amidst,15
ammonia,1
ammunition,5
amnesty,1
amorous,4
amount,54
amour,5
amphibious,1
ample,8
amplitude,1
amply,3
amuse,26
amused,25
amusement,28
amusing,32
analogous,1
analogy,3
analysis,3
analyze,2
anarchist,1
anarchy,12
anatomy,3
ancestor,1
anchor,13
ancient,148
anecdote,4
anew,9
angel,78
angelic,14
anger,61
angered,8
angle,68
angling,3
angry,165
anguish,81
angular,6
animal,47
animate,3
animated,15
animation,18
animosity,1
ankle,5
annexation,1
annihilate,4
annihilated,10
annihilation,4
anniversary,1
announce,28
announcement,10
annoy,6
annoyance,15
annoyed,21
annoying,10
annoys,2
annual,5
annuity,2
anointed,12
anointing,4
anomalous,2
anon,3
anonymous,2
answer,336
answerable,2
answering,29
ant,2
antagonism,7
antagonist,4
antagonistic,4
antelope,1
anterior,5
anthill,3
anthropology,1
anticipate,3
anticipation,12
antidote,4
antipathy,2
antiquated,5
antique,32
antiques,1
antiquity,7
antithesis,2
anvil,3
anxiety,94
anxious,108
apace,2
apartment,39
apartments,13
apathetic,1
apathy,7
ape,1
aperture,20
apex,1
apiece,4
apocalypse,4
apologetic,1
apologize,7
apology,15
apostle,3
apostolic,1
apostrophe,6
apothecary,9
appalled,10
appalling,10
apparatus,11
apparel,4
apparent,42
apparently,51
apparition,28
appeal,24
appear,120
appearance,215
appease,3
appendix,3
appetite,33
appetizer,1
applaud,4
applause,7
apple,16
appliances,2
applicability,1
applicable,3
application,26
apply,28
appointment,22
appointments,4
apportionment,1
appraise,1
appreciate,17
appreciated,11
appreciates,1
appreciation,4
appreciative,1
apprehend,5
apprehension,23
apprehensive,1
apprenticeship,1
approach,73
approaching,77
approbation,9
appropriate,3
appropriation,1
approval,11
approve,18
approved,25
approving,5
approximation,2
appurtenances,2
apricot,1
apron,20
apt,9
aptitude,7
aquatic,1
aqueduct,2
arable,3
arbiter,2
arbitrary,3
arbitration,1
arbitrator,2
arbor,3
arc,3
arcade,7
arch,12
archangel,9
archbishop,27
archduke,1
arched,16
archer,7
archipelago,1
architect,17
architecture,8
ardent,24
ardor,5
arduous,2
area,4
argue,15
argument,25
argumentative,3
arguments,38
arid,1
arise,28
aristocracy,6
aristocrat,6
aristocratic,6
arithmetic,1
ark,1
arm,274
armada,1
armament,2
armchair,37
armed,64
armor,4
armory,1
arms,324
army,112
arouse,16
aroused,37
arrange,48
arranged,98
arrangement,28
array,4
arrears,4
arrest,32
arrival,118
arrive,71
arrogance,3
arrogant,3
arrow,24
arsenal,13
art,112
artery,3
artful,4
article,42
articles,15
articulate,6
articulation,1
artifice,1
artificial,12
artillery,35
artisan,8
artist,32
artistic,5
artists,12
ascend,17
ascending,11
ascension,4
ascent,9
ascertain,6
ascertained,9
ascetic,4
ash,5
ashamed,100
ashes,37
ashtray,3
asinine,1
ask,346
asleep,187
asp,1
asparagus,4
aspect,66
aspects,19
aspen,10
asphyxia,1
aspiration,5
aspire,4
aspiring,1
ass,7
assail,4
assailant,1
assassin,27
assassinate,3
assassination,8
assault,21
assemblage,4
assemble,1
assembled,25
assembly,39
assent,11
assert,8
asserting,5
assertion,9
assets,1
assign,1
assimilation,1
assist,26
assistance,49
assistant,13
associate,5
association,16
assorted,1
assuage,2
assume,15
assumed,54
assuming,9
assumption,6
assurance,30
assure,63
assured,64
assuredly,27
asterisk,1
asthma,4
astonish,4
astonished,60
astonishing,15
astonishingly,1
astonishment,69
astound,1
astral,1
astray,11
astronomer,2
astronomy,1
astute,2
asunder,5
asylum,19
atelier,1
atheism,1
atheist,3
athlete,4
athletic,3
atlas,5
atmosphere,22
atmospheric,1
atom,5
atone,7
atonement,3
atrocious,3
atrocity,3
attach,23
attached,74
attachment,35
attack,98
attacking,20
attain,8
attainable,1
attainment,3
attempt,90
attempted,35
attend,48
attendance,8
attendant,32
attention,273
attentive,27
attest,1
attestation,1
attic,41
attire,21
attitude,116
attorney,12
attract,19
attraction,16
attractive,21
attractiveness,2
attribute,8
auction,3
auctioneer,1
audacious,8
audacity,16
audible,64
audience,27
auditor,2
aught,8
augment,9
augmentation,3
august,59
aunt,158
auntie,1
aurora,12
auspices,1
auspicious,1
austere,16
austerity,5
authentic,3
author,40
authoritative,4
authority,80
authorization,2
authorize,4
authorized,7
autograph,1
automatic,1
autopsy,1
autumn,31
auxiliary,3
avail,9
available,7
avalanche,7
avarice,3
avenge,14
avenger,1
avenging,5
avenue,26
average,8
averse,3
aversion,14
avert,3
avoid,86
avoidance,1
avoiding,18
await,18
awake,50
awaken,9
awakening,8
award,1
awards,1
aware,130
awe,14
awed,4
awestruck,1
awful,116
awkward,40
awkwardness,14
awry,2
axe,20
axiom,1
axle,3
ay,16
azure,22
babble,5
babe,5
baby,88
bachelor,13
back,1287
backbone,2
backgammon,2
background,26
backward,7
backwards,18
backwater,2
backyard,1
bacon,8
bad,258
badly,74
baffle,4
baffled,7
bag,58
baggage,9
baggy,2
bagpipes,2
bailiff,39
bait,1
bake,1
bal,1
balance,25
balanced,8
balcony,18
bald,25
baldy,1
bale,1
ball,118
ballad,1
ballast,1
ballet,8
ballistic,1
balloon,1
ballot,7
ballroom,11
balm,2
balmy,1
bamboo,1
ban,10
band,40
bandage,4
bandit,6
bane,2
bang,5
banish,7
banished,11
banishment,1
bank,50
banker,7
banking,7
bankrupt,7
bankruptcy,6
banner,5
banquet,21
banter,1
baptism,3
baptismal,5
bar,50
barbarian,2
barbaric,1
barbarism,7
barbed,1
barber,11
bard,24
bare,101
barefoot,14
barely,31
bargain,8
bargaining,3
barge,3
baritone,1
bark,20
barks,6
barley,19
barn,13
baron,68
baroness,14
barrack,1
barred,25
barrel,15
barren,11
barricade,294
barrier,56
barring,2
barrow,5
base,45
baseless,1
basement,3
bases,1
bashful,2
basil,2
basilica,1
basin,24
basis,6
bask,1
basket,52
bass,9
bastard,7
bat,18
batch,2
bath,35
bathe,5
bathhouse,3
bathing,9
bathroom,2
bathtub,1
battalion,17
batter,2
battered,7
battering,6
battery,9
battle,147
battled,1
battlefield,12
battlements,5
bauble,2
bawl,3
bay,14
bayonet,15
be,7372
beach,26
beaches,1
beacon,1
beads,14
beak,9
beam,23
beaming,32
bear,163
bearable,2
beard,47
bearded,13
bearer,2
bearing,63
bearings,11
bearskin,3
beast,67
beastly,6
beat,66
beaten,35
beating,41
beau,4
beautiful,235
beautify,1
beauty,181
beaver,2
beck,1
become,378
bed,496
bedding,4
bedroom,56
bedside,18
bedtime,1
bee,10
beef,7
beefsteak,3
beer,8
bees,23
beetle,6
befall,6
befitting,5
befriend,1
beg,93
beggar,43
begging,27
begin,142
beginning,292
beginnings,4
begun,142
behave,16
behavior,13
behemoth,1
behold,85
belated,3
belief,52
believe,422
believed,133
believer,10
believing,28
belittle,2
bell,80
bellow,1
bellows,3
belly,42
belong,54
belongings,4
beloved,61
belt,24
bench,76
bend,23
bending,52
beneath,244
benefactor,17
beneficial,5
benefit,39
benevolence,15
benevolent,30
benign,1
bent,179
bequeath,2
bequest,1
bereft,3
berlin,5
berth,2
beseech,18
beset,5
bestial,3
bestow,36
bet,9
betray,16
betrayal,1
betrayed,43
betrothed,9
bevy,1
beware,10
bewildered,38
bewilderment,15
bible,8
biblical,3
biceps,2
bickering,1
bid,25
bidding,17
bier,3
big,200
bigot,2
bigoted,4
bigotry,3
bile,2
bill,33
billet,1
billiard,9
billiards,6
bind,17
binding,8
biography,3
biological,2
biology,1
birch,23
bird,68
birdcage,1
birth,56
birthday,14
bis,1
biscuit,6
bishop,282
bit,152
bitch,3
bite,13
bitter,71
bitterly,41
bitterness,36
bitumen,1
bizarre,3
black,402
blackbird,1
blacken,2
blackness,16
blacksmith,4
blade,28
blame,107
blameless,5
bland,1
blank,13
blanket,9
blasphemous,1
blasphemy,2
blast,12
blaze,8
blazing,8
bleak,5
bleed,6
bleeding,25
blemish,2
blemished,1
blend,1
bless,45
blessed,68
blessing,25
blessings,16
bleu,1
blight,3
blighted,1
blind,112
blinded,16
blindfold,2
blindfolded,1
blinding,5
blindly,5
blindness,15
blink,1
bliss,22
blissful,17
bloated,4
block,8
blockhead,9
bloke,1
blond,13
blonde,8
blood,272
bloodhound,2
bloodless,5
bloodshed,6
bloodshot,4
bloody,20
bloom,15
blooming,6
blossom,7
blot,5
blotter,7
blouse,47
blow,100
blowing,25
blown,7
blue,142
bluff,1
bluish,1
blunder,6
blunt,3
blurred,2
blush,20
blushing,38
boa,3
boar,18
board,98
boarder,2
boardroom,3
boards,12
boast,21
boasting,5
boat,50
boatman,2
bodice,15
bodily,12
body,240
bodyguard,3
bog,4
bohemian,4
boil,3
boiler,3
boiling,12
boisterous,1
bold,39
boldness,13
bolster,2
bolt,21
bomb,3
bombardment,1
bonbon,1
bond,14
bondage,3
bonds,15
bondsman,1
bone,18
bones,50
bonne,2
bonnet,25
bony,10
booby,5
book,286
bookcase,6
booking,1
bookkeeping,3
books,112
bookseller,7
booming,2
boon,7
boost,1
boot,19
booth,3
boots,63
booty,1
booze,2
border,6
bordering,4
bore,111
bored,37
boredom,2
boring,2
born,82
borrow,14
bosom,35
boss,1
boston,1
botanist,2
botany,4
bother,7
bothering,1
bottle,44
bottom,151
bottomless,3
boulder,1
bound,147
boundary,8
boundless,5
bounds,27
bountiful,1
bounty,3
bouquet,10
bourbon,12
bourgeois,103
bourgeoisie,22
bout,4
bow,110
bowed,80
bowels,6
bowl,27
bowling,1
bowls,9
box,149
boxer,4
boxers,1
boxing,3
boy,135
boyhood,5
boyish,2
brace,1
bracelet,2
braces,2
bracket,1
brackets,9
brag,1
braid,2
brain,101
brainless,1
brains,28
brake,1
bran,1
branch,70
branching,1
brand,8
brandy,29
brass,27
brat,20
bravado,2
brave,96
bravery,17
brawl,1
brazen,4
breach,21
bread,165
breadth,6
break,120
breakable,1
breakdown,2
breaker,1
breakers,2
breakfast,84
breakneck,1
breast,112
breath,146
breathe,38
breathless,26
breech,2
breeches,10
breed,4
breeder,1
breeding,24
breeze,38
breezy,1
brethren,8
brevity,1
brewing,3
bribe,5
bribery,3
brick,8
bridal,13
bride,33
bridegroom,16
bridge,74
bridle,7
brief,34
briefly,12
brig,2
brigade,15
bright,83
brighten,1
brighter,3
brightness,11
brilliance,12
brilliant,61
brim,7
brimming,4
brimstone,2
brine,5
bring,231
brink,24
brisk,4
bristle,1
brittle,2
bro,2
broad,81
broaden,1
broadside,1
broke,120
broken,210
brokenhearted,3
broker,2
bronze,38
brooch,3
brood,5
brooding,12
brook,8
broom,10
broth,5
brothel,2
brother,423
brotherhood,3
brotherly,4
brow,103
brown,30
browse,2
brrr,3
bruise,2
brunette,3
brunt,1
brush,10
brutal,17
brutality,2
brute,22
bubble,2
bubbling,5
buck,2
bucket,31
buckle,6
buckled,5
buckshot,4
buckwheat,5
bud,4
buddhism,1
budding,2
budge,2
budget,4
buff,1
buffet,2
bugaboo,4
build,15
builder,1
building,86
buildings,34
bulb,1
bulge,1
bulk,1
bulky,5
bull,13
bulldog,1
bullet,30
bullion,2
bully,5
bulwark,1
bumblebee,1
bump,1
bun,1
bunch,15
bundle,27
bunghole,1
bunk,1
buoy,1
buoyancy,1
burden,36
burdened,6
burdensome,1
bureau,3
burglar,2
burglary,3
burial,20
buried,66
burke,1
burlesque,1
burly,1
burn,25
burned,47
burning,73
burnt,18
burst,116
bury,22
bus,3
bush,19
bushel,1
bushy,6
business,209
bust,7
bustle,7
bustling,5
busy,76
butcher,8
butler,7
butt,5
butter,9
butterfly,9
buttery,1
button,10
buy,54
buying,7
buzz,5
buzzed,3
buzzing,10
bye,4
bygone,3
cab,15
cabaret,5
cabbage,2
cabin,12
cabinet,5
cable,8
cabriolet,21
cache,1
cadaver,1
cadence,2
cadet,1
cage,24
cairn,2
cake,18
calamity,10
calcareous,1
calculate,3
calculated,22
calculating,4
calculation,5
calculator,2
calculus,1
calf,12
calico,4
call,316
calling,67
callous,8
calls,46
calm,148
calming,7
calmness,19
caloric,1
camera,1
camp,19
campaign,13
campfire,2
camping,1
can,1717
canal,9
canary,2
cancel,1
candid,16
candidate,6
candle,119
candles,52
candlestick,9
candor,8
candy,5
cane,23
canine,4
canister,3
cannon,54
cannonball,10
canon,3
canonical,1
canons,1
canopy,3
canteen,3
canton,3
canvas,7
cap,92
capable,84
capacity,17
cape,16
capital,74
capitalist,1
capitals,8
capitulation,1
caprice,13
capricious,4
caps,17
captain,68
captivate,1
captivating,2
captive,3
captivity,2
capture,5
car,3
carcass,2
card,37
cardboard,6
cardinal,21
cards,29
care,331
career,27
careful,44
carefully,87
careless,12
carelessness,9
caress,8
cargo,6
caricature,2
caries,1
caring,17
carnage,8
carnal,3
carnival,8
carp,3
carpenter,21
carpentry,1
carpet,16
carriage,336
carried,219
carrier,2
carrot,1
carry,114
carrying,83
cart,92
carte,4
carter,23
cartilage,1
cartouche,9
cartridge,2
carve,3
carver,3
carving,3
cascade,2
case,353
cash,2
cashier,9
cashmere,1
casing,2
casino,1
cask,4
casket,1
cassette,3
cast,151
caste,3
castle,52
castor,2
castration,1
casual,2
casually,4
cat,57
catalog,1
catalogue,3
cataract,4
catastrophe,37
catch,87
catching,45
catechism,3
category,4
caterpillar,2
cathedral,25
catholic,11
cattle,63
cauldron,7
causation,1
cause,215
caused,129
causeway,2
caution,13
cautious,7
cautiously,16
cavalier,1
cavalry,52
cave,53
cavern,29
caviar,1
cavity,6
cease,37
ceaseless,2
cedar,2
cede,2
ceiling,34
celebrate,5
celebrated,61
celebrating,3
celebration,2
celebrations,1
celebrity,3
celestial,36
cell,29
cellar,39
cement,5
cemented,2
cemetery,54
censure,7
census,3
cent,15
center,13
centipede,1
central,13
centralization,1
centrifugal,1
century,133
cerebral,3
ceremony,23
certain,489
certainty,38
certificate,9
certify,3
cessation,4
cesspool,19
chaff,3
chafing,2
chagrin,3
chain,60
chair,154
chairman,3
chaise,12
chalice,1
chalk,13
challenge,12
chamber,147
chambermaid,3
chambers,31
champ,9
champagne,16
champion,1
chance,179
chandelier,4
change,253
changeable,1
changed,156
changer,5
changing,28
channel,6
chant,7
chaos,22
chap,3
chapel,50
chaperon,3
chaplain,5
chaps,2
chapter,730
char,1
character,134
characteristic,39
characterize,2
charcoal,13
charge,78
chariot,25
charitable,11
charity,36
charlatan,1
charm,47
charmed,11
charming,176
charred,1
chart,2
charter,20
chase,11
chased,9
chasm,4
chaste,14
chastened,1
chastisement,7
chastity,9
chat,16
chatter,11
chatterbox,2
chattering,15
chatty,1
cheap,13
cheat,8
check,28
checkered,2
checkers,1
cheek,44
cheeks,73
cheer,16
cheered,9
cheerful,62
cheerfulness,21
cheering,7
cheerless,2
cheers,2
cheery,2
cheese,26
chemical,11
chemise,25
chemist,4
chemistry,5
cheque,3
cherish,5
cherishing,1
cherry,1
cherub,2
chess,4
chest,67
chestnut,18
chew,3
chic,1
chick,1
chicken,14
chief,145
chiefly,26
chieftain,3
child,717
childbirth,1
childhood,55
childish,28
childless,2
childlike,7
children,547
chill,32
chilled,25
chilling,3
chilly,10
chimera,2
chimes,2
chimney,28
chin,46
china,12
chirping,5
chisel,12
chivalry,4
chocolate,4
choice,65
choir,15
choke,3
cholera,5
choose,76
choosing,8
chop,3
chopping,4
choral,1
chord,5
chords,1
chorus,7
chosen,47
christ,46
christening,3
christian,36
christmas,13
chronic,2
chronological,2
chubby,2
chuckle,2
chum,1
chunk,1
church,156
churchyard,31
cider,1
cigar,21
cigarette,15
cipher,4
circle,87
circling,5
circuit,15
circular,6
circulation,19
circumference,3
circumscribed,3
circumstance,46
circumstances,82
circumstantial,3
circus,2
cirque,1
cistern,4
citadel,8
citizen,29
city,182
civic,1
civil,46
civilian,6
civility,46
civilization,70
civilized,8
clad,41
claim,30
clairvoyant,1
clammy,1
clamor,11
clan,1
clang,3
clap,8
clapping,7
clarinet,1
clarion,1
clash,6
clashing,4
clasp,11
class,49
classic,15
classical,14
classics,2
classification,2
classified,6
classify,1
classroom,2
clatter,6
claw,8
claws,15
clay,9
clean,60
cleaner,2
cleaning,8
cleanliness,4
cleanly,3
cleanse,4
clear,176
clearing,12
clearness,20
cleave,2
clef,1
cleft,1
clemency,6
clergy,4
clergyman,8
clerical,3
clerk,55
clever,78
cleverness,10
click,7
client,6
cliff,26
climate,5
climax,2
climb,29
cling,14
clinical,1
cloak,77
clock,44
clog,2
cloister,80
close,341
closed,233
closeness,2
closet,1
closure,1
clot,4
cloth,63
clothe,7
clothes,139
clothing,23
cloud,90
clouded,16
cloudiness,1
clouds,104
cloudy,4
clover,16
clown,2
clowns,3
club,42
clubhouse,1
clubs,8
clue,27
clump,12
clumsy,6
cluster,6
clutch,10
clutches,5
coach,46
coachman,96
coagulation,1
coal,4
coalition,1
coarse,65
coast,20
coat,199
coating,2
coax,1
cobble,1
cobbler,3
cobra,1
cock,7
cocoa,1
cod,1
code,18
codfish,1
coffee,49
coffeehouse,1
coffeepot,1
coffin,112
cogent,1
cognac,2
coherent,3
cohort,3
coil,1
coiled,3
coin,22
coinage,2
coincide,1
coincidence,9
cold,339
coldly,33
coldness,15
colic,1
coliseum,1
collaboration,2
collaborator,2
collapse,5
collar,43
collarbone,3
colleague,4
collect,20
collected,31
collection,14
collective,4
collector,4
college,13
collision,3
cologne,1
colonel,170
colony,1
color,14
colored,11
coloring,3
colorless,1
colors,13
colossal,27
colt,1
column,35
coma,1
comatose,1
comb,5
combat,57
combatant,7
combination,10
combine,4
combined,33
come,1978
comedian,6
comedy,7
comet,4
comfort,106
comfortable,48
comforter,5
comforting,9
comic,9
comical,2
coming,494
comma,1
command,56
commandant,3
commander,7
commanding,7
commemoration,1
commence,15
commend,1
commendable,1
commendation,7
comment,8
commentary,1
commentator,1
commerce,9
commercial,3
commissary,8
commission,44
commissioner,3
commit,17
committed,69
committee,28
commodity,1
common,130
commonly,7
commonplace,4
commotion,9
communal,1
commune,8
communicate,21
communication,35
communicative,2
communion,8
communism,4
communist,1
community,31
commutation,1
commute,2
compact,8
companion,64
companionship,5
company,84
comparable,3
comparative,6
comparatively,5
compare,16
comparison,33
compartment,16
compass,13
compassion,49
compassionate,9
compatibility,1
compatible,4
compel,7
compelled,5
compelling,1
compensate,1
compensation,4
compete,3
competent,2
competition,5
complacency,9
complacent,3
complain,25
complaint,15
complementary,1
complete,140
completed,52
completely,104
completeness,2
completing,3
completion,9
complex,15
complexion,16
complexity,7
compliance,4
complicate,2
complicated,44
complication,6
complicity,3
compliment,31
comply,11
complying,3
compose,12
composed,96
composer,1
composite,5
composition,4
compost,1
composure,46
comprehend,56
comprehension,6
comprehensive,5
compressed,2
compression,2
comprise,1
compromise,4
compulsory,3
computation,1
comrade,33
concave,1
conceal,71
concealed,101
concealment,16
concede,2
conceit,4
conceited,9
conceivable,2
conceive,29
concentrate,3
concentration,9
concentric,4
conception,26
concern,44
concerned,65
concert,15
concerto,1
concession,7
concierge,1
conciliation,1
concise,2
conclave,2
conclude,13
concluding,3
conclusion,45
conclusive,4
concomitant,1
concord,4
concordance,1
concrete,5
concubine,3
concurrence,2
concussion,3
condemn,13
condemnation,13
condensation,1
condensed,6
condescending,4
condescension,11
condition,128
conditional,1
conditionally,2
conditioned,1
conditions,56
condolence,1
condolences,1
condor,1
conducive,2
conduct,74
conductor,13
conduit,1
confederacy,1
confederation,1
confer,4
conference,5
confess,46
confession,31
confessional,1
confidant,1
confide,9
confidence,93
confident,15
confidential,5
configuration,1
confine,28
confined,35
confinement,20
confines,6
confirm,6
confirmation,13
confirmed,26
confiscate,1
confiscation,1
conflagration,16
conflict,47
conflicting,4
conform,1
conformation,1
conformity,1
confound,6
confounded,12
confront,1
confrontation,3
confuse,1
confused,63
confusing,2
confusion,60
congenial,3
congratulate,20
congratulation,2
congratulations,15
congratulatory,3
congregation,8
congress,4
conical,1
conjecture,24
conjugal,3
conjunction,12
conjure,7
connect,4
connected,74
connection,75
connoisseur,3
conquer,10
conquering,7
conqueror,8
conquest,13
conscience,126
conscientious,11
conscious,124
consciousness,47
conscription,1
consecrated,7
consecration,2
consecutive,2
consensus,1
consent,68
consenting,4
consequence,87
consequent,7
conservation,2
conservative,5
consider,117
considerable,50
considerate,2
consideration,66
consignee,1
consignment,3
consist,7
consistency,3
consistent,7
consolation,45
console,24
consoled,6
consolidate,1
consolidated,2
consort,1
conspicuous,4
conspiracy,1
constancy,2
constant,33
constantly,36
consternation,17
constituent,2
constitute,12
constitution,4
constitutional,9
constrain,1
constrained,9
constraint,8
construct,9
construction,22
consul,6
consulate,1
consult,24
consultation,10
consume,8
consumer,1
consuming,3
consummate,4
consummation,5
consumption,5
contact,22
contagion,4
contagious,1
contain,37
contemplate,21
contemplation,39
contemporary,12
contempt,42
contemptible,1
contemptuous,10
contend,5
contending,3
content,53
contented,45
contention,6
contentment,7
contents,24
contest,13
context,1
contiguous,4
continence,1
continent,6
contingency,2
contingent,3
continual,26
continually,97
continuance,3
continuation,8
continue,49
continued,237
continuing,12
continuity,4
continuous,6
continuously,1
contour,1
contraband,2
contract,13
contracted,22
contracting,2
contraction,4
contractor,7
contradict,5
contradiction,9
contradictory,4
contrary,111
contrast,26
contrasted,7
contravention,2
contribute,7
contrived,18
control,29
controlling,4
controversy,2
convalescent,4
convene,2
convenience,6
conveniences,1
convenient,21
convent,147
convention,20
conventional,5
converge,5
conversation,365
converse,29
conversing,14
conversion,2
convert,3
converted,28
convex,1
convey,21
conveyance,3
convict,102
conviction,76
convince,13
convinced,105
convincing,6
convoy,3
coo,2
cook,33
cookery,2
cooking,16
cool,30
cooler,1
cooling,2
coolness,8
cooperate,1
cooperative,2
cope,8
coping,4
copper,21
copy,19
copying,2
copyright,35
coral,1
cord,26
cordial,19
cordon,2
core,3
cork,2
corkscrew,1
corn,25
corner,244
cornice,7
corollary,1
coronation,4
coroner,2
corporal,7
corporation,1
corporeal,2
corps,26
corpse,56
corpus,1
correct,41
correction,3
correctional,1
corrective,2
correctness,3
correspond,9
correspondence,15
correspondent,9
corresponding,10
corridor,70
corroboration,1
corrosive,1
corrupt,12
corruption,15
corsage,2
corset,1
cosmic,2
cosmopolitan,1
cosmos,2
cost,51
costly,9
costume,20
cot,2
cottage,61
cotton,12
couch,18
cough,24
council,45
councilman,1
counsel,49
counsellor,4
count,241
countenance,114
counter,9
counteract,1
counterbalance,1
counterfeit,4
counterpart,1
countess,163
countless,4
country,452
countryman,2
countrymusic,1
countryside,11
counts,53
county,8
coup,9
couple,60
coupled,2
coupling,3
courage,94
courageous,11
courier,7
courses,13
court,163
courteous,10
courtesy,18
courthouse,8
courtroom,5
courts,21
courtship,2
courtside,1
courtyard,64
cousin,87
cousins,25
cove,7
covenant,4
cover,52
covered,217
covering,18
covert,2
covet,1
coveted,6
cow,10
coward,12
cowardice,10
cowardly,9
cowboy,1
cozy,3
crab,1
crack,22
cracked,33
cracking,11
crackle,1
cradle,6
craft,7
crafty,10
crammed,4
cramped,5
crane,1
cranny,1
crash,11
crater,2
crave,1
craving,6
crawl,13
crayons,1
crazed,1
crazy,9
creak,10
creaking,18
cream,8
crease,1
create,32
creation,57
creative,2
creator,26
creature,170
credentials,1
credible,1
credit,57
creditable,4
credited,2
creditor,5
creed,1
creek,1
creep,6
creeping,3
creole,1
crepe,1
crescendo,1
crescent,8
crest,33
crestfallen,2
crevice,7
crew,58
crib,3
cricket,3
cried,361
crime,106
criminal,43
criminality,2
crimson,23
cripple,1
crippled,2
crisis,18
crisp,2
critic,2
critical,14
criticise,3
criticism,10
criticize,3
criticized,2
croak,2
crockery,7
crocodile,2
crook,2
crooked,9
crop,17
croquet,8
cross,126
crossed,89
crossing,41
crosswalk,1
crouch,3
crouched,13
crouching,18
crow,3
crowd,133
crowded,17
crowds,9
crown,36
crowning,3
crucifix,34
crucifixion,12
crude,1
cruel,54
cruelly,9
cruelty,16
cruising,1
crumble,8
crumbling,16
crunch,3
crusade,4
crush,18
crushed,57
crushing,22
crust,3
crusty,1
crutch,2
crux,2
cry,134
crying,80
crypt,4
crystal,8
crystallization,1
cub,1
cubic,2
cuckoo,6
cucumber,3
cue,1
cuff,5
culinary,1
culminate,1
culpable,6
culprit,8
cultivate,6
cultivated,17
cultivation,9
culture,20
cultured,1
culvert,2
cunning,45
cup,62
cupboard,22
cur,57
curate,5
curb,4
cure,14
curfew,1
curiosity,80
curious,57
curl,3
curling,7
currency,3
current,20
curse,20
cursed,22
cursing,2
cursory,4
curt,9
curtain,20
curtains,29
curvature,2
curve,18
curved,13
cushion,4
custody,1
custom,33
customary,14
customer,1
cut,260
cuticle,1
cutoff,1
cutthroat,1
cutting,30
cuttings,1
cylinder,3
cynic,2
cynical,4
cynicism,4
dab,2
dabble,1
dad,2
daddy,2
dado,1
dagger,9
daily,28
dainty,5
dairy,1
daisy,2
dale,1
dam,6
damage,5
damaged,4
damages,5
dame,12
damn,7
damnation,4
damned,10
damp,24
damper,2
damsel,1
dance,63
dancer,6
dancing,45
dandy,12
danger,122
dangerous,62
dangerously,7
dangle,1
dank,5
dare,117
daredevil,1
daresay,6
daring,39
dark,286
darken,1
darkened,3
darkly,7
darkness,213
darling,58
dart,7
dash,13
dashed,23
dashing,11
data,8
date,45
daughter,374
dawdle,2
dawn,127
dawned,7
day,1478
daybreak,43
daydream,1
daylight,65
daytime,10
daze,1
dazed,5
dazzle,5
dazzling,37
deacon,13
dead,450
deadly,25
deaf,17
deafening,4
deafness,2
deal,208
dealer,9
dealing,13
dealings,1
dean,1
dear,605
dearest,61
dearth,1
death,547
deathbed,4
deathly,5
debased,3
debate,4
debauchery,3
debt,28
debtor,1
decanter,10
decay,14
decayed,2
decaying,2
deceased,2
deceit,19
deceitful,3
deceive,31
deceived,50
deceiving,22
december,10
decency,6
decent,17
deception,6
deceptive,2
decide,50
decidedly,32
decipher,2
decision,52
decisive,27
deck,32
declaration,16
declare,27
decline,15
declining,6
decomposition,2
decoration,8
decorum,13
decrease,1
decreased,8
decreasing,1
decree,5
decrepit,11
dedicate,1
dedication,2
deduce,2
deduct,1
deduction,3
deed,38
deem,5
deep,165
deer,7
default,9
defeat,15
defeated,4
defect,18
defection,1
defective,2
defend,33
defended,20
defender,1
defending,15
defense,4
defensive,2
defer,5
deference,15
defiance,9
defiant,2
deficiency,2
deficient,8
deficit,1
define,12
defined,22
definite,32
definition,4
definitive,13
deformed,11
deformity,16
deft,2
defunct,2
defy,7
degenerate,3
degradation,8
degraded,7
degrading,8
degree,108
dejected,14
delay,55
delayed,24
delectable,3
delegate,1
deliberate,22
deliberation,14
delicacy,28
delicate,58
delicious,26
delight,139
delighted,128
delightful,87
delineate,1
delinquent,2
delirious,5
delirium,16
deliver,32
deliverance,9
delivery,7
dell,3
delude,1
deluge,4
delusion,5
delve,1
demand,44
demanding,5
demeanor,1
democracy,10
democrat,2
democratic,9
demolish,4
demolished,15
demolition,5
demon,14
demonstrate,3
demonstrated,1
demonstrating,1
demonstration,2
demonstrative,1
demonstrator,1
demoralized,1
demos,1
den,23
denial,13
denied,25
denote,1
denounce,15
dense,21
density,10
dental,3
dentist,2
dentists,1
denunciation,1
deny,30
denying,5
depart,27
departed,45
department,43
departmental,1
departure,115
depend,34
dependence,11
dependent,7
depict,3
depicting,1
deplorable,2
deplore,1
deposit,12
deposition,8
depraved,5
depravity,2
depreciate,2
depressed,18
depressing,5
depression,11
deprivation,1
deprive,10
deprived,33
depth,45
deputy,8
deranged,4
derelict,4
derision,3
derivative,2
derive,5
derogatory,2
descend,40
descendant,4
descending,26
descent,22
describe,34
description,31
descriptive,1
desecrate,2
desecration,2
desert,30
deserted,90
desertion,4
deserve,27
deserved,18
deserving,11
design,33
designate,8
designated,20
designation,2
designed,8
designing,1
desirable,16
desire,193
desiring,8
desirous,28
desk,7
desolate,14
desolation,9
despair,195
despairing,33
despatch,5
desperate,54
desperation,5
despicable,5
despise,26
despondent,4
despotic,2
despotism,10
dessert,4
destination,9
destined,37
destiny,93
destitute,6
destroy,54
destroyed,51
destroyer,6
destroying,10
destruction,50
destructive,4
detach,3
detached,22
detachment,9
detail,63
detailed,5
details,89
detain,9
detect,4
detection,7
detective,1
detention,1
deter,1
deteriorated,1
deteriorating,1
determination,25
determine,18
determined,92
detest,14
detestation,3
detonation,4
detour,1
detract,3
detriment,1
detrimental,1
detritus,2
deuce,30
devastated,2
develop,7
developing,1
development,34
deviate,1
deviating,1
deviation,2
device,10
devil,84
devilish,7
devise,3
devoid,9
devote,11
devoted,44
devotee,2
devotion,37
devour,18
devout,2
dew,17
dexterity,1
diabetes,1
diabolical,8
diagnosis,3
diagonal,1
diagram,1
dialect,13
dialogue,26
diameter,3
diamond,8
diamonds,11
diaphragm,1
diary,95
diatribe,2
dictate,8
dictation,3
dictator,1
dictatorial,2
dictatorship,1
dictionary,4
dictum,1
die,241
died,139
diet,6
differ,2
difference,78
differences,4
different,214
differently,30
differing,2
difficult,117
difficulties,34
difficulty,141
diffuse,7
dig,9
digest,2
digestion,5
digestive,3
digital,1
dignified,15
dignify,1
dignity,54
digs,4
dike,3
dilapidated,20
dilemma,9
diligence,28
dilute,1
dim,32
diminish,6
diminished,14
diminution,9
diminutive,2
din,1
dine,51
dining,30
dinner,284
dinnertime,7
dint,29
diocesan,1
diocese,13
diorama,1
dip,3
diplomacy,5
diplomat,4
diplomatic,7
dipper,3
dire,5
direct,55
directed,98
direction,190
directly,130
director,16
directory,8
dirt,12
dirty,42
disabled,2
disadvantage,7
disagreeable,66
disagreement,5
disappear,30
disappearance,15
disappearing,14
disappoint,3
disappointed,23
disappointing,3
disappointment,39
disapproval,2
disapprove,3
disapproved,2
disapproving,1
disarm,2
disarray,2
disaster,21
disastrous,8
disbelief,6
disbelieve,3
disc,6
discarded,3
discern,3
discernible,8
discerning,3
discernment,5
discharge,28
disciple,5
discipline,16
disciplined,1
disclaim,1
disclose,9
disclosed,6
disclosure,1
discomfort,7
disconcerted,21
disconcerting,1
disconnected,2
discontent,2
discontinuance,1
discord,2
discount,3
discourage,3
discouraged,8
discouragement,3
discourse,20
discover,49
discovery,45
discredit,4
discreet,16
discretion,15
discretionary,1
discrimination,2
discuss,24
discussion,51
disdain,24
disdainful,7
disease,14
diseased,1
disengage,2
disfigured,7
disgrace,42
disgraced,10
disgraceful,17
disguise,22
disguised,18
disgust,25
disgusted,10
disgusting,17
dish,15
disheartened,1
dishonest,12
dishonesty,2
dishonor,2
dishonorable,7
dishwasher,2
disinclination,4
disinclined,8
disinfection,2
disingenuous,1
disintegration,1
disinterested,9
disjointed,4
disk,3
dislike,48
disliked,37
disliking,1
dislocated,6
dislocation,1
disloyal,1
dismal,8
dismantle,1
dismay,29
dismayed,11
dismemberment,3
dismiss,7
dismissal,4
dismount,2
disobedient,2
disobey,3
disorder,26
disordered,4
disorderly,3
disorganized,3
disown,3
disparaging,1
dispel,6
dispensary,3
dispensation,2
dispense,5
dispenser,1
disperse,2
dispersed,19
dispersion,1
dispirited,2
displace,3
displaced,6
displacement,2
display,15
displease,4
displeased,38
displeasure,19
disposal,16
dispose,6
disposed,43
disposition,53
dispute,20
disquieted,1
disregard,2
disregarded,3
disreputable,3
disrepute,2
disrespect,3
disrespectful,3
dissatisfaction,17
dissatisfied,21
dissect,1
dissension,1
dissent,2
dissenting,1
dissertation,3
disservice,1
dissipate,8
dissipated,17
dissolution,3
dissolve,2
dissuade,5
distance,158
distant,96
distaste,2
distasteful,16
distinct,41
distinction,26
distinctive,2
distinguish,40
distinguishable,3
distinguished,58
distinguishing,4
distort,4
distorted,9
distortion,1
distract,7
distracted,15
distracting,3
distraction,7
distraught,3
distress,87
distressed,31
distressing,11
distribute,3
distribution,8
district,61
distrust,21
disturb,34
disturbance,11
disturbed,57
disturbing,9
disuse,4
disused,1
ditch,20
ditto,1
ditty,3
diva,1
divan,1
dive,1
diver,3
diverging,1
divers,12
diverse,6
diversified,1
diversion,14
diversity,1
divert,9
diverting,2
divide,12
divided,47
divination,6
divine,91
divinity,7
division,31
divorce,89
dizziness,2
dizzy,18
do,3047
docile,2
dock,3
docket,6
doctor,243
doctrine,11
document,4
documents,10
dodge,2
dog,110
dogged,5
doggy,1
dogma,9
doings,12
doll,56
domain,4
dome,14
domestic,31
domicile,3
domiciled,1
dominance,2
dominant,2
dominate,3
dominating,2
domination,4
dominion,1
domino,1
don,13
donkey,1
doom,14
doomed,14
door,944
doorbell,2
doorstep,1
doorway,49
dormant,1
dormitory,7
dorsal,2
dose,5
dossier,1
doting,2
dotted,5
double,88
doubled,11
doubling,1
doubt,291
doubtful,16
doubting,6
doubtless,38
doubts,38
dough,3
dove,10
down,1356
downcast,14
downfall,3
downhill,3
downpour,8
downright,4
downward,12
downy,2
dowry,5
doze,7
dozen,29
draft,3
drag,28
dragon,10
dragonfly,1
drain,9
drainage,3
drained,3
draining,1
drainpipe,1
drama,23
dramatic,8
drapery,1
draught,11
draw,98
drawback,1
drawbridge,1
drawer,21
drawers,8
drawing,81
dread,51
dreaded,34
dreadful,62
dreadfully,16
dreading,3
dream,141
dreamer,12
dreaming,39
dreamland,1
dreams,96
dreamt,2
dreamy,10
dreary,15
drenched,13
dress,158
dresser,2
dressmaker,2
dried,24
drift,8
drifted,10
drill,1
drink,190
drinker,3
drinking,71
drinks,13
drip,5
dripping,14
drive,119
driver,46
droll,5
drone,1
drones,1
drooping,29
drop,73
drove,141
drown,11
drowsiness,2
drowsy,1
drudgery,1
drug,8
drugged,8
drugs,10
druid,1
drum,10
drummer,1
drunk,75
drunkard,8
drunken,20
drunkenness,10
dry,73
dryness,1
dual,1
dubious,8
duchess,7
duck,6
duds,7
due,86
duel,20
dues,3
duke,12
dull,89
dumb,7
dun,5
dune,1
dung,14
dungeon,15
dupe,6
duplicate,1
duplicity,3
durability,1
duration,8
dusk,21
dusky,4
dust,88
dusty,13
dutiful,2
duty,209
dwarf,6
dwarfed,2
dwell,26
dwelling,36
dye,2
dying,115
dynamic,1
dynasty,12
eager,62
eagerness,33
eagle,34
ear,96
earl,1
earlier,39
early,188
earn,23
earnest,44
earnestly,23
earnestness,7
earnings,3
earrings,2
earshot,2
earth,295
earthenware,7
earthly,13
earthquake,10
earthy,4
ease,90
easel,1
easily,128
east,55
eastern,12
easy,131
easygoing,1
eat,199
eating,68
ebb,10
ebony,2
eccentric,14
eccentricity,1
ecclesiastical,7
echo,11
eclipse,15
economic,11
economical,3
economy,21
ecstasy,56
ecstatic,9
eddy,2
edge,65
edging,1
edible,1
edict,1
edification,1
edifice,20
editing,1
edition,5
editor,5
educate,8
educated,22
education,100
educational,3
eel,2
effect,183
effective,1
effects,32
effectual,3
effectually,4
effeminate,4
efficacious,4
efficacy,2
efficient,2
effigy,3
effort,156
effusion,9
egg,6
eggplant,1
egotistical,4
eight,151
eighteen,17
eighth,7
eighty,29
ejaculation,2
elaborate,5
elapse,3
elapsed,37
elastic,1
elasticity,2
elated,1
elation,1
elbow,50
elder,94
elderly,23
elders,4
eldest,47
elect,8
election,14
elector,5
electric,17
electrical,1
electricity,9
elegance,26
elegant,44
element,35
elemental,4
elementary,4
elements,22
elephant,34
elevate,4
elevated,27
elevation,18
eleven,37
eleventh,3
elicit,1
eligible,10
elixir,6
ell,1
ellipse,2
ellipsis,1
elm,3
elope,1
eloquence,16
eloquent,14
elucidate,4
elude,2
emaciated,11
emanate,3
emancipation,9
embankment,1
embargo,1
embark,2
embarrass,3
embarrassed,44
embarrassing,8
embarrassment,41
embattled,2
embers,9
emblem,2
embodiment,2
embrace,42
embroidered,18
embroidery,3
embroiled,1
embryo,3
embryonic,1
emerald,2
emerge,36
emergency,6
emigration,3
eminence,7
eminent,4
eminently,2
emit,1
emotion,89
emotional,5
emperor,66
emphasis,9
emphasize,3
emphatic,3
empire,42
employ,9
employee,1
employer,5
employment,23
empress,1
emptiness,4
empty,98
emulate,1
enable,12
enact,1
enamel,2
encampment,1
enchant,2
enchanted,10
enchanting,7
enchantment,4
enchantress,1
encircle,2
encircling,1
enclose,5
enclosure,24
encompass,1
encore,2
encounter,41
encourage,14
encouraged,26
encouragement,19
encouraging,17
encumbrance,1
encyclopedia,2
end,587
endangered,1
endeavor,4
ended,88
ending,16
endless,27
endorse,1
endorsement,1
endow,2
endowed,25
endurance,9
endure,37
enduring,5
enemy,79
energetic,21
energy,49
enforce,2
enforcement,1
engage,17
engaged,121
engagement,34
engaging,9
engine,8
engineer,4
engraved,5
engraver,1
engraving,2
engrossed,23
engrossing,2
engulf,2
enhance,1
enigma,24
enigmatic,5
enjoin,3
enjoy,57
enjoyable,1
enjoying,33
enjoyment,52
enlarge,2
enlarged,9
enlargement,3
enlighten,8
enlightened,17
enlightening,3
enlightenment,11
enmity,1
ennui,6
enormity,8
enormous,90
enormously,3
enraged,15
enrich,4
ensemble,2
ensign,1
enslave,1
enslaved,1
ensue,1
ensure,5
entail,9
entangled,13
entanglement,2
enter,202
enterprise,18
entertain,15
entertained,26
entertaining,4
entertainment,10
enthralled,2
enthusiasm,41
enthusiast,1
enthusiastic,28
entire,50
entirety,3
entitle,1
entity,1
entrails,7
entrance,118
entreat,31
entry,30
enumeration,1
envelope,34
envious,13
environ,1
environment,1
environs,13
envy,30
ephemeral,2
epic,12
epidemic,4
epidermis,1
epileptic,1
episcopal,14
episode,8
epistle,11
epitaph,1
epithet,3
epoch,104
equal,83
equality,18
equally,48
equation,1
equestrian,1
equilibrium,9
equipment,3
equitable,7
equity,4
equivalent,18
equivocal,7
era,4
erase,3
erasure,2
ere,30
erect,78
erection,1
err,6
errand,10
errant,1
erratum,2
erroneous,1
error,45
erudite,1
eruption,4
escape,196
escaped,73
escarpment,8
escort,23
especial,6
espouse,1
essay,2
essence,8
essential,32
essentially,2
establish,3
established,53
establishment,35
estate,83
esteem,28
esteemed,14
estimable,3
estimate,4
estimation,9
eternal,48
eternity,24
ether,2
ethereal,1
ethical,1
etiquette,8
etymology,3
eulogium,5
eulogy,1
euthanasia,2
evacuate,1
evade,2
evangelical,1
evaporation,1
eve,17
evening,487
event,75
eventful,1
eventual,2
everlasting,18
evermore,1
everyday,5
evidence,37
evident,107
evil,216
evoke,3
evolution,10
ewe,2
ex,1
exact,45
exacting,2
exaggerate,5
exaggerated,15
exaggeration,12
exaltation,2
exalted,17
examination,33
examine,25
example,48
exasperated,34
exasperation,9
excavation,4
exceed,7
exceeding,3
excel,7
excellence,8
excellent,125
excepting,4
exception,47
exceptional,14
excess,40
excessive,22
excessively,14
exchange,24
excitability,1
excitable,2
excite,16
excited,70
excitement,67
exciting,8
exclaim,11
exclamation,24
exclude,1
excluded,5
excluding,1
exclusion,2
exclusive,2
excursion,3
excuse,91
execute,9
execution,28
executioner,16
exemplary,1
exempt,6
exemption,1
exercise,37
exert,6
exertion,21
exhale,2
exhaust,2
exhausted,58
exhaustion,13
exhibit,5
exhibition,5
exhilarated,2
exhilarating,1
exhortation,4
exile,20
exist,72
existence,143
existent,2
existing,20
exit,17
exodus,2
exonerate,1
exorbitant,2
exotic,1
expand,1
expanded,5
expanse,6
expansion,3
expect,111
expectation,40
expected,190
expecting,66
expedient,18
expedite,2
expedition,17
expeditious,2
expel,2
expenditure,11
expense,23
expenses,32
expensive,9
experience,60
experienced,91
experiences,12
experiment,9
experimental,1
expert,1
expiration,26
expire,3
expired,8
explain,109
explanation,54
explanatory,1
explicit,5
explode,1
exploit,4
exploration,2
explore,7
explosion,6
explosions,3
expose,13
exposed,19
exposition,5
exposure,4
expound,3
express,85
expression,292
expressive,28
exquisite,66
exquisitely,5
extant,2
extend,8
extended,30
extension,4
extensive,9
extent,61
exterior,13
exterminate,6
extermination,5
external,30
externally,4
extinct,13
extinction,11
extinguish,12
extinguisher,1
extort,2
extra,10
extract,5
extracting,2
extraction,1
extraneous,4
extraordinary,78
extravagance,6
extravagant,9
extreme,84
extremely,76
extremity,48
extricate,5
exuberance,2
eye,217
eyeball,1
eyes,1488
eyesight,3
fable,5
fabric,2
fabricate,1
fabricated,1
fabulous,6
face,1155
facial,1
facile,1
facilitate,2
facility,7
facing,51
facsimile,2
fact,444
faction,3
factor,2
factory,19
facts,85
faculties,16
faculty,19
fade,3
faded,10
fail,54
failing,14
failure,20
fain,4
faint,60
fainting,12
fair,141
fairly,26
fairness,1
fairy,7
faith,96
faithful,26
faithless,2
falcon,2
fall,219
falling,100
fallow,8
false,103
falsehood,25
falsely,4
falsity,6
falter,4
fame,8
famed,1
familiar,70
familiarity,11
familiarize,1
family,414
famine,7
famished,6
famous,40
fan,10
fanatic,2
fanatical,2
fanaticism,8
fanciful,2
fancy,125
fangs,2
fanning,1
fantasia,6
fantastic,15
fantasy,2
faraway,6
farce,13
farcical,2
fare,18
farewell,40
farm,35
farmer,4
farmhouse,6
farming,20
farther,31
fascinate,1
fascinated,13
fascinating,15
fascination,9
fashion,118
fashionable,27
fasten,16
fastening,10
fasting,7
fat,63
fatal,75
fatality,18
fate,98
fated,1
fateful,1
father,1125
fatherland,5
fatherly,2
fathom,7
fatigue,55
fatigued,20
fatten,2
faucet,3
fault,125
faultless,1
faulty,6
faun,1
fauna,1
faux,5
favor,53
favorable,13
favorite,38
fawn,4
fear,335
feared,103
fearful,75
fearfully,12
fearing,23
fearless,3
fears,54
feasibility,1
feast,22
feat,3
feather,6
feature,14
features,33
febrile,1
fecundity,1
fed,27
federation,1
fee,4
feeble,47
feed,16
feel,384
feeling,477
feet,372
feign,2
feigned,4
felicity,30
feline,2
fell,430
feller,1
fellow,266
fellowship,1
felt,1130
female,50
feminine,23
femme,2
fence,24
fenced,4
fencing,2
fender,3
fennel,1
fermentation,7
ferocious,44
ferocity,6
ferret,1
ferry,1
fertile,8
fertility,1
fervent,4
fervor,6
festival,22
festive,3
fetch,70
feud,1
feudal,5
feudalism,3
fever,68
feverish,22
fiat,2
fickle,1
fiction,2
fictitious,5
fidelity,7
fidgety,4
field,81
fiend,34
fiendish,6
fierce,52
fiery,2
fifteen,100
fifty,96
fig,7
fight,79
fighting,57
fights,3
figurative,1
figure,175
file,20
fill,46
filling,21
film,3
filter,4
filth,22
filthy,16
fin,1
final,41
finality,1
finally,97
finance,4
financial,4
financier,1
finch,1
find,571
finder,1
finding,85
fine,283
finery,5
finger,72
fingernail,2
finish,60
finished,172
finite,4
fire,305
firelight,4
fireman,2
fireplace,35
fireside,5
firewood,8
fireworks,3
firing,29
firm,77
firmament,10
firmly,46
firmness,17
first,1410
firstborn,1
fish,39
fisherman,3
fishing,15
fishy,1
fissure,3
fist,43
fit,86
fitness,1
fits,23
fitted,26
fitting,17
fittings,1
five,358
fix,22
fixation,1
fixed,199
flabby,2
flaccid,1
flag,51
flagging,3
flagrant,5
flame,53
flaming,15
flange,4
flank,7
flanked,7
flannel,2
flap,1
flapping,11
flare,2
flaring,1
flash,59
flashing,15
flask,2
flat,55
flatness,1
flatter,16
flattered,15
flattering,11
flattery,2
flavor,6
flaw,1
flea,1
fled,60
flee,22
fleece,9
fleet,21
fleeting,2
flesh,70
fleshy,1
flick,3
flicker,4
flickering,9
flight,74
flinch,7
fling,27
flirt,5
flirtation,5
flirting,5
float,11
flock,15
flog,1
flood,18
floor,178
flooring,6
flora,10
floral,4
floss,1
flour,6
flourish,7
flow,25
flower,39
flowering,3
flowers,142
flowery,4
flows,8
fluctuate,1
fluctuating,4
flue,8
fluency,1
fluent,2
fluffy,1
fluid,1
fluidity,2
flurries,1
flush,19
flute,8
fluted,1
flutter,9
fly,71
flying,54
foam,17
foaming,4
fob,9
focus,2
fodder,2
foe,7
fog,42
foggy,3
foil,1
foiled,2
fold,22
folded,59
folder,1
foliage,10
folio,3
folk,7
follow,135
folly,44
fond,115
fondness,2
food,89
fool,53
fooled,5
fooling,2
foolish,37
foolishness,2
foot,192
foothold,3
footing,9
footpath,1
forage,2
forbearance,6
forbid,14
forbidding,2
force,235
forced,141
forceful,2
forces,36
forcibly,12
fore,5
forearm,1
foreboding,1
forefinger,9
forego,6
foregone,2
foreground,2
forehead,69
foreign,49
foreigner,7
foreman,2
foremost,19
foresee,6
foreseen,11
foresight,7
forest,143
forestall,2
forethought,2
forevermore,1
forfeit,1
forfeited,1
forfeiture,1
forge,7
forger,1
forgery,1
forget,150
forgetful,11
forgetfulness,19
forgive,116
forgiven,16
forgiveness,28
forgiving,4
forgotten,121
fork,15
forked,3
forlorn,2
form,255
formal,18
formality,7
formation,17
formed,175
formidable,92
forming,24
formless,2
formula,5
formulate,1
forsake,1
forsaken,2
forsooth,1
fort,6
forthcoming,1
forthwith,7
fortify,4
fortitude,7
fortnight,39
fortress,13
fortunate,36
fortune,125
fortunes,10
forty,76
forward,177
forwarding,1
fossil,1
fossils,1
foul,27
found,780
foundation,43
founder,4
founding,3
fountain,29
four,457
fourteen,21
fourth,46
fox,6
foyer,1
fraction,4
fracture,2
fragile,6
fragment,22
fragmentary,3
fragrance,4
fragrant,22
frail,10
frailty,1
frame,60
framework,7
franc,2
frank,7
frankness,8
frantic,5
frantically,4
fraternal,3
fraternity,14
fraud,8
fraught,5
fray,12
frayed,2
freak,2
free,188
freedom,61
freely,41
freeze,3
freezing,8
freight,3
frenzied,6
frenzy,9
frequency,2
frequent,35
frequently,55
fresco,1
fresh,180
freshen,2
freshness,11
fret,13
friction,3
friday,9
fried,1
friend,553
friendless,3
friendliness,10
friendly,51
friends,386
friendship,39
frigate,2
fright,24
frighten,16
frightened,100
frightening,4
frightful,106
frigid,11
fringe,1
fringed,4
frivolous,13
frock,15
frog,2
front,281
frontage,1
frontier,15
frontispiece,4
frost,19
frosty,6
froth,3
frown,11
frowning,36
frozen,14
frugal,2
fruit,17
fruitful,7
fruitless,6
fruits,9
frustrate,4
fry,1
fuel,4
fugitive,8
fulcrum,2
fulfilled,22
fulfilling,5
fulfillment,1
full,509
fully,88
fumble,2
fume,1
fun,20
function,11
functional,2
fund,7
fundamental,6
fundamentally,1
funds,5
funeral,43
fungus,3
funnel,3
funny,14
fur,21
furious,58
furiously,14
furnace,17
furnish,15
furniture,56
furrow,6
furtherance,2
fury,64
fuse,1
fusion,4
fuss,6
futile,3
futility,1
future,179
gag,1
gaiety,19
gain,39
gaining,14
gait,9
gala,1
gale,17
gall,2
gallant,16
gallantry,12
gallery,25
galley,6
gallop,27
galloping,8
gallows,2
galvanic,2
gamble,1
gambler,6
gambling,1
game,67
gaming,2
gang,7
gangrene,2
gaol,1
gap,8
gaping,7
garb,4
garden,303
gardener,35
gardening,4
gardens,37
garlic,21
garment,18
garnish,2
garrison,10
garter,9
gas,12
gash,2
gasp,2
gasping,8
gate,102
gatekeeper,1
gateway,10
gather,15
gathering,17
gaudy,1
gauge,1
gaunt,5
gauze,1
gay,66
gaze,97
gazette,10
gazing,94
gear,7
gelding,1
gem,2
general,231
generality,2
generalization,1
generally,74
generation,9
generic,1
generosity,20
generous,50
genesis,3
genial,7
genius,40
genre,2
gent,2
genteel,4
gentle,123
gentleman,181
gentlemanly,1
gentleness,31
gently,88
gentry,2
genuine,29
geographical,1
geography,5
geological,1
geology,2
geometry,4
germ,3
german,58
germinate,3
germination,2
germs,2
gestation,1
gesture,69
get,899
getup,1
ghastly,20
ghetto,1
ghost,29
ghostly,7
ghoul,2
giant,15
giddy,6
gift,22
gifted,2
gifts,14
gig,1
gigantic,25
giggle,1
giggling,1
gilded,22
gills,2
gilt,8
gin,2
gingerbread,1
giraffe,1
girdle,10
girl,423
girlish,5
give,736
giver,5
giving,168
glacial,10
glacier,7
glad,284
glade,5
gladiator,18
gladness,15
glance,239
glare,9
glaring,7
glass,142
glasses,27
glassware,1
glazed,5
gleam,52
gleaming,8
glean,1
glee,2
gleeful,2
glen,1
glib,1
glide,4
glimmer,5
glimpse,69
glitter,3
glittering,19
globe,14
gloom,92
gloomy,147
glorification,2
glorified,4
glorify,1
glorious,13
glory,70
gloss,2
glossy,5
glove,18
gloves,17
glow,32
glowing,18
glum,1
glut,3
glutton,3
gluttony,3
gnat,1
go,1816
goal,20
goat,11
gobble,1
goblet,8
goblin,2
god,749
goddess,58
godfather,5
godlike,3
godly,1
godmother,1
godsend,4
godson,2
gold,134
golden,58
gone,464
goo,1
good,1723
goodbye,75
goodday,5
goodly,9
goodmorning,3
goodness,63
goods,25
goodwill,8
goose,9
gore,3
gorge,4
gorgeous,3
gospel,9
gossip,17
gothic,5
gourd,1
gout,2
govern,3
governess,41
governing,6
government,102
governmental,1
governor,10
gown,71
grab,1
grace,63
graceful,31
gracious,22
graciously,4
grade,4
grades,1
gradual,1
gradually,66
graduate,1
graft,2
grain,23
grammar,8
grand,150
grandchild,2
grandchildren,2
granddaughter,2
grandeur,40
grandfather,124
grandiose,6
grandmother,4
grandson,21
granite,16
granny,1
grant,47
granted,18
grapes,15
grapple,2
grappling,1
grasp,45
grasping,13
grass,137
grassy,5
grate,1
grated,22
grateful,51
gratification,9
gratified,17
gratify,4
gratifying,7
grating,55
gratis,5
gratitude,54
gratuitous,4
gratuity,1
grave,176
gravel,10
graveyard,2
gravitate,1
gravitation,1
gravity,39
gray,85
graze,3
grease,1
greased,1
greasy,2
great,1252
greater,136
greatest,84
greatly,117
greatness,15
greedy,7
green,121
greenhouse,1
greenish,3
greet,11
greeted,23
greeting,18
grey,32
gridiron,1
grief,89
grievance,3
grieve,26
grieved,24
grieving,11
grievous,3
griffin,3
grill,1
grilled,1
grim,25
grin,8
grind,2
grinder,1
grinding,11
grip,7
grisly,2
grit,2
groan,9
grocer,1
groom,9
groove,5
gross,10
grotesque,6
grotto,5
grouchy,4
ground,343
grounded,2
groundless,4
grounds,25
groundwork,2
group,76
grouse,18
grove,12
grovel,1
grow,97
growl,6
growling,3
growls,2
grownup,15
growth,23
grub,3
grudge,8
gruesome,4
gruff,4
grumble,5
guano,2
guarantee,9
guard,140
guarded,37
guardhouse,3
guardian,15
guardianship,5
guards,45
guess,52
guest,56
guidance,12
guide,49
guidebook,2
guiding,9
guild,1
guile,5
guillotine,15
guilt,21
guilty,57
guinea,1
guise,10
guitar,5
gulf,38
gull,2
gullet,1
gulp,1
gum,1
gun,99
gunpowder,1
gunshot,2
gush,6
gust,8
gusto,1
gut,7
gutter,15
gymnast,3
gymnastic,3
gymnastics,5
gypsy,2
habit,122
habitation,8
habitual,30
habitually,13
hack,3
haggard,24
haggle,2
hail,10
hair,279
hairdresser,11
hairy,9
half,362
halfway,11
hall,118
hallucination,11
halo,5
halt,48
halter,1
halting,4
ham,2
hamlet,3
hammer,23
hammering,2
hand,1256
handbag,4
handcuff,1
handful,20
handicraft,1
handiwork,4
handkerchief,47
handle,44
handshake,1
handsome,140
handwriting,16
handy,4
hang,24
hanging,65
hangman,3
hankering,1
hap,1
haphazard,11
hapless,2
happen,79
happening,17
happier,17
happiest,21
happily,21
happiness,374
happy,483
harass,1
harassing,4
hard,210
harden,1
hardened,5
hardening,1
hardness,7
hardship,15
hardy,3
hare,4
harem,3
hark,3
harm,84
harmful,5
harmless,9
harmonious,3
harmoniously,1
harmony,23
harness,14
harp,2
harrowing,8
harsh,40
harshness,12
harvest,10
hash,1
hashish,1
haste,147
hasten,22
hastily,65
hasty,17
hat,189
hatchet,1
hate,77
hateful,31
hating,12
hatred,86
haughty,31
haunt,7
haunted,18
have,7168
haven,4
havoc,6
hawk,5
hawking,1
hay,52
haye,2
haystack,1
hazard,7
hazardous,4
haze,2
head,994
headache,9
headdress,2
headgear,1
heading,2
headland,6
headless,1
headlong,15
headquarters,3
headstrong,7
headway,2
heady,1
heal,5
healer,2
healing,4
health,119
healthful,4
healthy,33
heap,62
hear,441
hearer,1
hearing,133
hearsay,3
hearse,29
heart,797
heartbreak,1
heartbreaking,10
heartbroken,6
hearted,2
heartfelt,5
hearth,34
heartily,21
heartless,8
hearts,91
heartsick,1
hearty,15
heat,51
heated,14
heath,9
heather,3
heating,2
heave,1
heaven,299
heavenly,10
heavens,72
heavily,51
heaviness,8
heaving,8
heavy,166
hectares,1
hedge,28
hedgehog,1
heed,41
heel,19
heels,29
heifer,16
height,65
heighten,2
heightened,9
heinous,2
heir,9
heiress,1
heirs,5
hell,90
hellfire,3
hellish,11
helm,8
helmet,22
helmsman,3
help,378
helper,2
helpful,2
helpless,21
helplessness,6
hem,1
hemisphere,1
hemlock,2
hemorrhage,2
hemp,4
hen,2
henceforth,47
herald,2
herb,11
herbs,5
herd,16
hereditary,3
heredity,3
heresy,2
heretofore,8
herewith,5
heritage,1
hermit,1
hero,38
heroic,31
heroine,2
heroism,17
hesitate,27
hesitating,16
hesitation,46
hew,1
heyday,3
hiatus,2
hiccup,1
hidden,65
hide,78
hideous,128
hiding,32
hierarchy,4
hieroglyphics,4
high,286
higher,55
highest,69
highland,1
highlands,2
highness,4
highway,22
hilarity,2
hill,49
hillside,2
hilly,1
hilt,4
hind,8
hinder,15
hindering,4
hindrance,10
hinge,6
hint,34
hip,3
hippopotamus,2
hire,11
hiss,8
hissing,1
historian,16
historic,5
historical,15
history,153
hit,34
hitch,5
hitherto,52
hive,8
hives,5
hoard,3
hoarse,22
hoary,1
hobby,4
hoe,3
hog,2
hoist,2
hold,246
holder,2
holding,163
hole,88
holiday,12
holidays,2
holiness,4
hollow,49
holly,2
holster,1
holy,112
homage,1
hombre,1
home,695
homecoming,2
homeless,3
homely,18
homemade,1
homestead,4
homeward,12
homicidal,6
homicide,1
homo,2
honest,105
honesty,20
honey,12
honeycomb,1
honeymoon,1
honor,123
honorable,23
honored,5
hood,8
hooded,1
hoof,1
hook,16
hooked,1
hoop,2
hoot,1
hope,404
hopeful,4
hopeless,21
hopelessness,4
hopes,71
hoping,43
horizon,77
horizontal,10
horn,7
horned,3
horrible,133
horribly,15
horrid,38
horrified,23
horror,187
horrors,22
horse,185
horseback,27
horseman,5
horsepower,1
horseshoe,1
horticultural,1
hose,1
hospitable,10
hospital,46
hospitality,25
host,49
hostess,18
hostile,33
hostility,16
hot,74
hotel,50
hound,4
hour,432
hourly,1
house,1268
household,60
householder,1
housekeeper,31
housekeeping,13
housing,1
hovel,64
hover,2
howl,12
howsoever,1
hub,5
huddle,2
hue,18
hug,7
huge,82
hull,2
hum,6
human,308
humane,11
humanitarian,1
humanity,57
humankind,2
humble,49
humbled,5
humbly,9
humbug,4
humid,3
humiliate,3
humiliated,20
humiliating,20
humiliation,33
humility,12
hummingbird,2
humor,39
humored,1
humorous,3
hump,1
hunchback,1
hundred,379
hundredth,5
hunger,41
hungry,57
hunt,27
hunter,3
hunting,20
huntress,1
hurl,10
hurrah,3
hurricane,19
hurried,48
hurry,58
hurt,68
hurtful,1
hurting,5
husband,524
husbandry,10
hush,26
hushed,4
husky,1
hussy,6
hut,51
hutch,2
hyacinth,2
hybrid,1
hydra,10
hydraulic,3
hydrogen,1
hyena,1
hygiene,5
hygienic,2
hymn,5
hyphen,1
hypnotic,16
hypocrisy,16
hypocritical,6
hypodermic,1
hypothesis,2
hysterical,5
ice,70
iced,2
icy,14
id,47
idea,422
ideal,77
identical,13
identify,3
identity,22
ideology,1
idiocy,3
idiom,2
idiomatic,1
idiot,18
idiotic,13
idiots,1
idle,32
idleness,19
idler,6
idol,4
idolatry,4
idyllic,1
ignite,2
ignorance,42
ignorant,73
ignore,8
ill,457
illegal,1
illegible,4
illegitimate,5
illicit,2
illiterate,5
illness,48
illogical,3
illuminate,5
illuminating,5
illumination,7
illusion,16
illustrate,4
illustration,194
illustrious,18
image,20
imaginable,4
imaginary,12
imagination,83
imaginative,2
imagine,129
imagined,43
imagining,5
imbecile,7
imitate,9
imitated,9
imitation,14
immaculate,3
immaterial,2
immeasurable,2
immeasurably,2
immediate,37
immediately,250
immemorial,6
immense,143
immersion,1
imminent,6
immoral,8
immorality,4
immortal,44
immortality,8
immovable,5
immutable,6
imp,2
impart,2
impartial,4
impartiality,1
impassable,8
impassioned,1
impatience,24
impatient,29
impatiently,15
impediment,1
impelled,12
impending,6
impenetrable,20
imperative,3
imperceptible,23
imperfect,4
imperfection,1
imperfectly,3
imperial,30
impersonal,4
impertinence,10
impertinent,11
impervious,1
impetuous,4
implacable,16
implement,2
implicated,3
implication,1
implied,4
implore,11
imply,7
import,6
importance,91
important,101
impose,7
imposing,13
imposition,1
impossibility,14
impossible,293
impotence,3
impotent,7
impoverished,3
impracticable,3
impregnable,8
impress,8
impressed,27
impression,94
impressive,3
imprint,5
imprison,2
imprisoned,4
imprisonment,1
improbable,12
improper,16
impropriety,7
improve,12
improved,21
improvement,19
improves,3
improving,3
improvisation,6
improvise,2
improvised,9
imprudent,16
impudence,2
impudent,6
impulse,35
impulsive,4
impunity,6
impure,5
inability,3
inaccessible,17
inaction,2
inactive,1
inactivity,3
inadequate,3
inadmissible,1
inadvertently,1
inane,1
inanimate,5
inapplicable,2
inappropriate,2
inattention,4
inaudible,1
inborn,1
incalculable,5
incapable,46
incapacity,1
incarnate,4
incendiary,2
incense,5
incensed,6
incentive,1
inception,2
incessant,9
incessantly,41
inch,7
incident,37
incidental,2
incidentally,1
incipient,1
incision,2
incitement,2
inclement,1
inclination,31
incline,7
inclined,48
include,3
included,10
including,12
inclusive,1
incognito,1
incoherent,5
income,44
incoming,1
incomparable,2
incompatible,1
incompetent,1
incomplete,15
incomprehensible,25
inconceivable,8
incongruous,2
inconsiderate,2
inconsistency,3
inconsistent,1
inconspicuous,2
inconvenience,14
inconvenient,8
incorrect,1
incorrigible,3
increase,34
increased,60
incredible,13
incredulous,8
incubation,3
incumbent,4
incur,3
incurable,6
indebted,16
indecency,1
indecent,5
indecision,14
indefinite,8
indelible,2
indemnity,2
independence,15
independent,18
indescribable,57
indestructible,2
index,4
indicate,15
indicating,15
indication,3
indicative,5
indictment,2
indifference,64
indifferent,50
indigent,7
indigestion,2
indignant,20
indignation,35
indignity,3
indigo,8
indirect,4
indiscreet,5
indiscretion,4
indispensable,18
indisposed,3
indistinct,17
individual,45
individuality,3
indivisible,2
indolent,2
indomitable,4
indoor,1
induce,17
induced,15
inducement,6
induction,1
indulge,17
indulgence,16
indulgent,8
industrial,2
industrious,1
industry,16
ineffable,28
ineffectual,5
inequality,8
inert,6
inertia,4
inevitable,19
inexact,2
inexcusable,1
inexhaustible,17
inexpensive,2
inexperience,5
inexperienced,4
inexplicable,15
inexpressible,19
infallibility,2
infallible,16
infamous,26
infamy,18
infancy,13
infant,20
infanticide,2
infantile,7
infantry,30
infatuation,3
infect,2
infectious,6
infer,2
inference,5
inferior,20
inferiority,3
infernal,7
infidelity,13
infiltration,3
infinite,80
infinitely,14
infinitesimal,2
infinity,11
infirm,6
infirmary,11
infirmity,5
inflammation,2
inflation,2
inflection,2
inflict,9
infliction,2
influence,82
influential,3
influx,1
inform,29
informant,1
information,74
informed,45
informer,2
infraction,5
infrequent,1
infrequently,1
infuriated,2
infuse,1
infused,2
infusion,1
ingenious,16
ingenuity,6
ingrate,5
ingredient,1
ingress,1
inhabit,12
inhabitant,8
inhabited,27
inhalation,2
inhale,3
inherent,4
inherit,4
inheritance,12
inhuman,2
inhumanity,1
inimitable,1
iniquity,3
initial,4
initiated,6
initiative,5
injection,2
injunction,9
injure,9
injured,29
injuring,3
injurious,4
injury,16
injustice,22
ink,22
inkling,3
inland,7
inlet,1
inmate,4
inn,71
innate,1
inner,59
innermost,1
innkeeper,23
innocence,49
innocent,91
innocently,3
innocuous,1
innuendo,1
innumerable,15
inquest,6
inquire,39
inquirer,2
inquiring,15
inquiry,33
inquisitive,6
inquisitor,1
insane,3
insanity,6
insatiable,4
inscription,17
insect,4
insensitive,1
inseparable,7
inserted,6
inside,101
insight,7
insignificance,4
insignificant,11
insipid,4
insist,42
insistence,3
insists,12
insolence,19
insolent,23
insoluble,8
inspect,2
inspection,7
inspector,50
inspiration,12
inspire,18
inspired,38
instability,2
install,6
installation,1
installment,2
instance,48
instant,252
instantaneous,3
instantaneously,2
instigate,2
instigation,3
instinct,73
instinctive,8
institute,4
institution,11
instruct,4
instructed,7
instruction,19
instructions,21
instructive,1
instructor,1
instrument,22
insufferable,5
insufficient,13
insult,28
insulting,12
insurance,2
insure,3
insurgent,15
insurmountable,6
insurrection,71
intact,6
intangible,1
integral,2
integrity,6
intellect,20
intellectual,24
intelligence,70
intelligent,42
intelligible,9
intend,18
intended,67
intending,29
intense,41
intensely,11
intensify,2
intensity,18
intent,24
intention,57
intentional,3
intentionally,14
inter,1
intercede,1
intercept,4
interchange,4
intercourse,15
interest,196
interested,93
interesting,90
interfere,15
interference,26
interim,2
interior,55
interlude,1
intermediary,3
intermediate,5
interment,9
interminable,3
intermission,4
intermittent,6
internal,14
internally,2
international,1
interpolate,2
interpolation,1
interpret,5
interpretation,18
interpreter,3
interrogate,4
interrogation,12
interrupt,20
interrupted,102
interrupting,15
interruption,16
interrupts,2
intersect,1
intersection,12
interval,24
intervene,2
intervening,6
intervention,4
interview,26
interviewer,2
intestinal,2
intestine,3
intestines,1
intimacy,25
intimate,45
intimately,5
intimation,1
intimidate,2
intimidated,5
intolerable,26
intolerant,2
intonation,12
intoxicated,31
intoxicating,2
intoxication,18
intractable,2
intrepid,19
intricate,7
intrigue,8
intriguing,1
intrinsic,4
intrinsically,1
introduce,25
introduction,22
intrude,4
intruder,3
intrusion,5
intrusive,1
intuition,8
intuitive,2
intuitively,1
inundation,2
invade,4
invader,2
invalid,24
invalidate,1
invaluable,3
invariably,14
invasion,4
invent,15
invention,7
inventive,1
inventor,5
inverse,4
inversely,1
investigate,7
investigation,6
investment,2
invincible,11
invisibility,1
invisible,37
invitation,44
invite,18
inviting,6
invoice,5
involuntary,8
involve,5
invulnerable,6
inwards,2
iodine,3
irate,1
iris,1
iron,199
irons,5
irony,28
irradiation,1
irrational,7
irregular,15
irregularity,3
irregularly,4
irrelevant,2
irreparable,5
irrepressible,8
irresistible,19
irresponsible,3
irreverent,1
irrevocable,2
irrigate,1
irrigation,8
irritability,9
irritable,16
irritate,1
irritated,42
irritates,4
irritating,10
irritation,12
island,96
isle,8
islet,1
isolated,23
isolation,17
issue,26
itch,1
item,3
items,3
iteration,1
itinerant,1
itinerary,6
ivory,15
jabber,3
jack,15
jackal,2
jacket,21
jacks,1
jade,12
jagged,6
jail,4
jailer,2
jam,15
jammed,1
jar,4
jargon,5
jarring,2
jasper,1
javelin,3
jaw,14
jaws,19
jealous,50
jealousy,45
jean,1169
jeans,2
jeering,7
jelly,1
jerk,4
jest,19
jesus,35
jet,13
jewel,5
jewelry,1
job,13
jockey,7
jog,2
john,93
join,62
joined,84
joining,14
joint,7
joke,25
joker,1
joking,8
jolly,14
jolt,2
jot,1
jour,6
journal,57
journalist,1
journey,137
journeyman,1
jovial,5
joy,261
joyful,13
joyous,37
joys,25
jubilant,1
jubilee,3
judge,79
judged,29
judging,19
judgment,47
judicial,9
jug,19
juggle,1
juggler,1
juggling,1
jugular,2
juice,1
juicy,6
jumbled,1
jump,10
junction,7
juncture,2
junior,10
juniper,1
junk,1
junket,3
jurisdiction,2
jury,22
justice,122
justification,1
justify,13
juvenile,1
juxtaposition,3
kaleidoscope,1
keel,14
keen,19
keep,369
keeper,14
keeping,85
keepsake,3
kennel,7
kerchief,12
kernel,1
kettle,2
key,113
keyhole,5
keynote,1
keystone,1
kick,10
kicking,2
kid,3
kids,5
kill,101
killing,39
kin,7
kind,263
kindling,1
kindness,93
kindred,3
king,220
kingdom,11
kink,1
kinship,2
kiss,69
kitchen,33
kitten,9
knack,1
knapsack,18
knee,35
kneecap,6
kneel,8
kneeling,22
knell,7
knife,49
knight,4
knighthood,2
knit,3
knob,7
knock,30
knoll,5
knot,20
knots,5
knotted,10
know,2000
knowing,187
knowingly,2
knowledge,138
knuckles,2
label,3
labor,85
laboratory,10
labored,4
laborer,33
laboring,4
laborious,9
labyrinth,14
lace,33
laceration,1
lack,56
lackey,4
lacking,36
lacquer,3
lad,37
ladder,29
laden,13
ladle,3
lady,352
ladybug,1
ladyship,30
lag,2
lagging,1
lair,30
laity,1
lake,39
lama,1
lamb,10
lame,12
lament,9
lamenting,7
lamp,59
lamppost,1
lance,1
lancer,20
land,272
landed,27
landing,17
landlady,5
landlocked,1
landlord,22
lands,29
landscape,10
lane,48
language,94
languid,8
languishing,3
lantern,50
lap,6
lapdog,1
lapse,14
lapsed,1
lard,2
larder,2
large,312
larger,34
lark,32
larva,1
larynx,1
lash,3
lass,5
lasting,7
latch,17
late,205
latent,9
lateral,2
lather,1
latitude,2
lattice,4
laudable,1
laugh,166
laughable,2
laughing,129
laughingstock,2
laughs,15
laughter,90
launch,11
laundry,2
laurel,4
laurels,3
lava,1
lavatory,1
lavish,6
law,173
lawful,7
lawless,4
lawn,17
lawsuit,2
lawyer,64
lay,373
layer,13
laziness,5
lazy,9
lead,95
leader,23
leading,55
leads,23
leaf,18
league,19
leak,5
leakage,2
lean,21
leaned,45
leaning,56
leap,11
learn,100
learned,117
learning,30
lease,3
leather,36
leave,374
leaving,155
lecture,8
ledge,1
ledger,1
lee,1
leech,2
leeches,2
leer,1
left,902
leg,56
legacy,5
legal,26
legalize,1
legally,4
legend,9
legendary,2
legible,4
legion,19
legislation,1
legislative,2
legislator,1
legitimacy,5
legitimate,17
legs,105
leisure,32
leisurely,4
lemon,3
lemonade,1
lend,22
lending,7
length,124
lengthened,1
lengthening,2
lengthwise,2
lengthy,2
lenient,1
leopard,1
leper,1
leprosy,4
less,335
lessen,7
lessening,2
lesser,5
lesson,42
let,1111
lethal,4
lethargic,5
lethargy,8
letter,461
lettered,2
lettering,1
letters,160
lettuce,1
levee,5
level,71
lever,9
levy,3
lexicon,1
liability,2
liable,12
liaison,3
liar,5
liberal,27
liberalism,11
liberate,1
liberated,8
liberating,1
liberation,4
liberty,117
library,50
libretto,1
lice,1
license,2
lichen,1
lick,2
lid,20
lie,129
lieu,7
lieutenant,22
life,1221
lifeblood,1
lifeless,14
lifetime,6
lift,34
lifted,82
ligature,1
light,711
lighten,1
lighthouse,5
lighting,13
lightness,6
lightning,75
lights,33
lightweight,1
like,2056
likelihood,8
likely,93
likeness,14
likewise,22
liking,15
lilac,17
lily,14
limb,24
limbo,3
lime,11
limestone,1
limit,26
limitation,2
limited,8
limitless,1
limp,8
line,176
lineage,3
lined,11
linen,82
lines,129
linger,5
lingerie,1
lingering,5
linguist,1
lining,3
link,7
lint,12
lion,34
lip,20
liquid,9
liquidation,1
liquor,5
lisp,2
list,36
listen,160
listener,6
listening,106
listing,1
listless,2
litany,2
literally,13
literary,11
literature,18
litter,8
little,1879
live,356
livelihood,4
lively,66
liver,9
livery,6
livid,39
living,273
lizard,5
llama,1
load,24
loaf,21
loam,1
loan,3
loath,4
loathe,2
loathing,21
loathsome,19
lobby,2
lobe,1
lobster,1
local,28
locality,11
locate,1
lock,57
locket,2
locksmith,8
lockup,1
loco,1
locomotive,2
lodge,33
lodger,5
lodging,22
loft,2
lofty,83
log,5
logic,20
logical,14
loin,2
lone,3
loneliness,4
lonely,21
long,1221
longevity,2
longing,29
loo,2
look,762
lookout,11
loom,8
looming,1
loop,4
loophole,1
loose,41
lord,151
lords,6
lordship,7
lore,2
lose,116
loser,1
losing,57
loss,80
lost,367
lot,56
lots,14
lottery,9
lotus,6
loud,78
loudly,39
loudness,2
lounge,6
lounging,3
love,1036
loved,245
loveliness,12
lovely,83
lovemaking,2
lover,61
lovesick,1
loving,64
low,251
lower,126
lowering,21
lowest,17
lowly,7
loyal,3
loyalty,6
lucid,2
luck,42
luckiest,1
lucky,30
lucrative,6
ludicrous,10
luggage,10
lukewarm,3
lull,7
lullaby,2
lumbering,1
luminous,24
lump,8
lunatic,17
lunch,31
luncheon,4
lungs,17
lurid,4
lurk,1
lurking,1
luscious,3
lush,1
lust,2
luster,1
lustrous,6
lusty,1
luxuriant,3
luxurious,4
luxury,31
lying,160
lymph,1
lymphatic,3
lynch,4
lynx,1
lyre,14
lyric,1
lyrical,3
machine,46
machinery,5
mad,91
madam,139
madame,377
mademoiselle,129
madhouse,1
madman,21
madness,36
magazine,3
magic,10
magical,3
magician,4
magistrate,31
magnet,2
magnetic,6
magnetism,1
magnificence,10
magnificent,76
magnify,1
magnifying,1
magnitude,5
mahogany,5
maid,75
maiden,9
mail,6
main,34
mainland,13
maintain,12
maintenance,4
majestic,16
majesty,38
major,1
majority,29
make,1169
maker,4
malady,21
male,17
malevolent,1
malice,21
malicious,29
malign,2
malignant,18
mall,3
mallet,1
malnutrition,1
mamma,58
man,3206
manage,54
manageable,1
management,18
manager,4
mandate,3
mandolin,1
mane,6
mange,1
manger,3
mangle,1
manhole,4
manhood,11
mania,6
maniac,3
maniacal,1
manifest,12
manifestation,5
manifested,9
manifestly,10
manifold,6
manipulation,2
mankind,37
manly,19
manned,1
manner,377
manners,94
manor,6
mansion,5
mantle,21
manufacture,8
manufacturer,5
manufacturing,3
manure,15
manuscript,21
map,18
mar,1
marathon,2
marble,38
marbles,2
march,87
mare,47
margin,9
marine,6
mariner,5
marital,1
maritime,1
mark,47
marked,69
marker,2
market,18
marketing,2
marketplace,1
marks,19
marksman,2
marksmanship,2
marl,1
marquis,25
marriage,183
married,224
marrow,4
marry,136
marsh,53
marshal,61
mart,1
martingale,3
martyr,6
martyrdom,4
marvel,12
marvellous,22
marvelous,17
masculine,10
mash,2
mask,28
masked,21
masks,11
mason,4
masquerade,3
mass,100
massacre,9
masses,38
massive,22
mast,25
master,194
masterful,2
masterpiece,10
mastery,3
mat,10
match,52
matching,1
matchmaker,1
mate,25
material,57
materialism,5
materialistic,2
materially,8
materials,13
maternal,11
maternity,7
mathematical,2
mathematician,2
mathematics,6
matrimony,11
matted,1
matter,464
matting,2
mattress,33
mature,3
maturity,1
mauve,1
maxim,2
maximum,2
may,1418
mayor,109
mead,1
meadow,47
meal,31
mean,243
meandering,1
meaning,148
meaningful,2
meaningless,3
meanness,1
means,315
meantime,83
measure,49
measured,17
measurement,1
measuring,3
meat,67
mechanical,20
mechanics,1
mechanism,12
med,1
medal,3
medallion,2
meddle,5
media,1
mediation,3
mediator,2
medical,12
medicinal,4
medicine,22
mediocre,6
mediocrity,3
meditate,12
meditating,15
meditation,31
mediterranean,7
medium,18
medley,1
meek,2
meet,232
meeting,162
melancholy,149
mellow,2
melodrama,4
melody,2
melon,7
melt,13
melting,5
member,53
memoir,1
memorable,13
memorandum,9
memorial,1
memories,66
memory,156
menace,10
menacing,15
menagerie,2
mend,10
mending,3
menial,2
mental,37
mention,71
mentor,21
menu,2
mercantile,1
mercenary,6
merchandise,5
merchant,40
merciful,10
merciless,5
mercury,30
mercy,67
mere,61
merge,4
meridian,1
merit,17
meritorious,1
merriment,3
merry,55
mesh,3
meshes,3
mess,9
message,30
messenger,20
metal,8
metallic,5
metamorphosis,1
metaphor,13
metaphorical,3
metaphysical,3
metaphysics,2
meteor,3
meteorological,1
method,33
methodical,4
metropolis,3
mettle,3
microscope,5
microscopic,3
mid,4
midday,26
middle,149
midnight,43
midst,127
midway,6
midwife,7
mien,22
mighty,52
mild,15
mildew,4
mildness,7
mile,18
militant,2
military,50
militia,7
milk,53
milky,2
mill,17
million,13
millionaire,6
millstone,2
mimic,1
mimicking,6
mimicry,2
mind,724
minded,13
mindful,1
mine,135
mineral,3
mingle,12
mingled,107
miniature,4
mining,1
minion,1
minister,28
ministerial,1
ministry,12
minor,1
minstrel,3
minute,191
minutiae,1
miracle,16
miracles,19
miraculous,5
mirage,3
mire,37
mirror,50
mirth,19
misappropriation,1
misbehavior,1
miscarriage,2
mischief,44
mischievous,5
misconduct,3
misdemeanor,3
miser,2
miserable,150
miserably,16
misery,186
misfortune,70
mishap,1
misinformed,1
misinterpretation,2
mislead,5
misleading,1
misled,8
mismanagement,1
misplaced,1
misrepresentation,1
misrepresented,2
miss,378
missile,1
missing,37
mission,9
missionary,3
mist,72
mistake,88
mistaken,86
mister,6
mistletoe,1
mistress,79
mistrust,3
misty,7
misunderstand,3
misunderstanding,7
misunderstood,7
misuse,1
mite,3
mix,16
mixed,43
mixture,25
moan,3
moat,3
mob,11
mobile,6
mock,8
mockery,11
mocking,15
mode,28
model,15
moderate,16
moderately,4
moderation,8
modern,41
modest,24
modesty,34
modicum,2
modification,1
modified,8
modify,1
moist,16
moisture,5
mole,3
molecule,1
moment,987
momentary,26
momentous,2
monarch,6
monarchy,29
monastery,10
monastic,4
money,282
monk,12
monkey,5
monogram,1
monologue,6
monopoly,1
monotonous,8
monotony,2
monsieur,363
monster,105
monstrous,58
month,105
monthly,4
monument,12
monumental,7
mood,33
moods,8
moody,1
moon,85
moonlight,45
moonlit,2
moonshine,2
moored,7
mooring,1
moorings,1
moral,52
morality,12
morals,3
morbid,2
mores,1
morgue,1
morn,4
morning,604
morose,1
morphine,7
morrow,27
morsel,7
mortal,38
mortality,3
mortar,9
mortgagor,1
mortification,11
mortified,10
mortuary,3
mosaic,1
mosque,2
moss,8
mossy,2
moth,9
mother,820
motherhood,1
motherly,2
motion,39
motionless,91
motive,35
motley,1
motor,3
motto,4
mould,11
mound,6
mount,23
mountain,71
mountainous,3
mountains,82
mountaintop,2
mourn,8
mournful,43
mourning,29
mouse,12
mousetrap,4
moustache,11
mouth,195
mouthful,6
movable,5
move,79
movement,158
moving,119
mow,14
mower,2
mud,68
muddle,4
muddled,2
muddy,14
muff,7
muffin,1
muffled,10
mule,7
multiple,1
multiplication,2
multiplicity,2
multiplied,9
multiply,6
multitude,36
mummy,3
munch,1
mundane,1
municipal,23
municipality,2
mural,1
murder,48
murderer,38
murderess,2
murderous,2
murky,1
murmur,26
muscle,6
muscular,5
muse,5
muses,3
museum,7
mushroom,11
music,70
musical,12
musician,4
musing,7
musket,7
muslin,12
muss,1
must,1861
muster,1
musty,2
mutable,2
mute,29
mutilate,1
mutilated,5
mutilation,3
mutiny,2
mutter,4
mutton,4
mutual,25
mutually,4
muzzle,13
myriad,3
mysterious,154
mystery,66
mystic,1
mystical,2
mysticism,1
mythological,1
mythology,2
nadir,1
nag,2
nail,36
naked,36
nakedness,10
name,601
named,74
nameless,3
naming,2
nap,1
nape,8
napkin,6
napping,1
narcotic,7
narrate,4
narration,6
narrative,10
narrator,4
narrow,88
nasal,3
nasty,11
natal,1
nation,53
national,62
nationality,2
native,57
nativity,1
natural,163
naturalist,1
naturalized,1
naturally,49
nature,285
naughty,9
nausea,1
nauseous,3
naval,6
nave,8
navigation,2
navy,4
nay,38
neat,15
neatly,8
nebula,1
nebulous,2
necessarily,18
necessary,251
necessities,6
necessity,81
neck,183
necklace,9
necktie,1
nectar,4
need,275
needed,78
needful,6
needle,8
needles,5
needless,9
needy,1
negation,4
negative,16
neglect,17
neglected,22
neglecting,6
negligence,1
negligent,2
negligently,1
negotiation,2
negro,5
neigh,1
neighbor,37
neighborhood,47
neighboring,28
nephew,28
nerve,14
nerves,23
nervous,46
nervousness,3
nest,28
nestle,1
nestling,1
net,14
nether,2
netting,5
nettle,10
network,14
neuter,1
neutral,5
neutrality,1
new,591
newborn,6
newcomer,15
newly,13
news,130
newspaper,12
nibble,1
nice,127
niche,9
nick,2
nickname,9
niece,32
nigh,8
night,911
nightcap,6
nightfall,31
nightingale,8
nightly,2
nightmare,17
nightmares,1
nightstand,3
nighttime,2
nihilism,3
nil,2
nimble,7
nine,107
nineteen,25
ninety,4
ninny,6
nip,1
nipple,1
nitrate,2
nitrous,1
nix,1
nobility,32
noble,118
nobleman,18
nocturnal,26
nod,6
nodding,10
noise,108
noisy,13
nomenclature,1
nominal,1
nonchalant,1
nonexistent,2
nonsense,59
nonsensical,4
nook,12
noon,24
noose,3
normal,12
north,63
northeast,4
northern,18
northwest,1
nose,89
nostril,1
notable,4
notably,4
notary,8
notation,2
notch,1
notched,1
note,179
notebook,15
noted,21
nothingness,11
notice,111
noticeable,6
notification,1
notify,2
notion,23
notoriety,2
notorious,6
notwithstanding,12
nought,7
nourish,3
nourishment,9
novel,17
novelty,11
novice,5
nowadays,38
noxious,3
nude,8
nudity,6
nuisance,1
null,1
number,125
numbering,2
numbers,25
numbness,1
numerical,1
numerically,1
numerous,27
nun,38
nuptials,5
nurse,125
nursemaid,1
nursery,33
nursing,10
nut,8
nutrition,4
nuts,4
nymph,9
oak,20
oar,9
oasis,1
oath,30
oatmeal,1
obedience,35
obedient,9
obediently,1
obey,27
obit,1
object,166
objection,27
objectionable,3
objective,1
obligation,8
obligatory,3
oblige,11
obliged,138
obliging,8
oblique,3
obliterate,2
obliterated,9
obliteration,7
oblivion,13
oblivious,5
oblong,8
obnoxious,1
obscene,4
obscenity,1
obscure,80
obscured,9
obscurity,53
observance,3
observant,1
observation,41
observatory,3
observe,47
observer,18
observing,36
obsession,1
obsolete,2
obstacle,32
obstinate,19
obstruct,2
obstruction,1
obtain,31
obtuse,1
obverse,2
obvious,17
occasion,151
occasional,10
occasionally,30
occult,6
occupant,2
occupation,29
occupied,108
occupy,20
occupying,3
occur,35
occurrence,7
ocean,42
odd,51
oddity,3
odds,1
odious,15
odor,25
odyssey,43
offence,22
offend,12
offended,29
offender,3
offense,4
offensive,10
offer,127
offered,102
offering,33
offhand,1
office,71
officer,92
offices,17
official,73
offset,1
offshoot,1
offspring,4
ogre,5
oil,29
oils,1
oily,1
old,1660
olden,8
older,36
olive,20
omen,10
ominous,3
omit,10
omitted,9
omnibus,16
omnipotence,3
omnipotent,5
oncoming,1
one,5760
onerous,1
oneself,42
onion,2
onset,1
onslaught,2
onward,10
ooze,6
oozing,2
opacity,2
opaque,4
open,443
opening,127
openly,20
openness,3
opera,20
operate,6
operation,28
operations,12
opiate,4
opinion,182
opium,9
opponent,11
opportune,2
opportunity,83
oppose,16
opposed,26
opposing,4
opposite,127
opposites,1
opposition,21
oppress,3
oppressed,22
oppression,12
oppressive,8
oppressor,1
ops,2
optical,5
optimism,1
opulence,4
opulent,5
oracle,6
orange,9
oration,3
orator,5
oratory,16
orb,2
orbs,2
orchard,19
orchestra,4
ordained,12
ordeal,3
order,418
orderly,9
ordinance,1
ordinary,52
ordination,1
ordnance,4
organ,5
organic,2
organism,1
organization,15
organize,5
organized,8
orgies,1
orgy,2
orient,8
oriental,8
orientation,1
orifice,3
origin,22
original,27
originality,2
originate,1
ornament,7
ornamented,17
orphan,14
orphaned,2
orthodox,5
orthodoxy,1
oscillate,1
oscillating,2
oscillation,3
ostensibly,1
ostentatious,1
ostrich,1
other,1876
otter,1
ottoman,2
ought,276
oust,1
outbreak,3
outburst,10
outcast,7
outcome,6
outcry,6
outdo,1
outdoor,1
outdoors,3
outer,71
outfit,13
outhouse,1
outing,1
outlaw,1
outlet,18
outline,10
outlines,16
outlive,1
outlook,5
outpouring,1
outrage,7
outraged,3
outrageous,4
outright,7
outrun,1
outset,3
outsider,10
outskirts,2
outstretched,14
outward,10
outwards,2
outweigh,1
oval,3
ovation,1
oven,2
overbearing,1
overcast,5
overcoat,28
overcome,51
overcoming,4
overdo,1
overflow,7
overflowing,11
overgrown,2
overhanging,7
overhead,22
overhear,3
overjoyed,5
overlap,1
overload,1
overlook,11
overpower,2
overpowering,6
overrated,2
overrun,2
overseer,1
oversight,1
overslept,1
overtake,9
overtaken,7
overthrow,10
overtired,1
overturn,3
overweight,1
overwhelm,9
overwhelmed,51
overwhelming,11
overworked,1
overwrought,5
owe,32
owing,29
owl,12
owner,16
ownership,2
ox,12
oyster,5
pace,60
pacific,4
pacified,3
pacify,4
pacing,13
pack,30
package,18
packet,7
padded,4
padding,1
paddle,1
paddock,11
padlock,1
pagan,3
paganism,1
page,18
pagoda,2
pail,8
pain,134
pained,12
painful,93
painfully,19
painless,2
pains,23
paint,26
painted,50
painter,12
painting,35
pair,70
pajamas,1
pal,2
palace,36
palatable,1
pale,156
palette,1
pall,20
pallet,12
palm,9
palpable,6
palpitations,3
palsy,3
paltry,8
pamphlet,3
pan,3
panacea,1
pancakes,3
pandemonium,2
pane,24
panel,4
pang,16
panic,18
pant,1
pantheon,7
panther,1
pantomime,1
papa,42
papacy,1
papal,4
paper,191
paperweight,1
paprika,3
papyrus,1
par,6
parabola,1
parade,4
paradise,53
paradox,2
paradoxical,1
paragraph,2
parallel,11
parallelism,1
paralysis,3
paralyze,2
paralyzed,1
paramount,3
parapet,15
paraphernalia,2
paraphrase,1
parasite,4
parasitic,2
parasol,10
parcel,10
parcels,3
parched,5
parchment,1
pardon,96
parent,2
parental,1
parenthesis,3
pariah,1
parish,23
park,34
parlance,3
parliament,13
parliamentary,4
parlor,23
parmesan,1
parody,4
parquet,4
parrot,1
parsley,1
part,486
partake,3
partial,16
partiality,15
partially,5
participant,2
participate,3
participation,3
particle,3
particular,71
particulars,29
parting,24
partisan,3
partition,26
partly,35
partner,28
partnership,4
parts,56
party,177
pas,20
pass,276
passable,2
passage,117
passenger,5
passing,171
passion,96
passionate,25
passive,13
passivity,3
passkey,3
passport,19
password,3
past,233
paste,8
pastime,2
pastor,1
pastry,1
pasture,5
pat,1
patch,11
patent,3
paternal,8
paternity,6
path,83
pathetic,9
pathology,1
pathos,3
pathway,6
patience,35
patient,71
patriarch,2
patriarchal,4
patrimony,1
patriot,1
patriotic,4
patriotism,1
patrol,23
patron,12
patronage,6
patronizing,3
patter,1
pattern,18
paucity,2
pause,105
pave,4
pavement,88
pavilion,35
paving,2
paw,5
pawn,1
pawnshop,2
pay,171
payment,11
pea,1
peace,247
peaceable,14
peaceful,32
peacefully,6
peach,1
peacock,1
peak,10
peaked,3
pear,13
pearl,7
pearly,2
peas,2
peasant,161
pebble,6
peck,2
peculiar,124
peculiarities,13
peculiarity,24
peculiarly,25
pecuniary,6
pedal,1
pedantic,2
pedestal,6
pedestrian,6
peel,2
peep,5
peephole,6
peer,13
peering,4
peg,8
pellet,2
pen,42
penal,13
penalty,16
penance,3
pencil,16
pendant,6
pendent,2
pending,2
pendulum,5
penetrate,27
penetrating,16
penetration,10
penitent,12
penitentiary,1
penniless,5
penny,11
pension,3
pensive,24
penthouse,3
people,1049
peopled,6
pepper,4
perceive,58
perceptible,28
perception,5
perch,2
perchance,15
perdition,3
peremptory,5
perfect,87
perfection,23
perforated,1
perforce,4
perform,22
performance,16
performer,1
perfume,17
perfumed,10
peril,37
perilous,10
period,76
periodical,4
periodically,1
perish,26
perished,22
perishing,1
permanence,1
permanent,11
permeate,1
permissible,8
permission,54
permit,49
permitted,62
permitting,1
pernicious,2
perpendicular,10
perpetrate,2
perpetual,25
perpetually,13
perpetuity,1
perplexed,8
perplexing,1
perplexity,18
persecute,2
persecution,5
perseverance,11
persevere,3
persist,18
persistence,6
persistent,6
persisting,1
person,387
persona,2
personage,27
personal,58
personality,8
personification,1
persons,121
perspective,12
perspiration,23
persuade,54
persuasion,11
persuasive,5
perturbation,3
perusal,8
peruse,6
perverse,3
pessimism,1
pest,4
pester,2
pestilence,2
pet,5
petal,1
petite,8
petition,11
petitioner,1
petrified,19
petticoat,29
petting,1
petty,50
pew,1
pewter,7
phalanx,1
phantom,30
pharmacy,1
phase,21
phenomenal,1
phenomenon,19
phew,3
philanthropic,4
philanthropist,9
philanthropy,1
philosopher,25
philosophic,2
philosophical,17
philosophy,92
phonetic,1
phonograph,15
phosphorus,1
photo,1
photograph,7
phrase,56
phraseology,1
physical,51
physician,16
physics,3
physiological,2
physiology,3
piano,8
pick,42
picked,83
pickled,1
pickpocket,6
picnic,1
picture,120
pictures,24
picturesque,12
pie,1
piece,165
pier,18
pierce,13
piety,4
pig,12
pike,8
pile,40
piles,11
pilgrimage,4
pill,1
pillage,5
pillar,12
pillow,41
pilot,1
pin,11
pinch,10
pinching,2
pine,11
pink,34
pinnacle,6
pint,2
pioneer,1
pious,8
pipe,16
piping,2
pique,2
pistol,60
pit,7
pitch,16
pitcher,2
pitchfork,1
pitfall,1
pith,1
pitiful,20
pity,173
pivot,5
placard,1
place,915
placid,10
plague,12
plaid,1
plain,101
plaintive,14
plan,89
plane,13
planet,10
planets,3
plank,20
planned,11
planning,4
plant,23
plantation,2
planting,2
plaque,4
plaster,23
plastic,1
plat,1
plate,20
plateau,23
platform,28
plating,1
platonic,1
platoon,6
platter,5
plausible,3
play,132
player,4
playful,6
playmate,2
plaything,10
playtime,1
playwright,2
plea,4
plead,4
pleasant,76
pleased,156
pleasing,31
pleasurable,2
pleasure,265
pleasures,26
pledge,3
pledged,8
plentiful,6
plenty,40
plight,9
plinth,1
plot,27
plough,18
ploughed,9
pluck,13
plucky,1
plug,2
plum,5
plumage,3
plumbing,1
plume,3
plummet,2
plump,21
plumper,1
plunder,3
plunge,14
plural,6
plush,4
ply,3
poacher,6
poachers,1
pocket,140
pocketbook,32
poem,15
poems,2
poet,18
poetic,6
poetical,3
poetry,21
poignant,22
point,564
pointedly,1
pointer,3
poise,3
poison,18
poisoned,10
poisoning,1
poisonous,2
poke,1
pole,21
police,205
policeman,13
policy,10
polish,3
polished,22
polite,13
politeness,26
politic,2
political,71
politician,5
politics,34
pollen,1
pollution,3
pomp,5
pompous,3
pond,4
ponder,4
ponderous,2
pontiff,1
poodle,1
pool,17
poor,676
poorly,9
pop,1
pope,13
poppy,1
popular,36
popularity,6
population,14
populous,1
porcelain,3
porch,5
porcupine,1
pore,1
pork,4
porous,2
porridge,4
port,33
portal,2
porter,109
portfolio,10
porthole,1
portion,45
portrait,58
pose,7
poser,1
position,341
positive,17
positively,73
possess,46
possessed,109
possessing,13
possession,100
possessor,3
possibility,60
possible,411
possibly,100
post,143
poster,5
posterior,1
posterity,3
postman,2
postmortem,2
postpone,1
postponed,4
postponement,1
postscript,4
posture,16
pot,27
potato,2
potatoes,12
potency,1
potent,3
potion,7
potpourri,2
potter,1
pottery,2
poultry,6
pounce,1
pound,3
pounding,2
pour,23
pout,5
pouting,1
poverty,43
powder,41
powdered,7
powdery,1
power,243
powerful,54
powerfully,6
powerless,8
practicable,3
practical,15
practically,8
practice,29
practiced,4
practise,8
practitioner,1
praise,43
praised,13
praises,7
praiseworthy,1
praising,4
pray,104
prayer,70
praying,37
preach,3
preacher,6
preaching,6
precarious,3
precaution,23
precede,4
precedence,4
precedent,1
preceding,76
precept,1
preceptor,3
precincts,5
precious,50
precipice,19
precipitate,7
precipitation,5
precipitous,3
precise,20
precisely,70
precision,16
preclude,3
precursor,1
predecessor,5
predicament,4
predict,3
prediction,2
predilection,1
predominance,1
predominate,1
prefect,21
prefer,33
preferable,2
preference,17
prefix,1
pregnancy,3
prehistoric,1
prejudice,12
prejudiced,4
preliminary,6
prelude,4
premature,4
prematurely,6
premeditated,3
premise,1
premises,4
preoccupation,9
preoccupied,9
preparation,30
preparatory,6
prepare,38
prepared,93
preparing,40
preponderance,1
prescribe,2
prescribed,13
prescription,1
presence,233
present,378
presentation,6
presents,73
preservation,7
preservative,4
preserve,31
preserved,42
preserving,7
preside,3
presidency,1
president,49
presidential,1
press,38
pressing,37
pressure,22
prestige,3
presume,9
presumption,8
pretend,19
pretended,24
pretending,16
pretense,8
pretensions,9
pretext,23
pretty,212
prevail,10
prevailing,4
prevalent,4
prevent,109
prevention,1
previous,60
previously,39
prey,45
price,34
priceless,2
prick,5
pride,116
priest,120
priesthood,4
priestly,1
prig,2
prim,1
primary,2
prime,11
primed,2
primitive,7
prince,204
princely,2
princess,319
principal,73
principally,17
principle,41
principles,49
print,5
printer,3
printing,8
prior,4
priority,1
prison,99
prisoner,90
private,63
privately,5
privilege,20
privileged,8
privy,2
prize,20
prized,6
pro,3
probability,22
probable,55
probe,4
probing,1
probity,15
problem,38
procedure,4
proceed,56
proceeding,37
proceeds,11
process,48
procession,19
proclaim,5
proclamation,5
procrastinate,1
procreation,1
procure,19
prod,1
prodigal,13
prodigious,27
prodigy,8
produce,46
produced,128
producing,6
product,9
production,9
productive,6
profane,6
profess,1
profession,24
professional,5
professor,193
proficiency,3
proficient,3
profile,22
profit,32
profitable,6
profound,120
profuse,2
profusion,2
progeny,1
program,6
programme,4
progress,134
progression,3
prohibited,4
prohibition,1
project,10
projectile,5
projectiles,9
projecting,9
projection,4
proletarian,1
proletariat,1
prolific,1
prologue,1
prolong,8
prolongation,5
prolonged,21
promenade,10
prominence,2
prominent,22
prominently,1
promise,118
promising,16
promissory,1
promontory,9
promote,4
promotion,3
prompt,13
promulgate,1
promulgation,1
prone,7
pronounce,19
pronounced,82
pronunciation,6
proof,60
prop,3
propelled,1
propensity,1
proper,72
property,109
prophecy,8
prophesy,1
prophet,13
prophetic,4
proportion,43
proportionate,3
proportions,9
proposal,15
propose,14
proposition,6
proprietor,14
propriety,19
prose,6
prosecute,1
prosecution,6
prosecutor,7
prospect,33
prospectus,1
prosper,9
prosperity,28
prosperous,6
prostitute,3
prostitution,11
prostrate,10
protect,30
protected,19
protecting,6
protection,30
protective,1
protector,13
protest,26
protestant,2
prototype,1
protracted,3
proud,91
prove,86
proverb,6
proverbial,2
provide,21
provided,59
providence,49
providing,4
province,50
provincial,18
provision,6
provisional,5
provisionally,1
provisions,20
provocation,1
provoke,10
provoked,7
provoking,6
prowess,10
prowl,5
prowler,15
proximity,7
proxy,1
prude,5
prudence,19
prudent,15
prune,1
pruning,2
prying,2
psalm,2
psalms,1
pseudonym,2
psi,2
psyche,2
psychic,1
psychological,3
public,227
publication,2
publicist,1
publicity,3
publicly,8
publish,4
published,12
publisher,4
publishing,4
pudding,1
puddle,4
puff,7
puffing,2
pull,21
pulley,4
pulpit,4
pulse,16
puma,1
pun,7
punch,4
punctual,4
punctuality,3
punctually,6
pungent,1
punish,22
punishable,1
punished,28
punishing,5
punishment,30
puny,6
pupil,15
purchase,33
purchaser,3
purchasing,4
pure,80
purely,17
purge,1
purify,5
purist,1
purity,23
purple,32
purport,5
purpose,150
purposely,22
purse,34
pursuance,2
pursue,37
pursuing,21
pursuit,38
purveyor,2
pus,1
push,25
pushing,14
puss,1
put,861
putrid,1
puts,18
putty,4
puzzle,9
puzzled,27
puzzling,4
pygmy,2
pyramid,4
pyramidal,1
pyrotechnics,1
quack,2
quadrangle,1
quadruple,3
quagmire,12
quaint,5
quake,1
qualifications,7
qualified,5
qualities,40
quality,37
quantity,36
quarantine,2
quarrel,54
quarry,1
quarter,150
quartered,4
quarterly,2
quartermaster,5
quarters,45
quarto,2
quasi,2
quay,31
queen,37
queer,60
quench,2
query,3
quest,18
question,413
questionable,2
questioning,26
queue,3
quibble,1
quick,117
quicken,2
quickly,193
quickness,5
quicksand,3
quicksilver,1
quid,7
quiet,90
quietly,59
quill,1
quilt,9
quince,2
quit,47
quits,3
quitter,1
quiver,39
quivering,39
quote,5
rabbit,2
rabble,15
race,150
rack,2
racket,1
racking,1
radiance,45
radiant,67
radiate,1
radiation,2
radical,1
radish,1
radius,1
raft,28
rag,18
rage,89
ragged,18
raging,16
rags,75
raid,5
rail,4
railing,11
railway,30
raiment,9
rain,118
rainbow,1
raindrops,1
rainstorm,4
rainy,3
raise,57
raised,272
raisin,1
raising,56
rake,5
rally,2
ram,12
ramble,5
rambling,2
rampart,3
ramrod,1
rancid,1
random,22
range,16
rank,37
ransom,1
rant,1
rap,1
rape,1
rapid,78
rapidity,22
rapids,4
rapt,1
rapture,19
rare,71
rarely,33
rarity,5
rascal,22
rash,2
raspberries,7
raspberry,2
rat,11
rate,54
rational,31
rattan,1
rattle,20
rattled,5
raven,7
ravenous,1
ravine,15
raving,5
ravishing,8
raw,15
ray,33
razor,4
reach,118
reaction,12
read,432
reader,144
readily,41
readiness,18
reading,122
ready,306
real,178
realism,3
realistic,1
reality,90
realization,3
realize,22
realm,6
reap,4
reappear,13
rear,39
rearrange,1
reason,234
reasonable,37
reasonableness,3
reasoning,23
reasons,52
reassurance,1
reassure,6
reassured,24
reassuring,9
rebellion,10
rebellious,3
rebels,1
rebound,4
rebuild,1
rebuke,2
recall,61
recapture,1
recast,1
recede,1
receipt,13
receipts,2
receive,103
received,267
receiver,1
receiving,49
recent,25
receptacle,3
reception,24
recess,14
recesses,7
recipe,2
reciprocal,3
recital,6
recite,1
reckless,3
recklessness,2
reckon,15
reckoning,24
reclaim,1
recline,1
reclining,5
recognition,11
recognizable,10
recognize,84
recognized,135
recoil,7
recollect,20
recollection,48
recommend,16
recommendation,9
recompense,12
reconcile,7
reconciliation,20
reconnaissance,1
reconstruct,1
reconstruction,3
record,29
recorder,1
recording,6
recount,1
recoup,1
recourse,11
recover,31
recovery,12
recreation,9
recruit,4
recruiting,2
recruits,6
rectangle,1
rectification,1
rector,4
rectory,1
recumbent,1
recur,8
recurrence,2
recurring,5
red,273
reddish,13
redeem,5
redeemed,1
redemption,2
redirect,1
redress,6
reduce,3
reduced,28
reduction,6
redundant,1
reed,2
reef,4
reefs,1
reek,1
reel,3
reeling,3
reestablish,3
refer,8
reference,18
refine,2
refined,5
refinement,4
reflect,40
reflecting,11
reflection,85
reflector,1
reflex,3
reform,5
reformation,2
reformer,1
refraction,1
refractory,5
refrain,41
refresh,5
refreshed,11
refreshing,3
refreshment,10
refuge,53
refusal,28
refuse,70
refused,78
refusing,21
refute,2
regain,8
regard,134
regency,1
regent,1
regime,7
regiment,73
regimental,3
region,17
register,2
registrar,1
registration,1
registry,1
regret,78
regrettable,1
regretted,19
regretting,7
regular,50
regularity,6
regulars,2
regulate,8
regulated,12
regulation,6
rehabilitate,1
rehabilitation,3
rehearsal,2
reign,23
reigning,11
rein,9
reinforce,1
reinforcement,3
reinforcements,5
reins,25
reject,13
rejected,16
rejection,6
rejects,3
rejoice,27
rejoicing,21
rejoin,2
rejuvenated,1
rekindle,1
relapse,7
relate,35
related,49
relation,46
relationship,17
relative,15
relax,3
relaxation,2
relaxed,7
relaxing,3
relay,2
release,14
released,28
reliable,1
reliance,3
relic,10
relics,4
relief,61
relieve,22
relieved,34
relieving,1
religion,69
religious,49
relinquish,4
relish,1
reload,3
reluctance,2
reluctant,4
rely,7
remain,180
remainder,17
remaining,47
remains,71
remark,81
remarkable,46
remarkably,13
remedy,17
remember,220
remembered,147
remembering,36
remembrance,15
remind,25
reminder,1
remiss,1
remnant,10
remorse,41
remorseful,1
remote,23
remoteness,1
removal,14
remove,19
rend,3
render,53
rendering,13
rendezvous,8
renew,10
renewal,7
renounce,11
renown,12
renowned,7
rent,54
renunciation,9
reorganization,3
rep,1
repair,8
reparation,10
repay,9
repeat,54
repeated,175
repeatedly,13
repeater,1
repel,1
repellant,1
repent,7
repentance,10
repentant,2
repertory,8
repetition,13
replace,16
replenish,2
replete,4
reply,156
report,89
reported,22
repose,48
reprehensible,6
represent,10
representation,5
representative,9
represented,41
representing,8
repress,9
repressed,12
repression,7
reprimand,4
reprisal,1
reproach,48
reproduce,5
reptile,1
republic,51
republican,12
repugnance,7
repugnant,9
repulsion,9
repulsive,28
reputation,23
repute,3
reputed,5
request,40
requiem,1
require,26
required,97
requirement,1
requisite,11
requisition,4
reread,3
rescue,9
research,3
resemblance,26
resemble,26
resembling,17
resent,4
resentful,3
resentment,20
reservation,2
reserve,34
reserved,38
reserves,8
reservoir,2
reside,3
residence,27
resident,2
resign,6
resignation,16
resigned,15
resilience,1
resin,4
resist,28
resistance,29
resisting,7
resolute,38
resolutely,42
resolution,65
resolve,13
resolved,103
resonance,1
resonant,1
resort,2
resounding,3
resource,17
resourceful,1
resources,14
respect,169
respectability,7
respectable,44
respected,34
respectful,34
respecting,6
respective,4
respects,20
respiration,11
respite,11
resplendent,7
respond,7
response,16
responsibility,8
responsible,17
rest,399
restaurant,9
rested,56
restful,3
restitution,5
restless,14
restlessness,2
restoration,31
restorative,1
restore,26
restored,42
restoring,6
restrain,29
restrained,17
restraining,10
restraint,7
restrict,2
restricted,9
restriction,2
result,88
resume,10
resumption,1
resurrection,8
resuscitate,1
retail,2
retain,13
retaining,4
retake,1
retaliate,1
retaliation,1
retard,2
retarded,4
reticent,2
retire,19
retired,63
retirement,4
retiring,3
retort,8
retrace,7
retract,3
retreat,46
retribution,1
retro,1
retrograde,2
retrospect,1
retrospective,2
retrospectively,1
return,435
reunion,1
reunited,2
reveal,11
revel,1
revelation,12
revelations,6
revenge,55
revenue,1
reverberation,1
revere,2
reverence,10
reverend,34
reverie,63
reversal,2
reverse,10
reversion,1
reverting,2
review,23
revision,5
revisit,2
revival,2
revive,8
revocation,1
revoke,1
revolt,52
revolting,7
revolution,165
revolutionary,35
revolutionize,1
revolver,9
revolving,4
revulsion,1
reward,17
rewarding,1
rheumatism,2
rhyme,2
rhythm,5
rib,1
ribbed,3
ribbon,31
rich,123
riches,16
rickety,1
rid,48
riddle,5
riddled,5
ride,17
rider,9
ridge,7
ridicule,19
ridiculed,2
ridiculous,35
riding,28
rife,1
rifle,14
rifles,1
rift,3
rig,1
rigged,2
rigging,5
right,887
righteous,2
righteousness,2
rightful,1
rightly,21
rigid,13
rigidity,6
rigorous,2
rim,6
rind,1
ring,67
ringing,17
rinse,1
riot,24
rioting,2
riots,9
rip,2
ripe,17
ripen,2
ripple,3
rippling,2
rise,98
rising,78
risk,45
risky,2
rite,3
rival,12
rivalry,5
river,130
riverbank,1
riveted,13
road,227
roads,32
roadside,3
roadway,5
roam,4
roar,26
roaring,7
roast,11
roasted,8
rob,18
robber,10
robbery,6
robe,15
robin,7
robust,18
rock,78
rocks,44
rod,4
rogue,7
roll,46
rolling,22
roman,20
romance,25
romantic,16
romanticism,2
roof,85
room,913
rooms,86
roomy,4
root,15
rooted,6
rope,74
ropes,24
rosary,4
rose,270
rosette,3
rosy,54
rot,2
rota,1
rotation,1
rotten,6
rotting,5
rotunda,4
rouge,2
rough,53
roughly,24
roughness,3
roulette,1
round,707
roundabout,2
rounded,5
rouse,15
rousing,8
rout,12
route,17
routine,8
rover,1
roving,1
row,60
rowing,9
royal,37
royalty,20
rub,6
rubbing,14
rubbish,28
rubric,1
ruby,1
rudder,10
ruddy,10
rude,29
rudeness,8
rudimentary,2
rue,662
ruffian,11
ruffle,1
rug,31
rugged,9
ruin,88
ruined,51
ruinous,1
ruins,22
rule,53
ruler,4
rum,3
rumble,10
rummage,3
rumor,6
rumored,2
run,183
runaway,2
rung,3
runner,2
running,111
rupture,6
rural,6
ruse,4
rush,43
rushing,20
rust,7
rusted,2
rustic,14
rustle,16
rustler,2
rusty,18
rut,3
ruthless,2
rye,17
sack,13
sacrament,34
sacred,81
sacrifice,73
sacrifices,13
sacrificial,2
sacrilege,6
sad,148
saddle,19
sadly,23
sadness,35
safe,72
safeguard,2
safety,42
sag,1
sage,12
sail,59
sailing,13
sailor,11
saint,70
sainted,11
saintly,4
sake,163
salad,3
salary,23
sale,19
salient,2
saliva,4
sally,3
salon,20
saloon,2
salt,32
salted,2
salutary,1
salutation,7
salute,24
salvage,1
salvation,26
salve,4
sameness,3
sanatorium,1
sanctification,1
sanctified,2
sanctify,3
sanction,10
sanctioned,3
sanctity,8
sanctuary,5
sand,45
sandal,1
sands,9
sandy,6
sane,17
sanguine,4
sanitary,3
sanity,8
sans,4
sap,6
sapphire,1
sarcasm,8
sarcastic,7
sash,8
satanic,1
satchel,2
satellite,1
satin,17
satire,1
satirical,1
satisfaction,88
satisfactorily,5
satisfactory,13
satisfied,146
satisfy,28
satisfying,6
saturated,6
saturation,2
satyr,2
sauce,13
saucepan,2
saucer,3
saucy,1
savage,58
savagery,1
savant,2
save,132
saving,17
savior,4
savor,1
savory,2
saw,1240
sawdust,2
say,1551
scab,1
scabbard,4
scaffold,24
scaffolding,4
scale,36
scales,8
scamp,18
scan,2
scandal,20
scandalous,5
scanty,9
scapegoat,2
scar,35
scarce,4
scarcely,90
scarcity,2
scare,5
scarecrow,1
scared,27
scares,1
scarf,8
scarlet,15
scatter,5
scattered,31
scattering,7
scavenger,1
scene,105
scenery,5
scent,37
scented,6
sceptical,4
scepticism,2
scheme,33
scholar,3
scholastic,1
school,87
schoolboy,4
schoolgirl,2
schooling,1
schoolmaster,9
schooner,6
science,101
scientific,23
scientist,1
scintillation,1
scion,3
scissors,10
scoff,4
scold,11
scolding,8
scope,9
score,19
scores,2
scorn,16
scorned,5
scornful,1
scorpion,2
scotch,13
scoundrel,13
scourge,5
scout,2
scramble,1
scrambled,1
scrap,17
scrape,10
scraping,3
scratch,9
scream,32
screaming,15
screech,3
screen,21
screw,13
screwdriver,2
screwed,5
scribble,2
scribe,1
script,1
scriptural,2
scripture,3
scrub,2
scrupulous,6
scrutinize,5
scrutiny,6
sculptor,3
sculptured,1
scum,3
sea,320
seagull,2
seal,15
seals,17
seam,2
seaman,1
seaport,1
sear,1
search,87
searching,24
searchlight,6
seared,1
seashore,6
seaside,1
season,50
seasoned,11
seasoning,2
seat,151
seating,6
seawater,1
seaweed,1
secluded,5
seclusion,4
second,320
secondary,7
secondhand,8
secrecy,14
secret,149
secretary,42
secretly,12
section,10
secular,2
secure,40
security,18
sedate,2
sedge,3
sedition,1
seduction,1
seductive,1
see,1995
seed,13
seedling,1
seeds,3
seek,90
seeker,3
seem,185
seemingly,26
seer,6
seething,3
seize,38
seizure,5
seldom,22
select,7
selection,3
self,64
selfish,27
selfishness,13
selflove,1
sell,48
seller,1
seltzer,6
semblance,4
seminary,10
senate,3
senator,13
send,198
senile,4
senior,4
seniority,2
sensation,52
sense,239
senseless,19
senses,37
sensibility,8
sensible,50
sensibly,7
sensitive,11
sensual,2
sensuality,1
sensuous,1
sentence,42
sentient,3
sentiment,32
sentimental,7
sentimentality,1
sentinel,15
sentry,3
separate,43
separately,9
separation,24
sept,2
sequel,7
sequence,6
serenade,1
serene,43
serenity,32
sergeant,41
series,25
serious,166
seriousness,7
sermon,10
serpent,6
serpentine,1
servant,146
serve,46
service,159
serviceable,3
servile,3
servitude,10
sesame,1
session,5
set,632
setter,1
settle,34
settled,145
settlement,8
seven,135
seventeen,24
seventh,12
seventy,5
sever,2
severally,1
severance,1
severe,74
severely,23
severity,23
sew,1
sewer,157
sewing,6
sex,18
shabby,9
shade,63
shades,22
shadow,180
shadowy,12
shady,9
shaft,8
shag,1
shaggy,3
shake,29
shakedown,1
shaken,24
shaking,58
shaky,1
shall,1465
shallow,4
shallows,2
sham,11
shambles,1
shame,96
shameful,25
shameless,6
shanty,4
shape,44
shapely,4
share,75
shareholder,1
sharing,12
sharp,57
sharpen,1
sharpened,8
sharpness,3
sharpshooter,1
shatter,2
shattered,15
shave,5
shaving,10
shawl,23
sheaf,3
shear,1
shears,2
sheath,5
sheathing,1
shed,63
sheep,79
sheer,16
sheet,57
shelf,5
shell,19
shelter,52
sheltered,17
shepherd,15
sheriff,2
sherry,5
shield,15
shift,7
shifting,11
shifty,4
shine,13
shiner,1
shingle,1
shining,43
ship,307
shipment,1
shipping,4
shipwreck,15
shire,13
shirt,80
shiver,14
shivering,20
shoals,3
shock,93
shocked,23
shocking,9
shockingly,1
shoe,10
shoemaker,1
shoes,85
shook,127
shoot,37
shooting,52
shop,69
shopkeeper,7
shopping,4
shore,91
shorn,3
short,314
shorten,1
shorthand,11
shortly,39
shortness,1
shot,86
shoulder,98
shout,36
shove,3
shovel,26
show,188
shower,15
showing,58
shrewd,10
shriek,15
shrill,22
shrine,3
shrink,11
shrinking,2
shroud,11
shrub,5
shrubbery,11
shrug,9
shrunk,2
shrunken,1
shudder,58
shuddering,14
shuffling,1
shun,5
shunned,4
shut,147
shutter,11
shuttle,1
shy,22
shyness,13
sic,1
sick,120
sicken,1
sickening,5
sickle,1
sickly,20
sickness,13
side,651
sideboard,10
sideways,14
siege,3
sieve,2
sift,1
sigh,38
sight,316
sighting,1
sign,147
signal,20
signature,15
significance,46
significant,23
signification,2
signify,13
silence,332
silent,182
silently,37
silhouette,3
silk,24
silken,4
silky,2
sill,3
silly,35
silver,124
silverware,6
silvery,6
similar,35
similarity,5
simile,3
simmering,1
simple,173
simpleton,6
simplicity,26
simplify,1
simply,284
simulating,2
simultaneous,3
simultaneously,16
sin,22
sincere,32
sincerity,21
sinful,1
sing,60
singer,5
singing,81
single,190
singly,5
singular,94
singularity,2
singularly,14
sinister,52
sink,27
sinking,28
sinner,4
sir,389
sire,9
sirloin,1
sister,432
sit,146
site,6
sitting,249
situated,49
situation,126
six,287
sixpence,2
sixteen,29
sixth,16
sixty,49
size,33
skate,12
skater,1
skating,4
skein,2
skeleton,18
sketch,19
sketching,2
sketchy,1
skewer,2
skiff,2
skill,27
skilled,9
skillful,2
skim,3
skin,49
skip,3
skipper,1
skirmish,4
skirt,23
skirting,6
skirts,10
skull,12
sky,139
skylight,2
slab,6
slack,8
slam,1
slander,2
slang,101
slant,1
slap,4
slashes,1
slate,1
slates,2
slaughter,5
slaughterhouse,2
slaughtering,1
slave,29
slavery,13
slay,3
slayer,3
sledge,37
sleek,10
sleep,434
sleeper,1
sleeping,81
sleepless,16
sleeplessness,5
sleepy,27
sleeve,18
sleight,1
slender,26
slice,5
slide,9
sliding,4
slight,67
slightly,35
slim,2
slime,6
sling,10
slip,32
slipper,3
slippers,13
slippery,5
slit,2
slope,38
sloppy,1
slot,1
sloth,1
slouch,2
slough,4
slow,37
slowly,135
slowness,9
sluggish,2
slumber,28
slur,1
slush,3
slut,1
sly,24
small,258
smaller,25
smallest,25
smallpox,2
smart,23
smash,6
smashed,6
smattering,1
smell,48
smelling,6
smelt,6
smile,525
smiled,207
smiles,44
smiling,229
smite,3
smith,5
smitten,5
smock,7
smoke,92
smoking,29
smoky,2
smooth,33
smoothly,9
smoothness,2
smother,2
smuggler,2
snake,3
snakes,1
snap,7
snappy,1
snare,8
snarl,2
snatch,6
sneak,2
sneaking,1
sneer,5
sneeze,4
sniff,2
snip,1
snipe,37
snooze,1
snore,3
snort,5
snout,2
snow,121
snowball,1
snowfall,2
snowflake,2
snowing,2
snowstorm,2
snowy,16
snub,1
snubbed,1
snuff,9
snug,5
snuggled,1
soak,2
soaked,20
soaking,1
soap,6
soar,6
soaring,9
sob,19
sober,10
social,110
socialism,4
society,297
sociology,3
socket,2
sod,1
sofa,47
soft,84
soften,15
softening,10
softly,61
softness,15
soil,53
soiled,12
sojourn,5
solace,2
solar,2
solder,1
soldering,2
soldier,71
sole,44
solemn,65
solicit,3
solicitation,1
solicitor,16
solid,36
solidarity,1
solidification,1
solidify,1
solidity,6
solitary,59
solitude,54
solo,2
solution,32
solve,14
son,523
song,55
sonnet,2
sonorous,7
soot,5
soothe,20
soothing,15
sorcerer,2
sordid,6
sore,22
sorely,7
sorrow,97
sorrowful,17
sorry,152
sort,684
sorting,6
sou,46
soul,504
soulless,2
sound,303
sounding,11
soup,29
sour,4
source,42
south,62
southeast,1
southern,12
southwest,3
souvenir,8
sovereign,24
sovereignty,19
sow,7
soy,1
space,97
spacious,7
spade,7
span,1
spar,1
spare,36
spark,27
sparkle,1
sparkling,15
sparrow,8
spasm,1
spat,1
spatter,1
spawn,1
speak,527
speaker,8
speaking,244
spear,44
special,129
specialist,3
specially,16
specialty,7
specie,1
species,40
specific,2
specimen,7
speck,11
speckled,1
specs,1
spectacle,23
spectacles,25
spectator,8
spectral,6
speculate,1
speculation,6
speech,79
speechless,11
speed,57
speedily,37
speeding,1
speedy,5
spell,24
spellbound,1
spelling,3
spencer,5
spend,49
spending,22
spent,128
sperm,1
sphere,10
sphinx,7
spider,15
spiders,34
spike,3
spiked,2
spill,1
spin,6
spinal,3
spine,5
spinning,5
spinster,13
spiral,5
spire,3
spirit,141
spirited,7
spirits,134
spiritual,54
spit,18
spite,224
spiteful,10
splash,3
spleen,4
splendid,97
splendor,23
splinter,1
split,15
splitting,4
spoil,20
spoiler,1
spoiling,7
spoils,2
spoke,361
spoken,124
spokesman,2
sponge,6
spongy,1
spontaneous,4
spook,1
spoon,10
spoonful,2
sport,25
sporting,1
sports,9
sportsman,9
spot,153
spotless,1
spotted,11
spouse,8
spout,1
spray,5
spread,79
spring,151
springtime,8
sprinkle,2
sprinkler,1
sprinkling,4
sprout,2
spruce,2
spur,2
spurred,2
spurt,1
spy,35
squabble,1
squad,7
squadron,18
squall,2
squander,2
square,90
squat,6
squeak,1
squeal,1
squeamish,1
squeeze,5
squeezing,15
squelch,1
squint,1
squire,1
stab,1
stabbed,4
stability,2
stable,30
staccato,1
stack,3
staff,26
stag,7
stage,39
stagecoach,1
stagger,4
staggering,4
stagnant,7
stagnation,4
staid,11
stain,3
stained,4
stainless,1
stair,5
staircase,79
stairs,66
stairway,3
stake,25
stale,7
stalk,3
stall,12
stallion,3
stalls,15
stalwart,3
stamp,12
stand,132
standard,11
standing,247
standpoint,1
standstill,7
standup,2
staple,1
star,51
starboard,3
stare,11
staring,51
stark,3
starlight,3
starry,5
stars,96
start,82
startled,25
startling,14
starvation,2
starve,4
starved,2
starving,6
stat,1
state,262
stately,13
statement,18
statesman,13
statics,2
station,84
stationary,1
statue,27
stature,31
status,6
stay,251
stayed,62
stays,6
stead,7
steadfast,2
steady,24
steak,2
steal,17
stealing,14
stealth,1
stealthily,3
stealthy,2
steam,16
steamboat,3
steamer,1
steaming,7
steamy,2
steel,25
steep,27
steeple,5
steer,3
steering,4
stellar,1
stem,5
stench,2
step,193
stepmother,2
steppe,2
steps,260
stepson,1
stereotyped,1
sterile,2
sterling,1
stern,42
stethoscope,2
stew,1
steward,18
stick,44
sticking,9
sticky,6
stiff,19
stiffness,6
stifle,7
stifled,11
stifling,13
stigma,1
stillness,12
stilts,1
stimulant,1
stimulating,3
stimulus,2
sting,9
stinging,1
stingy,2
stink,1
stinking,3
stint,1
stipend,1
stipulate,1
stipulation,1
stir,52
stirring,22
stitching,1
stock,23
stockbroker,1
stocking,7
stockings,42
stocks,5
stole,23
stolen,44
stomach,33
stone,200
stoned,3
stony,7
stool,12
stools,2
stoop,6
stop,130
stoppage,2
stopping,43
storage,1
store,31
storeroom,9
storing,2
storm,78
stormy,21
story,153
storybook,2
storyteller,1
storytelling,1
stout,36
stove,28
straight,200
straighten,2
straightforward,8
straightway,2
strain,36
strained,26
strait,3
straits,11
strand,4
stranded,4
strange,351
stranger,227
strangle,2
strap,5
strata,4
strategic,5
strategy,10
straw,76
stray,14
streak,8
streaked,3
stream,69
streaming,6
street,388
strength,176
strengthen,5
strengthening,2
strenuous,2
stress,9
stretch,25
stricken,7
strict,23
stride,7
strife,9
strike,45
striking,44
strikingly,3
string,42
strings,9
stringy,1
strip,11
stripe,1
striped,1
stripped,11
strive,7
stroke,26
stroll,18
stroller,1
strolling,12
strong,215
stronghold,2
strongly,30
structure,7
struggle,67
strut,1
stubble,6
stubborn,5
stubbornness,3
stuck,26
stud,1
studded,13
student,27
studied,43
studio,7
study,166
stuff,28
stuffy,4
stumble,3
stump,8
stunned,6
stunted,1
stupefaction,9
stupendous,5
stupid,106
stupidity,17
stupor,16
sturdy,10
sturgeon,1
sty,2
style,66
stylish,3
suave,1
sub,1
subcutaneous,1
subdue,1
subdued,21
subject,293
subjected,10
subjection,7
subjective,1
sublimation,2
sublime,55
submerged,4
submission,8
submissive,4
submit,21
submitting,3
subordinate,2
subscriber,1
subscription,1
subsequent,6
subsequently,1
subside,1
subsist,3
subsistence,2
subsoil,6
substance,22
substantial,3
substitute,8
substituted,2
substitution,3
subterranean,35
subtle,19
subtlety,2
subtract,2
subtraction,1
suburb,5
suburban,3
suburbs,19
subversive,2
succeed,42
succeeding,14
success,101
successful,38
succession,25
successive,16
successor,2
succulent,1
suck,7
sucker,1
sucking,11
suckling,1
sucks,2
suction,1
sudden,110
suddenly,407
sue,1
suffer,93
sufferer,6
suffering,136
suffice,17
sufficiency,1
sufficient,80
sufficiently,43
suffocate,1
suffocating,1
suffocation,7
sugar,19
suggest,8
suggestion,12
suggestive,2
suicide,20
suit,39
suitable,18
suite,4
sullen,9
sulphur,5
sultan,2
sultry,2
sum,66
summary,3
summer,131
summertime,1
summit,34
summon,16
summons,12
sumptuous,3
sun,310
sunday,37
sundown,10
sundry,1
sunk,29
sunken,7
sunless,1
sunlight,30
sunny,8
sunrise,37
sunset,53
sunshine,38
sunup,2
sup,6
super,1
superb,16
superficial,16
superfluous,24
superhuman,10
superintendent,6
superior,60
superiority,12
supernatural,9
supersede,2
superstition,14
superstitious,3
supervise,1
supervision,7
supper,122
supple,12
supplement,1
supplementary,1
supplication,5
supplies,5
supply,21
support,79
supported,36
supporter,1
supporters,3
supporting,21
suppose,219
supposed,89
supposing,40
supposition,14
suppress,18
suppression,3
supremacy,3
supreme,54
supremely,5
surcharge,2
sure,334
surety,2
surf,3
surface,46
surgeon,7
surgical,3
surly,1
surmise,11
surname,6
surpassing,3
surplus,3
surprise,134
surprised,106
surprises,4
surprising,23
surrender,8
surrendering,2
surround,7
surrounding,19
surroundings,11
surveillance,6
survey,11
surveying,12
survive,13
surviving,1
survivor,2
susceptibility,1
susceptible,5
suspect,32
suspected,40
suspend,2
suspended,32
suspenders,2
suspense,23
suspension,1
suspicion,45
suspicions,17
suspicious,41
sustain,8
sustained,17
sustenance,2
swagger,2
swallow,14
swamp,7
swampy,1
swan,3
swarm,15
swarming,17
sway,6
swear,44
swearing,2
sweat,19
sweating,3
sweep,22
sweeping,13
sweet,225
sweetest,8
sweetness,37
sweets,4
swell,14
swelling,16
swerve,2
swift,14
swiftly,20
swill,1
swim,11
swimming,11
swindle,2
swindler,3
swine,3
swing,18
swinging,16
swirl,1
swish,1
switch,1
swollen,18
swoon,7
swoop,2
sword,129
swordfish,1
swordsman,1
syllable,21
symbol,12
symbolic,1
symbolism,1
symmetrical,4
symmetry,7
sympathetic,15
sympathize,5
sympathy,65
symphony,3
symptom,12
synagogue,1
synod,4
synonym,2
synonymous,2
synopsis,1
syntax,1
synthetic,1
syringe,1
syrup,2
system,59
systematic,1
systematically,2
table,466
tablecloth,1
tablet,1
tableware,1
tacit,5
tackle,4
tackled,1
tact,11
tactics,10
taffeta,2
tail,27
tailor,3
taint,3
take,1055
tale,58
talent,31
talisman,3
talk,377
talkative,9
talker,6
tall,104
tallow,5
tally,5
talon,1
talons,7
tame,2
tamer,1
taming,1
tan,1
tandem,1
tangible,2
tangle,3
tangled,6
tank,2
tanned,2
tantamount,1
tap,7
tape,3
taper,5
tapestry,4
taps,3
tar,2
tarantula,1
tardiness,1
tardy,4
target,2
tariff,3
tarnish,1
tart,5
tartan,1
tartar,1
task,104
tassel,3
taste,82
tasting,2
tat,1
taught,47
taunt,2
tavern,17
tawny,1
tax,7
taxpayer,1
tea,103
teach,30
teacher,21
teaching,13
team,5
teapot,2
tear,69
tearful,4
tease,4
teasing,13
teatime,3
technical,1
technique,8
tedious,9
teeming,3
teeth,170
telegram,59
telegraph,12
telescope,3
tell,993
telling,109
temper,57
temperament,8
temperate,2
temperature,6
tempered,6
tempest,25
temple,45
temporal,1
temporarily,1
temporary,15
tempt,7
temptation,20
tempting,5
ten,235
tenable,1
tenacious,4
tenacity,4
tenant,6
tend,5
tendency,14
tender,74
tenderness,79
tending,4
tenement,1
tenets,1
tenfold,4
tennis,3
tenor,3
tense,4
tension,12
tent,3
tenth,15
tenure,1
term,14
terminate,6
termination,10
terms,80
terrace,28
terrestrial,10
terrible,399
terribly,23
terrific,14
terrified,61
terrifies,3
terrify,2
terrifying,11
territory,3
terror,140
terrorism,3
terrorist,1
tertiary,1
test,15
testament,12
testify,3
testimony,8
tethered,1
text,21
texture,1
thank,118
thankful,20
thanking,9
thanks,105
thatch,2
thaw,3
theater,25
theatrical,3
theft,51
theme,4
theological,3
theology,4
theorem,1
theoretical,3
theory,30
therapeutics,1
thereabouts,2
therewith,2
thermometer,3
thesis,3
thick,101
thicket,30
thickness,6
thief,47
thigh,16
thin,130
thing,723
things,737
think,1068
thinker,15
thinking,293
third,161
thirds,3
thirst,33
thirsty,13
thirteen,17
thirteenth,6
thirty,88
thither,76
thong,2
thorn,6
thorny,3
thorough,12
thoroughbred,3
thoroughfare,1
thought,1426
thoughtful,51
thoughtfulness,5
thoughtless,8
thoughts,258
thousand,324
thrash,1
thread,47
threat,13
threaten,4
threatened,17
threatening,23
three,754
threefold,1
threshold,48
thrice,9
thrifty,1
thrill,11
thrilled,3
thrilling,2
thrive,1
throat,100
throbbing,10
throne,20
throng,37
throw,92
thrown,106
thrush,2
thrust,98
thud,5
thumb,17
thunder,62
thunderbolt,6
thunderclap,1
thundering,10
thunderstorm,1
thunderstruck,4
thwart,2
thyme,3
tiara,2
ticket,4
tickle,1
tickled,3
ticklish,1
tidal,1
tide,24
tidings,6
tidy,8
tie,28
tiger,26
tightrope,1
tights,2
till,467
tillage,2
tiller,1
tilt,1
timber,14
time,2109
timely,1
times,329
timetable,1
timid,38
timidity,17
tin,13
tincture,1
tine,1
tinge,2
tingle,4
tingling,6
tinkle,2
tinkling,1
tinsel,2
tint,1
tiny,73
tip,24
tipsy,4
tiptoe,23
tire,3
tired,65
tireless,1
tiresome,15
tissue,1
tit,19
titanic,8
title,30
toad,4
toast,2
tobacco,15
today,272
toe,2
toga,1
together,438
toil,59
toilet,23
toils,16
token,8
tolerable,27
tolerance,1
tolerant,2
tolerate,2
toleration,1
toll,6
tomb,101
tombstone,1
tomcat,1
tomorrow,245
ton,12
tone,215
tongs,2
tongue,69
tool,5
tooth,8
toothache,5
toothbrush,1
toothless,5
top,160
topic,11
topographical,1
topography,1
topple,1
torch,28
torment,10
tormented,11
torn,78
torrent,10
torso,2
tortoise,1
tortuous,4
torture,54
tortured,24
toss,6
total,25
totally,22
touch,86
touched,151
touching,62
tough,3
tour,27
tournament,2
tout,8
tow,4
towel,4
tower,19
towering,1
town,346
townspeople,3
toy,4
trace,65
traces,31
tracing,2
track,32
tract,1
tractable,2
traction,1
trade,30
trader,2
tradesman,3
tradition,19
traditional,1
traffic,2
tragedies,2
tragedy,18
tragic,41
trail,6
train,111
trained,9
trainer,3
training,2
trait,8
traitor,6
trajectory,2
tramp,22
trample,8
trance,18
tranquil,54
transact,1
transaction,5
transcendent,1
transcendental,1
transcribe,3
transcript,1
transfer,4
transference,1
transferred,13
transfixed,2
transform,10
transformation,11
transfusion,9
transient,3
transit,3
transition,20
transitory,5
translate,3
translation,21
transmission,1
transmit,1
transmutation,1
transparency,7
transparent,15
transport,12
transverse,6
trap,67
trapdoor,5
trapeze,2
traps,11
trash,1
travel,33
traveler,6
traveling,5
traverse,25
travesty,1
tray,6
treacherous,11
treachery,9
tread,23
treason,2
treasure,36
treasured,2
treasurer,2
treasures,12
treasury,2
treat,32
treatise,2
treatment,23
treaty,2
treble,1
tree,90
trees,197
tremble,37
trembling,77
tremendous,26
tremendously,2
tremor,13
trench,18
trend,1
trepidation,4
trespass,2
trial,51
triangle,5
triangular,5
tribe,3
tribunal,6
tribune,4
tribute,7
trick,21
trickery,4
trickle,3
tricky,1
trident,3
trifle,21
trifling,17
trigger,9
trim,4
trimming,2
trinity,3
trip,27
triple,8
tripod,6
tripping,3
triumph,68
triumphant,22
trivial,14
troop,10
troops,24
trophy,3
tropics,1
trot,15
trouble,216
troubled,72
troubles,25
troublesome,8
trough,4
troupe,3
trousers,71
trout,2
truce,5
truck,4
true,399
truism,1
trump,3
trumpet,9
truncated,2
trunk,20
truss,6
trust,94
trustee,1
trusting,8
trustworthy,4
trusty,2
truth,237
truthful,18
truthfulness,1
try,201
tub,5
tube,1
tubular,2
tuck,2
tuesday,34
tufted,3
tug,4
tulip,1
tumble,5
tumbler,1
tumult,40
tumultuous,21
tun,3
tune,5
tunic,2
tunnel,3
turban,1
turbulence,1
turf,7
turkey,13
turmoil,3
turn,312
turned,717
turning,233
turnip,1
turnkey,5
turnout,1
turnpike,1
turpentine,1
tussle,1
tutor,9
tutu,2
twain,3
twelfth,3
twelve,118
twentieth,9
twenty,196
twig,5
twilight,62
twin,2
twine,2
twinge,2
twinkle,2
twins,1
twist,5
twisted,21
twit,1
twitch,1
twitching,15
two,1902
tyke,1
type,21
typewriter,11
typical,5
typically,1
tyrannical,2
tyranny,6
tyrant,18
tyre,1
ubiquity,2
ugliness,11
ugly,56
ulcer,4
ulterior,4
ultimate,3
ultimately,7
umbrella,9
umpire,1
unabashed,1
unabated,2
unable,87
unaccompanied,1
unaccountable,5
unacknowledged,1
unaffected,7
unaided,2
unanimity,6
unanimous,4
unanimously,2
unannounced,1
unanswered,3
unarmed,1
unassuming,3
unattainable,4
unattended,3
unattractive,3
unavoidable,3
unaware,7
unbearable,7
unbecoming,6
unbelief,7
unborn,1
unbound,2
unbounded,3
unbreakable,1
unbridled,4
unbroken,4
uncalled,3
uncanny,5
uncaring,1
uncertain,22
uncertainty,19
unchanged,8
uncle,92
unclean,16
uncomfortable,26
uncommon,9
uncommonly,13
uncompromising,3
unconcerned,3
unconnected,4
unconscious,26
unconsciousness,5
uncontrollable,2
uncontrolled,1
uncouth,5
uncover,5
uncut,5
undead,36
undecided,6
undefined,5
undergo,12
underground,7
underline,1
underlying,6
undermined,3
underneath,11
understand,507
understanding,100
understood,215
undertake,19
undertaker,7
undertaking,20
underwood,1
undeserved,3
undetermined,1
undeveloped,2
undignified,1
undiscovered,3
undisputed,2
undisturbed,4
undivided,3
undo,8
undoing,5
undoubted,2
undress,5
undressed,10
undue,1
unearned,1
uneasiness,31
uneasy,74
uneducated,1
unemployed,3
unequal,13
unequalled,2
uneven,8
uneventful,1
unexpected,66
unexpectedly,19
unexplored,2
unfailing,4
unfair,11
unfairness,1
unfaithful,9
unfamiliar,6
unfavorable,2
unfeeling,7
unfettered,1
unfinished,6
unfit,6
unfold,10
unforeseen,14
unforgiving,2
unfortunate,62
unfortunately,16
unfriendly,2
unfulfilled,2
unfurnished,1
unglued,1
ungrateful,6
unguarded,6
unhappiness,33
unhappy,169
unharmed,6
unhealthy,15
unheard,3
unholy,4
unhook,3
unification,1
uniform,59
uniformity,2
uniformly,4
unimpeachable,2
unimportant,6
uninhabited,9
unintelligible,10
unintentionally,2
uninterested,1
uninteresting,3
uninterrupted,2
uninvited,2
union,28
unique,11
unison,6
unit,1
unite,8
united,27
unity,12
universal,45
universe,31
university,28
unjust,30
unjustifiable,3
unkind,2
unknown,132
unlawful,2
unlike,37
unlikely,5
unlimited,1
unload,1
unloaded,1
unlucky,25
unmarked,1
unmarried,9
unmask,1
unmistakable,17
unmitigated,1
unmoved,6
unnatural,24
unnecessary,19
unnoticed,10
unobserved,4
unobtrusive,2
unoccupied,7
unopened,2
unorganized,1
unpack,2
unparalleled,5
unpleasant,52
unpleasantness,8
unprecedented,23
unprepared,5
unproductive,1
unprofitable,2
unprotected,7
unpublished,3
unqualified,3
unquestionable,2
unquestionably,1
unravel,1
unread,1
unreal,1
unreasonable,10
unrecorded,1
unrest,1
unrestrained,3
unromantic,1
unsafe,1
unsatisfactory,5
unsatisfied,4
unscrew,3
unscrupulous,2
unseat,1
unseen,14
unselfish,6
unsettled,7
unsolved,1
unsound,1
unspeakable,7
unspoken,3
unstable,1
unsuccessful,4
unsuitable,5
unsupported,2
unsuspecting,1
unsympathetic,1
untamed,2
untidy,5
untie,2
untimely,3
untitled,1
untold,2
untouched,5
untraceable,1
untrained,2
untroubled,1
untrue,3
unturned,1
unused,4
unusual,16
unusually,2
unutterable,7
unveil,1
unwelcome,4
unwell,11
unwilling,20
unwillingly,8
unwillingness,4
unwittingly,1
unworthy,17
unyielding,1
upheaval,1
uphill,2
uphold,4
upholstery,1
upland,7
uplands,2
uplift,1
uplifting,2
upper,59
upright,32
uprising,23
uproar,45
upset,36
upstairs,79
upstart,1
upward,4
upwards,19
urchin,16
urge,10
urgency,1
urgent,9
urine,1
urn,2
usage,4
use,223
used,277
useful,76
usefully,4
usefulness,5
useless,75
usher,22
usual,172
usurp,3
usurped,2
usury,1
utensil,1
utility,12
utilize,1
utmost,46
utter,74
utterance,24
utterly,126
vacancy,4
vacant,10
vacation,2
vaccine,1
vacuum,1
vagabond,10
vagrancy,2
vagrant,1
vague,105
vagueness,4
vainly,8
vale,1
valet,19
valiant,24
valid,2
valley,35
valor,2
valuable,24
valuables,1
value,48
vampire,26
van,329
vandal,1
vanguard,4
vanish,23
vanished,96
vanishing,10
vanity,39
vanquished,20
vanquishing,1
vantage,3
vapor,8
variable,2
variance,2
variation,5
varied,19
variegated,1
variety,23
various,92
varnish,2
vary,6
varying,7
vase,7
vassal,1
vast,100
vat,2
vaudeville,5
vault,51
vaulted,13
vaulting,2
veal,1
vegetable,3
vegetation,10
vehement,1
vehicle,37
veil,61
veiled,12
vein,5
velvet,43
velvety,2
vendetta,1
vendor,1
venerable,33
veneration,16
venetian,4
vengeance,33
venison,1
venom,2
venomous,6
venous,1
vent,25
ventilation,1
ventilator,1
venting,2
ventriloquist,7
venture,23
veracity,3
veranda,1
verb,2
verbal,4
verbatim,2
verbose,1
verdant,5
verdict,4
verge,18
verification,1
verified,11
verify,6
verily,1
veritable,19
vermin,10
verse,18
version,1
versus,2
vertebra,1
vertebral,3
vertical,4
vertigo,6
vessel,52
vest,3
vested,1
vestibule,9
vestige,2
veteran,13
veterinary,1
veto,1
vexed,38
viaduct,2
vibrate,1
vibration,5
vicar,3
vice,23
vicinity,24
vicious,18
victim,38
victor,29
victoria,1
victorious,13
victory,46
vie,2
view,199
viewing,5
vigil,3
vigilance,4
vigilant,2
vigor,9
vigorous,23
viking,1
vile,15
villa,11
village,102
villager,3
villain,16
villainous,5
vindicate,2
vindication,2
vindictive,3
vine,9
vinegar,2
vineyard,8
vintage,4
violate,3
violation,2
violence,57
violent,98
violently,34
violet,14
violin,1
viper,3
virgin,40
virginal,5
virginity,5
virtue,96
virtuoso,1
virtuous,13
visage,19
viscous,2
visible,151
visibly,7
vision,46
visionary,7
visit,161
visitation,1
visiting,11
visitor,39
visor,5
visual,1
vital,10
vitality,6
vitals,2
vitreous,1
vivacious,7
vivid,16
vixen,1
vocabulary,3
vocal,16
vocation,8
vodka,16
vogue,5
voice,674
voiceless,2
void,14
volatile,1
volatility,1
volcanic,1
volcano,8
volition,2
volley,3
volume,40
volumes,9
voluminous,2
voluntarily,11
voluntary,10
volunteer,3
volunteers,18
voluptuous,16
vomit,2
voracious,2
vote,17
voter,1
voting,6
vouch,3
vow,5
voyage,57
vulgar,28
vulgarity,2
vulnerable,2
vulture,8
wad,2
wade,1
wafer,13
wag,4
wage,1
wager,4
wages,17
wagon,9
wail,8
waist,31
waistcoat,40
wait,207
waiter,31
waiting,202
wake,57
walk,197
walker,4
walking,171
wall,354
wallet,10
wallow,1
wallpaper,1
waltz,14
wan,14
wand,12
wander,10
wanderer,4
wandering,27
wane,2
waning,6
want,599
wanting,43
wanton,8
war,174
warbler,1
ward,7
warden,10
wardrobe,5
ware,1
warehouse,1
warfare,1
warlike,7
warm,105
warming,5
warmth,40
warn,32
warned,27
warning,37
warp,1
warpath,1
warped,1
warrant,3
warren,1
warrior,9
wart,4
wary,4
wash,54
washed,57
washing,32
wasp,2
waste,53
wastebasket,1
wasted,34
wasting,23
watch,186
watchdog,3
watcher,4
watchful,4
watchman,3
water,437
watered,12
waterworks,1
watery,2
wave,30
waver,5
wavering,8
waves,74
wavy,1
wax,28
waxed,7
way,1253
ways,77
weak,67
weaken,2
weakened,15
weakling,1
weakly,4
weakness,47
wealth,53
wealthy,38
weapon,20
wear,51
wearily,5
weariness,16
wearing,57
weary,56
weather,73
weave,4
web,12
wed,10
wedded,12
wedding,98
wedlock,2
wee,3
weed,1
weeding,3
weeds,9
week,106
weekly,2
weep,50
weeping,58
weepy,1
weigh,6
weighing,7
weight,63
weights,5
weighty,9
weird,4
weirdness,1
welcome,70
welcomed,18
welcoming,1
welding,1
welfare,14
wench,6
werewolf,2
west,46
western,6
wet,70
whack,1
whale,2
wharf,3
whatsoever,5
wheat,32
wheel,44
wheelchair,1
wheels,58
whereabouts,4
wherefore,7
wherewith,3
wherewithal,3
whet,4
whiff,2
whilst,114
whim,3
whimsical,3
whine,2
whip,24
whipped,5
whirl,11
whirlpool,7
whirlwind,21
whiskers,26
whisper,58
whispered,74
whistle,15
whit,4
white,492
whiteness,24
whitewash,1
whitish,13
whole,820
wholesale,5
wholesome,5
wholly,71
whore,3
wick,3
wicked,68
wickedness,17
wicker,5
wicket,9
wide,95
widely,11
widespread,1
widow,25
widowed,4
widower,4
width,5
wife,628
wig,2
wild,168
wilderness,7
will,3446
willing,38
willingly,17
willingness,4
willow,9
wilt,8
wily,5
win,26
wince,3
wind,253
windfall,1
winding,18
windmill,1
window,365
windowsill,6
wine,221
wing,34
winged,8
wink,9
winner,3
winning,14
winter,142
wintry,3
wipe,13
wire,16
wisdom,29
wise,70
wish,349
wishful,1
wishing,44
wisp,1
wit,35
witch,2
witchcraft,2
withal,3
withdraw,17
withdrawn,13
withered,5
withering,3
withhold,1
withstand,2
witness,39
wits,17
witty,10
woe,29
woeful,3
woefully,1
wolf,55
woman,783
womanhood,1
womanly,2
wonder,124
wonderful,85
wonderfully,24
wonderment,1
wondrous,10
wont,199
woo,2
wood,122
wooden,63
woodland,2
woods,45
woodwork,7
woody,2
wooing,8
wool,14
woolen,3
word,579
words,693
wordy,1
work,692
worker,3
working,94
workings,2
workman,25
workmanship,3
works,49
workshop,3
world,551
worldly,10
worldwide,1
worm,11
worn,73
worried,28
worries,12
worry,20
worrying,13
worse,148
worship,9
worth,106
worthless,8
worthwhile,1
worthy,82
wot,1
would,3552
wound,78
wounded,91
wounding,6
wounds,52
wrangler,1
wrangling,2
wrap,8
wrapper,5
wrapping,9
wrath,75
wrathful,1
wreak,3
wreath,13
wreck,13
wreckage,1
wrecked,11
wrench,3
wrenching,1
wrestle,2
wrestler,1
wrestling,1
wretch,87
wretched,95
wriggle,1
wring,8
wrinkle,6
wrinkled,26
wrist,24
writ,1
write,201
writer,66
writing,90
written,154
wrong,209
wrongly,13
wrought,20
wry,3
yacht,1
yard,54
yarn,2
yawn,10
yawning,18
year,250
yearling,1
yearly,3
yearn,2
yearning,3
years,587
yell,4
yelling,3
yellow,86
yesterday,159
yew,2
yield,38
yielding,12
yoke,14
yon,1
yonder,44
young,915
younger,94
youngster,2
youth,138
youthful,22
zeal,19
zealous,4
zenith,8
zest,1
zigzag,5
zinc,6
zodiac,2
zone,3
zoo,1
zoological,2
zoology,2
