label,t,power,danger,structure,coverage
The Odyssey,0.04108,0.03219,-0.13149,-0.00444,0.29100
The Odyssey,0.04191,0.03147,-0.13183,-0.00462,0.29100
The Odyssey,0.04273,0.03107,-0.13138,-0.00472,0.29100
The Odyssey,0.04355,0.03264,-0.13119,-0.00475,0.29200
The Odyssey,0.04437,0.03338,-0.13177,-0.00467,0.29200
The Odyssey,0.04519,0.03394,-0.13171,-0.00429,0.29200
The Odyssey,0.04601,0.03474,-0.13167,-0.00445,0.29200
The Odyssey,0.04684,0.03404,-0.13212,-0.00466,0.29100
The Odyssey,0.04766,0.03397,-0.13119,-0.00447,0.29100
The Odyssey,0.04848,0.03324,-0.13019,-0.00474,0.29000
The Odyssey,0.04930,0.03333,-0.13016,-0.00491,0.29000
The Odyssey,0.05012,0.03362,-0.12995,-0.00459,0.29000
The Odyssey,0.05094,0.03355,-0.12984,-0.00450,0.29100
The Odyssey,0.05177,0.03410,-0.12970,-0.00473,0.29100
The Odyssey,0.05259,0.03393,-0.12895,-0.00521,0.29200
The Odyssey,0.05341,0.03487,-0.13006,-0.00558,0.29200
The Odyssey,0.05423,0.03532,-0.12997,-0.00502,0.29100
The Odyssey,0.05505,0.03445,-0.13014,-0.00480,0.29200
The Odyssey,0.05588,0.03428,-0.13076,-0.00480,0.29300
The Odyssey,0.05670,0.03469,-0.13081,-0.00425,0.29300
The Odyssey,0.05752,0.03511,-0.12973,-0.00420,0.29400
The Odyssey,0.05834,0.03417,-0.12997,-0.00404,0.29400
The Odyssey,0.05916,0.03393,-0.13175,-0.00391,0.29400
The Odyssey,0.05998,0.03412,-0.13195,-0.00382,0.29400
The Odyssey,0.06081,0.03299,-0.13173,-0.00370,0.29500
The Odyssey,0.06163,0.03316,-0.13222,-0.00349,0.29500
The Odyssey,0.06245,0.03191,-0.13168,-0.00376,0.29400
The Odyssey,0.06327,0.03163,-0.13060,-0.00393,0.29300
The Odyssey,0.06409,0.03048,-0.13121,-0.00372,0.29200
The Odyssey,0.06491,0.03084,-0.13109,-0.00322,0.29100
The Odyssey,0.06574,0.03072,-0.12988,-0.00335,0.28800
The Odyssey,0.06656,0.03127,-0.12968,-0.00347,0.28900
The Odyssey,0.06738,0.03340,-0.13040,-0.00312,0.28700
The Odyssey,0.06820,0.03291,-0.13076,-0.00377,0.28700
The Odyssey,0.06902,0.03289,-0.13108,-0.00320,0.28800
The Odyssey,0.06984,0.03267,-0.13106,-0.00337,0.28600
The Odyssey,0.07067,0.03149,-0.13137,-0.00301,0.28600
The Odyssey,0.07149,0.03058,-0.13137,-0.00236,0.28500
The Odyssey,0.07231,0.03056,-0.13223,-0.00204,0.28500
The Odyssey,0.07313,0.03047,-0.13238,-0.00202,0.28600
The Odyssey,0.07395,0.02966,-0.13185,-0.00231,0.28600
The Odyssey,0.07477,0.02940,-0.13024,-0.00233,0.28700
The Odyssey,0.07560,0.02894,-0.12993,-0.00266,0.28600
The Odyssey,0.07642,0.02916,-0.13029,-0.00217,0.28700
The Odyssey,0.07724,0.02993,-0.13106,-0.00215,0.28700
The Odyssey,0.07806,0.02937,-0.13101,-0.00185,0.28700
The Odyssey,0.07888,0.02908,-0.13107,-0.00188,0.28700
The Odyssey,0.07970,0.02938,-0.13148,-0.00170,0.28600
The Odyssey,0.08053,0.02971,-0.13255,-0.00138,0.28600
The Odyssey,0.08135,0.02957,-0.13294,-0.00121,0.28600
The Odyssey,0.08217,0.03024,-0.13440,-0.00112,0.28700
The Odyssey,0.08299,0.02903,-0.13540,-0.00143,0.28600
The Odyssey,0.08381,0.02908,-0.13522,-0.00109,0.28700
The Odyssey,0.08463,0.02835,-0.13463,-0.00093,0.28800
The Odyssey,0.08546,0.02730,-0.13405,-0.00079,0.28700
The Odyssey,0.08628,0.02655,-0.13378,-0.00038,0.28500
The Odyssey,0.08710,0.02751,-0.13379,-0.00022,0.28400
The Odyssey,0.08792,0.02702,-0.13369,-0.00001,0.28400
The Odyssey,0.08874,0.02722,-0.13468,0.00011,0.28400
The Odyssey,0.08956,0.02746,-0.13532,0.00039,0.28300
The Odyssey,0.09039,0.02758,-0.13590,0.00034,0.28300
The Odyssey,0.09121,0.02643,-0.13557,-0.00012,0.28300
The Odyssey,0.09203,0.02709,-0.13521,-0.00018,0.28300
The Odyssey,0.09285,0.02758,-0.13458,-0.00039,0.28100
The Odyssey,0.09367,0.02723,-0.13471,0.00018,0.28100
The Odyssey,0.09449,0.02668,-0.13518,0.00019,0.28100
The Odyssey,0.09532,0.02693,-0.13648,0.00032,0.28100
The Odyssey,0.09614,0.02693,-0.13624,0.00037,0.28100
The Odyssey,0.09696,0.02790,-0.13726,0.00022,0.28200
The Odyssey,0.09778,0.02799,-0.13795,0.00015,0.28200
The Odyssey,0.09860,0.02784,-0.13816,-0.00004,0.28200
The Odyssey,0.09942,0.02697,-0.13809,0.00017,0.28100
The Odyssey,0.10025,0.02538,-0.13745,-0.00001,0.28100
The Odyssey,0.10107,0.02468,-0.13757,-0.00005,0.28200
The Odyssey,0.10189,0.02459,-0.13676,0.00023,0.28100
The Odyssey,0.10271,0.02506,-0.13580,0.00046,0.28000
The Odyssey,0.10353,0.02619,-0.13571,0.00067,0.28000
The Odyssey,0.10435,0.02646,-0.13482,0.00060,0.28000
The Odyssey,0.10518,0.02649,-0.13554,0.00053,0.27900
The Odyssey,0.10600,0.02583,-0.13455,0.00018,0.27900
The Odyssey,0.10682,0.02642,-0.13429,0.00016,0.27900
The Odyssey,0.10764,0.02737,-0.13354,0.00013,0.27900
The Odyssey,0.10846,0.02751,-0.13252,0.00063,0.27900
The Odyssey,0.10929,0.02805,-0.13207,0.00059,0.27900
The Odyssey,0.11011,0.02681,-0.13184,0.00047,0.28000
The Odyssey,0.11093,0.02764,-0.13233,0.00081,0.28000
The Odyssey,0.11175,0.02696,-0.13258,0.00095,0.27800
The Odyssey,0.11257,0.02803,-0.13278,0.00066,0.27900
The Odyssey,0.11339,0.02808,-0.13277,0.00054,0.28000
The Odyssey,0.11422,0.02755,-0.13285,0.00064,0.28000
The Odyssey,0.11504,0.02745,-0.13332,0.00051,0.28000
The Odyssey,0.11586,0.02700,-0.13272,0.00032,0.28000
The Odyssey,0.11668,0.02656,-0.13301,0.00090,0.27800
The Odyssey,0.11750,0.02711,-0.13282,0.00103,0.27800
The Odyssey,0.11832,0.02595,-0.13256,0.00100,0.27800
The Odyssey,0.11915,0.02689,-0.13161,0.00103,0.27800
The Odyssey,0.11997,0.02669,-0.13157,0.00135,0.27800
The Odyssey,0.12079,0.02644,-0.13122,0.00158,0.27800
The Odyssey,0.12161,0.02774,-0.13093,0.00150,0.27900
The Odyssey,0.12243,0.02666,-0.13067,0.00134,0.27900
The Odyssey,0.12325,0.02692,-0.13170,0.00145,0.28000
The Odyssey,0.12408,0.02668,-0.13056,0.00138,0.28000
The Odyssey,0.12490,0.02637,-0.13110,0.00160,0.28100
The Odyssey,0.12572,0.02571,-0.13063,0.00154,0.28100
The Odyssey,0.12654,0.02424,-0.13078,0.00143,0.28100
The Odyssey,0.12736,0.02307,-0.13009,0.00133,0.28100
The Odyssey,0.12818,0.02185,-0.12910,0.00148,0.28200
The Odyssey,0.12901,0.02128,-0.12997,0.00160,0.28200
The Odyssey,0.12983,0.02080,-0.12974,0.00173,0.28300
The Odyssey,0.13065,0.01998,-0.13002,0.00202,0.28300
The Odyssey,0.13147,0.02019,-0.13035,0.00211,0.28400
The Odyssey,0.13229,0.01927,-0.13078,0.00236,0.28400
The Odyssey,0.13311,0.01967,-0.13143,0.00228,0.28300
The Odyssey,0.13394,0.01962,-0.13064,0.00245,0.28400
The Odyssey,0.13476,0.01990,-0.13146,0.00228,0.28400
The Odyssey,0.13558,0.02029,-0.13114,0.00250,0.28300
The Odyssey,0.13640,0.02035,-0.13073,0.00218,0.28400
The Odyssey,0.13722,0.01994,-0.13022,0.00212,0.28500
The Odyssey,0.13804,0.01952,-0.12897,0.00276,0.28400
The Odyssey,0.13887,0.01871,-0.12920,0.00239,0.28400
The Odyssey,0.13969,0.01790,-0.12933,0.00224,0.28400
The Odyssey,0.14051,0.01854,-0.12929,0.00195,0.28500
The Odyssey,0.14133,0.01894,-0.12706,0.00239,0.28500
The Odyssey,0.14215,0.01864,-0.12675,0.00262,0.28500
The Odyssey,0.14297,0.01978,-0.12705,0.00283,0.28400
The Odyssey,0.14380,0.01892,-0.12676,0.00237,0.28400
The Odyssey,0.14462,0.01867,-0.12706,0.00236,0.28500
The Odyssey,0.14544,0.01995,-0.12844,0.00251,0.28600
The Odyssey,0.14626,0.02117,-0.12809,0.00223,0.28700
The Odyssey,0.14708,0.02043,-0.12798,0.00183,0.28700
The Odyssey,0.14790,0.02046,-0.12845,0.00198,0.28800
The Odyssey,0.14873,0.02131,-0.12819,0.00223,0.28900
The Odyssey,0.14955,0.01959,-0.12854,0.00170,0.29100
The Odyssey,0.15037,0.01979,-0.12850,0.00161,0.29100
The Odyssey,0.15119,0.01925,-0.12803,0.00112,0.29100
The Odyssey,0.15201,0.01943,-0.12859,0.00113,0.29100
The Odyssey,0.15283,0.01955,-0.12851,0.00112,0.29100
The Odyssey,0.15366,0.02017,-0.12890,0.00087,0.29100
The Odyssey,0.15448,0.01924,-0.12845,0.00065,0.29100
The Odyssey,0.15530,0.01908,-0.12753,0.00049,0.29100
The Odyssey,0.15612,0.01857,-0.12668,0.00036,0.29100
The Odyssey,0.15694,0.01871,-0.12740,0.00034,0.29100
The Odyssey,0.15776,0.01880,-0.12725,0.00066,0.29100
The Odyssey,0.15859,0.01816,-0.12565,0.00052,0.29200
The Odyssey,0.15941,0.01684,-0.12481,0.00055,0.29200
The Odyssey,0.16023,0.01630,-0.12448,-0.00006,0.29300
The Odyssey,0.16105,0.01545,-0.12384,0.00040,0.29200
The Odyssey,0.16187,0.01443,-0.12325,0.00008,0.29300
The Odyssey,0.16270,0.01402,-0.12268,-0.00013,0.29300
The Odyssey,0.16352,0.01387,-0.12201,-0.00003,0.29300
The Odyssey,0.16434,0.01335,-0.12115,0.00027,0.29400
The Odyssey,0.16516,0.01301,-0.11935,0.00016,0.29300
The Odyssey,0.16598,0.01280,-0.11900,-0.00029,0.29200
The Odyssey,0.16680,0.01210,-0.11915,-0.00055,0.29200
The Odyssey,0.16763,0.01288,-0.11935,-0.00081,0.29300
The Odyssey,0.16845,0.01198,-0.11939,-0.00091,0.29400
The Odyssey,0.16927,0.01054,-0.11947,-0.00057,0.29500
The Odyssey,0.17009,0.00966,-0.11922,-0.00058,0.29600
The Odyssey,0.17091,0.00917,-0.11914,-0.00048,0.29700
The Odyssey,0.17173,0.00968,-0.11850,-0.00079,0.29700
The Odyssey,0.17256,0.00941,-0.11869,-0.00051,0.29700
The Odyssey,0.17338,0.01048,-0.11988,0.00009,0.29800
The Odyssey,0.17420,0.01035,-0.12091,-0.00003,0.29800
The Odyssey,0.17502,0.01047,-0.12198,0.00010,0.29800
The Odyssey,0.17584,0.01034,-0.12257,-0.00027,0.29800
The Odyssey,0.17666,0.01190,-0.12412,-0.00022,0.29800
The Odyssey,0.17749,0.01167,-0.12384,-0.00014,0.29800
The Odyssey,0.17831,0.01074,-0.12449,-0.00009,0.29700
The Odyssey,0.17913,0.01050,-0.12410,0.00032,0.29700
The Odyssey,0.17995,0.01097,-0.12416,0.00071,0.29600
The Odyssey,0.18077,0.01083,-0.12391,0.00112,0.29500
The Odyssey,0.18159,0.01102,-0.12325,0.00104,0.29500
The Odyssey,0.18242,0.01233,-0.12354,0.00138,0.29400
The Odyssey,0.18324,0.01302,-0.12310,0.00155,0.29400
The Odyssey,0.18406,0.01449,-0.12437,0.00207,0.29500
The Odyssey,0.18488,0.01456,-0.12429,0.00226,0.29500
The Odyssey,0.18570,0.01400,-0.12397,0.00200,0.29500
The Odyssey,0.18652,0.01497,-0.12552,0.00229,0.29500
The Odyssey,0.18735,0.01523,-0.12571,0.00235,0.29500
The Odyssey,0.18817,0.01613,-0.12617,0.00271,0.29600
The Odyssey,0.18899,0.01432,-0.12653,0.00320,0.29700
The Odyssey,0.18981,0.01303,-0.12704,0.00359,0.29700
The Odyssey,0.19063,0.01358,-0.12806,0.00340,0.29800
The Odyssey,0.19145,0.01489,-0.12901,0.00355,0.29800
The Odyssey,0.19228,0.01571,-0.12954,0.00322,0.29800
The Odyssey,0.19310,0.01506,-0.12982,0.00300,0.29900
The Odyssey,0.19392,0.01543,-0.12905,0.00306,0.29900
The Odyssey,0.19474,0.01458,-0.12872,0.00334,0.29800
The Odyssey,0.19556,0.01499,-0.12852,0.00319,0.29800
The Odyssey,0.19638,0.01463,-0.12861,0.00282,0.30000
The Odyssey,0.19721,0.01426,-0.12810,0.00230,0.30100
The Odyssey,0.19803,0.01451,-0.12830,0.00257,0.30100
The Odyssey,0.19885,0.01516,-0.12844,0.00269,0.30200
The Odyssey,0.19967,0.01483,-0.12879,0.00239,0.30200
The Odyssey,0.20049,0.01539,-0.12893,0.00267,0.30100
The Odyssey,0.20131,0.01576,-0.12899,0.00244,0.30200
The Odyssey,0.20214,0.01518,-0.12950,0.00219,0.30200
The Odyssey,0.20296,0.01610,-0.13009,0.00165,0.30300
The Odyssey,0.20378,0.01632,-0.13029,0.00199,0.30200
The Odyssey,0.20460,0.01796,-0.13140,0.00233,0.30200
The Odyssey,0.20542,0.01831,-0.13170,0.00227,0.30100
The Odyssey,0.20624,0.01846,-0.13243,0.00230,0.30200
The Odyssey,0.20707,0.01830,-0.13305,0.00206,0.30200
The Odyssey,0.20789,0.01858,-0.13423,0.00185,0.30100
The Odyssey,0.20871,0.01862,-0.13536,0.00264,0.30100
The Odyssey,0.20953,0.01891,-0.13569,0.00234,0.30100
The Odyssey,0.21035,0.01938,-0.13569,0.00203,0.30100
The Odyssey,0.21118,0.02063,-0.13572,0.00233,0.30100
The Odyssey,0.21200,0.02082,-0.13662,0.00235,0.30100
The Odyssey,0.21282,0.02091,-0.13793,0.00229,0.30200
The Odyssey,0.21364,0.02059,-0.13833,0.00249,0.30100
The Odyssey,0.21446,0.02153,-0.13790,0.00265,0.30200
The Odyssey,0.21528,0.02039,-0.13718,0.00270,0.30200
The Odyssey,0.21611,0.01928,-0.13707,0.00276,0.30200
The Odyssey,0.21693,0.01936,-0.13688,0.00287,0.30300
The Odyssey,0.21775,0.01863,-0.13672,0.00287,0.30200
The Odyssey,0.21857,0.01897,-0.13742,0.00261,0.30200
The Odyssey,0.21939,0.02036,-0.13750,0.00277,0.30100
The Odyssey,0.22021,0.02038,-0.13848,0.00240,0.30100
The Odyssey,0.22104,0.02075,-0.13733,0.00252,0.30100
The Odyssey,0.22186,0.02047,-0.13722,0.00226,0.30000
The Odyssey,0.22268,0.02042,-0.13739,0.00272,0.30100
The Odyssey,0.22350,0.02011,-0.13794,0.00258,0.30000
The Odyssey,0.22432,0.02085,-0.13839,0.00223,0.30100
The Odyssey,0.22514,0.01979,-0.13881,0.00218,0.30200
The Odyssey,0.22597,0.02107,-0.13948,0.00229,0.30100
The Odyssey,0.22679,0.02169,-0.14059,0.00218,0.30000
The Odyssey,0.22761,0.02060,-0.14030,0.00156,0.30000
The Odyssey,0.22843,0.02103,-0.14069,0.00143,0.29900
The Odyssey,0.22925,0.02087,-0.14065,0.00153,0.29900
The Odyssey,0.23007,0.02146,-0.14066,0.00134,0.29900
The Odyssey,0.23090,0.01935,-0.14065,0.00119,0.29900
The Odyssey,0.23172,0.02066,-0.14020,0.00130,0.29700
The Odyssey,0.23254,0.02075,-0.14057,0.00172,0.29700
The Odyssey,0.23336,0.02163,-0.13981,0.00180,0.29600
The Odyssey,0.23418,0.02094,-0.13858,0.00202,0.29600
The Odyssey,0.23500,0.02160,-0.13838,0.00219,0.29600
The Odyssey,0.23583,0.02196,-0.13804,0.00223,0.29500
The Odyssey,0.23665,0.02234,-0.13785,0.00208,0.29500
The Odyssey,0.23747,0.02268,-0.13805,0.00208,0.29400
The Odyssey,0.23829,0.02321,-0.13946,0.00191,0.29400
The Odyssey,0.23911,0.02482,-0.13942,0.00200,0.29400
The Odyssey,0.23993,0.02502,-0.14018,0.00187,0.29400
The Odyssey,0.24076,0.02557,-0.14074,0.00176,0.29300
The Odyssey,0.24158,0.02651,-0.14032,0.00183,0.29200
The Odyssey,0.24240,0.02691,-0.14048,0.00204,0.29200
The Odyssey,0.24322,0.02810,-0.14024,0.00192,0.29300
The Odyssey,0.24404,0.02941,-0.13992,0.00196,0.29200
The Odyssey,0.24486,0.02952,-0.13899,0.00197,0.29200
The Odyssey,0.24569,0.02991,-0.13895,0.00179,0.29100
The Odyssey,0.24651,0.03184,-0.13984,0.00182,0.29100
The Odyssey,0.24733,0.03224,-0.14134,0.00212,0.29200
The Odyssey,0.24815,0.03293,-0.14147,0.00248,0.29200
The Odyssey,0.24897,0.03287,-0.14124,0.00251,0.29200
The Odyssey,0.24979,0.03220,-0.14159,0.00246,0.29100
The Odyssey,0.25062,0.03301,-0.14095,0.00287,0.29100
The Odyssey,0.25144,0.03372,-0.14112,0.00269,0.28900
The Odyssey,0.25226,0.03518,-0.14227,0.00262,0.29000
The Odyssey,0.25308,0.03590,-0.14125,0.00241,0.29000
The Odyssey,0.25390,0.03614,-0.14060,0.00269,0.29100
The Odyssey,0.25472,0.03569,-0.13935,0.00261,0.29000
The Odyssey,0.25555,0.03496,-0.13837,0.00255,0.28800
The Odyssey,0.25637,0.03521,-0.13779,0.00265,0.28800
The Odyssey,0.25719,0.03501,-0.13756,0.00252,0.28900
The Odyssey,0.25801,0.03537,-0.13669,0.00237,0.28900
The Odyssey,0.25883,0.03539,-0.13644,0.00218,0.28900
The Odyssey,0.25965,0.03606,-0.13676,0.00235,0.29000
The Odyssey,0.26048,0.03725,-0.13630,0.00232,0.29100
The Odyssey,0.26130,0.03663,-0.13623,0.00242,0.29100
The Odyssey,0.26212,0.03547,-0.13678,0.00216,0.29100
The Odyssey,0.26294,0.03661,-0.13714,0.00201,0.29100
The Odyssey,0.26376,0.03597,-0.13735,0.00185,0.29200
The Odyssey,0.26459,0.03617,-0.13771,0.00190,0.29200
The Odyssey,0.26541,0.03667,-0.13829,0.00184,0.29100
The Odyssey,0.26623,0.03526,-0.13797,0.00107,0.29000
The Odyssey,0.26705,0.03463,-0.13712,0.00081,0.28900
The Odyssey,0.26787,0.03484,-0.13636,0.00117,0.28800
The Odyssey,0.26869,0.03384,-0.13504,0.00115,0.28700
The Odyssey,0.26952,0.03368,-0.13532,0.00114,0.28800
The Odyssey,0.27034,0.03382,-0.13658,0.00087,0.28700
The Odyssey,0.27116,0.03535,-0.13624,0.00043,0.28700
The Odyssey,0.27198,0.03677,-0.13563,0.00007,0.28700
The Odyssey,0.27280,0.03767,-0.13548,-0.00001,0.28600
The Odyssey,0.27362,0.03739,-0.13590,0.00003,0.28600
The Odyssey,0.27445,0.03792,-0.13599,0.00036,0.28700
The Odyssey,0.27527,0.03945,-0.13604,0.00055,0.28500
The Odyssey,0.27609,0.04025,-0.13660,0.00019,0.28600
The Odyssey,0.27691,0.04011,-0.13564,-0.00011,0.28600
The Odyssey,0.27773,0.03889,-0.13522,-0.00025,0.28500
The Odyssey,0.27855,0.03844,-0.13311,0.00033,0.28400
The Odyssey,0.27938,0.03788,-0.13244,0.00032,0.28300
The Odyssey,0.28020,0.03709,-0.13322,0.00064,0.28400
The Odyssey,0.28102,0.03656,-0.13274,0.00064,0.28300
The Odyssey,0.28184,0.03700,-0.13282,0.00130,0.28400
The Odyssey,0.28266,0.03682,-0.13254,0.00122,0.28500
The Odyssey,0.28348,0.03595,-0.13334,0.00186,0.28500
The Odyssey,0.28431,0.03627,-0.13341,0.00185,0.28500
The Odyssey,0.28513,0.03467,-0.13345,0.00208,0.28400
The Odyssey,0.28595,0.03442,-0.13358,0.00214,0.28400
The Odyssey,0.28677,0.03307,-0.13287,0.00185,0.28400
The Odyssey,0.28759,0.03263,-0.13219,0.00193,0.28400
The Odyssey,0.28841,0.03233,-0.13197,0.00180,0.28400
The Odyssey,0.28924,0.03363,-0.13206,0.00203,0.28300
The Odyssey,0.29006,0.03366,-0.13197,0.00237,0.28400
The Odyssey,0.29088,0.03442,-0.13106,0.00172,0.28300
The Odyssey,0.29170,0.03424,-0.13019,0.00206,0.28300
The Odyssey,0.29252,0.03330,-0.12990,0.00200,0.28200
The Odyssey,0.29334,0.03209,-0.12965,0.00181,0.28200
The Odyssey,0.29417,0.03246,-0.12902,0.00162,0.28100
The Odyssey,0.29499,0.03318,-0.12724,0.00159,0.28100
The Odyssey,0.29581,0.03338,-0.12673,0.00145,0.28000
The Odyssey,0.29663,0.03233,-0.12520,0.00068,0.27900
The Odyssey,0.29745,0.03285,-0.12495,0.00057,0.27900
The Odyssey,0.29827,0.03394,-0.12579,0.00042,0.27900
The Odyssey,0.29910,0.03307,-0.12513,0.00040,0.27800
The Odyssey,0.29992,0.03325,-0.12498,0.00030,0.27900
The Odyssey,0.30074,0.03190,-0.12397,0.00067,0.27900
The Odyssey,0.30156,0.03084,-0.12405,0.00024,0.27900
The Odyssey,0.30238,0.03119,-0.12355,0.00085,0.27900
The Odyssey,0.30320,0.03105,-0.12537,0.00120,0.28000
The Odyssey,0.30403,0.03128,-0.12539,0.00156,0.28000
The Odyssey,0.30485,0.03090,-0.12477,0.00119,0.28000
The Odyssey,0.30567,0.03082,-0.12478,0.00142,0.28100
The Odyssey,0.30649,0.02948,-0.12329,0.00181,0.28000
The Odyssey,0.30731,0.02933,-0.12173,0.00189,0.27900
The Odyssey,0.30813,0.02863,-0.11929,0.00143,0.27900
The Odyssey,0.30896,0.02883,-0.11837,0.00144,0.27900
The Odyssey,0.30978,0.02781,-0.11792,0.00127,0.27900
The Odyssey,0.31060,0.02616,-0.11723,0.00131,0.28000
The Odyssey,0.31142,0.02590,-0.11595,0.00113,0.28000
The Odyssey,0.31224,0.02435,-0.11480,0.00105,0.28000
The Odyssey,0.31306,0.02506,-0.11435,0.00078,0.27900
The Odyssey,0.31389,0.02392,-0.11342,0.00065,0.27900
The Odyssey,0.31471,0.02325,-0.11254,0.00015,0.27900
The Odyssey,0.31553,0.02310,-0.11213,0.00003,0.28000
The Odyssey,0.31635,0.02476,-0.11276,-0.00019,0.28000
The Odyssey,0.31717,0.02500,-0.11284,-0.00049,0.28100
The Odyssey,0.31800,0.02498,-0.11282,-0.00043,0.28300
The Odyssey,0.31882,0.02482,-0.11307,-0.00035,0.28400
The Odyssey,0.31964,0.02400,-0.11284,-0.00019,0.28400
The Odyssey,0.32046,0.02359,-0.11239,0.00040,0.28300
The Odyssey,0.32128,0.02388,-0.11328,0.00051,0.28300
The Odyssey,0.32210,0.02364,-0.11279,0.00045,0.28300
The Odyssey,0.32293,0.02252,-0.11216,0.00086,0.28300
The Odyssey,0.32375,0.02186,-0.11263,0.00076,0.28300
The Odyssey,0.32457,0.02111,-0.11212,0.00093,0.28300
The Odyssey,0.32539,0.02050,-0.11243,0.00092,0.28200
The Odyssey,0.32621,0.01977,-0.11239,0.00131,0.28200
The Odyssey,0.32703,0.01939,-0.11423,0.00122,0.28200
The Odyssey,0.32786,0.01918,-0.11490,0.00130,0.28200
The Odyssey,0.32868,0.01678,-0.11447,0.00081,0.28100
The Odyssey,0.32950,0.01702,-0.11472,0.00067,0.28100
The Odyssey,0.33032,0.01659,-0.11477,0.00023,0.28000
The Odyssey,0.33114,0.01687,-0.11453,0.00028,0.28000
The Odyssey,0.33196,0.01777,-0.11438,0.00069,0.28000
The Odyssey,0.33279,0.01739,-0.11534,0.00045,0.28100
The Odyssey,0.33361,0.01678,-0.11576,0.00009,0.28100
The Odyssey,0.33443,0.01581,-0.11462,0.00033,0.28200
The Odyssey,0.33525,0.01593,-0.11561,0.00064,0.28100
The Odyssey,0.33607,0.01550,-0.11713,0.00071,0.28100
The Odyssey,0.33689,0.01533,-0.11696,0.00065,0.28200
The Odyssey,0.33772,0.01519,-0.11635,0.00025,0.28200
The Odyssey,0.33854,0.01484,-0.11598,0.00046,0.28200
The Odyssey,0.33936,0.01440,-0.11469,0.00066,0.28100
The Odyssey,0.34018,0.01280,-0.11382,0.00125,0.28000
The Odyssey,0.34100,0.01178,-0.11319,0.00132,0.27900
The Odyssey,0.34182,0.01062,-0.11197,0.00080,0.27800
The Odyssey,0.34265,0.00956,-0.11173,0.00066,0.27800
The Odyssey,0.34347,0.00979,-0.11139,0.00046,0.27800
The Odyssey,0.34429,0.01155,-0.11028,0.00049,0.27900
The Odyssey,0.34511,0.01156,-0.10964,0.00030,0.27900
The Odyssey,0.34593,0.01199,-0.10990,0.00058,0.27900
The Odyssey,0.34675,0.01121,-0.10963,-0.00008,0.27900
The Odyssey,0.34758,0.01008,-0.10797,0.00027,0.27900
The Odyssey,0.34840,0.01018,-0.10887,0.00024,0.28100
The Odyssey,0.34922,0.01087,-0.11007,0.00012,0.28200
The Odyssey,0.35004,0.01029,-0.11157,-0.00002,0.28300
The Odyssey,0.35086,0.00996,-0.11179,0.00004,0.28300
The Odyssey,0.35168,0.00919,-0.11117,0.00031,0.28200
The Odyssey,0.35251,0.00902,-0.11040,0.00069,0.28300
The Odyssey,0.35333,0.00865,-0.11023,0.00092,0.28100
The Odyssey,0.35415,0.00783,-0.11081,0.00142,0.28100
The Odyssey,0.35497,0.00690,-0.11147,0.00160,0.28200
The Odyssey,0.35579,0.00601,-0.11019,0.00130,0.28100
The Odyssey,0.35661,0.00508,-0.10914,0.00129,0.28100
The Odyssey,0.35744,0.00336,-0.10871,0.00110,0.28100
The Odyssey,0.35826,0.00230,-0.10829,0.00144,0.28100
The Odyssey,0.35908,0.00228,-0.10968,0.00114,0.28100
The Odyssey,0.35990,0.00262,-0.11028,0.00116,0.28100
The Odyssey,0.36072,0.00331,-0.11130,0.00144,0.28100
The Odyssey,0.36154,0.00387,-0.11142,0.00155,0.28100
The Odyssey,0.36237,0.00412,-0.11070,0.00136,0.28100
The Odyssey,0.36319,0.00388,-0.11083,0.00119,0.28300
The Odyssey,0.36401,0.00259,-0.10980,0.00092,0.28300
The Odyssey,0.36483,0.00237,-0.11104,0.00095,0.28300
The Odyssey,0.36565,0.00277,-0.11022,0.00088,0.28100
The Odyssey,0.36647,0.00275,-0.10937,0.00071,0.28000
The Odyssey,0.36730,0.00289,-0.10857,0.00065,0.28000
The Odyssey,0.36812,0.00250,-0.10811,0.00009,0.28100
The Odyssey,0.36894,0.00218,-0.10794,-0.00004,0.28100
The Odyssey,0.36976,0.00108,-0.10767,-0.00004,0.28100
The Odyssey,0.37058,0.00058,-0.10602,0.00047,0.28100
The Odyssey,0.37141,-0.00104,-0.10481,0.00008,0.28100
The Odyssey,0.37223,-0.00273,-0.10352,-0.00023,0.28100
The Odyssey,0.37305,-0.00256,-0.10328,-0.00042,0.28200
The Odyssey,0.37387,-0.00359,-0.10346,-0.00058,0.28300
The Odyssey,0.37469,-0.00362,-0.10377,-0.00045,0.28400
The Odyssey,0.37551,-0.00324,-0.10257,-0.00044,0.28500
The Odyssey,0.37634,-0.00382,-0.10176,-0.00004,0.28500
The Odyssey,0.37716,-0.00360,-0.10239,-0.00015,0.28600
The Odyssey,0.37798,-0.00344,-0.10241,-0.00017,0.28800
The Odyssey,0.37880,-0.00258,-0.10461,0.00012,0.28900
The Odyssey,0.37962,-0.00217,-0.10444,0.00013,0.28800
The Odyssey,0.38044,-0.00183,-0.10483,0.00018,0.28900
The Odyssey,0.38127,-0.00160,-0.10525,-0.00006,0.28900
The Odyssey,0.38209,-0.00051,-0.10565,-0.00019,0.28900
The Odyssey,0.38291,-0.00017,-0.10679,-0.00059,0.28900
The Odyssey,0.38373,0.00021,-0.10639,-0.00026,0.28900
The Odyssey,0.38455,0.00003,-0.10528,-0.00084,0.28900
The Odyssey,0.38537,-0.00028,-0.10410,-0.00105,0.28800
The Odyssey,0.38620,0.00014,-0.10377,-0.00115,0.28800
The Odyssey,0.38702,0.00140,-0.10457,-0.00090,0.28900
The Odyssey,0.38784,0.00184,-0.10510,-0.00092,0.28800
The Odyssey,0.38866,0.00342,-0.10622,-0.00098,0.28700
The Odyssey,0.38948,0.00508,-0.10568,-0.00120,0.28800
The Odyssey,0.39030,0.00574,-0.10744,-0.00083,0.28800
The Odyssey,0.39113,0.00648,-0.10711,-0.00079,0.28800
The Odyssey,0.39195,0.00727,-0.10703,-0.00026,0.28800
The Odyssey,0.39277,0.00778,-0.10725,0.00044,0.28700
The Odyssey,0.39359,0.00923,-0.10842,0.00057,0.28700
The Odyssey,0.39441,0.01124,-0.10941,0.00066,0.28700
The Odyssey,0.39523,0.01247,-0.11020,0.00064,0.28800
The Odyssey,0.39606,0.01347,-0.11086,0.00057,0.28800
The Odyssey,0.39688,0.01427,-0.11144,0.00044,0.28800
The Odyssey,0.39770,0.01377,-0.11089,0.00092,0.28800
The Odyssey,0.39852,0.01379,-0.11035,0.00094,0.28700
The Odyssey,0.39934,0.01345,-0.10908,0.00092,0.28600
The Odyssey,0.40016,0.01242,-0.10693,0.00087,0.28500
The Odyssey,0.40099,0.01285,-0.10680,0.00104,0.28500
The Odyssey,0.40181,0.01465,-0.10776,0.00139,0.28600
The Odyssey,0.40263,0.01552,-0.10802,0.00128,0.28500
The Odyssey,0.40345,0.01496,-0.10721,0.00108,0.28600
The Odyssey,0.40427,0.01570,-0.10744,0.00102,0.28600
The Odyssey,0.40509,0.01640,-0.10824,0.00042,0.28600
The Odyssey,0.40592,0.01697,-0.10818,0.00019,0.28600
The Odyssey,0.40674,0.01764,-0.10793,-0.00014,0.28500
The Odyssey,0.40756,0.01765,-0.10784,-0.00043,0.28500
The Odyssey,0.40838,0.01784,-0.10660,-0.00055,0.28600
The Odyssey,0.40920,0.01801,-0.10551,-0.00040,0.28400
The Odyssey,0.41002,0.01837,-0.10468,-0.00056,0.28400
The Odyssey,0.41085,0.01849,-0.10378,-0.00052,0.28400
The Odyssey,0.41167,0.01800,-0.10299,-0.00073,0.28400
The Odyssey,0.41249,0.01734,-0.10233,-0.00053,0.28400
The Odyssey,0.41331,0.01641,-0.10245,-0.00070,0.28500
The Odyssey,0.41413,0.01621,-0.10166,-0.00054,0.28500
The Odyssey,0.41495,0.01767,-0.10119,-0.00069,0.28500
The Odyssey,0.41578,0.01760,-0.10042,-0.00095,0.28400
The Odyssey,0.41660,0.01737,-0.09961,-0.00094,0.28300
The Odyssey,0.41742,0.01681,-0.10040,-0.00100,0.28300
The Odyssey,0.41824,0.01553,-0.09932,-0.00154,0.28200
The Odyssey,0.41906,0.01541,-0.10047,-0.00126,0.28300
The Odyssey,0.41988,0.01577,-0.10126,-0.00135,0.28300
The Odyssey,0.42071,0.01543,-0.10154,-0.00146,0.28400
The Odyssey,0.42153,0.01534,-0.10249,-0.00150,0.28500
The Odyssey,0.42235,0.01579,-0.10301,-0.00224,0.28600
The Odyssey,0.42317,0.01495,-0.10311,-0.00250,0.28600
The Odyssey,0.42399,0.01529,-0.10346,-0.00214,0.28700
The Odyssey,0.42482,0.01472,-0.10248,-0.00223,0.28800
The Odyssey,0.42564,0.01384,-0.10265,-0.00250,0.28700
The Odyssey,0.42646,0.01321,-0.10084,-0.00260,0.28700
The Odyssey,0.42728,0.01198,-0.10078,-0.00266,0.28600
The Odyssey,0.42810,0.01211,-0.10124,-0.00276,0.28600
The Odyssey,0.42892,0.01206,-0.10001,-0.00225,0.28600
The Odyssey,0.42975,0.01253,-0.10109,-0.00281,0.28700
The Odyssey,0.43057,0.01210,-0.10045,-0.00262,0.28600
The Odyssey,0.43139,0.01085,-0.10087,-0.00240,0.28600
The Odyssey,0.43221,0.01064,-0.10051,-0.00252,0.28500
The Odyssey,0.43303,0.01154,-0.10066,-0.00261,0.28400
The Odyssey,0.43385,0.01218,-0.09988,-0.00239,0.28400
The Odyssey,0.43468,0.01266,-0.09944,-0.00300,0.28400
The Odyssey,0.43550,0.01280,-0.09934,-0.00335,0.28500
The Odyssey,0.43632,0.01267,-0.09827,-0.00367,0.28500
The Odyssey,0.43714,0.01115,-0.09687,-0.00351,0.28600
The Odyssey,0.43796,0.01018,-0.09637,-0.00338,0.28500
The Odyssey,0.43878,0.00992,-0.09627,-0.00333,0.28500
The Odyssey,0.43961,0.01069,-0.09526,-0.00315,0.28600
The Odyssey,0.44043,0.01053,-0.09513,-0.00302,0.28600
The Odyssey,0.44125,0.01092,-0.09426,-0.00262,0.28700
The Odyssey,0.44207,0.01063,-0.09358,-0.00225,0.28700
The Odyssey,0.44289,0.01098,-0.09424,-0.00254,0.28800
The Odyssey,0.44371,0.01036,-0.09411,-0.00219,0.28800
The Odyssey,0.44454,0.00989,-0.09375,-0.00240,0.28700
The Odyssey,0.44536,0.01068,-0.09299,-0.00232,0.28600
The Odyssey,0.44618,0.01098,-0.09383,-0.00235,0.28600
The Odyssey,0.44700,0.01005,-0.09327,-0.00210,0.28600
The Odyssey,0.44782,0.01118,-0.09307,-0.00238,0.28700
The Odyssey,0.44864,0.01123,-0.09283,-0.00230,0.28800
The Odyssey,0.44947,0.01091,-0.09301,-0.00209,0.28700
The Odyssey,0.45029,0.01071,-0.09334,-0.00193,0.28700
The Odyssey,0.45111,0.01067,-0.09255,-0.00184,0.28700
The Odyssey,0.45193,0.01120,-0.09223,-0.00194,0.28700
The Odyssey,0.45275,0.01070,-0.09379,-0.00252,0.28700
The Odyssey,0.45357,0.01150,-0.09398,-0.00223,0.28700
The Odyssey,0.45440,0.01279,-0.09506,-0.00189,0.28600
The Odyssey,0.45522,0.01278,-0.09550,-0.00187,0.28600
The Odyssey,0.45604,0.01452,-0.09649,-0.00190,0.28700
The Odyssey,0.45686,0.01594,-0.09696,-0.00163,0.28600
The Odyssey,0.45768,0.01676,-0.09840,-0.00145,0.28600
The Odyssey,0.45850,0.01763,-0.10076,-0.00103,0.28700
The Odyssey,0.45933,0.01760,-0.10146,-0.00088,0.28700
The Odyssey,0.46015,0.01689,-0.10222,-0.00073,0.28600
The Odyssey,0.46097,0.01679,-0.10159,-0.00079,0.28500
The Odyssey,0.46179,0.01664,-0.10222,-0.00066,0.28500
The Odyssey,0.46261,0.01588,-0.10186,-0.00081,0.28500
The Odyssey,0.46343,0.01474,-0.10192,-0.00058,0.28500
The Odyssey,0.46426,0.01302,-0.10125,-0.00052,0.28400
The Odyssey,0.46508,0.01382,-0.10092,-0.00009,0.28400
The Odyssey,0.46590,0.01432,-0.10125,-0.00002,0.28400
The Odyssey,0.46672,0.01481,-0.10162,0.00012,0.28400
The Odyssey,0.46754,0.01465,-0.10149,-0.00007,0.28400
The Odyssey,0.46836,0.01430,-0.10163,0.00001,0.28400
The Odyssey,0.46919,0.01308,-0.10088,-0.00033,0.28400
The Odyssey,0.47001,0.01314,-0.10101,-0.00082,0.28400
The Odyssey,0.47083,0.01230,-0.10089,-0.00092,0.28500
The Odyssey,0.47165,0.01151,-0.10268,-0.00075,0.28500
The Odyssey,0.47247,0.01054,-0.10262,-0.00073,0.28500
The Odyssey,0.47329,0.01019,-0.10362,-0.00112,0.28500
The Odyssey,0.47412,0.01058,-0.10438,-0.00133,0.28500
The Odyssey,0.47494,0.01145,-0.10420,-0.00172,0.28500
The Odyssey,0.47576,0.01043,-0.10320,-0.00206,0.28400
The Odyssey,0.47658,0.00867,-0.10238,-0.00199,0.28300
The Odyssey,0.47740,0.00785,-0.10141,-0.00184,0.28300
The Odyssey,0.47823,0.00757,-0.10133,-0.00179,0.28300
The Odyssey,0.47905,0.00776,-0.10127,-0.00156,0.28400
The Odyssey,0.47987,0.00794,-0.10245,-0.00160,0.28400
The Odyssey,0.48069,0.00735,-0.10273,-0.00174,0.28400
The Odyssey,0.48151,0.00675,-0.10386,-0.00124,0.28500
The Odyssey,0.48233,0.00722,-0.10592,-0.00154,0.28500
The Odyssey,0.48316,0.00767,-0.10626,-0.00154,0.28500
The Odyssey,0.48398,0.00590,-0.10575,-0.00242,0.28400
The Odyssey,0.48480,0.00566,-0.10616,-0.00269,0.28500
The Odyssey,0.48562,0.00645,-0.10617,-0.00294,0.28600
The Odyssey,0.48644,0.00589,-0.10631,-0.00289,0.28600
The Odyssey,0.48726,0.00581,-0.10670,-0.00245,0.28600
The Odyssey,0.48809,0.00673,-0.10666,-0.00250,0.28600
The Odyssey,0.48891,0.00509,-0.10705,-0.00202,0.28700
The Odyssey,0.48973,0.00488,-0.10791,-0.00196,0.28800
The Odyssey,0.49055,0.00410,-0.10895,-0.00197,0.28700
The Odyssey,0.49137,0.00391,-0.10910,-0.00199,0.28800
The Odyssey,0.49219,0.00292,-0.10908,-0.00203,0.28800
The Odyssey,0.49302,0.00266,-0.10942,-0.00195,0.28900
The Odyssey,0.49384,0.00292,-0.11006,-0.00164,0.28900
The Odyssey,0.49466,0.00446,-0.11130,-0.00161,0.29000
The Odyssey,0.49548,0.00566,-0.11107,-0.00169,0.29000
The Odyssey,0.49630,0.00491,-0.11136,-0.00187,0.29000
The Odyssey,0.49712,0.00367,-0.11130,-0.00202,0.29000
The Odyssey,0.49795,0.00502,-0.11193,-0.00172,0.29000
The Odyssey,0.49877,0.00599,-0.11310,-0.00182,0.29000
The Odyssey,0.49959,0.00691,-0.11226,-0.00211,0.29000
The Odyssey,0.50041,0.00835,-0.11301,-0.00186,0.29100
The Odyssey,0.50123,0.00830,-0.11246,-0.00177,0.29100
The Odyssey,0.50205,0.00869,-0.11288,-0.00150,0.29100
The Odyssey,0.50288,0.00926,-0.11232,-0.00178,0.29200
The Odyssey,0.50370,0.01015,-0.11208,-0.00195,0.29100
The Odyssey,0.50452,0.01011,-0.11182,-0.00196,0.29100
The Odyssey,0.50534,0.01120,-0.11193,-0.00203,0.29100
The Odyssey,0.50616,0.01241,-0.11234,-0.00186,0.29100
The Odyssey,0.50698,0.01385,-0.11320,-0.00165,0.29000
The Odyssey,0.50781,0.01617,-0.11222,-0.00131,0.29000
The Odyssey,0.50863,0.01594,-0.11319,-0.00144,0.28900
The Odyssey,0.50945,0.01628,-0.11382,-0.00117,0.28900
The Odyssey,0.51027,0.01569,-0.11322,-0.00146,0.28900
The Odyssey,0.51109,0.01585,-0.11323,-0.00168,0.28800
The Odyssey,0.51191,0.01579,-0.11307,-0.00129,0.28800
The Odyssey,0.51274,0.01660,-0.11201,-0.00171,0.28700
The Odyssey,0.51356,0.01679,-0.11151,-0.00154,0.28700
The Odyssey,0.51438,0.01695,-0.11098,-0.00136,0.28800
The Odyssey,0.51520,0.01643,-0.10994,-0.00150,0.28800
The Odyssey,0.51602,0.01719,-0.11113,-0.00205,0.28800
The Odyssey,0.51684,0.01714,-0.11177,-0.00185,0.28800
The Odyssey,0.51767,0.01652,-0.11198,-0.00128,0.28800
The Odyssey,0.51849,0.01609,-0.11213,-0.00110,0.28700
The Odyssey,0.51931,0.01812,-0.11256,-0.00145,0.28800
The Odyssey,0.52013,0.01950,-0.11308,-0.00148,0.28700
The Odyssey,0.52095,0.01962,-0.11346,-0.00160,0.28800
The Odyssey,0.52177,0.02007,-0.11498,-0.00181,0.28800
The Odyssey,0.52260,0.02094,-0.11537,-0.00207,0.28800
The Odyssey,0.52342,0.02010,-0.11530,-0.00210,0.28600
The Odyssey,0.52424,0.01972,-0.11491,-0.00244,0.28700
The Odyssey,0.52506,0.01876,-0.11484,-0.00227,0.28600
The Odyssey,0.52588,0.02050,-0.11568,-0.00265,0.28500
The Odyssey,0.52671,0.02093,-0.11527,-0.00261,0.28500
The Odyssey,0.52753,0.02062,-0.11646,-0.00253,0.28400
The Odyssey,0.52835,0.02172,-0.11694,-0.00240,0.28500
The Odyssey,0.52917,0.02099,-0.11666,-0.00297,0.28500
The Odyssey,0.52999,0.01944,-0.11665,-0.00291,0.28400
The Odyssey,0.53081,0.01917,-0.11766,-0.00284,0.28400
The Odyssey,0.53164,0.02046,-0.11830,-0.00287,0.28600
The Odyssey,0.53246,0.02027,-0.11850,-0.00297,0.28600
The Odyssey,0.53328,0.02108,-0.11971,-0.00341,0.28600
The Odyssey,0.53410,0.02104,-0.12055,-0.00345,0.28600
The Odyssey,0.53492,0.02351,-0.12111,-0.00311,0.28600
The Odyssey,0.53574,0.02383,-0.12124,-0.00340,0.28600
The Odyssey,0.53657,0.02495,-0.12151,-0.00381,0.28700
The Odyssey,0.53739,0.02435,-0.12109,-0.00392,0.28700
The Odyssey,0.53821,0.02381,-0.12069,-0.00369,0.28600
The Odyssey,0.53903,0.02335,-0.12082,-0.00363,0.28800
The Odyssey,0.53985,0.02332,-0.12101,-0.00400,0.28800
The Odyssey,0.54067,0.02271,-0.11939,-0.00466,0.28700
The Odyssey,0.54150,0.02174,-0.11928,-0.00473,0.28500
The Odyssey,0.54232,0.02346,-0.11955,-0.00463,0.28400
The Odyssey,0.54314,0.02418,-0.12040,-0.00413,0.28400
The Odyssey,0.54396,0.02391,-0.12069,-0.00407,0.28400
The Odyssey,0.54478,0.02450,-0.12099,-0.00372,0.28400
The Odyssey,0.54560,0.02700,-0.12167,-0.00379,0.28400
The Odyssey,0.54643,0.02819,-0.12206,-0.00378,0.28400
The Odyssey,0.54725,0.02799,-0.12209,-0.00378,0.28400
The Odyssey,0.54807,0.02788,-0.12267,-0.00409,0.28300
The Odyssey,0.54889,0.02816,-0.12339,-0.00429,0.28300
The Odyssey,0.54971,0.02843,-0.12364,-0.00435,0.28400
The Odyssey,0.55053,0.02877,-0.12393,-0.00450,0.28400
The Odyssey,0.55136,0.02979,-0.12336,-0.00445,0.28300
The Odyssey,0.55218,0.03038,-0.12327,-0.00427,0.28300
The Odyssey,0.55300,0.03104,-0.12405,-0.00423,0.28200
The Odyssey,0.55382,0.03101,-0.12378,-0.00470,0.28100
The Odyssey,0.55464,0.03163,-0.12358,-0.00460,0.28100
The Odyssey,0.55546,0.03082,-0.12245,-0.00436,0.28100
The Odyssey,0.55629,0.03102,-0.12115,-0.00401,0.28100
The Odyssey,0.55711,0.03026,-0.12163,-0.00395,0.28200
The Odyssey,0.55793,0.03079,-0.12281,-0.00327,0.28300
The Odyssey,0.55875,0.03127,-0.12320,-0.00328,0.28400
The Odyssey,0.55957,0.03121,-0.12454,-0.00320,0.28400
The Odyssey,0.56039,0.03020,-0.12416,-0.00324,0.28400
The Odyssey,0.56122,0.02897,-0.12332,-0.00340,0.28400
The Odyssey,0.56204,0.02912,-0.12381,-0.00328,0.28300
The Odyssey,0.56286,0.03012,-0.12447,-0.00291,0.28400
The Odyssey,0.56368,0.03062,-0.12503,-0.00333,0.28400
The Odyssey,0.56450,0.02957,-0.12605,-0.00274,0.28500
The Odyssey,0.56532,0.02859,-0.12638,-0.00270,0.28500
The Odyssey,0.56615,0.02928,-0.12657,-0.00243,0.28400
The Odyssey,0.56697,0.02923,-0.12691,-0.00216,0.28300
The Odyssey,0.56779,0.02905,-0.12716,-0.00238,0.28300
The Odyssey,0.56861,0.02897,-0.12634,-0.00227,0.28300
The Odyssey,0.56943,0.02990,-0.12647,-0.00227,0.28400
The Odyssey,0.57025,0.02944,-0.12724,-0.00199,0.28400
The Odyssey,0.57108,0.03044,-0.12741,-0.00200,0.28300
The Odyssey,0.57190,0.03006,-0.12656,-0.00176,0.28300
The Odyssey,0.57272,0.03035,-0.12704,-0.00181,0.28400
The Odyssey,0.57354,0.03105,-0.12811,-0.00119,0.28500
The Odyssey,0.57436,0.03193,-0.12937,-0.00143,0.28500
The Odyssey,0.57518,0.03316,-0.12984,-0.00151,0.28500
The Odyssey,0.57601,0.03396,-0.12927,-0.00169,0.28400
The Odyssey,0.57683,0.03389,-0.12979,-0.00156,0.28400
The Odyssey,0.57765,0.03388,-0.13009,-0.00112,0.28300
The Odyssey,0.57847,0.03450,-0.13092,-0.00122,0.28200
The Odyssey,0.57929,0.03444,-0.13192,-0.00096,0.28200
The Odyssey,0.58012,0.03308,-0.13252,-0.00104,0.28200
The Odyssey,0.58094,0.03269,-0.13268,-0.00119,0.28300
The Odyssey,0.58176,0.03085,-0.13288,-0.00090,0.28300
The Odyssey,0.58258,0.03097,-0.13299,-0.00094,0.28200
The Odyssey,0.58340,0.03203,-0.13366,-0.00099,0.28200
The Odyssey,0.58422,0.03215,-0.13372,-0.00111,0.28300
The Odyssey,0.58505,0.03203,-0.13409,-0.00136,0.28200
The Odyssey,0.58587,0.03181,-0.13394,-0.00123,0.28200
The Odyssey,0.58669,0.03167,-0.13378,-0.00090,0.28200
The Odyssey,0.58751,0.03172,-0.13390,-0.00080,0.28100
The Odyssey,0.58833,0.03042,-0.13349,-0.00118,0.28100
The Odyssey,0.58915,0.02833,-0.13247,-0.00112,0.28200
The Odyssey,0.58998,0.02685,-0.13355,-0.00135,0.28200
The Odyssey,0.59080,0.02624,-0.13409,-0.00145,0.28100
The Odyssey,0.59162,0.02636,-0.13395,-0.00175,0.28200
The Odyssey,0.59244,0.02628,-0.13384,-0.00169,0.28300
The Odyssey,0.59326,0.02661,-0.13455,-0.00158,0.28300
The Odyssey,0.59408,0.02619,-0.13492,-0.00206,0.28400
The Odyssey,0.59491,0.02623,-0.13606,-0.00152,0.28500
The Odyssey,0.59573,0.02706,-0.13631,-0.00192,0.28500
The Odyssey,0.59655,0.02729,-0.13694,-0.00217,0.28600
The Odyssey,0.59737,0.02748,-0.13844,-0.00223,0.28600
The Odyssey,0.59819,0.02602,-0.13840,-0.00200,0.28700
The Odyssey,0.59901,0.02549,-0.13829,-0.00209,0.28800
The Odyssey,0.59984,0.02633,-0.13869,-0.00228,0.28900
The Odyssey,0.60066,0.02668,-0.13854,-0.00216,0.28900
The Odyssey,0.60148,0.02556,-0.13859,-0.00247,0.28800
The Odyssey,0.60230,0.02572,-0.13832,-0.00254,0.28900
The Odyssey,0.60312,0.02602,-0.13863,-0.00268,0.28900
The Odyssey,0.60394,0.02499,-0.13791,-0.00266,0.28800
The Odyssey,0.60477,0.02521,-0.13794,-0.00265,0.28800
The Odyssey,0.60559,0.02546,-0.13815,-0.00263,0.28800
The Odyssey,0.60641,0.02583,-0.13867,-0.00258,0.28900
The Odyssey,0.60723,0.02690,-0.13756,-0.00301,0.29000
The Odyssey,0.60805,0.02628,-0.13739,-0.00303,0.29100
The Odyssey,0.60887,0.02733,-0.13789,-0.00296,0.29100
The Odyssey,0.60970,0.02806,-0.13739,-0.00325,0.29100
The Odyssey,0.61052,0.02756,-0.13626,-0.00369,0.29000
The Odyssey,0.61134,0.02917,-0.13553,-0.00331,0.29000
The Odyssey,0.61216,0.03000,-0.13608,-0.00309,0.29100
The Odyssey,0.61298,0.03007,-0.13566,-0.00307,0.29000
The Odyssey,0.61380,0.02951,-0.13565,-0.00323,0.28900
The Odyssey,0.61463,0.03001,-0.13560,-0.00345,0.28900
The Odyssey,0.61545,0.03009,-0.13640,-0.00312,0.28800
The Odyssey,0.61627,0.03003,-0.13563,-0.00277,0.28900
The Odyssey,0.61709,0.02841,-0.13479,-0.00303,0.29000
The Odyssey,0.61791,0.02696,-0.13421,-0.00282,0.29000
The Odyssey,0.61873,0.02563,-0.13430,-0.00276,0.28900
The Odyssey,0.61956,0.02639,-0.13409,-0.00272,0.28900
The Odyssey,0.62038,0.02669,-0.13411,-0.00294,0.28800
The Odyssey,0.62120,0.02707,-0.13431,-0.00335,0.28700
The Odyssey,0.62202,0.02608,-0.13389,-0.00335,0.28600
The Odyssey,0.62284,0.02496,-0.13442,-0.00333,0.28600
The Odyssey,0.62366,0.02547,-0.13453,-0.00365,0.28600
The Odyssey,0.62449,0.02478,-0.13294,-0.00358,0.28600
The Odyssey,0.62531,0.02471,-0.13216,-0.00416,0.28500
The Odyssey,0.62613,0.02534,-0.13177,-0.00436,0.28500
The Odyssey,0.62695,0.02558,-0.13177,-0.00451,0.28500
The Odyssey,0.62777,0.02421,-0.13142,-0.00456,0.28500
The Odyssey,0.62859,0.02314,-0.13161,-0.00423,0.28600
The Odyssey,0.62942,0.02298,-0.13120,-0.00458,0.28600
The Odyssey,0.63024,0.02246,-0.13082,-0.00445,0.28700
The Odyssey,0.63106,0.02069,-0.13041,-0.00451,0.28700
The Odyssey,0.63188,0.01961,-0.12965,-0.00427,0.28600
The Odyssey,0.63270,0.01957,-0.12942,-0.00382,0.28700
The Odyssey,0.63353,0.01922,-0.12930,-0.00391,0.28700
The Odyssey,0.63435,0.01814,-0.12883,-0.00403,0.28800
The Odyssey,0.63517,0.01725,-0.12768,-0.00413,0.29000
The Odyssey,0.63599,0.01696,-0.12794,-0.00370,0.29000
The Odyssey,0.63681,0.01677,-0.12821,-0.00357,0.29000
The Odyssey,0.63763,0.01673,-0.12810,-0.00387,0.29100
The Odyssey,0.63846,0.01618,-0.12812,-0.00390,0.29100
The Odyssey,0.63928,0.01508,-0.12716,-0.00439,0.29100
The Odyssey,0.64010,0.01433,-0.12639,-0.00470,0.29000
The Odyssey,0.64092,0.01401,-0.12538,-0.00479,0.28900
The Odyssey,0.64174,0.01221,-0.12385,-0.00496,0.28900
The Odyssey,0.64256,0.01209,-0.12394,-0.00483,0.28800
The Odyssey,0.64339,0.01266,-0.12463,-0.00436,0.28800
The Odyssey,0.64421,0.01253,-0.12454,-0.00461,0.28800
The Odyssey,0.64503,0.01126,-0.12363,-0.00470,0.28800
The Odyssey,0.64585,0.01147,-0.12295,-0.00445,0.28800
The Odyssey,0.64667,0.01254,-0.12188,-0.00447,0.28700
The Odyssey,0.64749,0.01239,-0.12171,-0.00441,0.28700
The Odyssey,0.64832,0.01266,-0.12172,-0.00492,0.28700
The Odyssey,0.64914,0.01295,-0.12132,-0.00503,0.28600
The Odyssey,0.64996,0.01233,-0.12056,-0.00412,0.28600
The Odyssey,0.65078,0.01317,-0.12117,-0.00418,0.28600
The Odyssey,0.65160,0.01238,-0.12058,-0.00453,0.28500
The Odyssey,0.65242,0.01215,-0.11846,-0.00453,0.28600
The Odyssey,0.65325,0.01184,-0.11759,-0.00483,0.28600
The Odyssey,0.65407,0.01177,-0.11617,-0.00466,0.28700
The Odyssey,0.65489,0.01038,-0.11458,-0.00464,0.28700
The Odyssey,0.65571,0.00987,-0.11415,-0.00519,0.28600
The Odyssey,0.65653,0.00997,-0.11374,-0.00481,0.28500
The Odyssey,0.65735,0.01010,-0.11387,-0.00431,0.28400
The Odyssey,0.65818,0.00934,-0.11386,-0.00404,0.28500
The Odyssey,0.65900,0.00902,-0.11339,-0.00411,0.28500
The Odyssey,0.65982,0.00958,-0.11346,-0.00429,0.28600
The Odyssey,0.66064,0.00895,-0.11302,-0.00452,0.28700
The Odyssey,0.66146,0.00863,-0.11279,-0.00486,0.28700
The Odyssey,0.66228,0.00951,-0.11209,-0.00503,0.28600
The Odyssey,0.66311,0.00913,-0.11134,-0.00475,0.28600
The Odyssey,0.66393,0.01037,-0.11053,-0.00459,0.28700
The Odyssey,0.66475,0.01009,-0.10986,-0.00435,0.28800
The Odyssey,0.66557,0.00920,-0.10929,-0.00431,0.28900
The Odyssey,0.66639,0.00860,-0.10850,-0.00461,0.28800
The Odyssey,0.66721,0.00853,-0.10829,-0.00406,0.28800
The Odyssey,0.66804,0.00787,-0.10812,-0.00434,0.28900
The Odyssey,0.66886,0.00846,-0.10874,-0.00445,0.28800
The Odyssey,0.66968,0.00794,-0.10718,-0.00429,0.28800
The Odyssey,0.67050,0.00742,-0.10656,-0.00425,0.28800
The Odyssey,0.67132,0.00859,-0.10571,-0.00460,0.28800
The Odyssey,0.67214,0.00835,-0.10489,-0.00464,0.28700
The Odyssey,0.67297,0.00800,-0.10444,-0.00441,0.28800
The Odyssey,0.67379,0.00822,-0.10505,-0.00451,0.28800
The Odyssey,0.67461,0.00994,-0.10598,-0.00464,0.28800
The Odyssey,0.67543,0.01033,-0.10653,-0.00486,0.28900
The Odyssey,0.67625,0.01021,-0.10605,-0.00436,0.28800
The Odyssey,0.67707,0.01062,-0.10565,-0.00412,0.28800
The Odyssey,0.67790,0.01084,-0.10587,-0.00393,0.28800
The Odyssey,0.67872,0.01067,-0.10572,-0.00402,0.28700
The Odyssey,0.67954,0.01045,-0.10489,-0.00367,0.28600
The Odyssey,0.68036,0.01041,-0.10423,-0.00397,0.28500
The Odyssey,0.68118,0.01069,-0.10440,-0.00397,0.28400
The Odyssey,0.68200,0.01094,-0.10409,-0.00423,0.28400
The Odyssey,0.68283,0.01142,-0.10507,-0.00446,0.28400
The Odyssey,0.68365,0.01247,-0.10593,-0.00401,0.28400
The Odyssey,0.68447,0.01281,-0.10690,-0.00394,0.28400
The Odyssey,0.68529,0.01335,-0.10678,-0.00353,0.28500
The Odyssey,0.68611,0.01532,-0.10763,-0.00334,0.28500
The Odyssey,0.68694,0.01591,-0.10806,-0.00283,0.28500
The Odyssey,0.68776,0.01727,-0.10898,-0.00285,0.28600
The Odyssey,0.68858,0.01721,-0.10944,-0.00260,0.28400
The Odyssey,0.68940,0.01633,-0.11041,-0.00196,0.28400
The Odyssey,0.69022,0.01511,-0.10920,-0.00130,0.28400
The Odyssey,0.69104,0.01378,-0.10869,-0.00162,0.28400
The Odyssey,0.69187,0.01302,-0.10906,-0.00163,0.28400
The Odyssey,0.69269,0.01301,-0.10989,-0.00127,0.28500
The Odyssey,0.69351,0.01282,-0.11101,-0.00099,0.28600
The Odyssey,0.69433,0.01229,-0.10950,-0.00126,0.28700
The Odyssey,0.69515,0.01160,-0.10796,-0.00135,0.28700
The Odyssey,0.69597,0.01210,-0.10643,-0.00088,0.28700
The Odyssey,0.69680,0.01141,-0.10619,-0.00019,0.28800
The Odyssey,0.69762,0.01105,-0.10569,-0.00005,0.28800
The Odyssey,0.69844,0.01074,-0.10524,-0.00033,0.28800
The Odyssey,0.69926,0.01030,-0.10508,0.00012,0.28800
The Odyssey,0.70008,0.01161,-0.10634,0.00022,0.28800
The Odyssey,0.70090,0.01243,-0.10639,0.00049,0.28900
The Odyssey,0.70173,0.01194,-0.10644,0.00023,0.28800
The Odyssey,0.70255,0.01126,-0.10613,0.00024,0.28800
The Odyssey,0.70337,0.01048,-0.10576,0.00034,0.28900
The Odyssey,0.70419,0.01116,-0.10561,0.00040,0.28900
The Odyssey,0.70501,0.01198,-0.10561,0.00032,0.28800
The Odyssey,0.70583,0.01127,-0.10477,0.00028,0.28900
The Odyssey,0.70666,0.01207,-0.10656,-0.00005,0.29000
The Odyssey,0.70748,0.01185,-0.10689,-0.00007,0.29100
The Odyssey,0.70830,0.01246,-0.10648,0.00005,0.29100
The Odyssey,0.70912,0.01349,-0.10602,0.00009,0.29200
The Odyssey,0.70994,0.01332,-0.10564,0.00024,0.29200
The Odyssey,0.71076,0.01466,-0.10496,-0.00005,0.29200
The Odyssey,0.71159,0.01513,-0.10542,-0.00019,0.29200
The Odyssey,0.71241,0.01592,-0.10595,-0.00023,0.29100
The Odyssey,0.71323,0.01688,-0.10569,-0.00032,0.29000
The Odyssey,0.71405,0.01792,-0.10662,-0.00048,0.29000
The Odyssey,0.71487,0.01727,-0.10678,-0.00083,0.29000
The Odyssey,0.71569,0.01627,-0.10735,-0.00073,0.29000
The Odyssey,0.71652,0.01594,-0.10817,-0.00051,0.29000
The Odyssey,0.71734,0.01603,-0.10941,-0.00033,0.28800
The Odyssey,0.71816,0.01542,-0.10936,-0.00055,0.28900
The Odyssey,0.71898,0.01455,-0.10962,-0.00043,0.28700
The Odyssey,0.71980,0.01472,-0.10949,0.00026,0.28700
The Odyssey,0.72062,0.01541,-0.10996,0.00023,0.28800
The Odyssey,0.72145,0.01733,-0.11109,0.00037,0.28700
The Odyssey,0.72227,0.01844,-0.11208,0.00020,0.28800
The Odyssey,0.72309,0.01857,-0.11361,-0.00043,0.28900
The Odyssey,0.72391,0.02082,-0.11543,-0.00038,0.28900
The Odyssey,0.72473,0.02088,-0.11634,-0.00030,0.29000
The Odyssey,0.72555,0.02114,-0.11645,-0.00054,0.29100
The Odyssey,0.72638,0.02084,-0.11692,-0.00065,0.29200
The Odyssey,0.72720,0.02036,-0.11771,-0.00073,0.29300
The Odyssey,0.72802,0.01963,-0.11794,-0.00075,0.29200
The Odyssey,0.72884,0.01989,-0.11844,-0.00085,0.29200
The Odyssey,0.72966,0.02005,-0.11819,-0.00077,0.29200
The Odyssey,0.73048,0.01953,-0.11737,-0.00035,0.29300
The Odyssey,0.73131,0.01936,-0.11749,0.00018,0.29400
The Odyssey,0.73213,0.01977,-0.11825,0.00011,0.29400
The Odyssey,0.73295,0.01897,-0.11844,0.00014,0.29400
The Odyssey,0.73377,0.01857,-0.11804,0.00008,0.29400
The Odyssey,0.73459,0.01855,-0.11882,0.00015,0.29300
The Odyssey,0.73541,0.01892,-0.11850,0.00029,0.29200
The Odyssey,0.73624,0.01909,-0.12000,0.00017,0.29100
The Odyssey,0.73706,0.02078,-0.12214,0.00011,0.29100
The Odyssey,0.73788,0.02036,-0.12189,-0.00000,0.29100
The Odyssey,0.73870,0.01982,-0.12198,-0.00011,0.29200
The Odyssey,0.73952,0.01856,-0.12154,-0.00065,0.29200
The Odyssey,0.74035,0.01777,-0.12100,-0.00046,0.29200
The Odyssey,0.74117,0.01786,-0.12053,-0.00059,0.29200
The Odyssey,0.74199,0.01748,-0.12121,-0.00047,0.29100
The Odyssey,0.74281,0.01734,-0.12114,-0.00024,0.29100
The Odyssey,0.74363,0.01742,-0.12093,-0.00016,0.29100
The Odyssey,0.74445,0.01670,-0.12101,-0.00001,0.29200
The Odyssey,0.74528,0.01673,-0.12133,-0.00032,0.29300
The Odyssey,0.74610,0.01710,-0.12185,-0.00069,0.29400
The Odyssey,0.74692,0.01662,-0.12274,-0.00099,0.29400
The Odyssey,0.74774,0.01610,-0.12244,-0.00110,0.29200
The Odyssey,0.74856,0.01587,-0.12071,-0.00090,0.29100
The Odyssey,0.74938,0.01549,-0.12077,-0.00146,0.29200
The Odyssey,0.75021,0.01648,-0.12060,-0.00138,0.29200
The Odyssey,0.75103,0.01630,-0.11945,-0.00135,0.29100
The Odyssey,0.75185,0.01600,-0.12002,-0.00119,0.29200
The Odyssey,0.75267,0.01682,-0.11992,-0.00077,0.29200
The Odyssey,0.75349,0.01792,-0.12133,-0.00024,0.29300
The Odyssey,0.75431,0.01687,-0.12206,-0.00014,0.29400
The Odyssey,0.75514,0.01741,-0.12276,-0.00004,0.29300
The Odyssey,0.75596,0.01702,-0.12288,0.00005,0.29300
The Odyssey,0.75678,0.01615,-0.12293,0.00018,0.29300
The Odyssey,0.75760,0.01534,-0.12298,0.00055,0.29200
The Odyssey,0.75842,0.01568,-0.12349,0.00058,0.29300
The Odyssey,0.75924,0.01359,-0.12346,0.00057,0.29200
The Odyssey,0.76007,0.01250,-0.12346,0.00029,0.29200
The Odyssey,0.76089,0.01272,-0.12369,0.00046,0.29100
The Odyssey,0.76171,0.01208,-0.12338,0.00030,0.29100
The Odyssey,0.76253,0.01223,-0.12374,0.00056,0.29000
The Odyssey,0.76335,0.01170,-0.12364,0.00042,0.29000
The Odyssey,0.76417,0.01116,-0.12346,0.00062,0.28900
The Odyssey,0.76500,0.01163,-0.12375,0.00086,0.29000
The Odyssey,0.76582,0.01126,-0.12323,0.00032,0.29000
The Odyssey,0.76664,0.01032,-0.12228,0.00036,0.29000
The Odyssey,0.76746,0.00958,-0.12212,0.00055,0.28900
The Odyssey,0.76828,0.00771,-0.12205,0.00039,0.28900
The Odyssey,0.76910,0.00672,-0.12155,-0.00018,0.28900
The Odyssey,0.76993,0.00585,-0.12072,-0.00025,0.28800
The Odyssey,0.77075,0.00633,-0.12072,-0.00036,0.28800
The Odyssey,0.77157,0.00673,-0.11996,-0.00061,0.28700
The Odyssey,0.77239,0.00770,-0.11994,-0.00100,0.28700
The Odyssey,0.77321,0.00744,-0.12054,-0.00079,0.28800
The Odyssey,0.77403,0.00880,-0.12114,-0.00085,0.28800
The Odyssey,0.77486,0.00932,-0.12008,-0.00080,0.28800
The Odyssey,0.77568,0.00869,-0.11919,-0.00116,0.28700
The Odyssey,0.77650,0.00808,-0.12024,-0.00108,0.28700
The Odyssey,0.77732,0.00935,-0.12105,-0.00101,0.28700
The Odyssey,0.77814,0.01019,-0.12253,-0.00130,0.28700
The Odyssey,0.77896,0.01155,-0.12226,-0.00192,0.28600
The Odyssey,0.77979,0.01137,-0.12199,-0.00238,0.28600
The Odyssey,0.78061,0.01194,-0.12199,-0.00212,0.28600
The Odyssey,0.78143,0.01249,-0.12186,-0.00251,0.28500
The Odyssey,0.78225,0.01194,-0.12175,-0.00284,0.28400
The Odyssey,0.78307,0.01063,-0.12072,-0.00302,0.28300
The Odyssey,0.78389,0.01045,-0.12083,-0.00308,0.28300
The Odyssey,0.78472,0.01161,-0.12099,-0.00299,0.28400
The Odyssey,0.78554,0.01162,-0.12020,-0.00289,0.28400
The Odyssey,0.78636,0.01157,-0.12036,-0.00305,0.28400
The Odyssey,0.78718,0.01355,-0.12081,-0.00284,0.28400
The Odyssey,0.78800,0.01392,-0.12060,-0.00283,0.28500
The Odyssey,0.78882,0.01263,-0.11916,-0.00304,0.28400
The Odyssey,0.78965,0.01232,-0.11874,-0.00298,0.28400
The Odyssey,0.79047,0.01141,-0.11875,-0.00305,0.28400
The Odyssey,0.79129,0.00957,-0.11869,-0.00302,0.28300
The Odyssey,0.79211,0.00953,-0.11884,-0.00263,0.28300
The Odyssey,0.79293,0.00885,-0.11857,-0.00272,0.28400
The Odyssey,0.79376,0.00854,-0.11774,-0.00235,0.28300
The Odyssey,0.79458,0.00791,-0.11761,-0.00257,0.28300
The Odyssey,0.79540,0.00797,-0.11806,-0.00251,0.28400
The Odyssey,0.79622,0.00829,-0.11850,-0.00277,0.28400
The Odyssey,0.79704,0.00791,-0.11787,-0.00276,0.28400
The Odyssey,0.79786,0.00838,-0.11752,-0.00286,0.28400
The Odyssey,0.79869,0.00859,-0.11645,-0.00299,0.28400
The Odyssey,0.79951,0.00812,-0.11628,-0.00316,0.28400
The Odyssey,0.80033,0.00882,-0.11638,-0.00284,0.28500
The Odyssey,0.80115,0.00987,-0.11633,-0.00295,0.28500
The Odyssey,0.80197,0.00981,-0.11657,-0.00289,0.28600
The Odyssey,0.80279,0.00921,-0.11592,-0.00288,0.28500
The Odyssey,0.80362,0.00857,-0.11506,-0.00277,0.28500
The Odyssey,0.80444,0.00850,-0.11426,-0.00240,0.28600
The Odyssey,0.80526,0.00893,-0.11337,-0.00233,0.28500
The Odyssey,0.80608,0.00851,-0.11289,-0.00221,0.28500
The Odyssey,0.80690,0.00844,-0.11236,-0.00253,0.28500
The Odyssey,0.80772,0.00817,-0.11259,-0.00270,0.28300
The Odyssey,0.80855,0.00813,-0.11140,-0.00294,0.28300
The Odyssey,0.80937,0.00827,-0.11054,-0.00278,0.28100
The Odyssey,0.81019,0.00816,-0.11030,-0.00330,0.28000
The Odyssey,0.81101,0.00699,-0.11026,-0.00343,0.28100
The Odyssey,0.81183,0.00729,-0.10945,-0.00339,0.28000
The Odyssey,0.81265,0.00646,-0.10969,-0.00322,0.27900
The Odyssey,0.81348,0.00687,-0.10878,-0.00367,0.27800
The Odyssey,0.81430,0.00639,-0.10809,-0.00413,0.27800
The Odyssey,0.81512,0.00542,-0.10640,-0.00437,0.27900
The Odyssey,0.81594,0.00552,-0.10582,-0.00414,0.28000
The Odyssey,0.81676,0.00573,-0.10590,-0.00410,0.28000
The Odyssey,0.81758,0.00620,-0.10680,-0.00443,0.28000
The Odyssey,0.81841,0.00711,-0.10708,-0.00477,0.28100
The Odyssey,0.81923,0.00790,-0.10593,-0.00480,0.28200
The Odyssey,0.82005,0.00784,-0.10469,-0.00508,0.28200
The Odyssey,0.82087,0.00807,-0.10322,-0.00530,0.28200
The Odyssey,0.82169,0.00845,-0.10325,-0.00544,0.28200
The Odyssey,0.82251,0.00867,-0.10330,-0.00632,0.28200
The Odyssey,0.82334,0.00699,-0.10284,-0.00706,0.28200
The Odyssey,0.82416,0.00681,-0.10224,-0.00772,0.28300
The Odyssey,0.82498,0.00758,-0.10234,-0.00785,0.28200
The Odyssey,0.82580,0.00773,-0.10183,-0.00766,0.28200
The Odyssey,0.82662,0.00765,-0.10101,-0.00739,0.28100
The Odyssey,0.82744,0.00733,-0.10119,-0.00738,0.28000
The Odyssey,0.82827,0.00608,-0.10086,-0.00747,0.27800
The Odyssey,0.82909,0.00664,-0.09917,-0.00743,0.27800
The Odyssey,0.82991,0.00815,-0.09915,-0.00787,0.27900
The Odyssey,0.83073,0.00917,-0.10121,-0.00770,0.27900
The Odyssey,0.83155,0.00971,-0.10210,-0.00759,0.27800
The Odyssey,0.83237,0.00931,-0.10171,-0.00744,0.27700
The Odyssey,0.83320,0.00889,-0.10216,-0.00755,0.27700
The Odyssey,0.83402,0.00908,-0.10220,-0.00802,0.27600
The Odyssey,0.83484,0.00851,-0.10285,-0.00859,0.27500
The Odyssey,0.83566,0.00763,-0.10288,-0.00915,0.27500
The Odyssey,0.83648,0.00897,-0.10112,-0.00916,0.27400
The Odyssey,0.83730,0.00901,-0.10056,-0.00946,0.27400
The Odyssey,0.83813,0.00875,-0.09909,-0.00923,0.27400
The Odyssey,0.83895,0.00845,-0.09814,-0.00924,0.27400
The Odyssey,0.83977,0.00901,-0.09827,-0.00936,0.27400
The Odyssey,0.84059,0.00941,-0.09771,-0.00963,0.27300
The Odyssey,0.84141,0.01031,-0.09703,-0.01012,0.27300
The Odyssey,0.84224,0.01113,-0.09595,-0.00981,0.27400
The Odyssey,0.84306,0.01078,-0.09550,-0.00971,0.27400
The Odyssey,0.84388,0.01135,-0.09498,-0.00979,0.27500
The Odyssey,0.84470,0.01147,-0.09336,-0.00995,0.27700
The Odyssey,0.84552,0.01229,-0.09379,-0.00978,0.27700
The Odyssey,0.84634,0.01174,-0.09405,-0.00983,0.27800
The Odyssey,0.84717,0.01088,-0.09265,-0.01009,0.27800
The Odyssey,0.84799,0.00960,-0.09252,-0.00991,0.27600
The Odyssey,0.84881,0.00903,-0.09233,-0.01004,0.27600
The Odyssey,0.84963,0.00851,-0.09166,-0.01050,0.27700
The Odyssey,0.85045,0.00880,-0.09134,-0.01061,0.27600
The Odyssey,0.85127,0.00874,-0.09155,-0.01005,0.27700
The Odyssey,0.85210,0.00830,-0.09225,-0.00990,0.27800
The Odyssey,0.85292,0.00780,-0.09125,-0.00972,0.27900
The Odyssey,0.85374,0.00773,-0.09124,-0.00997,0.27900
The Odyssey,0.85456,0.00708,-0.09182,-0.01021,0.27800
The Odyssey,0.85538,0.00903,-0.09146,-0.00993,0.27800
The Odyssey,0.85620,0.00831,-0.09042,-0.01010,0.27800
The Odyssey,0.85703,0.00799,-0.09083,-0.01046,0.27700
The Odyssey,0.85785,0.00869,-0.09186,-0.01036,0.27700
The Odyssey,0.85867,0.00850,-0.09145,-0.01063,0.27700
The Odyssey,0.85949,0.00756,-0.09190,-0.01091,0.27700
The Odyssey,0.86031,0.00625,-0.09185,-0.01118,0.27700
The Odyssey,0.86113,0.00557,-0.09205,-0.01093,0.27800
The Odyssey,0.86196,0.00694,-0.09268,-0.01097,0.27900
The Odyssey,0.86278,0.00717,-0.09365,-0.01098,0.28000
The Odyssey,0.86360,0.00804,-0.09445,-0.01070,0.28000
The Odyssey,0.86442,0.00811,-0.09469,-0.01048,0.28100
The Odyssey,0.86524,0.00927,-0.09554,-0.01050,0.28200
The Odyssey,0.86606,0.00986,-0.09587,-0.01005,0.28200
The Odyssey,0.86689,0.00975,-0.09606,-0.01018,0.28200
The Odyssey,0.86771,0.00940,-0.09733,-0.01017,0.28200
The Odyssey,0.86853,0.00887,-0.09691,-0.00992,0.28300
The Odyssey,0.86935,0.00741,-0.09524,-0.01030,0.28300
The Odyssey,0.87017,0.00814,-0.09593,-0.00976,0.28200
The Odyssey,0.87099,0.00773,-0.09588,-0.00961,0.28300
The Odyssey,0.87182,0.00706,-0.09570,-0.00928,0.28300
The Odyssey,0.87264,0.00746,-0.09660,-0.00919,0.28300
The Odyssey,0.87346,0.00765,-0.09688,-0.00898,0.28300
The Odyssey,0.87428,0.00805,-0.09740,-0.00943,0.28300
The Odyssey,0.87510,0.00697,-0.09793,-0.00907,0.28200
The Odyssey,0.87592,0.00627,-0.09787,-0.00880,0.28200
The Odyssey,0.87675,0.00718,-0.09694,-0.00865,0.28200
The Odyssey,0.87757,0.00765,-0.09649,-0.00869,0.28100
The Odyssey,0.87839,0.00716,-0.09524,-0.00809,0.28100
The Odyssey,0.87921,0.00837,-0.09624,-0.00805,0.28000
The Odyssey,0.88003,0.00868,-0.09698,-0.00781,0.28100
The Odyssey,0.88085,0.00918,-0.09748,-0.00792,0.28100
The Odyssey,0.88168,0.00972,-0.09716,-0.00806,0.28000
The Odyssey,0.88250,0.00909,-0.09619,-0.00842,0.27900
The Odyssey,0.88332,0.00828,-0.09545,-0.00823,0.27800
The Odyssey,0.88414,0.00913,-0.09516,-0.00853,0.27800
The Odyssey,0.88496,0.00921,-0.09558,-0.00869,0.27800
The Odyssey,0.88578,0.00960,-0.09592,-0.00834,0.27800
The Odyssey,0.88661,0.00810,-0.09524,-0.00831,0.27700
The Odyssey,0.88743,0.00759,-0.09544,-0.00758,0.27600
The Odyssey,0.88825,0.00772,-0.09515,-0.00776,0.27600
The Odyssey,0.88907,0.00877,-0.09368,-0.00767,0.27500
The Odyssey,0.88989,0.00921,-0.09346,-0.00751,0.27500
The Odyssey,0.89071,0.01068,-0.09388,-0.00733,0.27400
The Odyssey,0.89154,0.01133,-0.09406,-0.00746,0.27600
The Odyssey,0.89236,0.01226,-0.09408,-0.00714,0.27700
The Odyssey,0.89318,0.01316,-0.09357,-0.00715,0.27600
The Odyssey,0.89400,0.01252,-0.09363,-0.00761,0.27500
The Odyssey,0.89482,0.01323,-0.09392,-0.00779,0.27500
The Odyssey,0.89565,0.01208,-0.09331,-0.00808,0.27500
The Odyssey,0.89647,0.01242,-0.09340,-0.00789,0.27500
The Odyssey,0.89729,0.01379,-0.09454,-0.00782,0.27500
The Odyssey,0.89811,0.01386,-0.09594,-0.00773,0.27500
The Odyssey,0.89893,0.01328,-0.09703,-0.00806,0.27500
The Odyssey,0.89975,0.01187,-0.09720,-0.00755,0.27600
The Odyssey,0.90058,0.01101,-0.09800,-0.00739,0.27600
The Odyssey,0.90140,0.00971,-0.09910,-0.00724,0.27600
The Odyssey,0.90222,0.01040,-0.10091,-0.00723,0.27500
The Odyssey,0.90304,0.01043,-0.10278,-0.00680,0.27600
The Odyssey,0.90386,0.01170,-0.10336,-0.00650,0.27600
The Odyssey,0.90468,0.01269,-0.10364,-0.00604,0.27600
The Odyssey,0.90551,0.01387,-0.10452,-0.00557,0.27600
The Odyssey,0.90633,0.01300,-0.10472,-0.00517,0.27500
The Odyssey,0.90715,0.01320,-0.10453,-0.00555,0.27400
The Odyssey,0.90797,0.01388,-0.10536,-0.00594,0.27400
The Odyssey,0.90879,0.01407,-0.10653,-0.00606,0.27500
The Odyssey,0.90961,0.01530,-0.10588,-0.00585,0.27500
The Odyssey,0.91044,0.01595,-0.10658,-0.00543,0.27500
The Odyssey,0.91126,0.01667,-0.10811,-0.00552,0.27400
The Odyssey,0.91208,0.01628,-0.10873,-0.00504,0.27300
The Odyssey,0.91290,0.01596,-0.10928,-0.00509,0.27500
The Odyssey,0.91372,0.01530,-0.10867,-0.00474,0.27400
The Odyssey,0.91454,0.01519,-0.10871,-0.00468,0.27500
The Odyssey,0.91537,0.01567,-0.10823,-0.00455,0.27500
The Odyssey,0.91619,0.01667,-0.10902,-0.00449,0.27500
The Odyssey,0.91701,0.01688,-0.10837,-0.00428,0.27500
The Odyssey,0.91783,0.01659,-0.10804,-0.00408,0.27600
The Odyssey,0.91865,0.01796,-0.10914,-0.00419,0.27600
The Odyssey,0.91947,0.01888,-0.10971,-0.00419,0.27700
The Odyssey,0.92030,0.01842,-0.11036,-0.00429,0.27600
The Odyssey,0.92112,0.01967,-0.11049,-0.00469,0.27700
The Odyssey,0.92194,0.02002,-0.11090,-0.00462,0.27600
The Odyssey,0.92276,0.01882,-0.11016,-0.00490,0.27800
The Odyssey,0.92358,0.01927,-0.10964,-0.00461,0.27800
The Odyssey,0.92440,0.01813,-0.11053,-0.00486,0.27800
The Odyssey,0.92523,0.01780,-0.11086,-0.00515,0.27700
The Odyssey,0.92605,0.01745,-0.11204,-0.00528,0.27600
The Odyssey,0.92687,0.01753,-0.11328,-0.00552,0.27500
The Odyssey,0.92769,0.01669,-0.11229,-0.00565,0.27500
The Odyssey,0.92851,0.01753,-0.11285,-0.00608,0.27500
The Odyssey,0.92933,0.01784,-0.11384,-0.00616,0.27500
The Odyssey,0.93016,0.01896,-0.11365,-0.00613,0.27500
The Odyssey,0.93098,0.01974,-0.11397,-0.00622,0.27400
The Odyssey,0.93180,0.02069,-0.11497,-0.00610,0.27300
The Odyssey,0.93262,0.02082,-0.11506,-0.00625,0.27400
The Odyssey,0.93344,0.01974,-0.11541,-0.00660,0.27300
The Odyssey,0.93426,0.01993,-0.11463,-0.00683,0.27200
The Odyssey,0.93509,0.02056,-0.11535,-0.00702,0.27100
The Odyssey,0.93591,0.02062,-0.11528,-0.00677,0.27200
The Odyssey,0.93673,0.02066,-0.11551,-0.00678,0.27200
The Odyssey,0.93755,0.01979,-0.11596,-0.00703,0.27200
The Odyssey,0.93837,0.01957,-0.11633,-0.00663,0.27100
The Odyssey,0.93919,0.01932,-0.11762,-0.00650,0.27100
The Odyssey,0.94002,0.01896,-0.11781,-0.00654,0.27000
The Odyssey,0.94084,0.02044,-0.11836,-0.00626,0.26900
The Odyssey,0.94166,0.02098,-0.11799,-0.00605,0.26800
The Odyssey,0.94248,0.02136,-0.11803,-0.00595,0.26800
The Odyssey,0.94330,0.02180,-0.11863,-0.00620,0.26700
The Odyssey,0.94412,0.02114,-0.11770,-0.00609,0.26700
The Odyssey,0.94495,0.02099,-0.11789,-0.00666,0.26700
The Odyssey,0.94577,0.02098,-0.11789,-0.00688,0.26700
The Odyssey,0.94659,0.02081,-0.11757,-0.00659,0.26600
The Odyssey,0.94741,0.01982,-0.11767,-0.00694,0.26600
The Odyssey,0.94823,0.01942,-0.11831,-0.00720,0.26500
The Odyssey,0.94906,0.01841,-0.11829,-0.00725,0.26500
The Odyssey,0.94988,0.01935,-0.11818,-0.00765,0.26500
The Odyssey,0.95070,0.01971,-0.11907,-0.00803,0.26400
The Odyssey,0.95152,0.02055,-0.12040,-0.00819,0.26400
The Odyssey,0.95234,0.01969,-0.12038,-0.00847,0.26400
The Odyssey,0.95316,0.02068,-0.12154,-0.00850,0.26300
The Odyssey,0.95399,0.02141,-0.12237,-0.00885,0.26100
The Odyssey,0.95481,0.02164,-0.12224,-0.00866,0.26200
The Odyssey,0.95563,0.02126,-0.12224,-0.00916,0.26100
The Odyssey,0.95645,0.02034,-0.12169,-0.00895,0.26100
The Odyssey,0.95727,0.02094,-0.12201,-0.00935,0.26100
The Odyssey,0.95809,0.02084,-0.12259,-0.00987,0.26200
The Odyssey,0.95892,0.01951,-0.12383,-0.00981,0.26300
The Odyssey,0.95974,0.01864,-0.12406,-0.00991,0.26300
The Odyssey,0.96056,0.01911,-0.12472,-0.01015,0.26400
The Odyssey,0.96138,0.01868,-0.12437,-0.01005,0.26400
The Odyssey,0.96220,0.01896,-0.12461,-0.01028,0.26400
The Odyssey,0.96302,0.02018,-0.12547,-0.00994,0.26400
The Odyssey,0.96385,0.02023,-0.12577,-0.01004,0.26500
The Odyssey,0.96467,0.02125,-0.12681,-0.01009,0.26500
The Odyssey,0.96549,0.02163,-0.12804,-0.01039,0.26600
The Odyssey,0.96631,0.02134,-0.12855,-0.01065,0.26500
The Odyssey,0.96713,0.02119,-0.12877,-0.01061,0.26500
The Odyssey,0.96795,0.02019,-0.12888,-0.01130,0.26400
The Odyssey,0.96878,0.02035,-0.12965,-0.01169,0.26300
The Odyssey,0.96960,0.02006,-0.13023,-0.01215,0.26400
The Odyssey,0.97042,0.01940,-0.12990,-0.01206,0.26400
The Odyssey,0.97124,0.01764,-0.13104,-0.01223,0.26500
The Odyssey,0.97206,0.01798,-0.13128,-0.01235,0.26600
The Odyssey,0.97288,0.01705,-0.13205,-0.01233,0.26600
The Odyssey,0.97371,0.01656,-0.13260,-0.01248,0.26600
The Odyssey,0.97453,0.01580,-0.13239,-0.01276,0.26500
The Odyssey,0.97535,0.01507,-0.13212,-0.01284,0.26700
The Odyssey,0.97617,0.01519,-0.13253,-0.01268,0.26700
The Odyssey,0.97699,0.01399,-0.13266,-0.01259,0.26800
The Odyssey,0.97781,0.01430,-0.13430,-0.01247,0.26900
The Odyssey,0.97864,0.01369,-0.13525,-0.01270,0.26800
The Odyssey,0.97946,0.01223,-0.13587,-0.01225,0.26800
The Odyssey,0.98028,0.01251,-0.13587,-0.01249,0.26800
The Odyssey,0.98110,0.01332,-0.13597,-0.01231,0.26800
The Odyssey,0.98192,0.01500,-0.13672,-0.01252,0.26700
The Odyssey,0.98274,0.01570,-0.13628,-0.01240,0.26600
The Odyssey,0.98357,0.01525,-0.13599,-0.01257,0.26600
The Odyssey,0.98439,0.01483,-0.13611,-0.01260,0.26700
The Odyssey,0.98521,0.01427,-0.13570,-0.01294,0.26500
The Odyssey,0.98603,0.01320,-0.13596,-0.01312,0.26500
The Odyssey,0.98685,0.01251,-0.13598,-0.01303,0.26500
The Odyssey,0.98767,0.01198,-0.13555,-0.01294,0.26500
The Odyssey,0.98850,0.01266,-0.13526,-0.01273,0.26500
The Odyssey,0.98932,0.01260,-0.13613,-0.01270,0.26600
The Odyssey,0.99014,0.01103,-0.13532,-0.01277,0.26800
The Odyssey,0.99096,0.01112,-0.13415,-0.01296,0.26800
The Odyssey,0.99178,0.01106,-0.13443,-0.01318,0.26800
The Odyssey,0.99260,0.01015,-0.13370,-0.01362,0.26800
The Odyssey,0.99343,0.00899,-0.13391,-0.01367,0.26900
The Odyssey,0.99425,0.00863,-0.13373,-0.01416,0.26900
The Odyssey,0.99507,0.00837,-0.13357,-0.01471,0.26800
The Odyssey,0.99589,0.00881,-0.13379,-0.01492,0.26800
The Odyssey,0.99671,0.00842,-0.13458,-0.01512,0.26800
The Odyssey,0.99753,0.00756,-0.13528,-0.01505,0.26900
The Odyssey,0.99836,0.00658,-0.13460,-0.01494,0.26900
The Odyssey,0.99918,0.00623,-0.13625,-0.01522,0.26900
The Odyssey,1.00000,0.00634,-0.13662,-0.01522,0.26900
Anna Karenina,0.01451,0.02338,-0.12510,0.00372,0.28800
Anna Karenina,0.01480,0.02386,-0.12467,0.00313,0.28800
Anna Karenina,0.01509,0.02382,-0.12373,0.00264,0.28800
Anna Karenina,0.01538,0.02558,-0.12350,0.00233,0.28800
Anna Karenina,0.01567,0.02664,-0.12253,0.00190,0.29000
Anna Karenina,0.01596,0.02694,-0.12189,0.00126,0.28900
Anna Karenina,0.01625,0.02728,-0.12137,0.00089,0.29000
Anna Karenina,0.01654,0.02743,-0.12300,-0.00007,0.29100
Anna Karenina,0.01683,0.02882,-0.12414,-0.00014,0.29200
Anna Karenina,0.01712,0.02993,-0.12605,-0.00102,0.29100
Anna Karenina,0.01741,0.02992,-0.12670,-0.00130,0.29000
Anna Karenina,0.01770,0.02996,-0.12703,-0.00173,0.29000
Anna Karenina,0.01799,0.03018,-0.12683,-0.00174,0.28900
Anna Karenina,0.01828,0.02999,-0.12745,-0.00174,0.29000
Anna Karenina,0.01857,0.03073,-0.12642,-0.00153,0.29000
Anna Karenina,0.01886,0.03215,-0.12623,-0.00164,0.28900
Anna Karenina,0.01915,0.03227,-0.12638,-0.00147,0.28900
Anna Karenina,0.01944,0.03233,-0.12644,-0.00138,0.28900
Anna Karenina,0.01973,0.03193,-0.12599,-0.00141,0.28800
Anna Karenina,0.02002,0.03211,-0.12534,-0.00140,0.28800
Anna Karenina,0.02031,0.03210,-0.12513,-0.00110,0.28800
Anna Karenina,0.02060,0.03267,-0.12552,-0.00054,0.28700
Anna Karenina,0.02089,0.03248,-0.12542,-0.00044,0.28700
Anna Karenina,0.02118,0.03229,-0.12510,-0.00061,0.28600
Anna Karenina,0.02147,0.03351,-0.12612,-0.00045,0.28600
Anna Karenina,0.02176,0.03305,-0.12687,0.00020,0.28600
Anna Karenina,0.02205,0.03364,-0.12656,0.00118,0.28700
Anna Karenina,0.02234,0.03287,-0.12693,0.00121,0.28700
Anna Karenina,0.02263,0.03262,-0.12769,0.00181,0.28700
Anna Karenina,0.02292,0.03245,-0.12950,0.00192,0.28600
Anna Karenina,0.02321,0.03219,-0.12915,0.00184,0.28600
Anna Karenina,0.02350,0.03206,-0.12882,0.00211,0.28600
Anna Karenina,0.02379,0.03193,-0.12915,0.00133,0.28600
Anna Karenina,0.02408,0.03262,-0.12846,0.00073,0.28500
Anna Karenina,0.02437,0.03232,-0.12814,0.00077,0.28500
Anna Karenina,0.02466,0.03317,-0.12717,0.00102,0.28500
Anna Karenina,0.02495,0.03464,-0.12805,0.00131,0.28500
Anna Karenina,0.02524,0.03639,-0.12849,0.00225,0.28400
Anna Karenina,0.02553,0.03585,-0.12907,0.00266,0.28400
Anna Karenina,0.02582,0.03741,-0.12957,0.00268,0.28300
Anna Karenina,0.02611,0.03778,-0.12994,0.00277,0.28300
Anna Karenina,0.02640,0.03848,-0.13148,0.00281,0.28300
Anna Karenina,0.02669,0.03972,-0.13142,0.00329,0.28400
Anna Karenina,0.02698,0.03887,-0.13171,0.00293,0.28300
Anna Karenina,0.02727,0.03994,-0.13312,0.00231,0.28300
Anna Karenina,0.02756,0.04168,-0.13428,0.00293,0.28300
Anna Karenina,0.02785,0.04195,-0.13464,0.00287,0.28200
Anna Karenina,0.02814,0.04230,-0.13572,0.00285,0.28100
Anna Karenina,0.02843,0.04119,-0.13566,0.00251,0.28100
Anna Karenina,0.02872,0.04100,-0.13633,0.00298,0.28100
Anna Karenina,0.02901,0.04050,-0.13749,0.00332,0.28100
Anna Karenina,0.02930,0.04101,-0.13727,0.00323,0.28100
Anna Karenina,0.02959,0.04153,-0.13815,0.00322,0.28200
Anna Karenina,0.02988,0.04204,-0.13712,0.00310,0.28100
Anna Karenina,0.03017,0.04259,-0.13652,0.00300,0.28100
Anna Karenina,0.03046,0.04444,-0.13660,0.00308,0.28100
Anna Karenina,0.03075,0.04472,-0.13728,0.00311,0.28100
Anna Karenina,0.03104,0.04467,-0.13696,0.00290,0.28100
Anna Karenina,0.03133,0.04551,-0.13697,0.00351,0.27900
Anna Karenina,0.03162,0.04500,-0.13688,0.00396,0.28000
Anna Karenina,0.03191,0.04510,-0.13752,0.00389,0.28000
Anna Karenina,0.03220,0.04493,-0.13745,0.00419,0.27900
Anna Karenina,0.03249,0.04371,-0.13706,0.00381,0.27900
Anna Karenina,0.03278,0.04188,-0.13681,0.00410,0.28000
Anna Karenina,0.03307,0.04155,-0.13616,0.00443,0.28100
Anna Karenina,0.03336,0.04030,-0.13600,0.00487,0.28000
Anna Karenina,0.03365,0.04236,-0.13544,0.00527,0.27900
Anna Karenina,0.03394,0.04292,-0.13539,0.00549,0.27900
Anna Karenina,0.03423,0.04228,-0.13507,0.00565,0.28100
Anna Karenina,0.03452,0.04325,-0.13539,0.00568,0.28100
Anna Karenina,0.03481,0.04251,-0.13465,0.00565,0.28200
Anna Karenina,0.03510,0.04191,-0.13433,0.00600,0.28300
Anna Karenina,0.03539,0.04167,-0.13517,0.00548,0.28300
Anna Karenina,0.03568,0.04073,-0.13445,0.00487,0.28300
Anna Karenina,0.03597,0.04066,-0.13491,0.00449,0.28300
Anna Karenina,0.03626,0.04058,-0.13453,0.00453,0.28300
Anna Karenina,0.03655,0.04071,-0.13399,0.00521,0.28400
Anna Karenina,0.03684,0.04068,-0.13417,0.00513,0.28500
Anna Karenina,0.03713,0.04121,-0.13470,0.00557,0.28500
Anna Karenina,0.03742,0.04131,-0.13483,0.00587,0.28500
Anna Karenina,0.03771,0.04350,-0.13565,0.00519,0.28400
Anna Karenina,0.03800,0.04418,-0.13507,0.00516,0.28300
Anna Karenina,0.03829,0.04490,-0.13553,0.00530,0.28400
Anna Karenina,0.03858,0.04434,-0.13485,0.00558,0.28400
Anna Karenina,0.03887,0.04612,-0.13566,0.00556,0.28400
Anna Karenina,0.03916,0.04580,-0.13540,0.00557,0.28500
Anna Karenina,0.03945,0.04616,-0.13492,0.00564,0.28500
Anna Karenina,0.03974,0.04728,-0.13457,0.00566,0.28400
Anna Karenina,0.04003,0.04765,-0.13539,0.00544,0.28300
Anna Karenina,0.04032,0.04773,-0.13486,0.00562,0.28300
Anna Karenina,0.04062,0.04751,-0.13401,0.00624,0.28300
Anna Karenina,0.04091,0.04711,-0.13336,0.00613,0.28400
Anna Karenina,0.04120,0.04769,-0.13372,0.00592,0.28400
Anna Karenina,0.04149,0.04744,-0.13283,0.00630,0.28500
Anna Karenina,0.04178,0.04664,-0.13180,0.00629,0.28500
Anna Karenina,0.04207,0.04661,-0.13120,0.00646,0.28600
Anna Karenina,0.04236,0.04586,-0.13187,0.00703,0.28600
Anna Karenina,0.04265,0.04591,-0.13240,0.00734,0.28700
Anna Karenina,0.04294,0.04567,-0.13313,0.00747,0.28600
Anna Karenina,0.04323,0.04627,-0.13395,0.00739,0.28600
Anna Karenina,0.04352,0.04679,-0.13358,0.00758,0.28600
Anna Karenina,0.04381,0.04645,-0.13394,0.00786,0.28700
Anna Karenina,0.04410,0.04529,-0.13446,0.00787,0.28700
Anna Karenina,0.04439,0.04350,-0.13419,0.00825,0.28600
Anna Karenina,0.04468,0.04264,-0.13417,0.00850,0.28600
Anna Karenina,0.04497,0.04250,-0.13385,0.00867,0.28700
Anna Karenina,0.04526,0.04215,-0.13440,0.00895,0.28700
Anna Karenina,0.04555,0.04346,-0.13366,0.01011,0.28600
Anna Karenina,0.04584,0.04272,-0.13261,0.01036,0.28600
Anna Karenina,0.04613,0.04104,-0.13227,0.01060,0.28600
Anna Karenina,0.04642,0.04141,-0.13208,0.01100,0.28700
Anna Karenina,0.04671,0.04065,-0.13219,0.01062,0.28700
Anna Karenina,0.04700,0.04064,-0.13222,0.01054,0.28700
Anna Karenina,0.04729,0.04119,-0.13259,0.01024,0.28700
Anna Karenina,0.04758,0.04177,-0.13330,0.01043,0.28700
Anna Karenina,0.04787,0.04184,-0.13377,0.01035,0.28800
Anna Karenina,0.04816,0.04199,-0.13354,0.01045,0.28700
Anna Karenina,0.04845,0.04177,-0.13327,0.01023,0.28700
Anna Karenina,0.04874,0.04218,-0.13380,0.00996,0.28800
Anna Karenina,0.04903,0.04194,-0.13448,0.00939,0.28800
Anna Karenina,0.04932,0.04269,-0.13437,0.00989,0.28800
Anna Karenina,0.04961,0.04286,-0.13415,0.00946,0.28800
Anna Karenina,0.04990,0.04425,-0.13290,0.00962,0.28800
Anna Karenina,0.05019,0.04583,-0.13305,0.00958,0.28700
Anna Karenina,0.05048,0.04532,-0.13187,0.00908,0.28700
Anna Karenina,0.05077,0.04565,-0.13127,0.00889,0.28800
Anna Karenina,0.05106,0.04451,-0.13151,0.00850,0.28700
Anna Karenina,0.05135,0.04395,-0.13193,0.00841,0.28600
Anna Karenina,0.05164,0.04480,-0.13176,0.00801,0.28600
Anna Karenina,0.05193,0.04448,-0.13107,0.00814,0.28700
Anna Karenina,0.05222,0.04489,-0.13185,0.00809,0.28600
Anna Karenina,0.05251,0.04538,-0.13149,0.00742,0.28700
Anna Karenina,0.05280,0.04505,-0.13079,0.00785,0.28700
Anna Karenina,0.05309,0.04532,-0.13061,0.00814,0.28800
Anna Karenina,0.05338,0.04463,-0.13022,0.00832,0.28900
Anna Karenina,0.05367,0.04591,-0.13056,0.00838,0.29000
Anna Karenina,0.05396,0.04593,-0.13125,0.00854,0.29000
Anna Karenina,0.05425,0.04527,-0.13088,0.00819,0.29000
Anna Karenina,0.05454,0.04691,-0.13119,0.00804,0.29000
Anna Karenina,0.05483,0.04745,-0.13095,0.00778,0.29100
Anna Karenina,0.05512,0.04756,-0.13143,0.00739,0.29100
Anna Karenina,0.05541,0.04877,-0.13101,0.00743,0.29100
Anna Karenina,0.05570,0.04909,-0.13069,0.00720,0.29100
Anna Karenina,0.05599,0.04999,-0.13132,0.00735,0.29100
Anna Karenina,0.05628,0.05012,-0.13129,0.00802,0.29000
Anna Karenina,0.05657,0.04920,-0.13085,0.00791,0.29000
Anna Karenina,0.05686,0.04928,-0.13084,0.00803,0.29000
Anna Karenina,0.05715,0.05061,-0.13123,0.00805,0.29000
Anna Karenina,0.05744,0.05251,-0.13171,0.00746,0.29100
Anna Karenina,0.05773,0.05261,-0.13192,0.00697,0.29000
Anna Karenina,0.05802,0.05402,-0.13243,0.00669,0.29000
Anna Karenina,0.05831,0.05415,-0.13266,0.00667,0.29000
Anna Karenina,0.05860,0.05478,-0.13313,0.00678,0.29100
Anna Karenina,0.05889,0.05514,-0.13349,0.00679,0.29100
Anna Karenina,0.05918,0.05429,-0.13314,0.00663,0.29100
Anna Karenina,0.05947,0.05449,-0.13236,0.00655,0.29200
Anna Karenina,0.05976,0.05580,-0.13284,0.00621,0.29200
Anna Karenina,0.06005,0.05620,-0.13309,0.00598,0.29200
Anna Karenina,0.06034,0.05544,-0.13324,0.00555,0.29300
Anna Karenina,0.06063,0.05617,-0.13397,0.00590,0.29300
Anna Karenina,0.06092,0.05569,-0.13420,0.00581,0.29300
Anna Karenina,0.06121,0.05562,-0.13416,0.00580,0.29300
Anna Karenina,0.06150,0.05607,-0.13458,0.00590,0.29300
Anna Karenina,0.06179,0.05645,-0.13478,0.00582,0.29200
Anna Karenina,0.06208,0.05635,-0.13587,0.00556,0.29300
Anna Karenina,0.06237,0.05703,-0.13495,0.00564,0.29300
Anna Karenina,0.06266,0.05586,-0.13502,0.00572,0.29300
Anna Karenina,0.06295,0.05657,-0.13524,0.00598,0.29300
Anna Karenina,0.06324,0.05785,-0.13549,0.00642,0.29200
Anna Karenina,0.06353,0.05757,-0.13466,0.00663,0.29100
Anna Karenina,0.06382,0.05741,-0.13332,0.00668,0.29100
Anna Karenina,0.06411,0.05786,-0.13203,0.00624,0.29100
Anna Karenina,0.06440,0.05832,-0.13207,0.00610,0.29100
Anna Karenina,0.06469,0.05828,-0.13218,0.00611,0.29100
Anna Karenina,0.06498,0.05814,-0.13130,0.00608,0.29100
Anna Karenina,0.06527,0.05726,-0.13217,0.00577,0.29100
Anna Karenina,0.06556,0.05606,-0.13238,0.00539,0.29000
Anna Karenina,0.06585,0.05526,-0.13188,0.00579,0.28900
Anna Karenina,0.06614,0.05498,-0.13208,0.00537,0.28900
Anna Karenina,0.06643,0.05469,-0.13213,0.00545,0.29000
Anna Karenina,0.06672,0.05401,-0.13181,0.00642,0.29000
Anna Karenina,0.06701,0.05215,-0.13163,0.00610,0.29000
Anna Karenina,0.06730,0.05156,-0.13140,0.00638,0.29000
Anna Karenina,0.06760,0.05111,-0.13205,0.00651,0.28900
Anna Karenina,0.06789,0.04888,-0.13093,0.00642,0.28900
Anna Karenina,0.06818,0.04908,-0.13160,0.00648,0.28800
Anna Karenina,0.06847,0.04926,-0.13144,0.00670,0.28900
Anna Karenina,0.06876,0.04921,-0.13120,0.00671,0.28900
Anna Karenina,0.06905,0.04811,-0.12978,0.00728,0.29000
Anna Karenina,0.06934,0.04689,-0.12919,0.00749,0.29000
Anna Karenina,0.06963,0.04651,-0.12884,0.00731,0.29000
Anna Karenina,0.06992,0.04796,-0.12805,0.00752,0.28900
Anna Karenina,0.07021,0.04728,-0.12786,0.00726,0.29000
Anna Karenina,0.07050,0.04656,-0.12815,0.00676,0.28900
Anna Karenina,0.07079,0.04751,-0.12955,0.00645,0.28800
Anna Karenina,0.07108,0.04707,-0.12969,0.00638,0.28800
Anna Karenina,0.07137,0.04785,-0.12955,0.00604,0.28700
Anna Karenina,0.07166,0.04680,-0.12975,0.00567,0.28600
Anna Karenina,0.07195,0.04570,-0.12945,0.00538,0.28600
Anna Karenina,0.07224,0.04612,-0.12895,0.00584,0.28600
Anna Karenina,0.07253,0.04643,-0.12948,0.00645,0.28600
Anna Karenina,0.07282,0.04584,-0.12947,0.00639,0.28600
Anna Karenina,0.07311,0.04598,-0.12965,0.00708,0.28600
Anna Karenina,0.07340,0.04639,-0.13007,0.00760,0.28700
Anna Karenina,0.07369,0.04541,-0.13009,0.00770,0.28700
Anna Karenina,0.07398,0.04435,-0.13057,0.00811,0.28700
Anna Karenina,0.07427,0.04518,-0.13109,0.00890,0.28700
Anna Karenina,0.07456,0.04469,-0.13161,0.00886,0.28700
Anna Karenina,0.07485,0.04561,-0.13261,0.00892,0.28700
Anna Karenina,0.07514,0.04691,-0.13326,0.00928,0.28600
Anna Karenina,0.07543,0.04721,-0.13397,0.00958,0.28600
Anna Karenina,0.07572,0.04755,-0.13344,0.00998,0.28700
Anna Karenina,0.07601,0.04712,-0.13357,0.00994,0.28700
Anna Karenina,0.07630,0.04693,-0.13305,0.01023,0.28800
Anna Karenina,0.07659,0.04570,-0.13253,0.01010,0.28800
Anna Karenina,0.07688,0.04557,-0.13227,0.01027,0.28700
Anna Karenina,0.07717,0.04523,-0.13185,0.01008,0.28700
Anna Karenina,0.07746,0.04474,-0.13177,0.01029,0.28700
Anna Karenina,0.07775,0.04419,-0.13167,0.01023,0.28700
Anna Karenina,0.07804,0.04438,-0.13152,0.01101,0.28700
Anna Karenina,0.07833,0.04373,-0.13224,0.01062,0.28800
Anna Karenina,0.07862,0.04356,-0.13255,0.01104,0.28800
Anna Karenina,0.07891,0.04221,-0.13429,0.01102,0.28800
Anna Karenina,0.07920,0.04039,-0.13464,0.01113,0.29000
Anna Karenina,0.07949,0.03948,-0.13558,0.01183,0.28900
Anna Karenina,0.07978,0.03977,-0.13572,0.01203,0.28800
Anna Karenina,0.08007,0.03901,-0.13561,0.01219,0.29000
Anna Karenina,0.08036,0.03890,-0.13571,0.01285,0.29000
Anna Karenina,0.08065,0.03816,-0.13644,0.01269,0.29100
Anna Karenina,0.08094,0.03731,-0.13670,0.01255,0.29000
Anna Karenina,0.08123,0.03673,-0.13631,0.01248,0.29200
Anna Karenina,0.08152,0.03509,-0.13663,0.01239,0.29100
Anna Karenina,0.08181,0.03621,-0.13755,0.01249,0.29100
Anna Karenina,0.08210,0.03654,-0.13765,0.01286,0.29000
Anna Karenina,0.08239,0.03737,-0.13821,0.01327,0.28900
Anna Karenina,0.08268,0.03665,-0.13799,0.01270,0.28700
Anna Karenina,0.08297,0.03580,-0.13725,0.01277,0.28800
Anna Karenina,0.08326,0.03623,-0.13737,0.01270,0.28800
Anna Karenina,0.08355,0.03566,-0.13730,0.01304,0.28600
Anna Karenina,0.08384,0.03550,-0.13682,0.01386,0.28600
Anna Karenina,0.08413,0.03612,-0.13645,0.01438,0.28600
Anna Karenina,0.08442,0.03582,-0.13618,0.01455,0.28600
Anna Karenina,0.08471,0.03498,-0.13684,0.01426,0.28600
Anna Karenina,0.08500,0.03489,-0.13573,0.01426,0.28600
Anna Karenina,0.08529,0.03468,-0.13473,0.01421,0.28600
Anna Karenina,0.08558,0.03373,-0.13475,0.01426,0.28700
Anna Karenina,0.08587,0.03365,-0.13376,0.01437,0.28700
Anna Karenina,0.08616,0.03294,-0.13295,0.01431,0.28600
Anna Karenina,0.08645,0.03237,-0.13227,0.01472,0.28700
Anna Karenina,0.08674,0.03253,-0.13126,0.01527,0.28700
Anna Karenina,0.08703,0.03147,-0.13135,0.01562,0.28700
Anna Karenina,0.08732,0.03131,-0.13106,0.01589,0.28700
Anna Karenina,0.08761,0.03075,-0.13078,0.01575,0.28700
Anna Karenina,0.08790,0.03082,-0.13077,0.01564,0.28700
Anna Karenina,0.08819,0.03211,-0.13103,0.01564,0.28600
Anna Karenina,0.08848,0.03118,-0.13201,0.01571,0.28500
Anna Karenina,0.08877,0.02963,-0.12908,0.01610,0.28500
Anna Karenina,0.08906,0.02939,-0.12724,0.01605,0.28400
Anna Karenina,0.08935,0.02953,-0.12701,0.01603,0.28300
Anna Karenina,0.08964,0.02936,-0.12538,0.01544,0.28300
Anna Karenina,0.08993,0.02905,-0.12486,0.01536,0.28300
Anna Karenina,0.09022,0.02883,-0.12480,0.01499,0.28300
Anna Karenina,0.09051,0.02954,-0.12450,0.01520,0.28300
Anna Karenina,0.09080,0.02925,-0.12452,0.01534,0.28400
Anna Karenina,0.09109,0.02936,-0.12309,0.01585,0.28300
Anna Karenina,0.09138,0.02868,-0.12373,0.01572,0.28300
Anna Karenina,0.09167,0.02900,-0.12358,0.01553,0.28200
Anna Karenina,0.09196,0.02823,-0.12361,0.01529,0.28100
Anna Karenina,0.09225,0.02788,-0.12391,0.01511,0.28100
Anna Karenina,0.09254,0.02743,-0.12395,0.01488,0.28100
Anna Karenina,0.09283,0.02933,-0.12562,0.01433,0.28100
Anna Karenina,0.09312,0.02987,-0.12708,0.01349,0.28100
Anna Karenina,0.09341,0.02989,-0.12633,0.01360,0.28000
Anna Karenina,0.09370,0.02954,-0.12676,0.01342,0.28000
Anna Karenina,0.09399,0.02851,-0.12671,0.01350,0.28000
Anna Karenina,0.09428,0.02819,-0.12594,0.01353,0.28000
Anna Karenina,0.09457,0.02875,-0.12622,0.01397,0.28000
Anna Karenina,0.09487,0.02827,-0.12592,0.01430,0.28100
Anna Karenina,0.09516,0.02789,-0.12531,0.01465,0.28000
Anna Karenina,0.09545,0.02757,-0.12475,0.01468,0.27900
Anna Karenina,0.09574,0.02728,-0.12505,0.01377,0.27900
Anna Karenina,0.09603,0.02843,-0.12535,0.01398,0.28000
Anna Karenina,0.09632,0.02785,-0.12450,0.01364,0.28000
Anna Karenina,0.09661,0.02789,-0.12427,0.01377,0.27900
Anna Karenina,0.09690,0.02879,-0.12518,0.01378,0.27900
Anna Karenina,0.09719,0.02761,-0.12379,0.01415,0.28000
Anna Karenina,0.09748,0.02700,-0.12339,0.01432,0.28000
Anna Karenina,0.09777,0.02568,-0.12347,0.01436,0.28000
Anna Karenina,0.09806,0.02596,-0.12465,0.01401,0.27900
Anna Karenina,0.09835,0.02644,-0.12490,0.01382,0.28000
Anna Karenina,0.09864,0.02643,-0.12429,0.01320,0.28000
Anna Karenina,0.09893,0.02494,-0.12570,0.01309,0.28000
Anna Karenina,0.09922,0.02462,-0.12550,0.01322,0.28000
Anna Karenina,0.09951,0.02457,-0.12570,0.01326,0.28000
Anna Karenina,0.09980,0.02397,-0.12443,0.01308,0.28100
Anna Karenina,0.10009,0.02431,-0.12386,0.01290,0.28100
Anna Karenina,0.10038,0.02325,-0.12274,0.01282,0.28200
Anna Karenina,0.10067,0.02267,-0.12214,0.01313,0.28200
Anna Karenina,0.10096,0.02332,-0.12174,0.01302,0.28200
Anna Karenina,0.10125,0.02203,-0.12131,0.01181,0.28200
Anna Karenina,0.10154,0.02245,-0.12146,0.01103,0.28200
Anna Karenina,0.10183,0.02525,-0.12215,0.01136,0.28300
Anna Karenina,0.10212,0.02488,-0.12240,0.01084,0.28200
Anna Karenina,0.10241,0.02567,-0.12224,0.01074,0.28200
Anna Karenina,0.10270,0.02751,-0.12316,0.01073,0.28300
Anna Karenina,0.10299,0.02825,-0.12322,0.01069,0.28300
Anna Karenina,0.10328,0.02697,-0.12244,0.00998,0.28300
Anna Karenina,0.10357,0.02614,-0.12300,0.00923,0.28300
Anna Karenina,0.10386,0.02426,-0.12256,0.00924,0.28300
Anna Karenina,0.10415,0.02301,-0.12210,0.00914,0.28300
Anna Karenina,0.10444,0.02276,-0.12171,0.00898,0.28200
Anna Karenina,0.10473,0.02166,-0.12129,0.00937,0.28200
Anna Karenina,0.10502,0.02210,-0.12164,0.00954,0.28200
Anna Karenina,0.10531,0.02284,-0.12176,0.01007,0.28100
Anna Karenina,0.10560,0.02301,-0.12186,0.01027,0.28100
Anna Karenina,0.10589,0.02197,-0.12133,0.01042,0.28000
Anna Karenina,0.10618,0.02226,-0.12124,0.01021,0.28000
Anna Karenina,0.10647,0.02308,-0.12069,0.01034,0.27900
Anna Karenina,0.10676,0.02291,-0.12045,0.01087,0.27900
Anna Karenina,0.10705,0.02281,-0.12084,0.01042,0.27900
Anna Karenina,0.10734,0.02227,-0.12068,0.01032,0.27900
Anna Karenina,0.10763,0.02206,-0.11997,0.01050,0.27900
Anna Karenina,0.10792,0.02164,-0.11806,0.01017,0.27900
Anna Karenina,0.10821,0.02342,-0.11800,0.00988,0.28000
Anna Karenina,0.10850,0.02379,-0.11699,0.00959,0.27900
Anna Karenina,0.10879,0.02256,-0.11699,0.00967,0.28000
Anna Karenina,0.10908,0.02334,-0.11726,0.00877,0.27900
Anna Karenina,0.10937,0.02346,-0.11620,0.00837,0.27800
Anna Karenina,0.10966,0.02245,-0.11539,0.00824,0.27800
Anna Karenina,0.10995,0.02187,-0.11468,0.00814,0.27800
Anna Karenina,0.11024,0.02222,-0.11435,0.00823,0.27700
Anna Karenina,0.11053,0.02318,-0.11314,0.00790,0.27700
Anna Karenina,0.11082,0.02196,-0.11214,0.00750,0.27700
Anna Karenina,0.11111,0.01998,-0.11117,0.00654,0.27700
Anna Karenina,0.11140,0.01869,-0.11126,0.00581,0.27800
Anna Karenina,0.11169,0.01901,-0.11156,0.00604,0.27800
Anna Karenina,0.11198,0.01947,-0.11166,0.00567,0.27700
Anna Karenina,0.11227,0.01857,-0.11077,0.00550,0.27800
Anna Karenina,0.11256,0.01720,-0.11044,0.00525,0.27800
Anna Karenina,0.11285,0.01570,-0.11020,0.00479,0.27800
Anna Karenina,0.11314,0.01536,-0.11019,0.00468,0.27800
Anna Karenina,0.11343,0.01447,-0.10981,0.00462,0.27900
Anna Karenina,0.11372,0.01485,-0.10939,0.00474,0.27900
Anna Karenina,0.11401,0.01497,-0.10959,0.00459,0.27900
Anna Karenina,0.11430,0.01493,-0.10957,0.00423,0.27900
Anna Karenina,0.11459,0.01740,-0.10927,0.00365,0.27800
Anna Karenina,0.11488,0.01771,-0.11036,0.00350,0.27800
Anna Karenina,0.11517,0.01778,-0.11061,0.00336,0.27900
Anna Karenina,0.11546,0.01746,-0.11038,0.00348,0.27900
Anna Karenina,0.11575,0.01639,-0.11062,0.00311,0.27800
Anna Karenina,0.11604,0.01738,-0.11157,0.00304,0.27900
Anna Karenina,0.11633,0.01727,-0.11164,0.00320,0.27800
Anna Karenina,0.11662,0.01687,-0.11176,0.00285,0.27800
Anna Karenina,0.11691,0.01636,-0.11278,0.00318,0.27900
Anna Karenina,0.11720,0.01651,-0.11306,0.00363,0.27900
Anna Karenina,0.11749,0.01707,-0.11282,0.00378,0.27800
Anna Karenina,0.11778,0.01703,-0.11490,0.00388,0.27900
Anna Karenina,0.11807,0.01741,-0.11602,0.00445,0.28000
Anna Karenina,0.11836,0.01810,-0.11703,0.00508,0.28000
Anna Karenina,0.11865,0.01843,-0.11804,0.00497,0.28000
Anna Karenina,0.11894,0.01907,-0.11695,0.00469,0.28000
Anna Karenina,0.11923,0.01881,-0.11664,0.00447,0.28000
Anna Karenina,0.11952,0.01795,-0.11642,0.00428,0.28000
Anna Karenina,0.11981,0.01806,-0.11670,0.00436,0.28000
Anna Karenina,0.12010,0.01897,-0.11789,0.00387,0.28000
Anna Karenina,0.12039,0.01994,-0.11837,0.00372,0.28000
Anna Karenina,0.12068,0.02028,-0.11938,0.00367,0.28100
Anna Karenina,0.12097,0.02011,-0.11918,0.00437,0.28200
Anna Karenina,0.12126,0.02011,-0.11860,0.00440,0.28200
Anna Karenina,0.12155,0.02049,-0.11914,0.00422,0.28200
Anna Karenina,0.12185,0.01906,-0.11961,0.00468,0.28200
Anna Karenina,0.12214,0.01864,-0.11923,0.00557,0.28200
Anna Karenina,0.12243,0.01951,-0.11996,0.00551,0.28200
Anna Karenina,0.12272,0.02059,-0.12032,0.00589,0.28200
Anna Karenina,0.12301,0.02136,-0.12200,0.00557,0.28200
Anna Karenina,0.12330,0.02296,-0.12224,0.00479,0.28200
Anna Karenina,0.12359,0.02352,-0.12236,0.00425,0.28100
Anna Karenina,0.12388,0.02362,-0.12325,0.00375,0.28100
Anna Karenina,0.12417,0.02345,-0.12352,0.00329,0.28200
Anna Karenina,0.12446,0.02407,-0.12351,0.00320,0.28200
Anna Karenina,0.12475,0.02344,-0.12387,0.00326,0.28300
Anna Karenina,0.12504,0.02360,-0.12435,0.00322,0.28400
Anna Karenina,0.12533,0.02354,-0.12501,0.00362,0.28500
Anna Karenina,0.12562,0.02392,-0.12389,0.00372,0.28600
Anna Karenina,0.12591,0.02484,-0.12339,0.00407,0.28700
Anna Karenina,0.12620,0.02553,-0.12393,0.00361,0.28800
Anna Karenina,0.12649,0.02680,-0.12431,0.00358,0.28800
Anna Karenina,0.12678,0.02729,-0.12327,0.00355,0.28900
Anna Karenina,0.12707,0.02756,-0.12250,0.00323,0.29000
Anna Karenina,0.12736,0.02895,-0.12283,0.00330,0.28900
Anna Karenina,0.12765,0.02788,-0.12282,0.00368,0.28900
Anna Karenina,0.12794,0.02946,-0.12280,0.00394,0.29000
Anna Karenina,0.12823,0.02949,-0.12320,0.00435,0.29000
Anna Karenina,0.12852,0.03038,-0.12292,0.00435,0.29000
Anna Karenina,0.12881,0.02953,-0.12351,0.00424,0.29100
Anna Karenina,0.12910,0.03012,-0.12436,0.00446,0.29200
Anna Karenina,0.12939,0.03108,-0.12424,0.00448,0.29200
Anna Karenina,0.12968,0.03226,-0.12342,0.00401,0.29200
Anna Karenina,0.12997,0.03318,-0.12335,0.00372,0.29300
Anna Karenina,0.13026,0.03398,-0.12367,0.00417,0.29200
Anna Karenina,0.13055,0.03393,-0.12337,0.00431,0.29200
Anna Karenina,0.13084,0.03147,-0.12245,0.00432,0.29200
Anna Karenina,0.13113,0.03304,-0.12163,0.00460,0.29400
Anna Karenina,0.13142,0.03260,-0.12140,0.00406,0.29400
Anna Karenina,0.13171,0.03081,-0.11939,0.00421,0.29300
Anna Karenina,0.13200,0.03031,-0.11780,0.00415,0.29300
Anna Karenina,0.13229,0.03209,-0.11839,0.00414,0.29300
Anna Karenina,0.13258,0.03231,-0.11752,0.00463,0.29300
Anna Karenina,0.13287,0.03326,-0.11728,0.00455,0.29400
Anna Karenina,0.13316,0.03451,-0.11649,0.00445,0.29400
Anna Karenina,0.13345,0.03450,-0.11580,0.00409,0.29500
Anna Karenina,0.13374,0.03549,-0.11599,0.00371,0.29500
Anna Karenina,0.13403,0.03564,-0.11647,0.00341,0.29500
Anna Karenina,0.13432,0.03462,-0.11633,0.00302,0.29500
Anna Karenina,0.13461,0.03519,-0.11764,0.00285,0.29500
Anna Karenina,0.13490,0.03584,-0.11694,0.00258,0.29600
Anna Karenina,0.13519,0.03561,-0.11726,0.00284,0.29600
Anna Karenina,0.13548,0.03559,-0.11736,0.00269,0.29600
Anna Karenina,0.13577,0.03612,-0.11674,0.00276,0.29600
Anna Karenina,0.13606,0.03709,-0.11636,0.00278,0.29600
Anna Karenina,0.13635,0.03754,-0.11606,0.00247,0.29500
Anna Karenina,0.13664,0.03673,-0.11604,0.00200,0.29500
Anna Karenina,0.13693,0.03656,-0.11801,0.00217,0.29600
Anna Karenina,0.13722,0.03591,-0.11744,0.00214,0.29500
Anna Karenina,0.13751,0.03547,-0.11781,0.00215,0.29600
Anna Karenina,0.13780,0.03691,-0.11763,0.00249,0.29500
Anna Karenina,0.13809,0.03652,-0.11671,0.00302,0.29500
Anna Karenina,0.13838,0.03648,-0.11732,0.00288,0.29500
Anna Karenina,0.13867,0.03653,-0.11693,0.00319,0.29400
Anna Karenina,0.13896,0.03721,-0.11695,0.00330,0.29400
Anna Karenina,0.13925,0.03742,-0.11693,0.00340,0.29400
Anna Karenina,0.13954,0.03706,-0.11618,0.00364,0.29400
Anna Karenina,0.13983,0.03813,-0.11696,0.00419,0.29400
Anna Karenina,0.14012,0.03931,-0.11706,0.00504,0.29300
Anna Karenina,0.14041,0.04002,-0.11699,0.00516,0.29200
Anna Karenina,0.14070,0.03992,-0.11733,0.00470,0.29300
Anna Karenina,0.14099,0.03960,-0.11685,0.00447,0.29400
Anna Karenina,0.14128,0.04000,-0.11744,0.00446,0.29400
Anna Karenina,0.14157,0.04087,-0.11798,0.00428,0.29400
Anna Karenina,0.14186,0.04224,-0.11877,0.00418,0.29400
Anna Karenina,0.14215,0.04322,-0.11925,0.00423,0.29300
Anna Karenina,0.14244,0.04399,-0.11895,0.00427,0.29300
Anna Karenina,0.14273,0.04388,-0.11955,0.00443,0.29200
Anna Karenina,0.14302,0.04466,-0.11988,0.00491,0.29300
Anna Karenina,0.14331,0.04417,-0.11945,0.00528,0.29300
Anna Karenina,0.14360,0.04387,-0.11928,0.00567,0.29400
Anna Karenina,0.14389,0.04450,-0.11926,0.00558,0.29400
Anna Karenina,0.14418,0.04380,-0.11893,0.00572,0.29300
Anna Karenina,0.14447,0.04415,-0.11957,0.00616,0.29300
Anna Karenina,0.14476,0.04456,-0.12008,0.00625,0.29300
Anna Karenina,0.14505,0.04339,-0.11958,0.00596,0.29400
Anna Karenina,0.14534,0.04365,-0.11983,0.00572,0.29500
Anna Karenina,0.14563,0.04356,-0.11820,0.00593,0.29600
Anna Karenina,0.14592,0.04392,-0.11710,0.00542,0.29500
Anna Karenina,0.14621,0.04300,-0.11661,0.00521,0.29600
Anna Karenina,0.14650,0.04294,-0.11584,0.00495,0.29700
Anna Karenina,0.14679,0.04412,-0.11535,0.00488,0.29600
Anna Karenina,0.14708,0.04312,-0.11426,0.00411,0.29600
Anna Karenina,0.14737,0.04288,-0.11336,0.00287,0.29600
Anna Karenina,0.14766,0.04339,-0.11242,0.00313,0.29600
Anna Karenina,0.14795,0.04372,-0.11284,0.00371,0.29700
Anna Karenina,0.14824,0.04337,-0.11352,0.00355,0.29700
Anna Karenina,0.14853,0.04256,-0.11383,0.00369,0.29900
Anna Karenina,0.14883,0.04197,-0.11394,0.00367,0.29900
Anna Karenina,0.14912,0.04083,-0.11434,0.00375,0.30000
Anna Karenina,0.14941,0.04121,-0.11371,0.00416,0.30100
Anna Karenina,0.14970,0.04117,-0.11322,0.00413,0.30000
Anna Karenina,0.14999,0.04160,-0.11326,0.00410,0.29900
Anna Karenina,0.15028,0.04201,-0.11256,0.00429,0.29900
Anna Karenina,0.15057,0.04296,-0.11270,0.00489,0.29900
Anna Karenina,0.15086,0.04384,-0.11260,0.00518,0.29900
Anna Karenina,0.15115,0.04500,-0.11325,0.00547,0.29900
Anna Karenina,0.15144,0.04400,-0.11247,0.00585,0.29900
Anna Karenina,0.15173,0.04425,-0.11249,0.00591,0.30000
Anna Karenina,0.15202,0.04311,-0.11187,0.00607,0.30100
Anna Karenina,0.15231,0.04302,-0.11210,0.00716,0.30100
Anna Karenina,0.15260,0.04311,-0.11167,0.00784,0.30000
Anna Karenina,0.15289,0.04318,-0.11177,0.00792,0.30100
Anna Karenina,0.15318,0.04284,-0.11114,0.00833,0.30200
Anna Karenina,0.15347,0.04260,-0.11152,0.00855,0.30300
Anna Karenina,0.15376,0.04349,-0.11096,0.00882,0.30200
Anna Karenina,0.15405,0.04441,-0.11084,0.00921,0.30100
Anna Karenina,0.15434,0.04573,-0.11105,0.00912,0.30100
Anna Karenina,0.15463,0.04622,-0.11259,0.00916,0.30100
Anna Karenina,0.15492,0.04456,-0.11264,0.00905,0.30000
Anna Karenina,0.15521,0.04420,-0.11341,0.00885,0.29800
Anna Karenina,0.15550,0.04307,-0.11294,0.00876,0.29700
Anna Karenina,0.15579,0.04402,-0.11420,0.00881,0.29600
Anna Karenina,0.15608,0.04413,-0.11467,0.00925,0.29600
Anna Karenina,0.15637,0.04345,-0.11568,0.00930,0.29600
Anna Karenina,0.15666,0.04461,-0.11688,0.00906,0.29600
Anna Karenina,0.15695,0.04275,-0.11567,0.00889,0.29600
Anna Karenina,0.15724,0.04344,-0.11526,0.00870,0.29600
Anna Karenina,0.15753,0.04325,-0.11554,0.00864,0.29600
Anna Karenina,0.15782,0.04525,-0.11540,0.00917,0.29500
Anna Karenina,0.15811,0.04398,-0.11518,0.00892,0.29500
Anna Karenina,0.15840,0.04269,-0.11610,0.00918,0.29500
Anna Karenina,0.15869,0.04216,-0.11708,0.00942,0.29400
Anna Karenina,0.15898,0.04069,-0.11719,0.00992,0.29300
Anna Karenina,0.15927,0.03949,-0.11704,0.00973,0.29400
Anna Karenina,0.15956,0.03837,-0.11641,0.00992,0.29300
Anna Karenina,0.15985,0.03883,-0.11642,0.00936,0.29300
Anna Karenina,0.16014,0.03887,-0.11623,0.00932,0.29300
Anna Karenina,0.16043,0.03847,-0.11569,0.00950,0.29200
Anna Karenina,0.16072,0.04007,-0.11703,0.00931,0.29200
Anna Karenina,0.16101,0.03985,-0.11791,0.00885,0.29100
Anna Karenina,0.16130,0.03950,-0.11754,0.00878,0.28900
Anna Karenina,0.16159,0.03909,-0.11688,0.00836,0.28900
Anna Karenina,0.16188,0.03954,-0.11680,0.00854,0.29000
Anna Karenina,0.16217,0.03913,-0.11729,0.00808,0.29000
Anna Karenina,0.16246,0.03954,-0.11795,0.00804,0.29000
Anna Karenina,0.16275,0.03985,-0.11768,0.00766,0.29100
Anna Karenina,0.16304,0.03872,-0.11655,0.00762,0.29200
Anna Karenina,0.16333,0.03894,-0.11626,0.00759,0.29200
Anna Karenina,0.16362,0.03824,-0.11554,0.00723,0.29100
Anna Karenina,0.16391,0.03840,-0.11640,0.00697,0.29200
Anna Karenina,0.16420,0.03858,-0.11642,0.00687,0.29100
Anna Karenina,0.16449,0.03872,-0.11750,0.00665,0.29300
Anna Karenina,0.16478,0.03819,-0.11752,0.00646,0.29300
Anna Karenina,0.16507,0.03762,-0.11656,0.00652,0.29200
Anna Karenina,0.16536,0.03773,-0.11604,0.00654,0.29200
Anna Karenina,0.16565,0.03802,-0.11637,0.00651,0.29200
Anna Karenina,0.16594,0.03880,-0.11566,0.00629,0.29100
Anna Karenina,0.16623,0.03886,-0.11606,0.00629,0.29100
Anna Karenina,0.16652,0.03954,-0.11671,0.00608,0.29200
Anna Karenina,0.16681,0.03797,-0.11666,0.00551,0.29300
Anna Karenina,0.16710,0.03812,-0.11723,0.00571,0.29300
Anna Karenina,0.16739,0.03863,-0.11719,0.00591,0.29400
Anna Karenina,0.16768,0.04011,-0.11694,0.00545,0.29400
Anna Karenina,0.16797,0.04082,-0.11730,0.00542,0.29400
Anna Karenina,0.16826,0.04080,-0.11743,0.00536,0.29500
Anna Karenina,0.16855,0.04051,-0.11801,0.00532,0.29400
Anna Karenina,0.16884,0.03999,-0.11560,0.00529,0.29500
Anna Karenina,0.16913,0.03938,-0.11524,0.00486,0.29500
Anna Karenina,0.16942,0.03977,-0.11457,0.00516,0.29500
Anna Karenina,0.16971,0.03970,-0.11415,0.00578,0.29400
Anna Karenina,0.17000,0.03996,-0.11435,0.00623,0.29400
Anna Karenina,0.17029,0.03988,-0.11388,0.00661,0.29300
Anna Karenina,0.17058,0.03960,-0.11263,0.00660,0.29300
Anna Karenina,0.17087,0.03938,-0.11300,0.00642,0.29200
Anna Karenina,0.17116,0.03778,-0.11202,0.00599,0.29200
Anna Karenina,0.17145,0.03633,-0.11143,0.00589,0.29300
Anna Karenina,0.17174,0.03673,-0.11144,0.00576,0.29300
Anna Karenina,0.17203,0.03599,-0.11106,0.00531,0.29300
Anna Karenina,0.17232,0.03702,-0.11192,0.00518,0.29200
Anna Karenina,0.17261,0.03540,-0.11180,0.00386,0.29300
Anna Karenina,0.17290,0.03368,-0.11178,0.00387,0.29400
Anna Karenina,0.17319,0.03311,-0.11257,0.00385,0.29500
Anna Karenina,0.17348,0.03146,-0.11237,0.00363,0.29400
Anna Karenina,0.17377,0.03133,-0.11250,0.00372,0.29400
Anna Karenina,0.17406,0.03146,-0.11293,0.00373,0.29300
Anna Karenina,0.17435,0.03094,-0.11329,0.00362,0.29200
Anna Karenina,0.17464,0.03044,-0.11533,0.00361,0.29200
Anna Karenina,0.17493,0.03020,-0.11509,0.00374,0.29100
Anna Karenina,0.17522,0.03054,-0.11531,0.00364,0.29000
Anna Karenina,0.17551,0.02996,-0.11520,0.00360,0.29000
Anna Karenina,0.17581,0.02845,-0.11541,0.00353,0.28900
Anna Karenina,0.17610,0.02889,-0.11668,0.00397,0.28900
Anna Karenina,0.17639,0.02717,-0.11655,0.00483,0.28700
Anna Karenina,0.17668,0.02630,-0.11739,0.00453,0.28700
Anna Karenina,0.17697,0.02580,-0.11720,0.00415,0.28600
Anna Karenina,0.17726,0.02675,-0.11587,0.00427,0.28500
Anna Karenina,0.17755,0.02748,-0.11584,0.00397,0.28300
Anna Karenina,0.17784,0.02757,-0.11573,0.00411,0.28300
Anna Karenina,0.17813,0.02801,-0.11571,0.00413,0.28300
Anna Karenina,0.17842,0.02586,-0.11571,0.00392,0.28200
Anna Karenina,0.17871,0.02512,-0.11525,0.00399,0.28200
Anna Karenina,0.17900,0.02370,-0.11567,0.00339,0.28400
Anna Karenina,0.17929,0.02220,-0.11632,0.00299,0.28400
Anna Karenina,0.17958,0.02163,-0.11594,0.00239,0.28400
Anna Karenina,0.17987,0.02037,-0.11505,0.00175,0.28300
Anna Karenina,0.18016,0.01895,-0.11438,0.00097,0.28300
Anna Karenina,0.18045,0.01931,-0.11603,0.00066,0.28400
Anna Karenina,0.18074,0.01797,-0.11663,0.00034,0.28400
Anna Karenina,0.18103,0.01895,-0.11578,0.00037,0.28400
Anna Karenina,0.18132,0.01842,-0.11554,-0.00003,0.28500
Anna Karenina,0.18161,0.01808,-0.11525,-0.00047,0.28600
Anna Karenina,0.18190,0.01878,-0.11523,-0.00029,0.28600
Anna Karenina,0.18219,0.01911,-0.11599,-0.00002,0.28600
Anna Karenina,0.18248,0.01878,-0.11581,0.00000,0.28500
Anna Karenina,0.18277,0.01919,-0.11586,0.00006,0.28500
Anna Karenina,0.18306,0.01891,-0.11592,-0.00003,0.28500
Anna Karenina,0.18335,0.01793,-0.11626,-0.00058,0.28400
Anna Karenina,0.18364,0.01768,-0.11632,-0.00029,0.28500
Anna Karenina,0.18393,0.01842,-0.11685,-0.00007,0.28600
Anna Karenina,0.18422,0.01888,-0.11616,-0.00012,0.28700
Anna Karenina,0.18451,0.01885,-0.11633,-0.00052,0.28900
Anna Karenina,0.18480,0.01901,-0.11658,-0.00060,0.28800
Anna Karenina,0.18509,0.01903,-0.11621,-0.00029,0.28800
Anna Karenina,0.18538,0.01878,-0.11522,-0.00052,0.28800
Anna Karenina,0.18567,0.01904,-0.11502,-0.00030,0.28700
Anna Karenina,0.18596,0.01999,-0.11597,-0.00063,0.28600
Anna Karenina,0.18625,0.01803,-0.11580,-0.00094,0.28600
Anna Karenina,0.18654,0.01615,-0.11569,-0.00072,0.28600
Anna Karenina,0.18683,0.01405,-0.11614,-0.00076,0.28700
Anna Karenina,0.18712,0.01319,-0.11528,-0.00054,0.28700
Anna Karenina,0.18741,0.01356,-0.11420,-0.00037,0.28700
Anna Karenina,0.18770,0.01289,-0.11355,-0.00029,0.28800
Anna Karenina,0.18799,0.01271,-0.11303,-0.00044,0.28800
Anna Karenina,0.18828,0.01287,-0.11167,0.00005,0.28800
Anna Karenina,0.18857,0.01242,-0.11183,-0.00005,0.28900
Anna Karenina,0.18886,0.01142,-0.11217,0.00039,0.28800
Anna Karenina,0.18915,0.01021,-0.11189,0.00043,0.28800
Anna Karenina,0.18944,0.01087,-0.11268,0.00060,0.28700
Anna Karenina,0.18973,0.00945,-0.11210,0.00090,0.28800
Anna Karenina,0.19002,0.01037,-0.11211,0.00133,0.28900
Anna Karenina,0.19031,0.01010,-0.11320,0.00138,0.29000
Anna Karenina,0.19060,0.01017,-0.11312,0.00154,0.29000
Anna Karenina,0.19089,0.00983,-0.11411,0.00124,0.28900
Anna Karenina,0.19118,0.01048,-0.11473,0.00162,0.29000
Anna Karenina,0.19147,0.01013,-0.11532,0.00173,0.28900
Anna Karenina,0.19176,0.00990,-0.11562,0.00182,0.28800
Anna Karenina,0.19205,0.01057,-0.11603,0.00195,0.28800
Anna Karenina,0.19234,0.01049,-0.11591,0.00187,0.28800
Anna Karenina,0.19263,0.01083,-0.11594,0.00173,0.28800
Anna Karenina,0.19292,0.01033,-0.11542,0.00199,0.28900
Anna Karenina,0.19321,0.01012,-0.11508,0.00187,0.28900
Anna Karenina,0.19350,0.01013,-0.11389,0.00227,0.28800
Anna Karenina,0.19379,0.00960,-0.11360,0.00237,0.28900
Anna Karenina,0.19408,0.00945,-0.11445,0.00231,0.28900
Anna Karenina,0.19437,0.00939,-0.11486,0.00245,0.29000
Anna Karenina,0.19466,0.01094,-0.11497,0.00279,0.29000
Anna Karenina,0.19495,0.01039,-0.11320,0.00313,0.28900
Anna Karenina,0.19524,0.01073,-0.11240,0.00351,0.28900
Anna Karenina,0.19553,0.01019,-0.11134,0.00341,0.28700
Anna Karenina,0.19582,0.01085,-0.11076,0.00338,0.28700
Anna Karenina,0.19611,0.01238,-0.11140,0.00301,0.28800
Anna Karenina,0.19640,0.01239,-0.11201,0.00236,0.28800
Anna Karenina,0.19669,0.01144,-0.11316,0.00272,0.28800
Anna Karenina,0.19698,0.01051,-0.11343,0.00292,0.28800
Anna Karenina,0.19727,0.01027,-0.11344,0.00310,0.28800
Anna Karenina,0.19756,0.01103,-0.11433,0.00334,0.28800
Anna Karenina,0.19785,0.01194,-0.11638,0.00282,0.28700
Anna Karenina,0.19814,0.01287,-0.11762,0.00258,0.28800
Anna Karenina,0.19843,0.01349,-0.11898,0.00200,0.28800
Anna Karenina,0.19872,0.01395,-0.11934,0.00152,0.28800
Anna Karenina,0.19901,0.01363,-0.11851,0.00151,0.28800
Anna Karenina,0.19930,0.01465,-0.11874,0.00109,0.29000
Anna Karenina,0.19959,0.01718,-0.12012,0.00141,0.29000
Anna Karenina,0.19988,0.01711,-0.11871,0.00145,0.29000
Anna Karenina,0.20017,0.01820,-0.11854,0.00107,0.29100
Anna Karenina,0.20046,0.02049,-0.12036,0.00089,0.29200
Anna Karenina,0.20075,0.02059,-0.11930,0.00104,0.29200
Anna Karenina,0.20104,0.02135,-0.11977,0.00100,0.29200
Anna Karenina,0.20133,0.02083,-0.11912,0.00099,0.29200
Anna Karenina,0.20162,0.02137,-0.11993,0.00189,0.29100
Anna Karenina,0.20191,0.02208,-0.12007,0.00193,0.29100
Anna Karenina,0.20220,0.02303,-0.12000,0.00212,0.29100
Anna Karenina,0.20249,0.02290,-0.11973,0.00175,0.29100
Anna Karenina,0.20279,0.02223,-0.11823,0.00150,0.29100
Anna Karenina,0.20308,0.02288,-0.11753,0.00116,0.29200
Anna Karenina,0.20337,0.02144,-0.11598,0.00143,0.29300
Anna Karenina,0.20366,0.02367,-0.11541,0.00115,0.29300
Anna Karenina,0.20395,0.02470,-0.11589,0.00141,0.29400
Anna Karenina,0.20424,0.02560,-0.11578,0.00171,0.29400
Anna Karenina,0.20453,0.02508,-0.11578,0.00199,0.29500
Anna Karenina,0.20482,0.02538,-0.11562,0.00196,0.29500
Anna Karenina,0.20511,0.02457,-0.11531,0.00215,0.29500
Anna Karenina,0.20540,0.02560,-0.11570,0.00252,0.29700
Anna Karenina,0.20569,0.02604,-0.11587,0.00285,0.29600
Anna Karenina,0.20598,0.02524,-0.11641,0.00270,0.29600
Anna Karenina,0.20627,0.02252,-0.11625,0.00317,0.29700
Anna Karenina,0.20656,0.02148,-0.11638,0.00327,0.29700
Anna Karenina,0.20685,0.02101,-0.11595,0.00287,0.29700
Anna Karenina,0.20714,0.02009,-0.11572,0.00291,0.29700
Anna Karenina,0.20743,0.02073,-0.11657,0.00309,0.29800
Anna Karenina,0.20772,0.02025,-0.11683,0.00290,0.29800
Anna Karenina,0.20801,0.02154,-0.11652,0.00308,0.29700
Anna Karenina,0.20830,0.02221,-0.11593,0.00320,0.29700
Anna Karenina,0.20859,0.02152,-0.11607,0.00303,0.29800
Anna Karenina,0.20888,0.02121,-0.11689,0.00327,0.29900
Anna Karenina,0.20917,0.02173,-0.11627,0.00375,0.29800
Anna Karenina,0.20946,0.02056,-0.11514,0.00394,0.29800
Anna Karenina,0.20975,0.02118,-0.11369,0.00384,0.29800
Anna Karenina,0.21004,0.02181,-0.11409,0.00353,0.29800
Anna Karenina,0.21033,0.02190,-0.11418,0.00372,0.29700
Anna Karenina,0.21062,0.02100,-0.11390,0.00401,0.29600
Anna Karenina,0.21091,0.02008,-0.11335,0.00361,0.29600
Anna Karenina,0.21120,0.02006,-0.11237,0.00303,0.29600
Anna Karenina,0.21149,0.02039,-0.11269,0.00275,0.29500
Anna Karenina,0.21178,0.01883,-0.11227,0.00229,0.29600
Anna Karenina,0.21207,0.01793,-0.11062,0.00243,0.29500
Anna Karenina,0.21236,0.01889,-0.10988,0.00270,0.29600
Anna Karenina,0.21265,0.01841,-0.10789,0.00242,0.29600
Anna Karenina,0.21294,0.01824,-0.10613,0.00210,0.29500
Anna Karenina,0.21323,0.01835,-0.10635,0.00204,0.29400
Anna Karenina,0.21352,0.01866,-0.10710,0.00238,0.29400
Anna Karenina,0.21381,0.01767,-0.10700,0.00218,0.29400
Anna Karenina,0.21410,0.01732,-0.10811,0.00196,0.29400
Anna Karenina,0.21439,0.01677,-0.10798,0.00198,0.29400
Anna Karenina,0.21468,0.01630,-0.10737,0.00181,0.29500
Anna Karenina,0.21497,0.01701,-0.10676,0.00191,0.29600
Anna Karenina,0.21526,0.01815,-0.10557,0.00265,0.29600
Anna Karenina,0.21555,0.01948,-0.10573,0.00231,0.29600
Anna Karenina,0.21584,0.01985,-0.10576,0.00228,0.29500
Anna Karenina,0.21613,0.02049,-0.10641,0.00202,0.29500
Anna Karenina,0.21642,0.01999,-0.10636,0.00186,0.29500
Anna Karenina,0.21671,0.02074,-0.10670,0.00200,0.29300
Anna Karenina,0.21700,0.02131,-0.10722,0.00208,0.29300
Anna Karenina,0.21729,0.02133,-0.10842,0.00188,0.29300
Anna Karenina,0.21758,0.02140,-0.10859,0.00214,0.29300
Anna Karenina,0.21787,0.02190,-0.10797,0.00183,0.29200
Anna Karenina,0.21816,0.02182,-0.10804,0.00162,0.29200
Anna Karenina,0.21845,0.02083,-0.10774,0.00156,0.29300
Anna Karenina,0.21874,0.02206,-0.10815,0.00151,0.29300
Anna Karenina,0.21903,0.02189,-0.10820,0.00126,0.29200
Anna Karenina,0.21932,0.02139,-0.10712,0.00132,0.29100
Anna Karenina,0.21961,0.02148,-0.10764,0.00110,0.29200
Anna Karenina,0.21990,0.02209,-0.10617,0.00077,0.29300
Anna Karenina,0.22019,0.02136,-0.10519,0.00122,0.29200
Anna Karenina,0.22048,0.02206,-0.10454,0.00098,0.29200
Anna Karenina,0.22077,0.02148,-0.10447,0.00138,0.29300
Anna Karenina,0.22106,0.02204,-0.10474,0.00108,0.29300
Anna Karenina,0.22135,0.02113,-0.10418,0.00174,0.29300
Anna Karenina,0.22164,0.02124,-0.10418,0.00229,0.29400
Anna Karenina,0.22193,0.02155,-0.10459,0.00225,0.29200
Anna Karenina,0.22222,0.02142,-0.10488,0.00247,0.29300
Anna Karenina,0.22251,0.02132,-0.10556,0.00184,0.29200
Anna Karenina,0.22280,0.02234,-0.10592,0.00162,0.29100
Anna Karenina,0.22309,0.02188,-0.10624,0.00181,0.29100
Anna Karenina,0.22338,0.02184,-0.10584,0.00199,0.29100
Anna Karenina,0.22367,0.02124,-0.10585,0.00166,0.29000
Anna Karenina,0.22396,0.02277,-0.10708,0.00137,0.29100
Anna Karenina,0.22425,0.02304,-0.10711,0.00109,0.29200
Anna Karenina,0.22454,0.02265,-0.10688,0.00079,0.29200
Anna Karenina,0.22483,0.02254,-0.10718,0.00089,0.29200
Anna Karenina,0.22512,0.02113,-0.10556,0.00086,0.29100
Anna Karenina,0.22541,0.02137,-0.10491,0.00145,0.29000
Anna Karenina,0.22570,0.02158,-0.10485,0.00162,0.29000
Anna Karenina,0.22599,0.02302,-0.10435,0.00154,0.29000
Anna Karenina,0.22628,0.02301,-0.10429,0.00101,0.29000
Anna Karenina,0.22657,0.02282,-0.10457,0.00074,0.29100
Anna Karenina,0.22686,0.02196,-0.10425,0.00099,0.29100
Anna Karenina,0.22715,0.02054,-0.10282,0.00168,0.29100
Anna Karenina,0.22744,0.01972,-0.10147,0.00193,0.29200
Anna Karenina,0.22773,0.01922,-0.10092,0.00193,0.29300
Anna Karenina,0.22802,0.01888,-0.10140,0.00185,0.29300
Anna Karenina,0.22831,0.01796,-0.10067,0.00205,0.29300
Anna Karenina,0.22860,0.01521,-0.10030,0.00134,0.29300
Anna Karenina,0.22889,0.01490,-0.10092,0.00110,0.29400
Anna Karenina,0.22918,0.01345,-0.10183,0.00159,0.29300
Anna Karenina,0.22947,0.01230,-0.10118,0.00166,0.29300
Anna Karenina,0.22977,0.01178,-0.10148,0.00132,0.29200
Anna Karenina,0.23006,0.01062,-0.10100,0.00118,0.29300
Anna Karenina,0.23035,0.01099,-0.10095,0.00047,0.29200
Anna Karenina,0.23064,0.01148,-0.09957,0.00055,0.29300
Anna Karenina,0.23093,0.01094,-0.09888,0.00031,0.29300
Anna Karenina,0.23122,0.00985,-0.09782,0.00021,0.29300
Anna Karenina,0.23151,0.01138,-0.09775,0.00024,0.29200
Anna Karenina,0.23180,0.01335,-0.09849,0.00017,0.29200
Anna Karenina,0.23209,0.01233,-0.09744,0.00007,0.29100
Anna Karenina,0.23238,0.01342,-0.09812,-0.00000,0.29100
Anna Karenina,0.23267,0.01142,-0.09769,-0.00004,0.29100
Anna Karenina,0.23296,0.00984,-0.09734,-0.00008,0.29000
Anna Karenina,0.23325,0.00749,-0.09688,-0.00030,0.29100
Anna Karenina,0.23354,0.00650,-0.09631,-0.00000,0.29200
Anna Karenina,0.23383,0.00589,-0.09546,0.00002,0.29200
Anna Karenina,0.23412,0.00660,-0.09503,-0.00039,0.29200
Anna Karenina,0.23441,0.00678,-0.09488,-0.00040,0.29200
Anna Karenina,0.23470,0.00670,-0.09494,-0.00038,0.29300
Anna Karenina,0.23499,0.00778,-0.09403,-0.00016,0.29300
Anna Karenina,0.23528,0.01002,-0.09479,-0.00024,0.29300
Anna Karenina,0.23557,0.01158,-0.09446,-0.00066,0.29400
Anna Karenina,0.23586,0.01323,-0.09471,-0.00066,0.29400
Anna Karenina,0.23615,0.01453,-0.09419,-0.00040,0.29300
Anna Karenina,0.23644,0.01472,-0.09243,-0.00051,0.29200
Anna Karenina,0.23673,0.01516,-0.09209,-0.00039,0.29200
Anna Karenina,0.23702,0.01539,-0.09249,-0.00022,0.29200
Anna Karenina,0.23731,0.01608,-0.09388,-0.00060,0.29200
Anna Karenina,0.23760,0.01699,-0.09456,-0.00051,0.29200
Anna Karenina,0.23789,0.01858,-0.09472,-0.00044,0.29100
Anna Karenina,0.23818,0.01841,-0.09484,-0.00084,0.29200
Anna Karenina,0.23847,0.01971,-0.09497,-0.00120,0.29200
Anna Karenina,0.23876,0.01952,-0.09504,-0.00091,0.29200
Anna Karenina,0.23905,0.01932,-0.09495,-0.00141,0.29200
Anna Karenina,0.23934,0.02026,-0.09543,-0.00144,0.29200
Anna Karenina,0.23963,0.02144,-0.09656,-0.00186,0.29300
Anna Karenina,0.23992,0.02133,-0.09661,-0.00197,0.29200
Anna Karenina,0.24021,0.02124,-0.09730,-0.00196,0.29300
Anna Karenina,0.24050,0.02053,-0.09731,-0.00169,0.29300
Anna Karenina,0.24079,0.02150,-0.09775,-0.00154,0.29200
Anna Karenina,0.24108,0.02159,-0.09859,-0.00195,0.29200
Anna Karenina,0.24137,0.02073,-0.09904,-0.00199,0.29200
Anna Karenina,0.24166,0.02048,-0.10037,-0.00223,0.29100
Anna Karenina,0.24195,0.02035,-0.10167,-0.00223,0.29100
Anna Karenina,0.24224,0.02073,-0.10203,-0.00181,0.29000
Anna Karenina,0.24253,0.02103,-0.10162,-0.00216,0.29000
Anna Karenina,0.24282,0.02164,-0.10117,-0.00205,0.29000
Anna Karenina,0.24311,0.02281,-0.10111,-0.00209,0.28900
Anna Karenina,0.24340,0.02411,-0.10160,-0.00192,0.29000
Anna Karenina,0.24369,0.02362,-0.10039,-0.00201,0.28900
Anna Karenina,0.24398,0.02269,-0.09963,-0.00206,0.28800
Anna Karenina,0.24427,0.02339,-0.09992,-0.00228,0.28800
Anna Karenina,0.24456,0.02438,-0.09959,-0.00226,0.28800
Anna Karenina,0.24485,0.02479,-0.09882,-0.00242,0.28800
Anna Karenina,0.24514,0.02570,-0.09898,-0.00232,0.28800
Anna Karenina,0.24543,0.02766,-0.09994,-0.00259,0.28800
Anna Karenina,0.24572,0.02779,-0.10032,-0.00267,0.28800
Anna Karenina,0.24601,0.02757,-0.10040,-0.00301,0.28800
Anna Karenina,0.24630,0.02804,-0.09941,-0.00328,0.28600
Anna Karenina,0.24659,0.02798,-0.09900,-0.00369,0.28600
Anna Karenina,0.24688,0.02749,-0.09902,-0.00361,0.28600
Anna Karenina,0.24717,0.02779,-0.09934,-0.00353,0.28600
Anna Karenina,0.24746,0.02868,-0.09928,-0.00359,0.28500
Anna Karenina,0.24775,0.02765,-0.09830,-0.00385,0.28500
Anna Karenina,0.24804,0.02767,-0.09878,-0.00346,0.28600
Anna Karenina,0.24833,0.02746,-0.09935,-0.00377,0.28600
Anna Karenina,0.24862,0.02752,-0.09861,-0.00360,0.28600
Anna Karenina,0.24891,0.02699,-0.09866,-0.00337,0.28500
Anna Karenina,0.24920,0.02612,-0.09787,-0.00400,0.28500
Anna Karenina,0.24949,0.02564,-0.09785,-0.00360,0.28400
Anna Karenina,0.24978,0.02638,-0.09684,-0.00362,0.28400
Anna Karenina,0.25007,0.02522,-0.09494,-0.00303,0.28300
Anna Karenina,0.25036,0.02602,-0.09565,-0.00408,0.28400
Anna Karenina,0.25065,0.02614,-0.09568,-0.00435,0.28300
Anna Karenina,0.25094,0.02704,-0.09626,-0.00449,0.28400
Anna Karenina,0.25123,0.02796,-0.09667,-0.00460,0.28400
Anna Karenina,0.25152,0.02775,-0.09684,-0.00439,0.28400
Anna Karenina,0.25181,0.02737,-0.09700,-0.00453,0.28400
Anna Karenina,0.25210,0.02776,-0.09715,-0.00495,0.28400
Anna Karenina,0.25239,0.02844,-0.09767,-0.00494,0.28400
Anna Karenina,0.25268,0.02811,-0.09774,-0.00486,0.28300
Anna Karenina,0.25297,0.02687,-0.09805,-0.00442,0.28400
Anna Karenina,0.25326,0.02683,-0.09895,-0.00426,0.28300
Anna Karenina,0.25355,0.02811,-0.09918,-0.00355,0.28300
Anna Karenina,0.25384,0.02817,-0.10024,-0.00343,0.28400
Anna Karenina,0.25413,0.02815,-0.10099,-0.00318,0.28400
Anna Karenina,0.25442,0.02790,-0.10057,-0.00303,0.28400
Anna Karenina,0.25471,0.02820,-0.09967,-0.00337,0.28400
Anna Karenina,0.25500,0.02702,-0.10025,-0.00352,0.28500
Anna Karenina,0.25529,0.02751,-0.10057,-0.00288,0.28500
Anna Karenina,0.25558,0.02855,-0.09858,-0.00311,0.28600
Anna Karenina,0.25587,0.02877,-0.09858,-0.00321,0.28500
Anna Karenina,0.25616,0.03031,-0.09993,-0.00303,0.28500
Anna Karenina,0.25645,0.03058,-0.10105,-0.00298,0.28400
Anna Karenina,0.25674,0.03009,-0.10117,-0.00277,0.28300
Anna Karenina,0.25704,0.03166,-0.10217,-0.00225,0.28300
Anna Karenina,0.25733,0.03155,-0.10333,-0.00208,0.28400
Anna Karenina,0.25762,0.03254,-0.10281,-0.00104,0.28300
Anna Karenina,0.25791,0.03345,-0.10298,-0.00049,0.28300
Anna Karenina,0.25820,0.03469,-0.10353,-0.00056,0.28300
Anna Karenina,0.25849,0.03547,-0.10425,-0.00026,0.28300
Anna Karenina,0.25878,0.03587,-0.10519,0.00015,0.28300
Anna Karenina,0.25907,0.03841,-0.10595,0.00070,0.28300
Anna Karenina,0.25936,0.03813,-0.10650,0.00138,0.28200
Anna Karenina,0.25965,0.03763,-0.10840,0.00166,0.28200
Anna Karenina,0.25994,0.03824,-0.10936,0.00188,0.28100
Anna Karenina,0.26023,0.03942,-0.11004,0.00184,0.28100
Anna Karenina,0.26052,0.03959,-0.11038,0.00206,0.28100
Anna Karenina,0.26081,0.03801,-0.11091,0.00203,0.28100
Anna Karenina,0.26110,0.03761,-0.11119,0.00249,0.28100
Anna Karenina,0.26139,0.03766,-0.11089,0.00241,0.28100
Anna Karenina,0.26168,0.03831,-0.11077,0.00284,0.28000
Anna Karenina,0.26197,0.03900,-0.11183,0.00284,0.28100
Anna Karenina,0.26226,0.04046,-0.11257,0.00275,0.28000
Anna Karenina,0.26255,0.04310,-0.11434,0.00214,0.28000
Anna Karenina,0.26284,0.04536,-0.11636,0.00229,0.28000
Anna Karenina,0.26313,0.04617,-0.11798,0.00256,0.28000
Anna Karenina,0.26342,0.04703,-0.11819,0.00238,0.27900
Anna Karenina,0.26371,0.04608,-0.11813,0.00255,0.28000
Anna Karenina,0.26400,0.04733,-0.11948,0.00275,0.28000
Anna Karenina,0.26429,0.04758,-0.11974,0.00270,0.28000
Anna Karenina,0.26458,0.04800,-0.11992,0.00314,0.27900
Anna Karenina,0.26487,0.04782,-0.12006,0.00367,0.27900
Anna Karenina,0.26516,0.04731,-0.12004,0.00351,0.28000
Anna Karenina,0.26545,0.04830,-0.12194,0.00337,0.28000
Anna Karenina,0.26574,0.04857,-0.12212,0.00397,0.28000
Anna Karenina,0.26603,0.04792,-0.12179,0.00362,0.27900
Anna Karenina,0.26632,0.04696,-0.12091,0.00402,0.27900
Anna Karenina,0.26661,0.04649,-0.11977,0.00427,0.27900
Anna Karenina,0.26690,0.04524,-0.11964,0.00424,0.27900
Anna Karenina,0.26719,0.04463,-0.12024,0.00454,0.27800
Anna Karenina,0.26748,0.04529,-0.12092,0.00491,0.27900
Anna Karenina,0.26777,0.04637,-0.12132,0.00504,0.27900
Anna Karenina,0.26806,0.04694,-0.12243,0.00640,0.27900
Anna Karenina,0.26835,0.04723,-0.12265,0.00655,0.27800
Anna Karenina,0.26864,0.04778,-0.12150,0.00697,0.27900
Anna Karenina,0.26893,0.04792,-0.12158,0.00703,0.27800
Anna Karenina,0.26922,0.04914,-0.12252,0.00710,0.27800
Anna Karenina,0.26951,0.05074,-0.12278,0.00684,0.27800
Anna Karenina,0.26980,0.05091,-0.12264,0.00674,0.27900
Anna Karenina,0.27009,0.05003,-0.12231,0.00675,0.28100
Anna Karenina,0.27038,0.05035,-0.12243,0.00711,0.28100
Anna Karenina,0.27067,0.05042,-0.12234,0.00745,0.28100
Anna Karenina,0.27096,0.05131,-0.12299,0.00760,0.28200
Anna Karenina,0.27125,0.04978,-0.12176,0.00761,0.28200
Anna Karenina,0.27154,0.04995,-0.12211,0.00821,0.28200
Anna Karenina,0.27183,0.05043,-0.12275,0.00837,0.28300
Anna Karenina,0.27212,0.04996,-0.12258,0.00812,0.28400
Anna Karenina,0.27241,0.04872,-0.12203,0.00743,0.28400
Anna Karenina,0.27270,0.04886,-0.12349,0.00743,0.28400
Anna Karenina,0.27299,0.04778,-0.12433,0.00741,0.28500
Anna Karenina,0.27328,0.04778,-0.12609,0.00726,0.28500
Anna Karenina,0.27357,0.04672,-0.12661,0.00778,0.28500
Anna Karenina,0.27386,0.04751,-0.12696,0.00821,0.28400
Anna Karenina,0.27415,0.04736,-0.12626,0.00816,0.28400
Anna Karenina,0.27444,0.04685,-0.12609,0.00885,0.28300
Anna Karenina,0.27473,0.04637,-0.12664,0.00885,0.28500
Anna Karenina,0.27502,0.04674,-0.12616,0.00924,0.28600
Anna Karenina,0.27531,0.04554,-0.12718,0.00934,0.28700
Anna Karenina,0.27560,0.04593,-0.12803,0.00958,0.28600
Anna Karenina,0.27589,0.04581,-0.12853,0.00947,0.28600
Anna Karenina,0.27618,0.04563,-0.12748,0.00973,0.28600
Anna Karenina,0.27647,0.04563,-0.12707,0.00975,0.28600
Anna Karenina,0.27676,0.04500,-0.12600,0.01008,0.28600
Anna Karenina,0.27705,0.04438,-0.12507,0.00969,0.28700
Anna Karenina,0.27734,0.04501,-0.12507,0.00991,0.28700
Anna Karenina,0.27763,0.04448,-0.12627,0.00968,0.28700
Anna Karenina,0.27792,0.04437,-0.12688,0.00986,0.28700
Anna Karenina,0.27821,0.04448,-0.12766,0.01014,0.28600
Anna Karenina,0.27850,0.04402,-0.12809,0.01013,0.28700
Anna Karenina,0.27879,0.04539,-0.12926,0.01001,0.28800
Anna Karenina,0.27908,0.04656,-0.13122,0.00956,0.28800
Anna Karenina,0.27937,0.04736,-0.13194,0.00990,0.28700
Anna Karenina,0.27966,0.04682,-0.13136,0.00993,0.28700
Anna Karenina,0.27995,0.04604,-0.13094,0.01008,0.28600
Anna Karenina,0.28024,0.04597,-0.13082,0.00991,0.28500
Anna Karenina,0.28053,0.04709,-0.13066,0.00990,0.28500
Anna Karenina,0.28082,0.04831,-0.13144,0.00974,0.28500
Anna Karenina,0.28111,0.04932,-0.13166,0.00985,0.28500
Anna Karenina,0.28140,0.04963,-0.13160,0.00956,0.28600
Anna Karenina,0.28169,0.05103,-0.13192,0.00966,0.28800
Anna Karenina,0.28198,0.05181,-0.13262,0.00936,0.28700
Anna Karenina,0.28227,0.05018,-0.13228,0.00926,0.28700
Anna Karenina,0.28256,0.04820,-0.13222,0.00894,0.28700
Anna Karenina,0.28285,0.04847,-0.13115,0.00881,0.28700
Anna Karenina,0.28314,0.04962,-0.13169,0.00888,0.28800
Anna Karenina,0.28343,0.04820,-0.13212,0.00812,0.28800
Anna Karenina,0.28372,0.04707,-0.13270,0.00811,0.28800
Anna Karenina,0.28402,0.04742,-0.13268,0.00827,0.28800
Anna Karenina,0.28431,0.04676,-0.13273,0.00809,0.28700
Anna Karenina,0.28460,0.04491,-0.13410,0.00847,0.28700
Anna Karenina,0.28489,0.04408,-0.13433,0.00869,0.28800
Anna Karenina,0.28518,0.04317,-0.13460,0.00803,0.28700
Anna Karenina,0.28547,0.04277,-0.13459,0.00805,0.28800
Anna Karenina,0.28576,0.04343,-0.13535,0.00773,0.28800
Anna Karenina,0.28605,0.04172,-0.13437,0.00684,0.28800
Anna Karenina,0.28634,0.04216,-0.13453,0.00640,0.28700
Anna Karenina,0.28663,0.04304,-0.13526,0.00568,0.28700
Anna Karenina,0.28692,0.04250,-0.13559,0.00489,0.28700
Anna Karenina,0.28721,0.04148,-0.13390,0.00504,0.28800
Anna Karenina,0.28750,0.04045,-0.13299,0.00470,0.28800
Anna Karenina,0.28779,0.03982,-0.13260,0.00433,0.28800
Anna Karenina,0.28808,0.03810,-0.13207,0.00393,0.28800
Anna Karenina,0.28837,0.03762,-0.13169,0.00360,0.28900
Anna Karenina,0.28866,0.03802,-0.13112,0.00291,0.28900
Anna Karenina,0.28895,0.03848,-0.13077,0.00265,0.28900
Anna Karenina,0.28924,0.03823,-0.13080,0.00243,0.28900
Anna Karenina,0.28953,0.03787,-0.13057,0.00206,0.28800
Anna Karenina,0.28982,0.03877,-0.12923,0.00194,0.28800
Anna Karenina,0.29011,0.03947,-0.12926,0.00176,0.28800
Anna Karenina,0.29040,0.04139,-0.12966,0.00139,0.28900
Anna Karenina,0.29069,0.04113,-0.12983,0.00090,0.29000
Anna Karenina,0.29098,0.04087,-0.12903,0.00062,0.29000
Anna Karenina,0.29127,0.04208,-0.12999,0.00010,0.29000
Anna Karenina,0.29156,0.04152,-0.12977,0.00007,0.29000
Anna Karenina,0.29185,0.03946,-0.12881,-0.00011,0.28900
Anna Karenina,0.29214,0.03866,-0.12753,-0.00036,0.28900
Anna Karenina,0.29243,0.03702,-0.12735,-0.00050,0.29000
Anna Karenina,0.29272,0.03747,-0.12701,-0.00064,0.28900
Anna Karenina,0.29301,0.03617,-0.12697,-0.00052,0.29000
Anna Karenina,0.29330,0.03677,-0.12703,-0.00046,0.29100
Anna Karenina,0.29359,0.03533,-0.12741,-0.00028,0.29200
Anna Karenina,0.29388,0.03342,-0.12723,-0.00084,0.29100
Anna Karenina,0.29417,0.03273,-0.12744,-0.00113,0.29100
Anna Karenina,0.29446,0.03181,-0.12676,-0.00118,0.29100
Anna Karenina,0.29475,0.03092,-0.12615,-0.00181,0.29200
Anna Karenina,0.29504,0.03120,-0.12583,-0.00185,0.29300
Anna Karenina,0.29533,0.03093,-0.12558,-0.00203,0.29200
Anna Karenina,0.29562,0.03030,-0.12527,-0.00216,0.29200
Anna Karenina,0.29591,0.02962,-0.12446,-0.00229,0.29300
Anna Karenina,0.29620,0.02927,-0.12380,-0.00235,0.29400
Anna Karenina,0.29649,0.02765,-0.12333,-0.00261,0.29300
Anna Karenina,0.29678,0.02588,-0.12320,-0.00289,0.29300
Anna Karenina,0.29707,0.02442,-0.12235,-0.00344,0.29300
Anna Karenina,0.29736,0.02266,-0.12214,-0.00370,0.29300
Anna Karenina,0.29765,0.02091,-0.12291,-0.00413,0.29200
Anna Karenina,0.29794,0.02164,-0.12306,-0.00438,0.29300
Anna Karenina,0.29823,0.02025,-0.12169,-0.00391,0.29300
Anna Karenina,0.29852,0.01920,-0.12062,-0.00376,0.29300
Anna Karenina,0.29881,0.01815,-0.12048,-0.00317,0.29400
Anna Karenina,0.29910,0.01929,-0.12078,-0.00332,0.29200
Anna Karenina,0.29939,0.01856,-0.12037,-0.00376,0.29100
Anna Karenina,0.29968,0.01888,-0.11978,-0.00432,0.29000
Anna Karenina,0.29997,0.01724,-0.11965,-0.00450,0.29000
Anna Karenina,0.30026,0.01747,-0.12043,-0.00494,0.29000
Anna Karenina,0.30055,0.01626,-0.12110,-0.00509,0.29000
Anna Karenina,0.30084,0.01573,-0.12094,-0.00506,0.29000
Anna Karenina,0.30113,0.01460,-0.12112,-0.00515,0.29000
Anna Karenina,0.30142,0.01467,-0.12133,-0.00466,0.29000
Anna Karenina,0.30171,0.01504,-0.12122,-0.00438,0.29100
Anna Karenina,0.30200,0.01533,-0.12113,-0.00429,0.29100
Anna Karenina,0.30229,0.01382,-0.12021,-0.00440,0.29000
Anna Karenina,0.30258,0.01362,-0.11961,-0.00476,0.29000
Anna Karenina,0.30287,0.01249,-0.11957,-0.00492,0.29000
Anna Karenina,0.30316,0.01105,-0.11954,-0.00465,0.29200
Anna Karenina,0.30345,0.00950,-0.11868,-0.00520,0.29300
Anna Karenina,0.30374,0.00920,-0.11818,-0.00505,0.29200
Anna Karenina,0.30403,0.00795,-0.11796,-0.00518,0.29200
Anna Karenina,0.30432,0.00805,-0.11770,-0.00487,0.29300
Anna Karenina,0.30461,0.00762,-0.11706,-0.00462,0.29400
Anna Karenina,0.30490,0.00806,-0.11710,-0.00433,0.29400
Anna Karenina,0.30519,0.00923,-0.11849,-0.00417,0.29500
Anna Karenina,0.30548,0.00914,-0.11904,-0.00385,0.29400
Anna Karenina,0.30577,0.01139,-0.12097,-0.00389,0.29400
Anna Karenina,0.30606,0.01218,-0.12247,-0.00346,0.29400
Anna Karenina,0.30635,0.01322,-0.12217,-0.00344,0.29500
Anna Karenina,0.30664,0.01368,-0.12204,-0.00309,0.29600
Anna Karenina,0.30693,0.01350,-0.12198,-0.00316,0.29700
Anna Karenina,0.30722,0.01439,-0.12241,-0.00345,0.29700
Anna Karenina,0.30751,0.01361,-0.12281,-0.00368,0.29700
Anna Karenina,0.30780,0.01126,-0.12370,-0.00397,0.29700
Anna Karenina,0.30809,0.01161,-0.12386,-0.00398,0.29700
Anna Karenina,0.30838,0.01071,-0.12362,-0.00376,0.29700
Anna Karenina,0.30867,0.01152,-0.12418,-0.00382,0.29800
Anna Karenina,0.30896,0.01165,-0.12483,-0.00339,0.29800
Anna Karenina,0.30925,0.01070,-0.12449,-0.00306,0.29800
Anna Karenina,0.30954,0.00932,-0.12424,-0.00295,0.29800
Anna Karenina,0.30983,0.00837,-0.12319,-0.00277,0.29800
Anna Karenina,0.31012,0.00800,-0.12234,-0.00253,0.29800
Anna Karenina,0.31041,0.00658,-0.12206,-0.00247,0.29800
Anna Karenina,0.31070,0.00426,-0.12180,-0.00245,0.29800
Anna Karenina,0.31100,0.00340,-0.12068,-0.00189,0.29800
Anna Karenina,0.31129,0.00486,-0.12071,-0.00165,0.29800
Anna Karenina,0.31158,0.00549,-0.12122,-0.00181,0.29800
Anna Karenina,0.31187,0.00624,-0.12221,-0.00208,0.29800
Anna Karenina,0.31216,0.00549,-0.12176,-0.00220,0.29700
Anna Karenina,0.31245,0.00649,-0.12169,-0.00184,0.29600
Anna Karenina,0.31274,0.00694,-0.12178,-0.00133,0.29600
Anna Karenina,0.31303,0.00785,-0.12196,-0.00081,0.29600
Anna Karenina,0.31332,0.00864,-0.12209,-0.00056,0.29600
Anna Karenina,0.31361,0.01000,-0.12252,-0.00052,0.29600
Anna Karenina,0.31390,0.01102,-0.12211,-0.00048,0.29500
Anna Karenina,0.31419,0.01098,-0.12126,0.00015,0.29500
Anna Karenina,0.31448,0.01169,-0.12079,0.00044,0.29500
Anna Karenina,0.31477,0.01140,-0.12040,0.00106,0.29500
Anna Karenina,0.31506,0.01192,-0.12087,0.00137,0.29500
Anna Karenina,0.31535,0.01032,-0.12005,0.00219,0.29500
Anna Karenina,0.31564,0.00903,-0.12027,0.00293,0.29400
Anna Karenina,0.31593,0.00900,-0.12076,0.00408,0.29400
Anna Karenina,0.31622,0.00995,-0.12197,0.00400,0.29400
Anna Karenina,0.31651,0.00959,-0.12272,0.00436,0.29300
Anna Karenina,0.31680,0.01041,-0.12349,0.00439,0.29400
Anna Karenina,0.31709,0.00995,-0.12362,0.00460,0.29300
Anna Karenina,0.31738,0.00965,-0.12417,0.00475,0.29200
Anna Karenina,0.31767,0.00965,-0.12399,0.00546,0.29200
Anna Karenina,0.31796,0.00904,-0.12282,0.00565,0.29300
Anna Karenina,0.31825,0.00896,-0.12304,0.00591,0.29300
Anna Karenina,0.31854,0.00956,-0.12328,0.00678,0.29400
Anna Karenina,0.31883,0.00891,-0.12418,0.00716,0.29400
Anna Karenina,0.31912,0.00898,-0.12522,0.00729,0.29400
Anna Karenina,0.31941,0.00827,-0.12569,0.00716,0.29300
Anna Karenina,0.31970,0.00808,-0.12649,0.00757,0.29200
Anna Karenina,0.31999,0.00778,-0.12580,0.00787,0.29200
Anna Karenina,0.32028,0.00692,-0.12516,0.00871,0.29100
Anna Karenina,0.32057,0.00577,-0.12432,0.00906,0.29000
Anna Karenina,0.32086,0.00538,-0.12446,0.00907,0.29000
Anna Karenina,0.32115,0.00621,-0.12539,0.00955,0.29000
Anna Karenina,0.32144,0.00790,-0.12615,0.00981,0.29000
Anna Karenina,0.32173,0.00836,-0.12636,0.00974,0.29000
Anna Karenina,0.32202,0.00798,-0.12621,0.00919,0.28900
Anna Karenina,0.32231,0.00701,-0.12584,0.00917,0.28800
Anna Karenina,0.32260,0.00685,-0.12495,0.00932,0.28700
Anna Karenina,0.32289,0.00784,-0.12468,0.00965,0.28800
Anna Karenina,0.32318,0.00859,-0.12485,0.01005,0.28700
Anna Karenina,0.32347,0.00890,-0.12410,0.01023,0.28800
Anna Karenina,0.32376,0.01008,-0.12327,0.01041,0.28800
Anna Karenina,0.32405,0.00967,-0.12339,0.01072,0.28800
Anna Karenina,0.32434,0.01026,-0.12410,0.01036,0.28800
Anna Karenina,0.32463,0.01065,-0.12484,0.01001,0.28800
Anna Karenina,0.32492,0.01028,-0.12521,0.00981,0.28900
Anna Karenina,0.32521,0.01066,-0.12614,0.00998,0.28800
Anna Karenina,0.32550,0.01051,-0.12530,0.00969,0.28800
Anna Karenina,0.32579,0.01001,-0.12485,0.00944,0.28700
Anna Karenina,0.32608,0.00925,-0.12479,0.00923,0.28800
Anna Karenina,0.32637,0.00880,-0.12447,0.00939,0.28900
Anna Karenina,0.32666,0.00979,-0.12495,0.00993,0.28900
Anna Karenina,0.32695,0.00939,-0.12466,0.01031,0.28900
Anna Karenina,0.32724,0.00893,-0.12494,0.00957,0.29000
Anna Karenina,0.32753,0.00910,-0.12571,0.00944,0.29000
Anna Karenina,0.32782,0.00951,-0.12531,0.00939,0.29000
Anna Karenina,0.32811,0.00940,-0.12438,0.01010,0.29100
Anna Karenina,0.32840,0.00930,-0.12356,0.01019,0.29100
Anna Karenina,0.32869,0.01098,-0.12448,0.01024,0.29200
Anna Karenina,0.32898,0.01140,-0.12399,0.01011,0.29200
Anna Karenina,0.32927,0.01220,-0.12469,0.01072,0.29300
Anna Karenina,0.32956,0.01329,-0.12408,0.01057,0.29300
Anna Karenina,0.32985,0.01394,-0.12443,0.01064,0.29400
Anna Karenina,0.33014,0.01444,-0.12421,0.01089,0.29400
Anna Karenina,0.33043,0.01365,-0.12416,0.01073,0.29400
Anna Karenina,0.33072,0.01345,-0.12470,0.01071,0.29300
Anna Karenina,0.33101,0.01439,-0.12583,0.01050,0.29300
Anna Karenina,0.33130,0.01532,-0.12550,0.01078,0.29300
Anna Karenina,0.33159,0.01437,-0.12581,0.01110,0.29300
Anna Karenina,0.33188,0.01501,-0.12649,0.01122,0.29300
Anna Karenina,0.33217,0.01640,-0.12608,0.01094,0.29300
Anna Karenina,0.33246,0.01757,-0.12526,0.01103,0.29300
Anna Karenina,0.33275,0.01858,-0.12470,0.01065,0.29300
Anna Karenina,0.33304,0.01916,-0.12324,0.01068,0.29200
Anna Karenina,0.33333,0.02065,-0.12301,0.01094,0.29200
Anna Karenina,0.33362,0.02095,-0.12186,0.01071,0.29100
Anna Karenina,0.33391,0.02163,-0.12205,0.01054,0.29100
Anna Karenina,0.33420,0.02154,-0.12132,0.01013,0.29000
Anna Karenina,0.33449,0.02150,-0.12074,0.00991,0.29000
Anna Karenina,0.33478,0.02104,-0.11975,0.00941,0.29000
Anna Karenina,0.33507,0.02103,-0.11803,0.00878,0.29000
Anna Karenina,0.33536,0.02018,-0.11701,0.00895,0.28800
Anna Karenina,0.33565,0.02042,-0.11605,0.00882,0.28800
Anna Karenina,0.33594,0.02093,-0.11518,0.00830,0.28900
Anna Karenina,0.33623,0.02193,-0.11492,0.00834,0.28900
Anna Karenina,0.33652,0.02321,-0.11312,0.00830,0.28900
Anna Karenina,0.33681,0.02460,-0.11112,0.00826,0.29000
Anna Karenina,0.33710,0.02353,-0.10985,0.00837,0.29000
Anna Karenina,0.33739,0.02306,-0.10876,0.00827,0.29100
Anna Karenina,0.33768,0.02251,-0.10752,0.00822,0.29100
Anna Karenina,0.33798,0.02275,-0.10568,0.00773,0.29100
Anna Karenina,0.33827,0.02366,-0.10564,0.00732,0.29200
Anna Karenina,0.33856,0.02514,-0.10556,0.00711,0.29200
Anna Karenina,0.33885,0.02605,-0.10661,0.00687,0.29300
Anna Karenina,0.33914,0.02474,-0.10613,0.00651,0.29300
Anna Karenina,0.33943,0.02521,-0.10687,0.00636,0.29300
Anna Karenina,0.33972,0.02525,-0.10654,0.00576,0.29300
Anna Karenina,0.34001,0.02640,-0.10684,0.00525,0.29300
Anna Karenina,0.34030,0.02574,-0.10713,0.00505,0.29400
Anna Karenina,0.34059,0.02662,-0.10669,0.00499,0.29400
Anna Karenina,0.34088,0.02563,-0.10736,0.00525,0.29400
Anna Karenina,0.34117,0.02463,-0.10790,0.00521,0.29500
Anna Karenina,0.34146,0.02639,-0.10806,0.00515,0.29500
Anna Karenina,0.34175,0.02680,-0.10798,0.00439,0.29600
Anna Karenina,0.34204,0.02600,-0.10733,0.00351,0.29700
Anna Karenina,0.34233,0.02534,-0.10680,0.00284,0.29700
Anna Karenina,0.34262,0.02478,-0.10636,0.00241,0.29700
Anna Karenina,0.34291,0.02490,-0.10643,0.00209,0.29800
Anna Karenina,0.34320,0.02572,-0.10620,0.00112,0.29900
Anna Karenina,0.34349,0.02563,-0.10595,-0.00007,0.29900
Anna Karenina,0.34378,0.02619,-0.10574,-0.00086,0.29900
Anna Karenina,0.34407,0.02611,-0.10575,-0.00104,0.29900
Anna Karenina,0.34436,0.02722,-0.10578,-0.00154,0.29800
Anna Karenina,0.34465,0.02700,-0.10570,-0.00223,0.29900
Anna Karenina,0.34494,0.02634,-0.10475,-0.00299,0.29900
Anna Karenina,0.34523,0.02516,-0.10336,-0.00300,0.29900
Anna Karenina,0.34552,0.02572,-0.10319,-0.00337,0.29900
Anna Karenina,0.34581,0.02406,-0.10247,-0.00334,0.29800
Anna Karenina,0.34610,0.02318,-0.10219,-0.00361,0.29800
Anna Karenina,0.34639,0.02390,-0.10197,-0.00382,0.29900
Anna Karenina,0.34668,0.02430,-0.10171,-0.00406,0.29800
Anna Karenina,0.34697,0.02460,-0.10205,-0.00404,0.29700
Anna Karenina,0.34726,0.02582,-0.10207,-0.00404,0.29800
Anna Karenina,0.34755,0.02592,-0.10149,-0.00413,0.29900
Anna Karenina,0.34784,0.02607,-0.10163,-0.00418,0.29900
Anna Karenina,0.34813,0.02570,-0.10150,-0.00388,0.30000
Anna Karenina,0.34842,0.02454,-0.10071,-0.00348,0.30000
Anna Karenina,0.34871,0.02508,-0.09989,-0.00342,0.30100
Anna Karenina,0.34900,0.02504,-0.10079,-0.00351,0.30100
Anna Karenina,0.34929,0.02484,-0.10084,-0.00386,0.30200
Anna Karenina,0.34958,0.02606,-0.10209,-0.00401,0.30200
Anna Karenina,0.34987,0.02678,-0.10183,-0.00386,0.30200
Anna Karenina,0.35016,0.02584,-0.10115,-0.00418,0.30200
Anna Karenina,0.35045,0.02403,-0.09995,-0.00436,0.30100
Anna Karenina,0.35074,0.02272,-0.09993,-0.00426,0.30100
Anna Karenina,0.35103,0.02244,-0.09962,-0.00424,0.30200
Anna Karenina,0.35132,0.02267,-0.09997,-0.00460,0.30200
Anna Karenina,0.35161,0.02506,-0.10060,-0.00443,0.30200
Anna Karenina,0.35190,0.02514,-0.09976,-0.00446,0.30200
Anna Karenina,0.35219,0.02495,-0.09948,-0.00425,0.30200
Anna Karenina,0.35248,0.02493,-0.09963,-0.00428,0.30100
Anna Karenina,0.35277,0.02480,-0.10070,-0.00445,0.30100
Anna Karenina,0.35306,0.02431,-0.09972,-0.00467,0.30100
Anna Karenina,0.35335,0.02543,-0.09858,-0.00395,0.30200
Anna Karenina,0.35364,0.02476,-0.09751,-0.00358,0.30200
Anna Karenina,0.35393,0.02587,-0.09764,-0.00337,0.30200
Anna Karenina,0.35422,0.02610,-0.09764,-0.00318,0.30200
Anna Karenina,0.35451,0.02692,-0.09776,-0.00300,0.30200
Anna Karenina,0.35480,0.02758,-0.09874,-0.00270,0.30100
Anna Karenina,0.35509,0.02879,-0.09961,-0.00250,0.30200
Anna Karenina,0.35538,0.02921,-0.09933,-0.00247,0.30100
Anna Karenina,0.35567,0.03005,-0.09879,-0.00247,0.30000
Anna Karenina,0.35596,0.02959,-0.09897,-0.00270,0.30000
Anna Karenina,0.35625,0.03073,-0.09950,-0.00275,0.29900
Anna Karenina,0.35654,0.03028,-0.09948,-0.00263,0.29900
Anna Karenina,0.35683,0.03084,-0.09989,-0.00300,0.29800
Anna Karenina,0.35712,0.03052,-0.10014,-0.00379,0.29700
Anna Karenina,0.35741,0.03094,-0.10073,-0.00385,0.29800
Anna Karenina,0.35770,0.02855,-0.10093,-0.00388,0.29800
Anna Karenina,0.35799,0.02814,-0.10177,-0.00372,0.29800
Anna Karenina,0.35828,0.02793,-0.10065,-0.00378,0.29700
Anna Karenina,0.35857,0.02779,-0.10038,-0.00357,0.29600
Anna Karenina,0.35886,0.02789,-0.09953,-0.00326,0.29500
Anna Karenina,0.35915,0.02816,-0.09989,-0.00363,0.29500
Anna Karenina,0.35944,0.02864,-0.10056,-0.00343,0.29500
Anna Karenina,0.35973,0.02901,-0.09973,-0.00340,0.29600
Anna Karenina,0.36002,0.02852,-0.09925,-0.00301,0.29500
Anna Karenina,0.36031,0.02856,-0.09968,-0.00324,0.29600
Anna Karenina,0.36060,0.02951,-0.09946,-0.00337,0.29700
Anna Karenina,0.36089,0.02982,-0.09832,-0.00327,0.29600
Anna Karenina,0.36118,0.03009,-0.09925,-0.00307,0.29500
Anna Karenina,0.36147,0.02981,-0.10140,-0.00285,0.29500
Anna Karenina,0.36176,0.03038,-0.10250,-0.00238,0.29500
Anna Karenina,0.36205,0.03063,-0.10399,-0.00207,0.29500
Anna Karenina,0.36234,0.02913,-0.10412,-0.00254,0.29400
Anna Karenina,0.36263,0.02875,-0.10540,-0.00242,0.29600
Anna Karenina,0.36292,0.02822,-0.10505,-0.00269,0.29600
Anna Karenina,0.36321,0.02728,-0.10519,-0.00241,0.29700
Anna Karenina,0.36350,0.02763,-0.10553,-0.00246,0.29600
Anna Karenina,0.36379,0.02756,-0.10635,-0.00201,0.29700
Anna Karenina,0.36408,0.02647,-0.10606,-0.00204,0.29700
Anna Karenina,0.36437,0.02522,-0.10714,-0.00238,0.29800
Anna Karenina,0.36466,0.02533,-0.10765,-0.00260,0.29700
Anna Karenina,0.36496,0.02483,-0.10817,-0.00238,0.29600
Anna Karenina,0.36525,0.02343,-0.10859,-0.00230,0.29700
Anna Karenina,0.36554,0.02276,-0.10975,-0.00218,0.29600
Anna Karenina,0.36583,0.02214,-0.11127,-0.00230,0.29600
Anna Karenina,0.36612,0.02169,-0.11254,-0.00252,0.29700
Anna Karenina,0.36641,0.02279,-0.11393,-0.00265,0.29700
Anna Karenina,0.36670,0.02257,-0.11450,-0.00273,0.29700
Anna Karenina,0.36699,0.02362,-0.11549,-0.00246,0.29700
Anna Karenina,0.36728,0.02360,-0.11513,-0.00167,0.29800
Anna Karenina,0.36757,0.02256,-0.11459,-0.00143,0.29800
Anna Karenina,0.36786,0.02137,-0.11423,-0.00144,0.29700
Anna Karenina,0.36815,0.02103,-0.11480,-0.00130,0.29800
Anna Karenina,0.36844,0.02235,-0.11513,-0.00116,0.29800
Anna Karenina,0.36873,0.02407,-0.11546,-0.00085,0.29900
Anna Karenina,0.36902,0.02285,-0.11545,-0.00089,0.29900
Anna Karenina,0.36931,0.02337,-0.11557,-0.00127,0.29800
Anna Karenina,0.36960,0.02296,-0.11541,-0.00112,0.29700
Anna Karenina,0.36989,0.02417,-0.11362,-0.00082,0.29800
Anna Karenina,0.37018,0.02535,-0.11311,-0.00102,0.29700
Anna Karenina,0.37047,0.02478,-0.11331,-0.00073,0.29800
Anna Karenina,0.37076,0.02512,-0.11358,-0.00069,0.29700
Anna Karenina,0.37105,0.02666,-0.11388,-0.00060,0.29700
Anna Karenina,0.37134,0.02722,-0.11399,-0.00007,0.29600
Anna Karenina,0.37163,0.02808,-0.11459,0.00004,0.29500
Anna Karenina,0.37192,0.02823,-0.11490,0.00037,0.29400
Anna Karenina,0.37221,0.02809,-0.11561,0.00080,0.29400
Anna Karenina,0.37250,0.02780,-0.11605,0.00161,0.29400
Anna Karenina,0.37279,0.02863,-0.11623,0.00221,0.29500
Anna Karenina,0.37308,0.02870,-0.11634,0.00229,0.29400
Anna Karenina,0.37337,0.02811,-0.11654,0.00226,0.29400
Anna Karenina,0.37366,0.02900,-0.11582,0.00224,0.29300
Anna Karenina,0.37395,0.02921,-0.11649,0.00265,0.29300
Anna Karenina,0.37424,0.03123,-0.11789,0.00333,0.29300
Anna Karenina,0.37453,0.03175,-0.11780,0.00337,0.29400
Anna Karenina,0.37482,0.03445,-0.11788,0.00374,0.29400
Anna Karenina,0.37511,0.03586,-0.11838,0.00402,0.29300
Anna Karenina,0.37540,0.03634,-0.11734,0.00476,0.29300
Anna Karenina,0.37569,0.03714,-0.11782,0.00416,0.29400
Anna Karenina,0.37598,0.03737,-0.11853,0.00393,0.29400
Anna Karenina,0.37627,0.03737,-0.11778,0.00362,0.29400
Anna Karenina,0.37656,0.03723,-0.11886,0.00319,0.29300
Anna Karenina,0.37685,0.03779,-0.11948,0.00302,0.29200
Anna Karenina,0.37714,0.03821,-0.11949,0.00256,0.29200
Anna Karenina,0.37743,0.03874,-0.11977,0.00266,0.29200
Anna Karenina,0.37772,0.03867,-0.12029,0.00249,0.29200
Anna Karenina,0.37801,0.03877,-0.12036,0.00258,0.29100
Anna Karenina,0.37830,0.03897,-0.12042,0.00273,0.29100
Anna Karenina,0.37859,0.03918,-0.11978,0.00321,0.29200
Anna Karenina,0.37888,0.03932,-0.12030,0.00343,0.29300
Anna Karenina,0.37917,0.04007,-0.12115,0.00356,0.29300
Anna Karenina,0.37946,0.04057,-0.12155,0.00352,0.29300
Anna Karenina,0.37975,0.04165,-0.12213,0.00339,0.29300
Anna Karenina,0.38004,0.04227,-0.12178,0.00358,0.29200
Anna Karenina,0.38033,0.04187,-0.12105,0.00355,0.29300
Anna Karenina,0.38062,0.04023,-0.12093,0.00327,0.29300
Anna Karenina,0.38091,0.04123,-0.12145,0.00283,0.29300
Anna Karenina,0.38120,0.04206,-0.12103,0.00240,0.29400
Anna Karenina,0.38149,0.04173,-0.12159,0.00236,0.29400
Anna Karenina,0.38178,0.04152,-0.12188,0.00258,0.29300
Anna Karenina,0.38207,0.04268,-0.12236,0.00289,0.29400
Anna Karenina,0.38236,0.04202,-0.12385,0.00246,0.29200
Anna Karenina,0.38265,0.04324,-0.12468,0.00238,0.29100
Anna Karenina,0.38294,0.04317,-0.12463,0.00269,0.29100
Anna Karenina,0.38323,0.04339,-0.12436,0.00261,0.29200
Anna Karenina,0.38352,0.04288,-0.12366,0.00285,0.29200
Anna Karenina,0.38381,0.04220,-0.12308,0.00265,0.29200
Anna Karenina,0.38410,0.04237,-0.12281,0.00236,0.29200
Anna Karenina,0.38439,0.04230,-0.12298,0.00195,0.29200
Anna Karenina,0.38468,0.04147,-0.12191,0.00120,0.29300
Anna Karenina,0.38497,0.04247,-0.12076,0.00080,0.29300
Anna Karenina,0.38526,0.04271,-0.12038,0.00107,0.29300
Anna Karenina,0.38555,0.04307,-0.12012,0.00121,0.29300
Anna Karenina,0.38584,0.04266,-0.11989,0.00081,0.29300
Anna Karenina,0.38613,0.04236,-0.12098,0.00046,0.29300
Anna Karenina,0.38642,0.04169,-0.12099,0.00036,0.29200
Anna Karenina,0.38671,0.04241,-0.12070,0.00037,0.29100
Anna Karenina,0.38700,0.04355,-0.11945,-0.00023,0.29100
Anna Karenina,0.38729,0.04395,-0.11957,-0.00068,0.29200
Anna Karenina,0.38758,0.04386,-0.11887,-0.00063,0.29300
Anna Karenina,0.38787,0.04364,-0.11853,-0.00088,0.29400
Anna Karenina,0.38816,0.04314,-0.11807,-0.00055,0.29300
Anna Karenina,0.38845,0.04465,-0.11706,-0.00049,0.29200
Anna Karenina,0.38874,0.04478,-0.11786,-0.00053,0.29100
Anna Karenina,0.38903,0.04569,-0.11630,-0.00124,0.29200
Anna Karenina,0.38932,0.04669,-0.11644,-0.00127,0.29100
Anna Karenina,0.38961,0.04770,-0.11678,-0.00149,0.29000
Anna Karenina,0.38990,0.04686,-0.11710,-0.00210,0.29100
Anna Karenina,0.39019,0.04643,-0.11638,-0.00259,0.29100
Anna Karenina,0.39048,0.04578,-0.11547,-0.00278,0.29100
Anna Karenina,0.39077,0.04393,-0.11446,-0.00324,0.29100
Anna Karenina,0.39106,0.04399,-0.11393,-0.00370,0.29000
Anna Karenina,0.39135,0.04519,-0.11460,-0.00345,0.29000
Anna Karenina,0.39164,0.04616,-0.11427,-0.00337,0.29000
Anna Karenina,0.39194,0.04681,-0.11498,-0.00294,0.28900
Anna Karenina,0.39223,0.04645,-0.11451,-0.00333,0.28800
Anna Karenina,0.39252,0.04652,-0.11435,-0.00348,0.29000
Anna Karenina,0.39281,0.04508,-0.11482,-0.00379,0.29000
Anna Karenina,0.39310,0.04457,-0.11561,-0.00318,0.29000
Anna Karenina,0.39339,0.04450,-0.11557,-0.00285,0.29000
Anna Karenina,0.39368,0.04352,-0.11617,-0.00297,0.29000
Anna Karenina,0.39397,0.04311,-0.11701,-0.00272,0.29000
Anna Karenina,0.39426,0.04370,-0.11753,-0.00199,0.28900
Anna Karenina,0.39455,0.04293,-0.11804,-0.00222,0.29000
Anna Karenina,0.39484,0.04327,-0.11781,-0.00195,0.28900
Anna Karenina,0.39513,0.04344,-0.11769,-0.00158,0.28800
Anna Karenina,0.39542,0.04276,-0.11715,-0.00144,0.28800
Anna Karenina,0.39571,0.04327,-0.11766,-0.00168,0.28700
Anna Karenina,0.39600,0.04223,-0.11872,-0.00119,0.28700
Anna Karenina,0.39629,0.04253,-0.11938,-0.00166,0.28700
Anna Karenina,0.39658,0.04401,-0.12039,-0.00094,0.28700
Anna Karenina,0.39687,0.04456,-0.12019,-0.00054,0.28600
Anna Karenina,0.39716,0.04597,-0.12002,-0.00088,0.28500
Anna Karenina,0.39745,0.04558,-0.11903,-0.00117,0.28500
Anna Karenina,0.39774,0.04566,-0.11851,-0.00114,0.28500
Anna Karenina,0.39803,0.04640,-0.11891,-0.00106,0.28500
Anna Karenina,0.39832,0.04671,-0.11898,-0.00082,0.28500
Anna Karenina,0.39861,0.04682,-0.11871,-0.00057,0.28400
Anna Karenina,0.39890,0.04693,-0.11972,-0.00042,0.28400
Anna Karenina,0.39919,0.04713,-0.12013,-0.00058,0.28400
Anna Karenina,0.39948,0.04656,-0.11922,-0.00060,0.28400
Anna Karenina,0.39977,0.04661,-0.11947,-0.00017,0.28500
Anna Karenina,0.40006,0.04462,-0.11887,-0.00013,0.28500
Anna Karenina,0.40035,0.04457,-0.11832,-0.00012,0.28500
Anna Karenina,0.40064,0.04483,-0.11836,0.00002,0.28500
Anna Karenina,0.40093,0.04340,-0.11874,0.00001,0.28700
Anna Karenina,0.40122,0.04273,-0.11877,-0.00014,0.28700
Anna Karenina,0.40151,0.04223,-0.11889,-0.00016,0.28700
Anna Karenina,0.40180,0.04133,-0.11863,-0.00045,0.28700
Anna Karenina,0.40209,0.04139,-0.11748,-0.00023,0.28800
Anna Karenina,0.40238,0.04235,-0.11756,-0.00034,0.28800
Anna Karenina,0.40267,0.04226,-0.11884,-0.00017,0.28800
Anna Karenina,0.40296,0.04222,-0.11859,-0.00062,0.28900
Anna Karenina,0.40325,0.04095,-0.11823,-0.00102,0.28900
Anna Karenina,0.40354,0.04059,-0.11841,-0.00097,0.28800
Anna Karenina,0.40383,0.03883,-0.11742,-0.00172,0.28800
Anna Karenina,0.40412,0.03896,-0.11676,-0.00246,0.29000
Anna Karenina,0.40441,0.03735,-0.11738,-0.00258,0.29000
Anna Karenina,0.40470,0.03668,-0.11721,-0.00241,0.29000
Anna Karenina,0.40499,0.03621,-0.11777,-0.00261,0.29000
Anna Karenina,0.40528,0.03485,-0.11786,-0.00237,0.29100
Anna Karenina,0.40557,0.03445,-0.11770,-0.00223,0.29200
Anna Karenina,0.40586,0.03414,-0.11689,-0.00235,0.29100
Anna Karenina,0.40615,0.03438,-0.11726,-0.00257,0.29200
Anna Karenina,0.40644,0.03383,-0.11659,-0.00322,0.29200
Anna Karenina,0.40673,0.03360,-0.11612,-0.00303,0.29300
Anna Karenina,0.40702,0.03291,-0.11595,-0.00328,0.29400
Anna Karenina,0.40731,0.03347,-0.11541,-0.00359,0.29500
Anna Karenina,0.40760,0.03265,-0.11527,-0.00418,0.29500
Anna Karenina,0.40789,0.03374,-0.11437,-0.00485,0.29400
Anna Karenina,0.40818,0.03297,-0.11361,-0.00525,0.29400
Anna Karenina,0.40847,0.03324,-0.11334,-0.00562,0.29400
Anna Karenina,0.40876,0.03326,-0.11323,-0.00573,0.29500
Anna Karenina,0.40905,0.03302,-0.11408,-0.00564,0.29500
Anna Karenina,0.40934,0.03377,-0.11464,-0.00520,0.29400
Anna Karenina,0.40963,0.03453,-0.11465,-0.00555,0.29400
Anna Karenina,0.40992,0.03417,-0.11509,-0.00546,0.29400
Anna Karenina,0.41021,0.03317,-0.11480,-0.00572,0.29400
Anna Karenina,0.41050,0.03351,-0.11516,-0.00590,0.29400
Anna Karenina,0.41079,0.03415,-0.11517,-0.00588,0.29500
Anna Karenina,0.41108,0.03350,-0.11521,-0.00634,0.29400
Anna Karenina,0.41137,0.03457,-0.11473,-0.00616,0.29500
Anna Karenina,0.41166,0.03463,-0.11525,-0.00600,0.29500
Anna Karenina,0.41195,0.03554,-0.11498,-0.00657,0.29600
Anna Karenina,0.41224,0.03517,-0.11486,-0.00672,0.29600
Anna Karenina,0.41253,0.03570,-0.11578,-0.00746,0.29600
Anna Karenina,0.41282,0.03797,-0.11624,-0.00752,0.29700
Anna Karenina,0.41311,0.03889,-0.11606,-0.00725,0.29800
Anna Karenina,0.41340,0.04005,-0.11548,-0.00681,0.29900
Anna Karenina,0.41369,0.04049,-0.11597,-0.00693,0.29800
Anna Karenina,0.41398,0.03993,-0.11658,-0.00654,0.29800
Anna Karenina,0.41427,0.04016,-0.11643,-0.00665,0.29700
Anna Karenina,0.41456,0.04023,-0.11583,-0.00686,0.29800
Anna Karenina,0.41485,0.04126,-0.11619,-0.00647,0.29800
Anna Karenina,0.41514,0.04148,-0.11585,-0.00642,0.29900
Anna Karenina,0.41543,0.04162,-0.11594,-0.00660,0.29900
Anna Karenina,0.41572,0.04122,-0.11667,-0.00676,0.30000
Anna Karenina,0.41601,0.04207,-0.11766,-0.00633,0.30000
Anna Karenina,0.41630,0.04126,-0.11826,-0.00615,0.30000
Anna Karenina,0.41659,0.04170,-0.11860,-0.00656,0.29900
Anna Karenina,0.41688,0.04084,-0.11919,-0.00722,0.29900
Anna Karenina,0.41717,0.04026,-0.11796,-0.00734,0.29900
Anna Karenina,0.41746,0.03955,-0.11872,-0.00779,0.30000
Anna Karenina,0.41775,0.03997,-0.11841,-0.00835,0.30000
Anna Karenina,0.41804,0.03914,-0.11999,-0.00820,0.29900
Anna Karenina,0.41833,0.03925,-0.12008,-0.00857,0.29900
Anna Karenina,0.41862,0.03844,-0.11968,-0.00893,0.29900
Anna Karenina,0.41891,0.03947,-0.11947,-0.00948,0.29900
Anna Karenina,0.41921,0.03965,-0.12028,-0.00927,0.29900
Anna Karenina,0.41950,0.04017,-0.12023,-0.00955,0.29900
Anna Karenina,0.41979,0.03996,-0.11966,-0.00914,0.29900
Anna Karenina,0.42008,0.03972,-0.12032,-0.00883,0.30000
Anna Karenina,0.42037,0.03986,-0.11967,-0.00945,0.30200
Anna Karenina,0.42066,0.03956,-0.12006,-0.00980,0.30200
Anna Karenina,0.42095,0.03863,-0.12037,-0.00987,0.30300
Anna Karenina,0.42124,0.03854,-0.12110,-0.00984,0.30300
Anna Karenina,0.42153,0.03785,-0.12161,-0.01001,0.30300
Anna Karenina,0.42182,0.03901,-0.12117,-0.00983,0.30200
Anna Karenina,0.42211,0.04049,-0.12110,-0.01041,0.30100
Anna Karenina,0.42240,0.04174,-0.12059,-0.01064,0.30000
Anna Karenina,0.42269,0.04194,-0.11997,-0.01036,0.30100
Anna Karenina,0.42298,0.04230,-0.11975,-0.00980,0.30000
Anna Karenina,0.42327,0.04275,-0.11856,-0.01007,0.30000
Anna Karenina,0.42356,0.04251,-0.11698,-0.00973,0.30000
Anna Karenina,0.42385,0.04137,-0.11653,-0.00980,0.30000
Anna Karenina,0.42414,0.04212,-0.11630,-0.00996,0.30000
Anna Karenina,0.42443,0.04218,-0.11569,-0.00982,0.30000
Anna Karenina,0.42472,0.04186,-0.11535,-0.00946,0.30000
Anna Karenina,0.42501,0.04181,-0.11489,-0.00987,0.29900
Anna Karenina,0.42530,0.04074,-0.11462,-0.00992,0.29900
Anna Karenina,0.42559,0.03879,-0.11408,-0.01055,0.29900
Anna Karenina,0.42588,0.03807,-0.11381,-0.01090,0.29900
Anna Karenina,0.42617,0.03850,-0.11393,-0.01058,0.29900
Anna Karenina,0.42646,0.03735,-0.11330,-0.01044,0.29800
Anna Karenina,0.42675,0.03568,-0.11370,-0.01040,0.29700
Anna Karenina,0.42704,0.03535,-0.11379,-0.00989,0.29800
Anna Karenina,0.42733,0.03399,-0.11331,-0.00971,0.29900
Anna Karenina,0.42762,0.03344,-0.11350,-0.00999,0.29900
Anna Karenina,0.42791,0.03226,-0.11219,-0.01030,0.29900
Anna Karenina,0.42820,0.03193,-0.11150,-0.01020,0.29800
Anna Karenina,0.42849,0.03213,-0.11165,-0.01042,0.29800
Anna Karenina,0.42878,0.03247,-0.11147,-0.01058,0.29800
Anna Karenina,0.42907,0.03310,-0.11201,-0.01081,0.29800
Anna Karenina,0.42936,0.03364,-0.11293,-0.01103,0.29800
Anna Karenina,0.42965,0.03219,-0.11212,-0.01106,0.29800
Anna Karenina,0.42994,0.03295,-0.11174,-0.01135,0.29700
Anna Karenina,0.43023,0.03355,-0.11162,-0.01089,0.29700
Anna Karenina,0.43052,0.03331,-0.11040,-0.01127,0.29700
Anna Karenina,0.43081,0.03333,-0.11114,-0.01126,0.29600
Anna Karenina,0.43110,0.03258,-0.11152,-0.01137,0.29600
Anna Karenina,0.43139,0.03274,-0.11137,-0.01160,0.29700
Anna Karenina,0.43168,0.03346,-0.11040,-0.01151,0.29700
Anna Karenina,0.43197,0.03553,-0.11064,-0.01093,0.29700
Anna Karenina,0.43226,0.03584,-0.11078,-0.01107,0.29600
Anna Karenina,0.43255,0.03521,-0.11054,-0.01103,0.29700
Anna Karenina,0.43284,0.03533,-0.11027,-0.01073,0.29700
Anna Karenina,0.43313,0.03506,-0.11010,-0.01046,0.29600
Anna Karenina,0.43342,0.03563,-0.11059,-0.01072,0.29600
Anna Karenina,0.43371,0.03456,-0.11044,-0.01059,0.29600
Anna Karenina,0.43400,0.03409,-0.10864,-0.01023,0.29600
Anna Karenina,0.43429,0.03312,-0.10816,-0.01037,0.29500
Anna Karenina,0.43458,0.03237,-0.10790,-0.01054,0.29500
Anna Karenina,0.43487,0.03136,-0.10836,-0.01059,0.29500
Anna Karenina,0.43516,0.03087,-0.10741,-0.01020,0.29500
Anna Karenina,0.43545,0.03167,-0.10813,-0.00978,0.29400
Anna Karenina,0.43574,0.03082,-0.10810,-0.01007,0.29300
Anna Karenina,0.43603,0.03171,-0.10805,-0.01022,0.29200
Anna Karenina,0.43632,0.03076,-0.10836,-0.01016,0.29100
Anna Karenina,0.43661,0.03083,-0.10823,-0.00991,0.29100
Anna Karenina,0.43690,0.02959,-0.10784,-0.00949,0.29000
Anna Karenina,0.43719,0.03036,-0.10735,-0.00904,0.29000
Anna Karenina,0.43748,0.03106,-0.10737,-0.00843,0.29000
Anna Karenina,0.43777,0.03145,-0.10610,-0.00833,0.28900
Anna Karenina,0.43806,0.03178,-0.10523,-0.00819,0.28900
Anna Karenina,0.43835,0.03147,-0.10471,-0.00834,0.28900
Anna Karenina,0.43864,0.03182,-0.10432,-0.00780,0.28900
Anna Karenina,0.43893,0.03164,-0.10409,-0.00736,0.28900
Anna Karenina,0.43922,0.03215,-0.10472,-0.00688,0.28900
Anna Karenina,0.43951,0.03298,-0.10428,-0.00679,0.28700
Anna Karenina,0.43980,0.03298,-0.10460,-0.00698,0.28800
Anna Karenina,0.44009,0.03332,-0.10412,-0.00683,0.28800
Anna Karenina,0.44038,0.03178,-0.10361,-0.00715,0.28800
Anna Karenina,0.44067,0.03146,-0.10309,-0.00717,0.28800
Anna Karenina,0.44096,0.03033,-0.10321,-0.00671,0.28700
Anna Karenina,0.44125,0.02985,-0.10342,-0.00679,0.28700
Anna Karenina,0.44154,0.02934,-0.10288,-0.00588,0.28600
Anna Karenina,0.44183,0.02849,-0.10201,-0.00536,0.28500
Anna Karenina,0.44212,0.02694,-0.10174,-0.00547,0.28500
Anna Karenina,0.44241,0.02639,-0.10141,-0.00551,0.28300
Anna Karenina,0.44270,0.02611,-0.10049,-0.00543,0.28400
Anna Karenina,0.44299,0.02644,-0.10029,-0.00480,0.28400
Anna Karenina,0.44328,0.02537,-0.09995,-0.00464,0.28400
Anna Karenina,0.44357,0.02550,-0.10036,-0.00429,0.28400
Anna Karenina,0.44386,0.02509,-0.09904,-0.00435,0.28400
Anna Karenina,0.44415,0.02484,-0.09875,-0.00389,0.28500
Anna Karenina,0.44444,0.02504,-0.09888,-0.00385,0.28400
Anna Karenina,0.44473,0.02618,-0.09762,-0.00344,0.28500
Anna Karenina,0.44502,0.02496,-0.09683,-0.00324,0.28500
Anna Karenina,0.44531,0.02560,-0.09645,-0.00345,0.28500
Anna Karenina,0.44560,0.02439,-0.09610,-0.00296,0.28500
Anna Karenina,0.44589,0.02434,-0.09634,-0.00303,0.28500
Anna Karenina,0.44619,0.02505,-0.09747,-0.00317,0.28600
Anna Karenina,0.44648,0.02529,-0.09636,-0.00320,0.28600
Anna Karenina,0.44677,0.02479,-0.09559,-0.00308,0.28600
Anna Karenina,0.44706,0.02339,-0.09500,-0.00323,0.28700
Anna Karenina,0.44735,0.02265,-0.09500,-0.00283,0.28800
Anna Karenina,0.44764,0.02286,-0.09500,-0.00266,0.28700
Anna Karenina,0.44793,0.02389,-0.09556,-0.00138,0.28800
Anna Karenina,0.44822,0.02345,-0.09528,-0.00145,0.28900
Anna Karenina,0.44851,0.02432,-0.09580,-0.00124,0.28900
Anna Karenina,0.44880,0.02466,-0.09627,-0.00179,0.28800
Anna Karenina,0.44909,0.02486,-0.09575,-0.00195,0.28800
Anna Karenina,0.44938,0.02421,-0.09521,-0.00122,0.28800
Anna Karenina,0.44967,0.02518,-0.09492,-0.00113,0.28800
Anna Karenina,0.44996,0.02636,-0.09434,-0.00158,0.28800
Anna Karenina,0.45025,0.02770,-0.09513,-0.00142,0.28900
Anna Karenina,0.45054,0.02765,-0.09544,-0.00138,0.28900
Anna Karenina,0.45083,0.02756,-0.09635,-0.00156,0.29100
Anna Karenina,0.45112,0.02740,-0.09721,-0.00163,0.29200
Anna Karenina,0.45141,0.02808,-0.09767,-0.00179,0.29300
Anna Karenina,0.45170,0.02883,-0.09787,-0.00220,0.29300
Anna Karenina,0.45199,0.02969,-0.09712,-0.00321,0.29200
Anna Karenina,0.45228,0.02855,-0.09622,-0.00373,0.29200
Anna Karenina,0.45257,0.02991,-0.09631,-0.00423,0.29200
Anna Karenina,0.45286,0.03032,-0.09551,-0.00427,0.29200
Anna Karenina,0.45315,0.03144,-0.09566,-0.00391,0.29100
Anna Karenina,0.45344,0.03204,-0.09656,-0.00387,0.29100
Anna Karenina,0.45373,0.03234,-0.09746,-0.00348,0.29200
Anna Karenina,0.45402,0.03154,-0.09694,-0.00362,0.29100
Anna Karenina,0.45431,0.03124,-0.09704,-0.00339,0.29200
Anna Karenina,0.45460,0.03157,-0.09767,-0.00302,0.29200
Anna Karenina,0.45489,0.03192,-0.09768,-0.00233,0.29200
Anna Karenina,0.45518,0.03102,-0.09807,-0.00211,0.29200
Anna Karenina,0.45547,0.03140,-0.09934,-0.00130,0.29300
Anna Karenina,0.45576,0.03192,-0.09989,-0.00118,0.29300
Anna Karenina,0.45605,0.03294,-0.09974,-0.00176,0.29300
Anna Karenina,0.45634,0.03341,-0.10007,-0.00169,0.29300
Anna Karenina,0.45663,0.03309,-0.10035,-0.00167,0.29300
Anna Karenina,0.45692,0.03324,-0.10156,-0.00203,0.29300
Anna Karenina,0.45721,0.03247,-0.10246,-0.00161,0.29400
Anna Karenina,0.45750,0.03059,-0.10314,-0.00172,0.29400
Anna Karenina,0.45779,0.02925,-0.10313,-0.00165,0.29300
Anna Karenina,0.45808,0.02999,-0.10299,-0.00108,0.29200
Anna Karenina,0.45837,0.02920,-0.10238,-0.00127,0.29200
Anna Karenina,0.45866,0.02985,-0.10259,-0.00122,0.29300
Anna Karenina,0.45895,0.03002,-0.10302,-0.00129,0.29400
Anna Karenina,0.45924,0.02945,-0.10377,-0.00168,0.29400
Anna Karenina,0.45953,0.02958,-0.10459,-0.00142,0.29400
Anna Karenina,0.45982,0.02945,-0.10365,-0.00140,0.29300
Anna Karenina,0.46011,0.03112,-0.10394,-0.00200,0.29200
Anna Karenina,0.46040,0.03068,-0.10436,-0.00214,0.29100
Anna Karenina,0.46069,0.02972,-0.10430,-0.00271,0.29000
Anna Karenina,0.46098,0.02752,-0.10420,-0.00305,0.29000
Anna Karenina,0.46127,0.02756,-0.10417,-0.00312,0.29100
Anna Karenina,0.46156,0.02766,-0.10383,-0.00310,0.29000
Anna Karenina,0.46185,0.02772,-0.10445,-0.00319,0.29000
Anna Karenina,0.46214,0.02734,-0.10420,-0.00293,0.29200
Anna Karenina,0.46243,0.02796,-0.10491,-0.00279,0.29200
Anna Karenina,0.46272,0.02866,-0.10484,-0.00258,0.29200
Anna Karenina,0.46301,0.02983,-0.10569,-0.00259,0.29200
Anna Karenina,0.46330,0.03190,-0.10638,-0.00267,0.29200
Anna Karenina,0.46359,0.03278,-0.10678,-0.00275,0.29100
Anna Karenina,0.46388,0.03296,-0.10682,-0.00256,0.29100
Anna Karenina,0.46417,0.03378,-0.10713,-0.00253,0.29100
Anna Karenina,0.46446,0.03301,-0.10709,-0.00226,0.29000
Anna Karenina,0.46475,0.03299,-0.10829,-0.00219,0.29100
Anna Karenina,0.46504,0.03293,-0.10878,-0.00170,0.29100
Anna Karenina,0.46533,0.03341,-0.10873,-0.00173,0.29100
Anna Karenina,0.46562,0.03348,-0.10903,-0.00149,0.29100
Anna Karenina,0.46591,0.03295,-0.10952,-0.00160,0.29100
Anna Karenina,0.46620,0.03356,-0.11055,-0.00171,0.29100
Anna Karenina,0.46649,0.03337,-0.11139,-0.00192,0.29100
Anna Karenina,0.46678,0.03310,-0.11196,-0.00153,0.29100
Anna Karenina,0.46707,0.03186,-0.11188,-0.00153,0.29100
Anna Karenina,0.46736,0.03226,-0.11255,-0.00124,0.29100
Anna Karenina,0.46765,0.03114,-0.11273,-0.00099,0.29000
Anna Karenina,0.46794,0.03103,-0.11182,-0.00126,0.29100
Anna Karenina,0.46823,0.03100,-0.11202,-0.00140,0.29000
Anna Karenina,0.46852,0.03033,-0.11208,-0.00113,0.29100
Anna Karenina,0.46881,0.03008,-0.11115,-0.00062,0.29200
Anna Karenina,0.46910,0.03092,-0.11254,-0.00034,0.29100
Anna Karenina,0.46939,0.03134,-0.11324,0.00012,0.29100
Anna Karenina,0.46968,0.03193,-0.11358,0.00038,0.29100
Anna Karenina,0.46997,0.03355,-0.11438,0.00010,0.29100
Anna Karenina,0.47026,0.03385,-0.11454,0.00022,0.29000
Anna Karenina,0.47055,0.03386,-0.11552,-0.00036,0.29100
Anna Karenina,0.47084,0.03406,-0.11628,-0.00071,0.29100
Anna Karenina,0.47113,0.03542,-0.11677,-0.00075,0.29000
Anna Karenina,0.47142,0.03588,-0.11750,-0.00080,0.29100
Anna Karenina,0.47171,0.03698,-0.11942,-0.00107,0.29200
Anna Karenina,0.47200,0.03690,-0.12003,-0.00167,0.29200
Anna Karenina,0.47229,0.03784,-0.12104,-0.00209,0.29100
Anna Karenina,0.47258,0.03842,-0.12150,-0.00229,0.29200
Anna Karenina,0.47287,0.03843,-0.12251,-0.00247,0.29100
Anna Karenina,0.47317,0.03797,-0.12266,-0.00320,0.29100
Anna Karenina,0.47346,0.03910,-0.12299,-0.00333,0.29200
Anna Karenina,0.47375,0.03898,-0.12394,-0.00322,0.29100
Anna Karenina,0.47404,0.04011,-0.12432,-0.00303,0.29100
Anna Karenina,0.47433,0.04034,-0.12411,-0.00269,0.29000
Anna Karenina,0.47462,0.04104,-0.12445,-0.00289,0.29100
Anna Karenina,0.47491,0.04161,-0.12478,-0.00243,0.29000
Anna Karenina,0.47520,0.04233,-0.12423,-0.00207,0.29000
Anna Karenina,0.47549,0.04145,-0.12539,-0.00184,0.28900
Anna Karenina,0.47578,0.04189,-0.12562,-0.00089,0.28900
Anna Karenina,0.47607,0.04410,-0.12609,-0.00008,0.28800
Anna Karenina,0.47636,0.04417,-0.12651,0.00036,0.28800
Anna Karenina,0.47665,0.04349,-0.12632,0.00070,0.28800
Anna Karenina,0.47694,0.04229,-0.12484,0.00016,0.28700
Anna Karenina,0.47723,0.04236,-0.12467,0.00067,0.28600
Anna Karenina,0.47752,0.04155,-0.12372,0.00103,0.28600
Anna Karenina,0.47781,0.04208,-0.12336,0.00137,0.28700
Anna Karenina,0.47810,0.04303,-0.12384,0.00120,0.28600
Anna Karenina,0.47839,0.04297,-0.12451,0.00108,0.28400
Anna Karenina,0.47868,0.04231,-0.12445,0.00090,0.28400
Anna Karenina,0.47897,0.04199,-0.12347,0.00160,0.28400
Anna Karenina,0.47926,0.04094,-0.12296,0.00171,0.28200
Anna Karenina,0.47955,0.04105,-0.12130,0.00193,0.28200
Anna Karenina,0.47984,0.04115,-0.12099,0.00196,0.28100
Anna Karenina,0.48013,0.04077,-0.12038,0.00226,0.28100
Anna Karenina,0.48042,0.03944,-0.11994,0.00241,0.28100
Anna Karenina,0.48071,0.03937,-0.11914,0.00302,0.28100
Anna Karenina,0.48100,0.03890,-0.11875,0.00329,0.28100
Anna Karenina,0.48129,0.03840,-0.11938,0.00350,0.28100
Anna Karenina,0.48158,0.03891,-0.12085,0.00385,0.28100
Anna Karenina,0.48187,0.03924,-0.12224,0.00411,0.28100
Anna Karenina,0.48216,0.03808,-0.12207,0.00409,0.28100
Anna Karenina,0.48245,0.03833,-0.12110,0.00357,0.28100
Anna Karenina,0.48274,0.03903,-0.12004,0.00311,0.28100
Anna Karenina,0.48303,0.03955,-0.11996,0.00329,0.28100
Anna Karenina,0.48332,0.04128,-0.12064,0.00329,0.28100
Anna Karenina,0.48361,0.04119,-0.11987,0.00331,0.28200
Anna Karenina,0.48390,0.04019,-0.12001,0.00283,0.28200
Anna Karenina,0.48419,0.04027,-0.11999,0.00255,0.28100
Anna Karenina,0.48448,0.04020,-0.11972,0.00213,0.28000
Anna Karenina,0.48477,0.03942,-0.11890,0.00236,0.28000
Anna Karenina,0.48506,0.03896,-0.11932,0.00219,0.27900
Anna Karenina,0.48535,0.03910,-0.11954,0.00215,0.27900
Anna Karenina,0.48564,0.03980,-0.11963,0.00208,0.27900
Anna Karenina,0.48593,0.03951,-0.11914,0.00231,0.27900
Anna Karenina,0.48622,0.04067,-0.11894,0.00233,0.27800
Anna Karenina,0.48651,0.04193,-0.12001,0.00312,0.27800
Anna Karenina,0.48680,0.04272,-0.11957,0.00311,0.27800
Anna Karenina,0.48709,0.04214,-0.11927,0.00302,0.27700
Anna Karenina,0.48738,0.04285,-0.12007,0.00334,0.27700
Anna Karenina,0.48767,0.04403,-0.12041,0.00372,0.27600
Anna Karenina,0.48796,0.04406,-0.12057,0.00378,0.27500
Anna Karenina,0.48825,0.04274,-0.11949,0.00428,0.27600
Anna Karenina,0.48854,0.04400,-0.11995,0.00453,0.27500
Anna Karenina,0.48883,0.04529,-0.12075,0.00503,0.27500
Anna Karenina,0.48912,0.04401,-0.12079,0.00620,0.27700
Anna Karenina,0.48941,0.04311,-0.12102,0.00671,0.27700
Anna Karenina,0.48970,0.04176,-0.12122,0.00714,0.27800
Anna Karenina,0.48999,0.04110,-0.12122,0.00705,0.27800
Anna Karenina,0.49028,0.03959,-0.12120,0.00740,0.27800
Anna Karenina,0.49057,0.03963,-0.12167,0.00711,0.27900
Anna Karenina,0.49086,0.03850,-0.12225,0.00735,0.27900
Anna Karenina,0.49115,0.03764,-0.12329,0.00732,0.27800
Anna Karenina,0.49144,0.03756,-0.12248,0.00752,0.27800
Anna Karenina,0.49173,0.03762,-0.12302,0.00754,0.27700
Anna Karenina,0.49202,0.03796,-0.12389,0.00785,0.27700
Anna Karenina,0.49231,0.03813,-0.12364,0.00850,0.27800
Anna Karenina,0.49260,0.03824,-0.12346,0.00905,0.27800
Anna Karenina,0.49289,0.03881,-0.12322,0.00912,0.27800
Anna Karenina,0.49318,0.03854,-0.12393,0.00916,0.27700
Anna Karenina,0.49347,0.03967,-0.12379,0.00950,0.27800
Anna Karenina,0.49376,0.03970,-0.12321,0.00934,0.27700
Anna Karenina,0.49405,0.03981,-0.12341,0.00887,0.27800
Anna Karenina,0.49434,0.03962,-0.12286,0.00959,0.27800
Anna Karenina,0.49463,0.03963,-0.12294,0.00954,0.27900
Anna Karenina,0.49492,0.04154,-0.12409,0.00958,0.27800
Anna Karenina,0.49521,0.04069,-0.12373,0.00938,0.27900
Anna Karenina,0.49550,0.04034,-0.12275,0.00992,0.27900
Anna Karenina,0.49579,0.04171,-0.12258,0.00961,0.28000
Anna Karenina,0.49608,0.04358,-0.12332,0.00973,0.28000
Anna Karenina,0.49637,0.04380,-0.12297,0.00962,0.28000
Anna Karenina,0.49666,0.04375,-0.12230,0.00888,0.28100
Anna Karenina,0.49695,0.04331,-0.12320,0.00853,0.28100
Anna Karenina,0.49724,0.04195,-0.12210,0.00859,0.28100
Anna Karenina,0.49753,0.04158,-0.12070,0.00835,0.28100
Anna Karenina,0.49782,0.04078,-0.12081,0.00775,0.28000
Anna Karenina,0.49811,0.03991,-0.12069,0.00721,0.28000
Anna Karenina,0.49840,0.03948,-0.11992,0.00713,0.28000
Anna Karenina,0.49869,0.03796,-0.11925,0.00703,0.28100
Anna Karenina,0.49898,0.03665,-0.11797,0.00697,0.28100
Anna Karenina,0.49927,0.03608,-0.11598,0.00709,0.28200
Anna Karenina,0.49956,0.03560,-0.11493,0.00737,0.28200
Anna Karenina,0.49985,0.03511,-0.11490,0.00747,0.28200
Anna Karenina,0.50015,0.03381,-0.11404,0.00781,0.28100
Anna Karenina,0.50044,0.03326,-0.11421,0.00770,0.28100
Anna Karenina,0.50073,0.03030,-0.11297,0.00818,0.27900
Anna Karenina,0.50102,0.02990,-0.11244,0.00878,0.27900
Anna Karenina,0.50131,0.02881,-0.11180,0.00930,0.28000
Anna Karenina,0.50160,0.02810,-0.11157,0.00917,0.28000
Anna Karenina,0.50189,0.02649,-0.11121,0.00937,0.28000
Anna Karenina,0.50218,0.02676,-0.11054,0.00978,0.28000
Anna Karenina,0.50247,0.02615,-0.11025,0.01043,0.27800
Anna Karenina,0.50276,0.02462,-0.10867,0.00997,0.27900
Anna Karenina,0.50305,0.02310,-0.10759,0.01010,0.27900
Anna Karenina,0.50334,0.02361,-0.10804,0.01005,0.28000
Anna Karenina,0.50363,0.02323,-0.10890,0.00990,0.27900
Anna Karenina,0.50392,0.02292,-0.10821,0.01005,0.28000
Anna Karenina,0.50421,0.02156,-0.10824,0.00939,0.28100
Anna Karenina,0.50450,0.02136,-0.10785,0.00957,0.28200
Anna Karenina,0.50479,0.02033,-0.10784,0.00888,0.28200
Anna Karenina,0.50508,0.01988,-0.10724,0.00864,0.28200
Anna Karenina,0.50537,0.01961,-0.10683,0.00800,0.28300
Anna Karenina,0.50566,0.02009,-0.10643,0.00793,0.28300
Anna Karenina,0.50595,0.01928,-0.10613,0.00824,0.28300
Anna Karenina,0.50624,0.01875,-0.10559,0.00817,0.28300
Anna Karenina,0.50653,0.01801,-0.10542,0.00793,0.28300
Anna Karenina,0.50682,0.01748,-0.10611,0.00768,0.28300
Anna Karenina,0.50711,0.01628,-0.10593,0.00779,0.28400
Anna Karenina,0.50740,0.01530,-0.10588,0.00788,0.28400
Anna Karenina,0.50769,0.01466,-0.10670,0.00801,0.28400
Anna Karenina,0.50798,0.01415,-0.10726,0.00790,0.28500
Anna Karenina,0.50827,0.01471,-0.10699,0.00813,0.28500
Anna Karenina,0.50856,0.01508,-0.10786,0.00802,0.28400
Anna Karenina,0.50885,0.01392,-0.10712,0.00801,0.28500
Anna Karenina,0.50914,0.01485,-0.10735,0.00781,0.28400
Anna Karenina,0.50943,0.01451,-0.10624,0.00783,0.28400
Anna Karenina,0.50972,0.01353,-0.10598,0.00758,0.28400
Anna Karenina,0.51001,0.01290,-0.10632,0.00776,0.28500
Anna Karenina,0.51030,0.01365,-0.10697,0.00809,0.28400
Anna Karenina,0.51059,0.01256,-0.10583,0.00806,0.28500
Anna Karenina,0.51088,0.01303,-0.10543,0.00845,0.28500
Anna Karenina,0.51117,0.01149,-0.10502,0.00840,0.28500
Anna Karenina,0.51146,0.01065,-0.10657,0.00830,0.28600
Anna Karenina,0.51175,0.01092,-0.10641,0.00845,0.28600
Anna Karenina,0.51204,0.01082,-0.10675,0.00807,0.28700
Anna Karenina,0.51233,0.01015,-0.10607,0.00821,0.28600
Anna Karenina,0.51262,0.00977,-0.10681,0.00850,0.28500
Anna Karenina,0.51291,0.01127,-0.10692,0.00835,0.28500
Anna Karenina,0.51320,0.01047,-0.10606,0.00880,0.28600
Anna Karenina,0.51349,0.00989,-0.10506,0.00870,0.28600
Anna Karenina,0.51378,0.01046,-0.10467,0.00868,0.28700
Anna Karenina,0.51407,0.00983,-0.10392,0.00928,0.28700
Anna Karenina,0.51436,0.01053,-0.10400,0.00952,0.28600
Anna Karenina,0.51465,0.00879,-0.10311,0.00934,0.28700
Anna Karenina,0.51494,0.00845,-0.10372,0.00979,0.28800
Anna Karenina,0.51523,0.00795,-0.10323,0.00978,0.28700
Anna Karenina,0.51552,0.00713,-0.10153,0.00914,0.28700
Anna Karenina,0.51581,0.00697,-0.10150,0.00912,0.28800
Anna Karenina,0.51610,0.00722,-0.10188,0.00893,0.28900
Anna Karenina,0.51639,0.00791,-0.10203,0.00896,0.28900
Anna Karenina,0.51668,0.00649,-0.10147,0.00867,0.28900
Anna Karenina,0.51697,0.00696,-0.10066,0.00870,0.28900
Anna Karenina,0.51726,0.00822,-0.10007,0.00874,0.28900
Anna Karenina,0.51755,0.00807,-0.09938,0.00857,0.28900
Anna Karenina,0.51784,0.00601,-0.09781,0.00833,0.28900
Anna Karenina,0.51813,0.00702,-0.09750,0.00789,0.28800
Anna Karenina,0.51842,0.00798,-0.09669,0.00765,0.28800
Anna Karenina,0.51871,0.00804,-0.09637,0.00750,0.28700
Anna Karenina,0.51900,0.00950,-0.09668,0.00808,0.28800
Anna Karenina,0.51929,0.01075,-0.09583,0.00759,0.28800
Anna Karenina,0.51958,0.01044,-0.09558,0.00764,0.28700
Anna Karenina,0.51987,0.01109,-0.09523,0.00793,0.28700
Anna Karenina,0.52016,0.01212,-0.09485,0.00792,0.28800
Anna Karenina,0.52045,0.01179,-0.09353,0.00777,0.28800
Anna Karenina,0.52074,0.01001,-0.09258,0.00785,0.28900
Anna Karenina,0.52103,0.00866,-0.09157,0.00784,0.29000
Anna Karenina,0.52132,0.00842,-0.09151,0.00728,0.29000
Anna Karenina,0.52161,0.00786,-0.09085,0.00699,0.29000
Anna Karenina,0.52190,0.00851,-0.09013,0.00706,0.29000
Anna Karenina,0.52219,0.00862,-0.09029,0.00710,0.29100
Anna Karenina,0.52248,0.00751,-0.08979,0.00679,0.29100
Anna Karenina,0.52277,0.00903,-0.09011,0.00696,0.29100
Anna Karenina,0.52306,0.00826,-0.08960,0.00747,0.29000
Anna Karenina,0.52335,0.00902,-0.09079,0.00701,0.29000
Anna Karenina,0.52364,0.00879,-0.09026,0.00686,0.29000
Anna Karenina,0.52393,0.00754,-0.08959,0.00641,0.29100
Anna Karenina,0.52422,0.00777,-0.09033,0.00671,0.29100
Anna Karenina,0.52451,0.00802,-0.09154,0.00640,0.29100
Anna Karenina,0.52480,0.00670,-0.09184,0.00627,0.29200
Anna Karenina,0.52509,0.00616,-0.09135,0.00588,0.29200
Anna Karenina,0.52538,0.00514,-0.09117,0.00550,0.29300
Anna Karenina,0.52567,0.00502,-0.09114,0.00578,0.29200
Anna Karenina,0.52596,0.00621,-0.09139,0.00632,0.29300
Anna Karenina,0.52625,0.00733,-0.09170,0.00589,0.29300
Anna Karenina,0.52654,0.00800,-0.09216,0.00585,0.29300
Anna Karenina,0.52683,0.00792,-0.09215,0.00637,0.29400
Anna Karenina,0.52713,0.00796,-0.09169,0.00646,0.29400
Anna Karenina,0.52742,0.00888,-0.09224,0.00669,0.29500
Anna Karenina,0.52771,0.01005,-0.09216,0.00682,0.29500
Anna Karenina,0.52800,0.01001,-0.09204,0.00697,0.29500
Anna Karenina,0.52829,0.01050,-0.09256,0.00704,0.29400
Anna Karenina,0.52858,0.01111,-0.09235,0.00741,0.29400
Anna Karenina,0.52887,0.01111,-0.09144,0.00740,0.29400
Anna Karenina,0.52916,0.01100,-0.09159,0.00734,0.29300
Anna Karenina,0.52945,0.01123,-0.09162,0.00758,0.29300
Anna Karenina,0.52974,0.01262,-0.09218,0.00753,0.29300
Anna Karenina,0.53003,0.01291,-0.09268,0.00735,0.29300
Anna Karenina,0.53032,0.01392,-0.09314,0.00725,0.29300
Anna Karenina,0.53061,0.01340,-0.09214,0.00745,0.29300
Anna Karenina,0.53090,0.01376,-0.09235,0.00744,0.29300
Anna Karenina,0.53119,0.01367,-0.09244,0.00784,0.29300
Anna Karenina,0.53148,0.01415,-0.09232,0.00759,0.29400
Anna Karenina,0.53177,0.01635,-0.09399,0.00818,0.29400
Anna Karenina,0.53206,0.01805,-0.09516,0.00770,0.29300
Anna Karenina,0.53235,0.01781,-0.09534,0.00754,0.29300
Anna Karenina,0.53264,0.01822,-0.09482,0.00768,0.29300
Anna Karenina,0.53293,0.01817,-0.09452,0.00751,0.29300
Anna Karenina,0.53322,0.01945,-0.09491,0.00779,0.29300
Anna Karenina,0.53351,0.01983,-0.09436,0.00704,0.29300
Anna Karenina,0.53380,0.01994,-0.09550,0.00675,0.29300
Anna Karenina,0.53409,0.01854,-0.09598,0.00634,0.29400
Anna Karenina,0.53438,0.01862,-0.09660,0.00637,0.29300
Anna Karenina,0.53467,0.01805,-0.09777,0.00606,0.29300
Anna Karenina,0.53496,0.01786,-0.09903,0.00541,0.29300
Anna Karenina,0.53525,0.01825,-0.09993,0.00492,0.29400
Anna Karenina,0.53554,0.01844,-0.10073,0.00464,0.29500
Anna Karenina,0.53583,0.01965,-0.10082,0.00464,0.29600
Anna Karenina,0.53612,0.02105,-0.10122,0.00442,0.29600
Anna Karenina,0.53641,0.02366,-0.10179,0.00391,0.29700
Anna Karenina,0.53670,0.02621,-0.10203,0.00426,0.29800
Anna Karenina,0.53699,0.02703,-0.10312,0.00377,0.29800
Anna Karenina,0.53728,0.02726,-0.10339,0.00304,0.29800
Anna Karenina,0.53757,0.02780,-0.10462,0.00332,0.29900
Anna Karenina,0.53786,0.02907,-0.10539,0.00330,0.29700
Anna Karenina,0.53815,0.02903,-0.10618,0.00402,0.29700
Anna Karenina,0.53844,0.03137,-0.10867,0.00423,0.29700
Anna Karenina,0.53873,0.03305,-0.10928,0.00440,0.29800
Anna Karenina,0.53902,0.03416,-0.10984,0.00478,0.29800
Anna Karenina,0.53931,0.03404,-0.11015,0.00461,0.29800
Anna Karenina,0.53960,0.03522,-0.11061,0.00500,0.29800
Anna Karenina,0.53989,0.03542,-0.11063,0.00495,0.29900
Anna Karenina,0.54018,0.03707,-0.11098,0.00481,0.29900
Anna Karenina,0.54047,0.03857,-0.11056,0.00541,0.29900
Anna Karenina,0.54076,0.03728,-0.11069,0.00535,0.29800
Anna Karenina,0.54105,0.03621,-0.10937,0.00548,0.29800
Anna Karenina,0.54134,0.03502,-0.10876,0.00540,0.29900
Anna Karenina,0.54163,0.03560,-0.10849,0.00453,0.29900
Anna Karenina,0.54192,0.03480,-0.10837,0.00494,0.29900
Anna Karenina,0.54221,0.03561,-0.10929,0.00459,0.30000
Anna Karenina,0.54250,0.03576,-0.11078,0.00458,0.30000
Anna Karenina,0.54279,0.03556,-0.11083,0.00446,0.29900
Anna Karenina,0.54308,0.03575,-0.11162,0.00393,0.30000
Anna Karenina,0.54337,0.03541,-0.11114,0.00341,0.30100
Anna Karenina,0.54366,0.03760,-0.11182,0.00341,0.30000
Anna Karenina,0.54395,0.03779,-0.11221,0.00270,0.29900
Anna Karenina,0.54424,0.03716,-0.11272,0.00254,0.30000
Anna Karenina,0.54453,0.03850,-0.11279,0.00239,0.30000
Anna Karenina,0.54482,0.03880,-0.11290,0.00216,0.30000
Anna Karenina,0.54511,0.03752,-0.11314,0.00234,0.30000
Anna Karenina,0.54540,0.03607,-0.11234,0.00233,0.30000
Anna Karenina,0.54569,0.03597,-0.11223,0.00211,0.30000
Anna Karenina,0.54598,0.03399,-0.11319,0.00225,0.30100
Anna Karenina,0.54627,0.03339,-0.11317,0.00201,0.30200
Anna Karenina,0.54656,0.03227,-0.11326,0.00201,0.30200
Anna Karenina,0.54685,0.03287,-0.11404,0.00245,0.30300
Anna Karenina,0.54714,0.03241,-0.11510,0.00248,0.30300
Anna Karenina,0.54743,0.03252,-0.11504,0.00290,0.30300
Anna Karenina,0.54772,0.03341,-0.11573,0.00363,0.30300
Anna Karenina,0.54801,0.03234,-0.11496,0.00319,0.30200
Anna Karenina,0.54830,0.03212,-0.11589,0.00287,0.30200
Anna Karenina,0.54859,0.03226,-0.11574,0.00284,0.30200
Anna Karenina,0.54888,0.03109,-0.11606,0.00229,0.30200
Anna Karenina,0.54917,0.03024,-0.11636,0.00240,0.30200
Anna Karenina,0.54946,0.02937,-0.11719,0.00249,0.30200
Anna Karenina,0.54975,0.03033,-0.11843,0.00196,0.30300
Anna Karenina,0.55004,0.03140,-0.11964,0.00147,0.30200
Anna Karenina,0.55033,0.03177,-0.12052,0.00107,0.30300
Anna Karenina,0.55062,0.03259,-0.12198,0.00087,0.30400
Anna Karenina,0.55091,0.03253,-0.12305,0.00098,0.30300
Anna Karenina,0.55120,0.03256,-0.12283,0.00090,0.30400
Anna Karenina,0.55149,0.03300,-0.12296,0.00089,0.30400
Anna Karenina,0.55178,0.03266,-0.12178,0.00107,0.30500
Anna Karenina,0.55207,0.03254,-0.12119,0.00055,0.30600
Anna Karenina,0.55236,0.03174,-0.12037,0.00035,0.30500
Anna Karenina,0.55265,0.03259,-0.12104,0.00024,0.30600
Anna Karenina,0.55294,0.03396,-0.12242,0.00063,0.30600
Anna Karenina,0.55323,0.03380,-0.12190,0.00055,0.30500
Anna Karenina,0.55352,0.03371,-0.12106,0.00032,0.30600
Anna Karenina,0.55381,0.03365,-0.12133,0.00044,0.30500
Anna Karenina,0.55411,0.03408,-0.12165,0.00094,0.30600
Anna Karenina,0.55440,0.03357,-0.12173,0.00115,0.30500
Anna Karenina,0.55469,0.03425,-0.12283,0.00124,0.30500
Anna Karenina,0.55498,0.03417,-0.12302,0.00152,0.30400
Anna Karenina,0.55527,0.03469,-0.12340,0.00204,0.30400
Anna Karenina,0.55556,0.03453,-0.12443,0.00243,0.30400
Anna Karenina,0.55585,0.03525,-0.12565,0.00216,0.30300
Anna Karenina,0.55614,0.03599,-0.12622,0.00218,0.30300
Anna Karenina,0.55643,0.03674,-0.12656,0.00202,0.30300
Anna Karenina,0.55672,0.03741,-0.12746,0.00209,0.30300
Anna Karenina,0.55701,0.03796,-0.12859,0.00244,0.30300
Anna Karenina,0.55730,0.03908,-0.12986,0.00205,0.30200
Anna Karenina,0.55759,0.04030,-0.13159,0.00233,0.30300
Anna Karenina,0.55788,0.03975,-0.13308,0.00224,0.30400
Anna Karenina,0.55817,0.03996,-0.13307,0.00205,0.30400
Anna Karenina,0.55846,0.03916,-0.13334,0.00198,0.30400
Anna Karenina,0.55875,0.03980,-0.13296,0.00212,0.30500
Anna Karenina,0.55904,0.03983,-0.13281,0.00187,0.30500
Anna Karenina,0.55933,0.03926,-0.13268,0.00187,0.30500
Anna Karenina,0.55962,0.04049,-0.13425,0.00195,0.30600
Anna Karenina,0.55991,0.04133,-0.13509,0.00184,0.30500
Anna Karenina,0.56020,0.04265,-0.13641,0.00133,0.30500
Anna Karenina,0.56049,0.04236,-0.13661,0.00124,0.30400
Anna Karenina,0.56078,0.04130,-0.13568,0.00101,0.30300
Anna Karenina,0.56107,0.04047,-0.13527,0.00123,0.30300
Anna Karenina,0.56136,0.03972,-0.13461,0.00108,0.30400
Anna Karenina,0.56165,0.04017,-0.13470,0.00107,0.30300
Anna Karenina,0.56194,0.04051,-0.13537,0.00094,0.30400
Anna Karenina,0.56223,0.03987,-0.13491,0.00127,0.30200
Anna Karenina,0.56252,0.03951,-0.13433,0.00210,0.30200
Anna Karenina,0.56281,0.04036,-0.13402,0.00264,0.30200
Anna Karenina,0.56310,0.04137,-0.13407,0.00307,0.30100
Anna Karenina,0.56339,0.04258,-0.13323,0.00346,0.30200
Anna Karenina,0.56368,0.04269,-0.13172,0.00399,0.30300
Anna Karenina,0.56397,0.04306,-0.13047,0.00448,0.30300
Anna Karenina,0.56426,0.04294,-0.12868,0.00534,0.30300
Anna Karenina,0.56455,0.04462,-0.12933,0.00597,0.30200
Anna Karenina,0.56484,0.04562,-0.12969,0.00641,0.30100
Anna Karenina,0.56513,0.04557,-0.12890,0.00680,0.30100
Anna Karenina,0.56542,0.04463,-0.12820,0.00694,0.29900
Anna Karenina,0.56571,0.04407,-0.12827,0.00662,0.29800
Anna Karenina,0.56600,0.04400,-0.12716,0.00698,0.29800
Anna Karenina,0.56629,0.04433,-0.12676,0.00720,0.29800
Anna Karenina,0.56658,0.04429,-0.12658,0.00740,0.29900
Anna Karenina,0.56687,0.04604,-0.12736,0.00793,0.30000
Anna Karenina,0.56716,0.04484,-0.12680,0.00756,0.30000
Anna Karenina,0.56745,0.04473,-0.12622,0.00710,0.30000
Anna Karenina,0.56774,0.04455,-0.12740,0.00696,0.29900
Anna Karenina,0.56803,0.04522,-0.12802,0.00633,0.29900
Anna Karenina,0.56832,0.04598,-0.12784,0.00631,0.29900
Anna Karenina,0.56861,0.04566,-0.12873,0.00616,0.29900
Anna Karenina,0.56890,0.04538,-0.12842,0.00633,0.29900
Anna Karenina,0.56919,0.04543,-0.12795,0.00599,0.29800
Anna Karenina,0.56948,0.04503,-0.12800,0.00550,0.29700
Anna Karenina,0.56977,0.04559,-0.12866,0.00517,0.29800
Anna Karenina,0.57006,0.04717,-0.12987,0.00498,0.29700
Anna Karenina,0.57035,0.04796,-0.13046,0.00463,0.29700
Anna Karenina,0.57064,0.04792,-0.13071,0.00500,0.29700
Anna Karenina,0.57093,0.04716,-0.13027,0.00470,0.29800
Anna Karenina,0.57122,0.04711,-0.12931,0.00486,0.29700
Anna Karenina,0.57151,0.04643,-0.12877,0.00501,0.29700
Anna Karenina,0.57180,0.04651,-0.12937,0.00451,0.29800
Anna Karenina,0.57209,0.04636,-0.12900,0.00455,0.29700
Anna Karenina,0.57238,0.04601,-0.12959,0.00492,0.29700
Anna Karenina,0.57267,0.04537,-0.12959,0.00515,0.29700
Anna Karenina,0.57296,0.04553,-0.12927,0.00556,0.29600
Anna Karenina,0.57325,0.04584,-0.12929,0.00550,0.29500
Anna Karenina,0.57354,0.04503,-0.12981,0.00556,0.29600
Anna Karenina,0.57383,0.04443,-0.13008,0.00587,0.29600
Anna Karenina,0.57412,0.04565,-0.13039,0.00562,0.29600
Anna Karenina,0.57441,0.04544,-0.13044,0.00563,0.29700
Anna Karenina,0.57470,0.04633,-0.13084,0.00601,0.29600
Anna Karenina,0.57499,0.04747,-0.13043,0.00579,0.29500
Anna Karenina,0.57528,0.04815,-0.13164,0.00562,0.29400
Anna Karenina,0.57557,0.04764,-0.13149,0.00567,0.29400
Anna Karenina,0.57586,0.04788,-0.13141,0.00538,0.29400
Anna Karenina,0.57615,0.04800,-0.13096,0.00525,0.29300
Anna Karenina,0.57644,0.04854,-0.13150,0.00485,0.29400
Anna Karenina,0.57673,0.04850,-0.13058,0.00426,0.29400
Anna Karenina,0.57702,0.04971,-0.13180,0.00433,0.29300
Anna Karenina,0.57731,0.05008,-0.13181,0.00478,0.29400
Anna Karenina,0.57760,0.05105,-0.13183,0.00496,0.29400
Anna Karenina,0.57789,0.05318,-0.13186,0.00521,0.29400
Anna Karenina,0.57818,0.05383,-0.13138,0.00502,0.29400
Anna Karenina,0.57847,0.05499,-0.13208,0.00466,0.29300
Anna Karenina,0.57876,0.05564,-0.13172,0.00486,0.29200
Anna Karenina,0.57905,0.05629,-0.13138,0.00480,0.29300
Anna Karenina,0.57934,0.05481,-0.13148,0.00546,0.29100
Anna Karenina,0.57963,0.05314,-0.13019,0.00542,0.29100
Anna Karenina,0.57992,0.05277,-0.13000,0.00550,0.29100
Anna Karenina,0.58021,0.05245,-0.12957,0.00530,0.29100
Anna Karenina,0.58050,0.05256,-0.12979,0.00523,0.29000
Anna Karenina,0.58079,0.05251,-0.13074,0.00519,0.29000
Anna Karenina,0.58109,0.05468,-0.13167,0.00565,0.28900
Anna Karenina,0.58138,0.05475,-0.13266,0.00607,0.29000
Anna Karenina,0.58167,0.05471,-0.13331,0.00624,0.28900
Anna Karenina,0.58196,0.05477,-0.13272,0.00605,0.28900
Anna Karenina,0.58225,0.05480,-0.13299,0.00615,0.28900
Anna Karenina,0.58254,0.05476,-0.13245,0.00617,0.28900
Anna Karenina,0.58283,0.05537,-0.13186,0.00570,0.28900
Anna Karenina,0.58312,0.05533,-0.13291,0.00546,0.28800
Anna Karenina,0.58341,0.05659,-0.13409,0.00572,0.28800
Anna Karenina,0.58370,0.05587,-0.13316,0.00570,0.28900
Anna Karenina,0.58399,0.05468,-0.13161,0.00522,0.28900
Anna Karenina,0.58428,0.05480,-0.13239,0.00480,0.28900
Anna Karenina,0.58457,0.05521,-0.13251,0.00473,0.29100
Anna Karenina,0.58486,0.05560,-0.13188,0.00463,0.29100
Anna Karenina,0.58515,0.05578,-0.13151,0.00470,0.29100
Anna Karenina,0.58544,0.05589,-0.13125,0.00513,0.29100
Anna Karenina,0.58573,0.05558,-0.13139,0.00495,0.28900
Anna Karenina,0.58602,0.05516,-0.13111,0.00496,0.28900
Anna Karenina,0.58631,0.05471,-0.13116,0.00564,0.29000
Anna Karenina,0.58660,0.05495,-0.13117,0.00531,0.29000
Anna Karenina,0.58689,0.05698,-0.13061,0.00589,0.29000
Anna Karenina,0.58718,0.05731,-0.13094,0.00615,0.29000
Anna Karenina,0.58747,0.05731,-0.12984,0.00610,0.29000
Anna Karenina,0.58776,0.05701,-0.12943,0.00603,0.29000
Anna Karenina,0.58805,0.05705,-0.12778,0.00596,0.29000
Anna Karenina,0.58834,0.05627,-0.12504,0.00616,0.29100
Anna Karenina,0.58863,0.05604,-0.12424,0.00594,0.29000
Anna Karenina,0.58892,0.05656,-0.12322,0.00598,0.29000
Anna Karenina,0.58921,0.05522,-0.12216,0.00632,0.29000
Anna Karenina,0.58950,0.05456,-0.12295,0.00644,0.29100
Anna Karenina,0.58979,0.05463,-0.12314,0.00615,0.29200
Anna Karenina,0.59008,0.05549,-0.12333,0.00586,0.29200
Anna Karenina,0.59037,0.05660,-0.12334,0.00580,0.29200
Anna Karenina,0.59066,0.05681,-0.12377,0.00519,0.29300
Anna Karenina,0.59095,0.05760,-0.12310,0.00498,0.29300
Anna Karenina,0.59124,0.05827,-0.12376,0.00496,0.29400
Anna Karenina,0.59153,0.05898,-0.12465,0.00508,0.29400
Anna Karenina,0.59182,0.05835,-0.12414,0.00523,0.29400
Anna Karenina,0.59211,0.05720,-0.12383,0.00524,0.29500
Anna Karenina,0.59240,0.05638,-0.12461,0.00490,0.29400
Anna Karenina,0.59269,0.05707,-0.12539,0.00434,0.29300
Anna Karenina,0.59298,0.05716,-0.12660,0.00419,0.29300
Anna Karenina,0.59327,0.05705,-0.12713,0.00342,0.29300
Anna Karenina,0.59356,0.05685,-0.12704,0.00314,0.29300
Anna Karenina,0.59385,0.05523,-0.12715,0.00288,0.29300
Anna Karenina,0.59414,0.05440,-0.12735,0.00280,0.29300
Anna Karenina,0.59443,0.05398,-0.12818,0.00344,0.29200
Anna Karenina,0.59472,0.05211,-0.12729,0.00326,0.29200
Anna Karenina,0.59501,0.05119,-0.12760,0.00326,0.29100
Anna Karenina,0.59530,0.05011,-0.12719,0.00344,0.29000
Anna Karenina,0.59559,0.04900,-0.12631,0.00293,0.28900
Anna Karenina,0.59588,0.04711,-0.12506,0.00232,0.28900
Anna Karenina,0.59617,0.04627,-0.12308,0.00192,0.29000
Anna Karenina,0.59646,0.04438,-0.12231,0.00260,0.28900
Anna Karenina,0.59675,0.04295,-0.12126,0.00267,0.28900
Anna Karenina,0.59704,0.04228,-0.12042,0.00319,0.28900
Anna Karenina,0.59733,0.04140,-0.11959,0.00314,0.29000
Anna Karenina,0.59762,0.03961,-0.11766,0.00332,0.29100
Anna Karenina,0.59791,0.03897,-0.11837,0.00252,0.29100
Anna Karenina,0.59820,0.03834,-0.11863,0.00289,0.29100
Anna Karenina,0.59849,0.03710,-0.11761,0.00331,0.29100
Anna Karenina,0.59878,0.03687,-0.11677,0.00379,0.29100
Anna Karenina,0.59907,0.03640,-0.11643,0.00409,0.29100
Anna Karenina,0.59936,0.03650,-0.11638,0.00420,0.29000
Anna Karenina,0.59965,0.03585,-0.11575,0.00405,0.29100
Anna Karenina,0.59994,0.03539,-0.11582,0.00409,0.29200
Anna Karenina,0.60023,0.03624,-0.11629,0.00443,0.29300
Anna Karenina,0.60052,0.03754,-0.11619,0.00417,0.29300
Anna Karenina,0.60081,0.03800,-0.11477,0.00473,0.29300
Anna Karenina,0.60110,0.03767,-0.11366,0.00495,0.29300
Anna Karenina,0.60139,0.03733,-0.11294,0.00493,0.29200
Anna Karenina,0.60168,0.03765,-0.11309,0.00504,0.29200
Anna Karenina,0.60197,0.03800,-0.11286,0.00512,0.29400
Anna Karenina,0.60226,0.03815,-0.11304,0.00520,0.29400
Anna Karenina,0.60255,0.03661,-0.11125,0.00531,0.29400
Anna Karenina,0.60284,0.03637,-0.11050,0.00515,0.29400
Anna Karenina,0.60313,0.03632,-0.10895,0.00559,0.29400
Anna Karenina,0.60342,0.03619,-0.10922,0.00547,0.29400
Anna Karenina,0.60371,0.03574,-0.10872,0.00507,0.29400
Anna Karenina,0.60400,0.03517,-0.10824,0.00521,0.29400
Anna Karenina,0.60429,0.03400,-0.10734,0.00521,0.29500
Anna Karenina,0.60458,0.03351,-0.10798,0.00514,0.29600
Anna Karenina,0.60487,0.03305,-0.10868,0.00465,0.29700
Anna Karenina,0.60516,0.03245,-0.10825,0.00456,0.29700
Anna Karenina,0.60545,0.03093,-0.10778,0.00450,0.29600
Anna Karenina,0.60574,0.03023,-0.10733,0.00466,0.29600
Anna Karenina,0.60603,0.02886,-0.10633,0.00448,0.29600
Anna Karenina,0.60632,0.02914,-0.10661,0.00415,0.29600
Anna Karenina,0.60661,0.02826,-0.10693,0.00407,0.29500
Anna Karenina,0.60690,0.02694,-0.10502,0.00407,0.29600
Anna Karenina,0.60719,0.02675,-0.10450,0.00380,0.29600
Anna Karenina,0.60748,0.02717,-0.10403,0.00376,0.29600
Anna Karenina,0.60777,0.02751,-0.10394,0.00379,0.29600
Anna Karenina,0.60806,0.02649,-0.10275,0.00420,0.29500
Anna Karenina,0.60836,0.02703,-0.10254,0.00407,0.29400
Anna Karenina,0.60865,0.02782,-0.10319,0.00421,0.29500
Anna Karenina,0.60894,0.02854,-0.10321,0.00360,0.29400
Anna Karenina,0.60923,0.02846,-0.10335,0.00367,0.29400
Anna Karenina,0.60952,0.02770,-0.10373,0.00379,0.29400
Anna Karenina,0.60981,0.02758,-0.10326,0.00389,0.29400
Anna Karenina,0.61010,0.02650,-0.10327,0.00366,0.29500
Anna Karenina,0.61039,0.02749,-0.10336,0.00309,0.29500
Anna Karenina,0.61068,0.02637,-0.10203,0.00278,0.29600
Anna Karenina,0.61097,0.02561,-0.10124,0.00308,0.29600
Anna Karenina,0.61126,0.02483,-0.10007,0.00318,0.29600
Anna Karenina,0.61155,0.02405,-0.10066,0.00301,0.29600
Anna Karenina,0.61184,0.02171,-0.10018,0.00343,0.29600
Anna Karenina,0.61213,0.02082,-0.09922,0.00343,0.29600
Anna Karenina,0.61242,0.01895,-0.09801,0.00278,0.29700
Anna Karenina,0.61271,0.01795,-0.09772,0.00216,0.29600
Anna Karenina,0.61300,0.01801,-0.09813,0.00171,0.29600
Anna Karenina,0.61329,0.01674,-0.09699,0.00158,0.29600
Anna Karenina,0.61358,0.01528,-0.09617,0.00116,0.29500
Anna Karenina,0.61387,0.01456,-0.09565,0.00117,0.29400
Anna Karenina,0.61416,0.01354,-0.09427,0.00110,0.29400
Anna Karenina,0.61445,0.01112,-0.09332,0.00045,0.29300
Anna Karenina,0.61474,0.00994,-0.09154,-0.00003,0.29400
Anna Karenina,0.61503,0.00964,-0.09084,-0.00062,0.29400
Anna Karenina,0.61532,0.00911,-0.08990,-0.00145,0.29300
Anna Karenina,0.61561,0.00746,-0.08829,-0.00170,0.29300
Anna Karenina,0.61590,0.00627,-0.08691,-0.00182,0.29400
Anna Karenina,0.61619,0.00594,-0.08714,-0.00174,0.29500
Anna Karenina,0.61648,0.00613,-0.08672,-0.00138,0.29500
Anna Karenina,0.61677,0.00573,-0.08731,-0.00119,0.29500
Anna Karenina,0.61706,0.00564,-0.08887,-0.00107,0.29500
Anna Karenina,0.61735,0.00528,-0.09095,-0.00173,0.29500
Anna Karenina,0.61764,0.00405,-0.09095,-0.00193,0.29500
Anna Karenina,0.61793,0.00298,-0.08974,-0.00148,0.29500
Anna Karenina,0.61822,0.00433,-0.09039,-0.00140,0.29400
Anna Karenina,0.61851,0.00446,-0.08897,-0.00149,0.29300
Anna Karenina,0.61880,0.00364,-0.08851,-0.00097,0.29300
Anna Karenina,0.61909,0.00210,-0.08800,-0.00111,0.29400
Anna Karenina,0.61938,0.00112,-0.08737,-0.00068,0.29400
Anna Karenina,0.61967,0.00022,-0.08649,-0.00037,0.29300
Anna Karenina,0.61996,-0.00156,-0.08593,-0.00027,0.29300
Anna Karenina,0.62025,-0.00333,-0.08394,-0.00067,0.29300
Anna Karenina,0.62054,-0.00364,-0.08422,-0.00143,0.29300
Anna Karenina,0.62083,-0.00243,-0.08449,-0.00199,0.29400
Anna Karenina,0.62112,-0.00118,-0.08479,-0.00232,0.29300
Anna Karenina,0.62141,-0.00034,-0.08403,-0.00149,0.29300
Anna Karenina,0.62170,-0.00062,-0.08455,-0.00161,0.29300
Anna Karenina,0.62199,0.00009,-0.08506,-0.00198,0.29200
Anna Karenina,0.62228,0.00070,-0.08625,-0.00202,0.29300
Anna Karenina,0.62257,-0.00030,-0.08576,-0.00240,0.29300
Anna Karenina,0.62286,-0.00082,-0.08483,-0.00221,0.29300
Anna Karenina,0.62315,0.00046,-0.08542,-0.00219,0.29400
Anna Karenina,0.62344,0.00050,-0.08514,-0.00217,0.29500
Anna Karenina,0.62373,0.00149,-0.08528,-0.00185,0.29500
Anna Karenina,0.62402,0.00170,-0.08510,-0.00184,0.29600
Anna Karenina,0.62431,0.00224,-0.08596,-0.00188,0.29600
Anna Karenina,0.62460,0.00391,-0.08724,-0.00162,0.29700
Anna Karenina,0.62489,0.00407,-0.08696,-0.00140,0.29700
Anna Karenina,0.62518,0.00586,-0.08845,-0.00135,0.29600
Anna Karenina,0.62547,0.00643,-0.08903,-0.00177,0.29600
Anna Karenina,0.62576,0.00785,-0.09004,-0.00230,0.29600
Anna Karenina,0.62605,0.00792,-0.09093,-0.00278,0.29600
Anna Karenina,0.62634,0.00943,-0.09154,-0.00331,0.29600
Anna Karenina,0.62663,0.01144,-0.09256,-0.00396,0.29500
Anna Karenina,0.62692,0.01255,-0.09140,-0.00343,0.29500
Anna Karenina,0.62721,0.01418,-0.09233,-0.00359,0.29500
Anna Karenina,0.62750,0.01556,-0.09285,-0.00417,0.29500
Anna Karenina,0.62779,0.01576,-0.09401,-0.00427,0.29500
Anna Karenina,0.62808,0.01652,-0.09451,-0.00406,0.29400
Anna Karenina,0.62837,0.01705,-0.09447,-0.00431,0.29400
Anna Karenina,0.62866,0.01722,-0.09512,-0.00443,0.29400
Anna Karenina,0.62895,0.01891,-0.09565,-0.00440,0.29200
Anna Karenina,0.62924,0.01868,-0.09639,-0.00521,0.29200
Anna Karenina,0.62953,0.01865,-0.09611,-0.00548,0.29300
Anna Karenina,0.62982,0.01883,-0.09741,-0.00592,0.29200
Anna Karenina,0.63011,0.02023,-0.09906,-0.00605,0.29200
Anna Karenina,0.63040,0.02066,-0.09947,-0.00635,0.29400
Anna Karenina,0.63069,0.02093,-0.09953,-0.00649,0.29300
Anna Karenina,0.63098,0.02117,-0.09873,-0.00701,0.29300
Anna Karenina,0.63127,0.02137,-0.09797,-0.00708,0.29200
Anna Karenina,0.63156,0.02371,-0.09895,-0.00731,0.29200
Anna Karenina,0.63185,0.02481,-0.09965,-0.00726,0.29200
Anna Karenina,0.63214,0.02479,-0.10062,-0.00775,0.29100
Anna Karenina,0.63243,0.02552,-0.10089,-0.00808,0.29100
Anna Karenina,0.63272,0.02543,-0.10182,-0.00785,0.29200
Anna Karenina,0.63301,0.02565,-0.10187,-0.00758,0.29100
Anna Karenina,0.63330,0.02757,-0.10284,-0.00716,0.29100
Anna Karenina,0.63359,0.03016,-0.10315,-0.00753,0.29000
Anna Karenina,0.63388,0.03137,-0.10370,-0.00765,0.29000
Anna Karenina,0.63417,0.03275,-0.10417,-0.00755,0.29100
Anna Karenina,0.63446,0.03339,-0.10464,-0.00758,0.29100
Anna Karenina,0.63475,0.03288,-0.10630,-0.00738,0.29100
Anna Karenina,0.63504,0.03356,-0.10636,-0.00748,0.29200
Anna Karenina,0.63534,0.03305,-0.10570,-0.00712,0.29200
Anna Karenina,0.63563,0.03371,-0.10660,-0.00737,0.29200
Anna Karenina,0.63592,0.03402,-0.10751,-0.00721,0.29200
Anna Karenina,0.63621,0.03497,-0.10872,-0.00711,0.29200
Anna Karenina,0.63650,0.03460,-0.10939,-0.00692,0.29200
Anna Karenina,0.63679,0.03375,-0.10796,-0.00657,0.29100
Anna Karenina,0.63708,0.03388,-0.10804,-0.00669,0.29100
Anna Karenina,0.63737,0.03528,-0.10782,-0.00667,0.29200
Anna Karenina,0.63766,0.03499,-0.10758,-0.00651,0.29200
Anna Karenina,0.63795,0.03415,-0.10728,-0.00639,0.29200
Anna Karenina,0.63824,0.03501,-0.10763,-0.00600,0.29300
Anna Karenina,0.63853,0.03601,-0.10841,-0.00588,0.29400
Anna Karenina,0.63882,0.03736,-0.10945,-0.00566,0.29500
Anna Karenina,0.63911,0.03692,-0.10905,-0.00559,0.29400
Anna Karenina,0.63940,0.03633,-0.10866,-0.00567,0.29300
Anna Karenina,0.63969,0.03766,-0.10911,-0.00565,0.29200
Anna Karenina,0.63998,0.03820,-0.10889,-0.00587,0.29300
Anna Karenina,0.64027,0.03893,-0.10976,-0.00621,0.29300
Anna Karenina,0.64056,0.03920,-0.10986,-0.00606,0.29300
Anna Karenina,0.64085,0.04098,-0.11038,-0.00631,0.29200
Anna Karenina,0.64114,0.04119,-0.11122,-0.00616,0.29300
Anna Karenina,0.64143,0.04234,-0.11191,-0.00568,0.29300
Anna Karenina,0.64172,0.04390,-0.11273,-0.00509,0.29300
Anna Karenina,0.64201,0.04416,-0.11460,-0.00492,0.29200
Anna Karenina,0.64230,0.04663,-0.11592,-0.00473,0.29200
Anna Karenina,0.64259,0.04848,-0.11690,-0.00460,0.29300
Anna Karenina,0.64288,0.04882,-0.11752,-0.00446,0.29200
Anna Karenina,0.64317,0.04949,-0.11874,-0.00427,0.29200
Anna Karenina,0.64346,0.05016,-0.11934,-0.00442,0.29200
Anna Karenina,0.64375,0.05076,-0.12020,-0.00424,0.29200
Anna Karenina,0.64404,0.05124,-0.12029,-0.00396,0.29200
Anna Karenina,0.64433,0.05177,-0.12021,-0.00406,0.29200
Anna Karenina,0.64462,0.05274,-0.12144,-0.00423,0.29200
Anna Karenina,0.64491,0.05307,-0.12278,-0.00463,0.29000
Anna Karenina,0.64520,0.05379,-0.12310,-0.00460,0.28900
Anna Karenina,0.64549,0.05364,-0.12416,-0.00470,0.28900
Anna Karenina,0.64578,0.05285,-0.12489,-0.00463,0.28900
Anna Karenina,0.64607,0.05375,-0.12552,-0.00434,0.28900
Anna Karenina,0.64636,0.05530,-0.12627,-0.00420,0.28800
Anna Karenina,0.64665,0.05697,-0.12645,-0.00443,0.28900
Anna Karenina,0.64694,0.05676,-0.12792,-0.00470,0.28900
Anna Karenina,0.64723,0.05590,-0.12754,-0.00501,0.29000
Anna Karenina,0.64752,0.05550,-0.12744,-0.00468,0.29100
Anna Karenina,0.64781,0.05547,-0.12800,-0.00497,0.29100
Anna Karenina,0.64810,0.05627,-0.12870,-0.00471,0.29100
Anna Karenina,0.64839,0.05645,-0.12988,-0.00506,0.29100
Anna Karenina,0.64868,0.05697,-0.13016,-0.00490,0.29100
Anna Karenina,0.64897,0.05715,-0.13061,-0.00462,0.29000
Anna Karenina,0.64926,0.05824,-0.13198,-0.00428,0.29000
Anna Karenina,0.64955,0.05779,-0.13066,-0.00397,0.28900
Anna Karenina,0.64984,0.05674,-0.13123,-0.00369,0.28900
Anna Karenina,0.65013,0.05650,-0.13141,-0.00366,0.28900
Anna Karenina,0.65042,0.05612,-0.13190,-0.00423,0.28900
Anna Karenina,0.65071,0.05584,-0.13131,-0.00380,0.29000
Anna Karenina,0.65100,0.05474,-0.13032,-0.00359,0.28900
Anna Karenina,0.65129,0.05474,-0.13030,-0.00341,0.28900
Anna Karenina,0.65158,0.05403,-0.12928,-0.00283,0.28900
Anna Karenina,0.65187,0.05394,-0.12911,-0.00303,0.29000
Anna Karenina,0.65216,0.05295,-0.12997,-0.00300,0.28800
Anna Karenina,0.65245,0.05191,-0.13049,-0.00342,0.28800
Anna Karenina,0.65274,0.05113,-0.13102,-0.00354,0.28800
Anna Karenina,0.65303,0.05017,-0.13060,-0.00357,0.28900
Anna Karenina,0.65332,0.04884,-0.13041,-0.00337,0.28900
Anna Karenina,0.65361,0.04703,-0.13026,-0.00331,0.28800
Anna Karenina,0.65390,0.04527,-0.13084,-0.00347,0.28800
Anna Karenina,0.65419,0.04402,-0.13138,-0.00298,0.28900
Anna Karenina,0.65448,0.04320,-0.13124,-0.00273,0.28900
Anna Karenina,0.65477,0.04116,-0.12986,-0.00210,0.29000
Anna Karenina,0.65506,0.04085,-0.12978,-0.00163,0.28800
Anna Karenina,0.65535,0.03930,-0.13032,-0.00106,0.28800
Anna Karenina,0.65564,0.03876,-0.13049,-0.00084,0.28800
Anna Karenina,0.65593,0.03787,-0.13149,-0.00111,0.28700
Anna Karenina,0.65622,0.03595,-0.13113,-0.00145,0.28700
Anna Karenina,0.65651,0.03536,-0.13069,-0.00106,0.28800
Anna Karenina,0.65680,0.03478,-0.13017,-0.00076,0.28900
Anna Karenina,0.65709,0.03540,-0.12995,-0.00049,0.29000
Anna Karenina,0.65738,0.03461,-0.13016,0.00017,0.29100
Anna Karenina,0.65767,0.03461,-0.13028,0.00021,0.29000
Anna Karenina,0.65796,0.03376,-0.12957,0.00027,0.29100
Anna Karenina,0.65825,0.03309,-0.12910,0.00033,0.29000
Anna Karenina,0.65854,0.03148,-0.12824,0.00092,0.28900
Anna Karenina,0.65883,0.03082,-0.12730,0.00101,0.28900
Anna Karenina,0.65912,0.02953,-0.12694,0.00117,0.28900
Anna Karenina,0.65941,0.02851,-0.12749,0.00153,0.28700
Anna Karenina,0.65970,0.02690,-0.12717,0.00222,0.28800
Anna Karenina,0.65999,0.02737,-0.12857,0.00300,0.28800
Anna Karenina,0.66028,0.02787,-0.12931,0.00311,0.28800
Anna Karenina,0.66057,0.02639,-0.13054,0.00350,0.28800
Anna Karenina,0.66086,0.02484,-0.13078,0.00364,0.28700
Anna Karenina,0.66115,0.02470,-0.13095,0.00401,0.28700
Anna Karenina,0.66144,0.02464,-0.13070,0.00455,0.28700
Anna Karenina,0.66173,0.02435,-0.13051,0.00426,0.28600
Anna Karenina,0.66202,0.02480,-0.13050,0.00418,0.28600
Anna Karenina,0.66232,0.02419,-0.13028,0.00370,0.28500
Anna Karenina,0.66261,0.02269,-0.12988,0.00427,0.28500
Anna Karenina,0.66290,0.02190,-0.12931,0.00467,0.28400
Anna Karenina,0.66319,0.01997,-0.12918,0.00454,0.28300
Anna Karenina,0.66348,0.01982,-0.12900,0.00478,0.28300
Anna Karenina,0.66377,0.02018,-0.12828,0.00439,0.28200
Anna Karenina,0.66406,0.02050,-0.12810,0.00489,0.28100
Anna Karenina,0.66435,0.01976,-0.12791,0.00494,0.28200
Anna Karenina,0.66464,0.01849,-0.12717,0.00543,0.28200
Anna Karenina,0.66493,0.01925,-0.12805,0.00518,0.28200
Anna Karenina,0.66522,0.01808,-0.12814,0.00555,0.28100
Anna Karenina,0.66551,0.01739,-0.12716,0.00546,0.28100
Anna Karenina,0.66580,0.01732,-0.12842,0.00550,0.28100
Anna Karenina,0.66609,0.01749,-0.12930,0.00555,0.28100
Anna Karenina,0.66638,0.01565,-0.12804,0.00543,0.28100
Anna Karenina,0.66667,0.01595,-0.12727,0.00525,0.28100
Anna Karenina,0.66696,0.01550,-0.12745,0.00548,0.28100
Anna Karenina,0.66725,0.01476,-0.12753,0.00590,0.28000
Anna Karenina,0.66754,0.01345,-0.12685,0.00581,0.27900
Anna Karenina,0.66783,0.01122,-0.12557,0.00548,0.27900
Anna Karenina,0.66812,0.01053,-0.12590,0.00534,0.27900
Anna Karenina,0.66841,0.00934,-0.12580,0.00570,0.27900
Anna Karenina,0.66870,0.00800,-0.12494,0.00629,0.28000
Anna Karenina,0.66899,0.00755,-0.12583,0.00649,0.27900
Anna Karenina,0.66928,0.00745,-0.12514,0.00638,0.27900
Anna Karenina,0.66957,0.00771,-0.12522,0.00621,0.27900
Anna Karenina,0.66986,0.00713,-0.12550,0.00613,0.27900
Anna Karenina,0.67015,0.00712,-0.12503,0.00592,0.27900
Anna Karenina,0.67044,0.00809,-0.12490,0.00613,0.27800
Anna Karenina,0.67073,0.00656,-0.12479,0.00634,0.27800
Anna Karenina,0.67102,0.00599,-0.12395,0.00643,0.27900
Anna Karenina,0.67131,0.00303,-0.12270,0.00648,0.27700
Anna Karenina,0.67160,0.00388,-0.12160,0.00672,0.27800
Anna Karenina,0.67189,0.00399,-0.12088,0.00598,0.27800
Anna Karenina,0.67218,0.00444,-0.12110,0.00589,0.27900
Anna Karenina,0.67247,0.00494,-0.12094,0.00631,0.27900
Anna Karenina,0.67276,0.00525,-0.12198,0.00674,0.27800
Anna Karenina,0.67305,0.00472,-0.12211,0.00656,0.27900
Anna Karenina,0.67334,0.00426,-0.12327,0.00679,0.27900
Anna Karenina,0.67363,0.00231,-0.12214,0.00694,0.27900
Anna Karenina,0.67392,0.00174,-0.12086,0.00720,0.27900
Anna Karenina,0.67421,0.00124,-0.12031,0.00714,0.27900
Anna Karenina,0.67450,0.00261,-0.12069,0.00682,0.27900
Anna Karenina,0.67479,0.00348,-0.12013,0.00669,0.27800
Anna Karenina,0.67508,0.00207,-0.11993,0.00670,0.27900
Anna Karenina,0.67537,0.00306,-0.11986,0.00748,0.27900
Anna Karenina,0.67566,0.00214,-0.12065,0.00802,0.27900
Anna Karenina,0.67595,0.00316,-0.12102,0.00843,0.27700
Anna Karenina,0.67624,0.00245,-0.12219,0.00893,0.27800
Anna Karenina,0.67653,0.00274,-0.12273,0.00894,0.27700
Anna Karenina,0.67682,0.00333,-0.12278,0.00911,0.27700
Anna Karenina,0.67711,0.00292,-0.12290,0.00938,0.27600
Anna Karenina,0.67740,0.00286,-0.12325,0.00948,0.27600
Anna Karenina,0.67769,0.00151,-0.12260,0.00947,0.27700
Anna Karenina,0.67798,0.00152,-0.12286,0.00985,0.27800
Anna Karenina,0.67827,0.00217,-0.12415,0.00990,0.27800
Anna Karenina,0.67856,0.00222,-0.12571,0.01054,0.27700
Anna Karenina,0.67885,0.00254,-0.12599,0.01049,0.27700
Anna Karenina,0.67914,0.00391,-0.12612,0.01090,0.27700
Anna Karenina,0.67943,0.00407,-0.12663,0.01123,0.27700
Anna Karenina,0.67972,0.00501,-0.12720,0.01156,0.27700
Anna Karenina,0.68001,0.00611,-0.12871,0.01186,0.27700
Anna Karenina,0.68030,0.00607,-0.12905,0.01186,0.27700
Anna Karenina,0.68059,0.00711,-0.13077,0.01174,0.27700
Anna Karenina,0.68088,0.00790,-0.13139,0.01197,0.27600
Anna Karenina,0.68117,0.00852,-0.13038,0.01214,0.27600
Anna Karenina,0.68146,0.00973,-0.13025,0.01253,0.27600
Anna Karenina,0.68175,0.01027,-0.13030,0.01289,0.27600
Anna Karenina,0.68204,0.01080,-0.13117,0.01318,0.27500
Anna Karenina,0.68233,0.01304,-0.13147,0.01337,0.27500
Anna Karenina,0.68262,0.01338,-0.13037,0.01328,0.27500
Anna Karenina,0.68291,0.01400,-0.13019,0.01339,0.27600
Anna Karenina,0.68320,0.01488,-0.13026,0.01378,0.27500
Anna Karenina,0.68349,0.01501,-0.12998,0.01396,0.27500
Anna Karenina,0.68378,0.01691,-0.13106,0.01426,0.27400
Anna Karenina,0.68407,0.01763,-0.13135,0.01413,0.27500
Anna Karenina,0.68436,0.01788,-0.13138,0.01421,0.27400
Anna Karenina,0.68465,0.01804,-0.13046,0.01463,0.27400
Anna Karenina,0.68494,0.01958,-0.13130,0.01514,0.27300
Anna Karenina,0.68523,0.02040,-0.12986,0.01571,0.27400
Anna Karenina,0.68552,0.02019,-0.13050,0.01589,0.27300
Anna Karenina,0.68581,0.02021,-0.13034,0.01557,0.27200
Anna Karenina,0.68610,0.01912,-0.13025,0.01521,0.27200
Anna Karenina,0.68639,0.01876,-0.13060,0.01481,0.27100
Anna Karenina,0.68668,0.02007,-0.13068,0.01512,0.27100
Anna Karenina,0.68697,0.02131,-0.13131,0.01516,0.27100
Anna Karenina,0.68726,0.02053,-0.13166,0.01528,0.27200
Anna Karenina,0.68755,0.02237,-0.13276,0.01520,0.27200
Anna Karenina,0.68784,0.02190,-0.13336,0.01514,0.27200
Anna Karenina,0.68813,0.02246,-0.13307,0.01527,0.27300
Anna Karenina,0.68842,0.02445,-0.13318,0.01511,0.27300
Anna Karenina,0.68871,0.02685,-0.13412,0.01487,0.27300
Anna Karenina,0.68900,0.02624,-0.13382,0.01426,0.27300
Anna Karenina,0.68930,0.02544,-0.13399,0.01386,0.27300
Anna Karenina,0.68959,0.02612,-0.13411,0.01370,0.27400
Anna Karenina,0.68988,0.02729,-0.13409,0.01367,0.27600
Anna Karenina,0.69017,0.02714,-0.13395,0.01356,0.27600
Anna Karenina,0.69046,0.02601,-0.13426,0.01384,0.27600
Anna Karenina,0.69075,0.02574,-0.13422,0.01416,0.27700
Anna Karenina,0.69104,0.02566,-0.13481,0.01387,0.27700
Anna Karenina,0.69133,0.02592,-0.13385,0.01421,0.27800
Anna Karenina,0.69162,0.02585,-0.13333,0.01418,0.27900
Anna Karenina,0.69191,0.02514,-0.13276,0.01419,0.27900
Anna Karenina,0.69220,0.02594,-0.13319,0.01491,0.28000
Anna Karenina,0.69249,0.02638,-0.13327,0.01517,0.28000
Anna Karenina,0.69278,0.02763,-0.13356,0.01527,0.28000
Anna Karenina,0.69307,0.02697,-0.13352,0.01465,0.28100
Anna Karenina,0.69336,0.02691,-0.13387,0.01474,0.28100
Anna Karenina,0.69365,0.02737,-0.13370,0.01458,0.28100
Anna Karenina,0.69394,0.02741,-0.13381,0.01469,0.28100
Anna Karenina,0.69423,0.02822,-0.13328,0.01459,0.28000
Anna Karenina,0.69452,0.02834,-0.13413,0.01480,0.28000
Anna Karenina,0.69481,0.02968,-0.13430,0.01519,0.28100
Anna Karenina,0.69510,0.02913,-0.13368,0.01474,0.28100
Anna Karenina,0.69539,0.02943,-0.13450,0.01523,0.28000
Anna Karenina,0.69568,0.02996,-0.13476,0.01502,0.28100
Anna Karenina,0.69597,0.03033,-0.13415,0.01487,0.28100
Anna Karenina,0.69626,0.03114,-0.13387,0.01461,0.28100
Anna Karenina,0.69655,0.03215,-0.13389,0.01465,0.28000
Anna Karenina,0.69684,0.03297,-0.13459,0.01455,0.28000
Anna Karenina,0.69713,0.03419,-0.13383,0.01486,0.27900
Anna Karenina,0.69742,0.03526,-0.13352,0.01493,0.27800
Anna Karenina,0.69771,0.03531,-0.13364,0.01460,0.27800
Anna Karenina,0.69800,0.03399,-0.13278,0.01432,0.27900
Anna Karenina,0.69829,0.03343,-0.13350,0.01440,0.27800
Anna Karenina,0.69858,0.03299,-0.13304,0.01455,0.27900
Anna Karenina,0.69887,0.03477,-0.13375,0.01511,0.27800
Anna Karenina,0.69916,0.03506,-0.13384,0.01499,0.27800
Anna Karenina,0.69945,0.03472,-0.13348,0.01506,0.27700
Anna Karenina,0.69974,0.03552,-0.13306,0.01498,0.27800
Anna Karenina,0.70003,0.03689,-0.13302,0.01555,0.27800
Anna Karenina,0.70032,0.03765,-0.13309,0.01584,0.27900
Anna Karenina,0.70061,0.03634,-0.13374,0.01604,0.27900
Anna Karenina,0.70090,0.03589,-0.13364,0.01681,0.27800
Anna Karenina,0.70119,0.03462,-0.13224,0.01685,0.27900
Anna Karenina,0.70148,0.03369,-0.13202,0.01688,0.27900
Anna Karenina,0.70177,0.03289,-0.13158,0.01648,0.28000
Anna Karenina,0.70206,0.03293,-0.13122,0.01674,0.28100
Anna Karenina,0.70235,0.03322,-0.13012,0.01695,0.28000
Anna Karenina,0.70264,0.03358,-0.12952,0.01714,0.28000
Anna Karenina,0.70293,0.03334,-0.12941,0.01712,0.28000
Anna Karenina,0.70322,0.03312,-0.12912,0.01675,0.28000
Anna Karenina,0.70351,0.03163,-0.12811,0.01726,0.28000
Anna Karenina,0.70380,0.03200,-0.12793,0.01744,0.28100
Anna Karenina,0.70409,0.03265,-0.12700,0.01769,0.28100
Anna Karenina,0.70438,0.03119,-0.12631,0.01714,0.28100
Anna Karenina,0.70467,0.03062,-0.12435,0.01727,0.28100
Anna Karenina,0.70496,0.02985,-0.12430,0.01676,0.28200
Anna Karenina,0.70525,0.03033,-0.12366,0.01622,0.28200
Anna Karenina,0.70554,0.02950,-0.12364,0.01560,0.28300
Anna Karenina,0.70583,0.03025,-0.12398,0.01566,0.28300
Anna Karenina,0.70612,0.02997,-0.12321,0.01552,0.28400
Anna Karenina,0.70641,0.03147,-0.12381,0.01562,0.28500
Anna Karenina,0.70670,0.03356,-0.12479,0.01584,0.28400
Anna Karenina,0.70699,0.03349,-0.12488,0.01538,0.28400
Anna Karenina,0.70728,0.03221,-0.12337,0.01479,0.28400
Anna Karenina,0.70757,0.03152,-0.12226,0.01428,0.28500
Anna Karenina,0.70786,0.03046,-0.12117,0.01441,0.28500
Anna Karenina,0.70815,0.02830,-0.12057,0.01416,0.28400
Anna Karenina,0.70844,0.02708,-0.11780,0.01323,0.28400
Anna Karenina,0.70873,0.02666,-0.11678,0.01272,0.28300
Anna Karenina,0.70902,0.02552,-0.11582,0.01263,0.28400
Anna Karenina,0.70931,0.02551,-0.11522,0.01277,0.28300
Anna Karenina,0.70960,0.02476,-0.11350,0.01258,0.28300
Anna Karenina,0.70989,0.02471,-0.11273,0.01269,0.28300
Anna Karenina,0.71018,0.02331,-0.11116,0.01256,0.28200
Anna Karenina,0.71047,0.02284,-0.11063,0.01208,0.28200
Anna Karenina,0.71076,0.02252,-0.10993,0.01206,0.28100
Anna Karenina,0.71105,0.02182,-0.10891,0.01198,0.28200
Anna Karenina,0.71134,0.02126,-0.10822,0.01180,0.28100
Anna Karenina,0.71163,0.02204,-0.10803,0.01182,0.28200
Anna Karenina,0.71192,0.02241,-0.10757,0.01171,0.28100
Anna Karenina,0.71221,0.02119,-0.10680,0.01074,0.28100
Anna Karenina,0.71250,0.02146,-0.10584,0.01058,0.28200
Anna Karenina,0.71279,0.02063,-0.10389,0.01040,0.28300
Anna Karenina,0.71308,0.01894,-0.10242,0.01049,0.28200
Anna Karenina,0.71337,0.01832,-0.10109,0.01013,0.28300
Anna Karenina,0.71366,0.01792,-0.10031,0.00981,0.28300
Anna Karenina,0.71395,0.01627,-0.09895,0.00967,0.28400
Anna Karenina,0.71424,0.01528,-0.09960,0.00911,0.28400
Anna Karenina,0.71453,0.01420,-0.10028,0.00906,0.28400
Anna Karenina,0.71482,0.01449,-0.10036,0.00932,0.28500
Anna Karenina,0.71511,0.01343,-0.09884,0.00935,0.28500
Anna Karenina,0.71540,0.01305,-0.09746,0.00937,0.28500
Anna Karenina,0.71569,0.01165,-0.09590,0.00943,0.28600
Anna Karenina,0.71598,0.01027,-0.09404,0.00912,0.28600
Anna Karenina,0.71628,0.01046,-0.09308,0.00937,0.28500
Anna Karenina,0.71657,0.00981,-0.09283,0.00923,0.28500
Anna Karenina,0.71686,0.01053,-0.09288,0.00972,0.28400
Anna Karenina,0.71715,0.01046,-0.09246,0.00989,0.28400
Anna Karenina,0.71744,0.00901,-0.09192,0.01001,0.28400
Anna Karenina,0.71773,0.00790,-0.09104,0.00978,0.28400
Anna Karenina,0.71802,0.00731,-0.09029,0.00984,0.28400
Anna Karenina,0.71831,0.00810,-0.08958,0.01025,0.28400
Anna Karenina,0.71860,0.00920,-0.08880,0.01010,0.28300
Anna Karenina,0.71889,0.00911,-0.08816,0.00988,0.28300
Anna Karenina,0.71918,0.00916,-0.08813,0.00972,0.28400
Anna Karenina,0.71947,0.01007,-0.08687,0.00920,0.28400
Anna Karenina,0.71976,0.01175,-0.08655,0.00905,0.28400
Anna Karenina,0.72005,0.01192,-0.08660,0.00920,0.28400
Anna Karenina,0.72034,0.01208,-0.08693,0.00901,0.28300
Anna Karenina,0.72063,0.01149,-0.08716,0.00897,0.28300
Anna Karenina,0.72092,0.01115,-0.08692,0.00913,0.28400
Anna Karenina,0.72121,0.01082,-0.08685,0.00798,0.28300
Anna Karenina,0.72150,0.01080,-0.08668,0.00773,0.28300
Anna Karenina,0.72179,0.01053,-0.08702,0.00806,0.28400
Anna Karenina,0.72208,0.01168,-0.08711,0.00801,0.28300
Anna Karenina,0.72237,0.01220,-0.08698,0.00801,0.28400
Anna Karenina,0.72266,0.01261,-0.08710,0.00833,0.28300
Anna Karenina,0.72295,0.01169,-0.08694,0.00814,0.28400
Anna Karenina,0.72324,0.01014,-0.08640,0.00819,0.28500
Anna Karenina,0.72353,0.00990,-0.08679,0.00806,0.28600
Anna Karenina,0.72382,0.00791,-0.08654,0.00777,0.28500
Anna Karenina,0.72411,0.00701,-0.08714,0.00827,0.28600
Anna Karenina,0.72440,0.00616,-0.08799,0.00775,0.28700
Anna Karenina,0.72469,0.00432,-0.08869,0.00791,0.28700
Anna Karenina,0.72498,0.00337,-0.08934,0.00800,0.28800
Anna Karenina,0.72527,0.00131,-0.08926,0.00767,0.28700
Anna Karenina,0.72556,0.00016,-0.08856,0.00788,0.28800
Anna Karenina,0.72585,-0.00002,-0.08805,0.00756,0.28900
Anna Karenina,0.72614,-0.00041,-0.08845,0.00732,0.28900
Anna Karenina,0.72643,-0.00083,-0.08868,0.00744,0.28800
Anna Karenina,0.72672,-0.00127,-0.08904,0.00692,0.28800
Anna Karenina,0.72701,-0.00057,-0.08935,0.00714,0.28800
Anna Karenina,0.72730,-0.00087,-0.08903,0.00721,0.28800
Anna Karenina,0.72759,-0.00049,-0.08958,0.00735,0.28900
Anna Karenina,0.72788,-0.00222,-0.08899,0.00730,0.29000
Anna Karenina,0.72817,-0.00293,-0.08911,0.00762,0.29100
Anna Karenina,0.72846,-0.00395,-0.08991,0.00714,0.29100
Anna Karenina,0.72875,-0.00445,-0.08970,0.00677,0.29300
Anna Karenina,0.72904,-0.00442,-0.08931,0.00646,0.29200
Anna Karenina,0.72933,-0.00402,-0.09018,0.00646,0.29300
Anna Karenina,0.72962,-0.00501,-0.08923,0.00633,0.29300
Anna Karenina,0.72991,-0.00451,-0.08936,0.00645,0.29300
Anna Karenina,0.73020,-0.00416,-0.08939,0.00704,0.29300
Anna Karenina,0.73049,-0.00292,-0.08979,0.00741,0.29200
Anna Karenina,0.73078,-0.00272,-0.08988,0.00762,0.29200
Anna Karenina,0.73107,-0.00264,-0.09058,0.00751,0.29200
Anna Karenina,0.73136,-0.00284,-0.09106,0.00769,0.29200
Anna Karenina,0.73165,-0.00178,-0.09274,0.00766,0.29200
Anna Karenina,0.73194,-0.00121,-0.09366,0.00741,0.29300
Anna Karenina,0.73223,0.00004,-0.09368,0.00771,0.29300
Anna Karenina,0.73252,0.00149,-0.09322,0.00753,0.29300
Anna Karenina,0.73281,0.00077,-0.09287,0.00768,0.29200
Anna Karenina,0.73310,0.00017,-0.09328,0.00757,0.29200
Anna Karenina,0.73339,-0.00028,-0.09296,0.00744,0.29300
Anna Karenina,0.73368,0.00023,-0.09356,0.00734,0.29200
Anna Karenina,0.73397,-0.00012,-0.09307,0.00723,0.29200
Anna Karenina,0.73426,-0.00085,-0.09275,0.00749,0.29100
Anna Karenina,0.73455,-0.00158,-0.09243,0.00786,0.29200
Anna Karenina,0.73484,-0.00250,-0.09144,0.00801,0.29100
Anna Karenina,0.73513,-0.00281,-0.09189,0.00818,0.29200
Anna Karenina,0.73542,-0.00459,-0.08964,0.00811,0.29000
Anna Karenina,0.73571,-0.00625,-0.08916,0.00766,0.29000
Anna Karenina,0.73600,-0.00556,-0.08898,0.00765,0.28900
Anna Karenina,0.73629,-0.00515,-0.08879,0.00838,0.28900
Anna Karenina,0.73658,-0.00471,-0.08964,0.00848,0.28900
Anna Karenina,0.73687,-0.00432,-0.08981,0.00827,0.28900
Anna Karenina,0.73716,-0.00414,-0.09015,0.00843,0.29000
Anna Karenina,0.73745,-0.00357,-0.09176,0.00884,0.29000
Anna Karenina,0.73774,-0.00438,-0.09154,0.00893,0.29000
Anna Karenina,0.73803,-0.00385,-0.09183,0.00930,0.29000
Anna Karenina,0.73832,-0.00391,-0.09127,0.00966,0.29100
Anna Karenina,0.73861,-0.00476,-0.09076,0.00967,0.29000
Anna Karenina,0.73890,-0.00527,-0.09052,0.00942,0.29000
Anna Karenina,0.73919,-0.00423,-0.09169,0.00955,0.29100
Anna Karenina,0.73948,-0.00427,-0.09213,0.00972,0.29200
Anna Karenina,0.73977,-0.00397,-0.09238,0.00973,0.29300
Anna Karenina,0.74006,-0.00283,-0.09244,0.00978,0.29200
Anna Karenina,0.74035,-0.00317,-0.09297,0.00955,0.29300
Anna Karenina,0.74064,-0.00362,-0.09374,0.00939,0.29200
Anna Karenina,0.74093,-0.00267,-0.09464,0.00947,0.29200
Anna Karenina,0.74122,-0.00140,-0.09489,0.01003,0.29100
Anna Karenina,0.74151,-0.00096,-0.09639,0.01034,0.29000
Anna Karenina,0.74180,-0.00019,-0.09748,0.01072,0.29000
Anna Karenina,0.74209,0.00058,-0.09772,0.01079,0.29100
Anna Karenina,0.74238,0.00042,-0.09665,0.01114,0.29100
Anna Karenina,0.74267,-0.00140,-0.09769,0.01070,0.29200
Anna Karenina,0.74296,-0.00144,-0.09755,0.01074,0.29200
Anna Karenina,0.74326,-0.00054,-0.09805,0.01136,0.29300
Anna Karenina,0.74355,0.00070,-0.09698,0.01145,0.29300
Anna Karenina,0.74384,0.00075,-0.09614,0.01140,0.29200
Anna Karenina,0.74413,0.00310,-0.09838,0.01151,0.29200
Anna Karenina,0.74442,0.00448,-0.09959,0.01146,0.29200
Anna Karenina,0.74471,0.00565,-0.10096,0.01178,0.29100
Anna Karenina,0.74500,0.00782,-0.10287,0.01216,0.29200
Anna Karenina,0.74529,0.00800,-0.10298,0.01212,0.29100
Anna Karenina,0.74558,0.00697,-0.10260,0.01205,0.29100
Anna Karenina,0.74587,0.00635,-0.10286,0.01135,0.29300
Anna Karenina,0.74616,0.00596,-0.10348,0.01062,0.29200
Anna Karenina,0.74645,0.00639,-0.10356,0.01043,0.29300
Anna Karenina,0.74674,0.00655,-0.10404,0.01030,0.29400
Anna Karenina,0.74703,0.00722,-0.10443,0.01055,0.29400
Anna Karenina,0.74732,0.00763,-0.10456,0.01062,0.29400
Anna Karenina,0.74761,0.00714,-0.10439,0.01103,0.29400
Anna Karenina,0.74790,0.00777,-0.10510,0.01155,0.29400
Anna Karenina,0.74819,0.00799,-0.10502,0.01164,0.29300
Anna Karenina,0.74848,0.00868,-0.10595,0.01219,0.29200
Anna Karenina,0.74877,0.00806,-0.10700,0.01236,0.29200
Anna Karenina,0.74906,0.00887,-0.10698,0.01246,0.29200
Anna Karenina,0.74935,0.00788,-0.10635,0.01259,0.29200
Anna Karenina,0.74964,0.00875,-0.10676,0.01269,0.29200
Anna Karenina,0.74993,0.00876,-0.10791,0.01231,0.29200
Anna Karenina,0.75022,0.00914,-0.10686,0.01334,0.29100
Anna Karenina,0.75051,0.00981,-0.10723,0.01362,0.29100
Anna Karenina,0.75080,0.00963,-0.10700,0.01335,0.29100
Anna Karenina,0.75109,0.00848,-0.10764,0.01374,0.29000
Anna Karenina,0.75138,0.00792,-0.10802,0.01345,0.28900
Anna Karenina,0.75167,0.00865,-0.10770,0.01320,0.28900
Anna Karenina,0.75196,0.00991,-0.10775,0.01345,0.28800
Anna Karenina,0.75225,0.01147,-0.10959,0.01346,0.28800
Anna Karenina,0.75254,0.01182,-0.10937,0.01357,0.28800
Anna Karenina,0.75283,0.01281,-0.10979,0.01340,0.28700
Anna Karenina,0.75312,0.01288,-0.11017,0.01321,0.28700
Anna Karenina,0.75341,0.01421,-0.10968,0.01362,0.28600
Anna Karenina,0.75370,0.01605,-0.10919,0.01418,0.28600
Anna Karenina,0.75399,0.01764,-0.10919,0.01421,0.28600
Anna Karenina,0.75428,0.01910,-0.11018,0.01410,0.28600
Anna Karenina,0.75457,0.01921,-0.11138,0.01372,0.28700
Anna Karenina,0.75486,0.01885,-0.11192,0.01411,0.28700
Anna Karenina,0.75515,0.01971,-0.11213,0.01424,0.28700
Anna Karenina,0.75544,0.01888,-0.11201,0.01422,0.28700
Anna Karenina,0.75573,0.01885,-0.11171,0.01464,0.28700
Anna Karenina,0.75602,0.01842,-0.11132,0.01451,0.28700
Anna Karenina,0.75631,0.01958,-0.11186,0.01473,0.28700
Anna Karenina,0.75660,0.01856,-0.11239,0.01498,0.28700
Anna Karenina,0.75689,0.01992,-0.11216,0.01505,0.28700
Anna Karenina,0.75718,0.02061,-0.11247,0.01512,0.28700
Anna Karenina,0.75747,0.02218,-0.11265,0.01579,0.28800
Anna Karenina,0.75776,0.02238,-0.11319,0.01610,0.28600
Anna Karenina,0.75805,0.02236,-0.11378,0.01588,0.28600
Anna Karenina,0.75834,0.02331,-0.11372,0.01559,0.28500
Anna Karenina,0.75863,0.02506,-0.11478,0.01521,0.28400
Anna Karenina,0.75892,0.02587,-0.11553,0.01503,0.28500
Anna Karenina,0.75921,0.02622,-0.11736,0.01441,0.28500
Anna Karenina,0.75950,0.02544,-0.11726,0.01386,0.28500
Anna Karenina,0.75979,0.02574,-0.11734,0.01347,0.28500
Anna Karenina,0.76008,0.02658,-0.11809,0.01387,0.28400
Anna Karenina,0.76037,0.02667,-0.11866,0.01352,0.28500
Anna Karenina,0.76066,0.02647,-0.11838,0.01303,0.28400
Anna Karenina,0.76095,0.02745,-0.11851,0.01333,0.28400
Anna Karenina,0.76124,0.02628,-0.11840,0.01318,0.28400
Anna Karenina,0.76153,0.02611,-0.12000,0.01249,0.28300
Anna Karenina,0.76182,0.02677,-0.12052,0.01212,0.28400
Anna Karenina,0.76211,0.02807,-0.12044,0.01180,0.28300
Anna Karenina,0.76240,0.02809,-0.12092,0.01178,0.28300
Anna Karenina,0.76269,0.02860,-0.12198,0.01134,0.28300
Anna Karenina,0.76298,0.02946,-0.12247,0.01157,0.28200
Anna Karenina,0.76327,0.03078,-0.12278,0.01119,0.28300
Anna Karenina,0.76356,0.03169,-0.12346,0.01087,0.28200
Anna Karenina,0.76385,0.03206,-0.12433,0.01019,0.28300
Anna Karenina,0.76414,0.03122,-0.12366,0.00969,0.28200
Anna Karenina,0.76443,0.03193,-0.12476,0.00974,0.28200
Anna Karenina,0.76472,0.03208,-0.12490,0.01024,0.28300
Anna Karenina,0.76501,0.03153,-0.12534,0.01041,0.28300
Anna Karenina,0.76530,0.03223,-0.12592,0.01015,0.28200
Anna Karenina,0.76559,0.03288,-0.12642,0.00998,0.28200
Anna Karenina,0.76588,0.03309,-0.12569,0.01019,0.28200
Anna Karenina,0.76617,0.03500,-0.12463,0.01006,0.28100
Anna Karenina,0.76646,0.03553,-0.12520,0.01029,0.28200
Anna Karenina,0.76675,0.03570,-0.12583,0.01055,0.28200
Anna Karenina,0.76704,0.03653,-0.12626,0.01067,0.28200
Anna Karenina,0.76733,0.03732,-0.12824,0.01017,0.28300
Anna Karenina,0.76762,0.04058,-0.13004,0.01042,0.28400
Anna Karenina,0.76791,0.04091,-0.13116,0.01043,0.28400
Anna Karenina,0.76820,0.04156,-0.13179,0.01013,0.28300
Anna Karenina,0.76849,0.04249,-0.13148,0.01008,0.28300
Anna Karenina,0.76878,0.04250,-0.13087,0.00968,0.28200
Anna Karenina,0.76907,0.04275,-0.13118,0.00941,0.28300
Anna Karenina,0.76936,0.04352,-0.13203,0.00965,0.28200
Anna Karenina,0.76965,0.04290,-0.13206,0.00990,0.28300
Anna Karenina,0.76994,0.04275,-0.13157,0.01027,0.28300
Anna Karenina,0.77023,0.04243,-0.13223,0.01003,0.28300
Anna Karenina,0.77053,0.04259,-0.13251,0.00956,0.28400
Anna Karenina,0.77082,0.04246,-0.13315,0.00895,0.28400
Anna Karenina,0.77111,0.04289,-0.13440,0.00858,0.28400
Anna Karenina,0.77140,0.04438,-0.13664,0.00823,0.28400
Anna Karenina,0.77169,0.04713,-0.13805,0.00855,0.28300
Anna Karenina,0.77198,0.04831,-0.13879,0.00803,0.28400
Anna Karenina,0.77227,0.04834,-0.13912,0.00746,0.28300
Anna Karenina,0.77256,0.04730,-0.13942,0.00711,0.28300
Anna Karenina,0.77285,0.04804,-0.14025,0.00675,0.28300
Anna Karenina,0.77314,0.04693,-0.13907,0.00652,0.28200
Anna Karenina,0.77343,0.04643,-0.13865,0.00632,0.28200
Anna Karenina,0.77372,0.04623,-0.13800,0.00570,0.28300
Anna Karenina,0.77401,0.04565,-0.13741,0.00591,0.28300
Anna Karenina,0.77430,0.04615,-0.13766,0.00583,0.28300
Anna Karenina,0.77459,0.04869,-0.13838,0.00577,0.28300
Anna Karenina,0.77488,0.05048,-0.13812,0.00581,0.28200
Anna Karenina,0.77517,0.05047,-0.13791,0.00598,0.28200
Anna Karenina,0.77546,0.05014,-0.13746,0.00578,0.28200
Anna Karenina,0.77575,0.05069,-0.13681,0.00575,0.28100
Anna Karenina,0.77604,0.04894,-0.13638,0.00569,0.28100
Anna Karenina,0.77633,0.04804,-0.13628,0.00552,0.28000
Anna Karenina,0.77662,0.04742,-0.13641,0.00560,0.28000
Anna Karenina,0.77691,0.04719,-0.13599,0.00574,0.28000
Anna Karenina,0.77720,0.04547,-0.13609,0.00567,0.28100
Anna Karenina,0.77749,0.04488,-0.13659,0.00545,0.28100
Anna Karenina,0.77778,0.04490,-0.13589,0.00542,0.28000
Anna Karenina,0.77807,0.04458,-0.13541,0.00529,0.28000
Anna Karenina,0.77836,0.04673,-0.13700,0.00523,0.28000
Anna Karenina,0.77865,0.04561,-0.13717,0.00480,0.28100
Anna Karenina,0.77894,0.04733,-0.13697,0.00509,0.28100
Anna Karenina,0.77923,0.04755,-0.13729,0.00472,0.28100
Anna Karenina,0.77952,0.04667,-0.13679,0.00418,0.28200
Anna Karenina,0.77981,0.04659,-0.13594,0.00474,0.28200
Anna Karenina,0.78010,0.04759,-0.13549,0.00511,0.28200
Anna Karenina,0.78039,0.04744,-0.13463,0.00512,0.28400
Anna Karenina,0.78068,0.04717,-0.13501,0.00544,0.28400
Anna Karenina,0.78097,0.04690,-0.13461,0.00565,0.28500
Anna Karenina,0.78126,0.04707,-0.13337,0.00579,0.28500
Anna Karenina,0.78155,0.04635,-0.13226,0.00559,0.28500
Anna Karenina,0.78184,0.04664,-0.13071,0.00541,0.28500
Anna Karenina,0.78213,0.04824,-0.13007,0.00556,0.28500
Anna Karenina,0.78242,0.04766,-0.12958,0.00520,0.28500
Anna Karenina,0.78271,0.04706,-0.12956,0.00480,0.28500
Anna Karenina,0.78300,0.04669,-0.12962,0.00505,0.28400
Anna Karenina,0.78329,0.04560,-0.12774,0.00512,0.28600
Anna Karenina,0.78358,0.04632,-0.12708,0.00514,0.28600
Anna Karenina,0.78387,0.04640,-0.12708,0.00529,0.28700
Anna Karenina,0.78416,0.04519,-0.12709,0.00518,0.28700
Anna Karenina,0.78445,0.04640,-0.12691,0.00533,0.28800
Anna Karenina,0.78474,0.04674,-0.12767,0.00526,0.28800
Anna Karenina,0.78503,0.04793,-0.12816,0.00552,0.28700
Anna Karenina,0.78532,0.04790,-0.12789,0.00559,0.28700
Anna Karenina,0.78561,0.04878,-0.12696,0.00553,0.28700
Anna Karenina,0.78590,0.04791,-0.12740,0.00547,0.28600
Anna Karenina,0.78619,0.04844,-0.12742,0.00534,0.28500
Anna Karenina,0.78648,0.04799,-0.12760,0.00495,0.28500
Anna Karenina,0.78677,0.04892,-0.12788,0.00471,0.28500
Anna Karenina,0.78706,0.04951,-0.12813,0.00479,0.28500
Anna Karenina,0.78735,0.04964,-0.12817,0.00474,0.28500
Anna Karenina,0.78764,0.04959,-0.12798,0.00496,0.28400
Anna Karenina,0.78793,0.04872,-0.12740,0.00454,0.28500
Anna Karenina,0.78822,0.04897,-0.12599,0.00407,0.28500
Anna Karenina,0.78851,0.04978,-0.12626,0.00408,0.28400
Anna Karenina,0.78880,0.05031,-0.12666,0.00448,0.28300
Anna Karenina,0.78909,0.05046,-0.12549,0.00415,0.28400
Anna Karenina,0.78938,0.04968,-0.12531,0.00399,0.28300
Anna Karenina,0.78967,0.04946,-0.12535,0.00385,0.28400
Anna Karenina,0.78996,0.04959,-0.12559,0.00316,0.28400
Anna Karenina,0.79025,0.05004,-0.12592,0.00272,0.28400
Anna Karenina,0.79054,0.05015,-0.12506,0.00241,0.28400
Anna Karenina,0.79083,0.04960,-0.12389,0.00216,0.28400
Anna Karenina,0.79112,0.04872,-0.12392,0.00177,0.28500
Anna Karenina,0.79141,0.04911,-0.12414,0.00190,0.28500
Anna Karenina,0.79170,0.04967,-0.12364,0.00191,0.28500
Anna Karenina,0.79199,0.05127,-0.12330,0.00127,0.28600
Anna Karenina,0.79228,0.05224,-0.12346,0.00125,0.28600
Anna Karenina,0.79257,0.05429,-0.12296,0.00108,0.28600
Anna Karenina,0.79286,0.05527,-0.12306,0.00075,0.28600
Anna Karenina,0.79315,0.05665,-0.12339,0.00089,0.28600
Anna Karenina,0.79344,0.05659,-0.12339,0.00086,0.28700
Anna Karenina,0.79373,0.05780,-0.12318,0.00026,0.28700
Anna Karenina,0.79402,0.05852,-0.12291,-0.00002,0.28700
Anna Karenina,0.79431,0.05837,-0.12290,-0.00057,0.28700
Anna Karenina,0.79460,0.05764,-0.12287,-0.00058,0.28700
Anna Karenina,0.79489,0.05727,-0.12319,-0.00084,0.28700
Anna Karenina,0.79518,0.05628,-0.12422,-0.00098,0.28600
Anna Karenina,0.79547,0.05551,-0.12370,-0.00085,0.28600
Anna Karenina,0.79576,0.05656,-0.12403,-0.00125,0.28600
Anna Karenina,0.79605,0.05571,-0.12385,-0.00194,0.28500
Anna Karenina,0.79634,0.05484,-0.12264,-0.00192,0.28400
Anna Karenina,0.79663,0.05314,-0.12234,-0.00246,0.28400
Anna Karenina,0.79692,0.05274,-0.12183,-0.00270,0.28400
Anna Karenina,0.79721,0.05258,-0.12128,-0.00303,0.28600
Anna Karenina,0.79751,0.05188,-0.12106,-0.00302,0.28600
Anna Karenina,0.79780,0.05187,-0.12109,-0.00297,0.28700
Anna Karenina,0.79809,0.05235,-0.11992,-0.00341,0.28600
Anna Karenina,0.79838,0.05313,-0.11911,-0.00434,0.28900
Anna Karenina,0.79867,0.05357,-0.11870,-0.00418,0.28800
Anna Karenina,0.79896,0.05275,-0.11853,-0.00483,0.28900
Anna Karenina,0.79925,0.05228,-0.11814,-0.00479,0.28800
Anna Karenina,0.79954,0.05142,-0.11651,-0.00494,0.28900
Anna Karenina,0.79983,0.05160,-0.11676,-0.00480,0.28900
Anna Karenina,0.80012,0.05193,-0.11704,-0.00476,0.28900
Anna Karenina,0.80041,0.05118,-0.11679,-0.00453,0.28800
Anna Karenina,0.80070,0.05099,-0.11645,-0.00441,0.28900
Anna Karenina,0.80099,0.05075,-0.11717,-0.00428,0.29000
Anna Karenina,0.80128,0.05058,-0.11640,-0.00377,0.29000
Anna Karenina,0.80157,0.05036,-0.11511,-0.00304,0.29000
Anna Karenina,0.80186,0.04981,-0.11463,-0.00276,0.29100
Anna Karenina,0.80215,0.04937,-0.11530,-0.00262,0.29100
Anna Karenina,0.80244,0.04852,-0.11500,-0.00252,0.29200
Anna Karenina,0.80273,0.04804,-0.11477,-0.00244,0.29300
Anna Karenina,0.80302,0.04773,-0.11499,-0.00267,0.29300
Anna Karenina,0.80331,0.04770,-0.11515,-0.00315,0.29300
Anna Karenina,0.80360,0.04680,-0.11502,-0.00349,0.29300
Anna Karenina,0.80389,0.04668,-0.11536,-0.00377,0.29300
Anna Karenina,0.80418,0.04686,-0.11621,-0.00372,0.29400
Anna Karenina,0.80447,0.04692,-0.11693,-0.00371,0.29400
Anna Karenina,0.80476,0.04629,-0.11780,-0.00388,0.29400
Anna Karenina,0.80505,0.04758,-0.11842,-0.00437,0.29400
Anna Karenina,0.80534,0.04685,-0.11864,-0.00423,0.29500
Anna Karenina,0.80563,0.04770,-0.11875,-0.00435,0.29500
Anna Karenina,0.80592,0.04742,-0.11851,-0.00500,0.29400
Anna Karenina,0.80621,0.04880,-0.11850,-0.00481,0.29400
Anna Karenina,0.80650,0.04968,-0.11812,-0.00456,0.29400
Anna Karenina,0.80679,0.04914,-0.11776,-0.00465,0.29400
Anna Karenina,0.80708,0.04870,-0.11723,-0.00430,0.29400
Anna Karenina,0.80737,0.04778,-0.11740,-0.00486,0.29300
Anna Karenina,0.80766,0.04871,-0.11695,-0.00452,0.29300
Anna Karenina,0.80795,0.04751,-0.11641,-0.00495,0.29300
Anna Karenina,0.80824,0.04658,-0.11576,-0.00510,0.29200
Anna Karenina,0.80853,0.04693,-0.11605,-0.00547,0.29200
Anna Karenina,0.80882,0.04613,-0.11615,-0.00632,0.29200
Anna Karenina,0.80911,0.04526,-0.11547,-0.00670,0.29100
Anna Karenina,0.80940,0.04541,-0.11576,-0.00667,0.29000
Anna Karenina,0.80969,0.04428,-0.11544,-0.00695,0.29000
Anna Karenina,0.80998,0.04480,-0.11563,-0.00702,0.29000
Anna Karenina,0.81027,0.04391,-0.11583,-0.00760,0.28900
Anna Karenina,0.81056,0.04494,-0.11652,-0.00751,0.28900
Anna Karenina,0.81085,0.04441,-0.11739,-0.00803,0.28900
Anna Karenina,0.81114,0.04296,-0.11732,-0.00839,0.28900
Anna Karenina,0.81143,0.04413,-0.11702,-0.00814,0.28900
Anna Karenina,0.81172,0.04520,-0.11691,-0.00862,0.28900
Anna Karenina,0.81201,0.04676,-0.11709,-0.00944,0.28900
Anna Karenina,0.81230,0.04845,-0.11745,-0.00981,0.28700
Anna Karenina,0.81259,0.05132,-0.11781,-0.00976,0.28700
Anna Karenina,0.81288,0.05105,-0.11728,-0.01002,0.28700
Anna Karenina,0.81317,0.05250,-0.11740,-0.00984,0.28700
Anna Karenina,0.81346,0.05235,-0.11757,-0.01012,0.28700
Anna Karenina,0.81375,0.05301,-0.11683,-0.00977,0.28800
Anna Karenina,0.81404,0.05395,-0.11773,-0.00966,0.28900
Anna Karenina,0.81433,0.05387,-0.11802,-0.00959,0.28800
Anna Karenina,0.81462,0.05354,-0.11866,-0.00996,0.28900
Anna Karenina,0.81491,0.05284,-0.11813,-0.01006,0.28900
Anna Karenina,0.81520,0.05211,-0.11701,-0.01024,0.29000
Anna Karenina,0.81549,0.05155,-0.11596,-0.01062,0.28900
Anna Karenina,0.81578,0.05158,-0.11542,-0.01056,0.28900
Anna Karenina,0.81607,0.05026,-0.11503,-0.01073,0.28900
Anna Karenina,0.81636,0.04844,-0.11416,-0.01084,0.28900
Anna Karenina,0.81665,0.04655,-0.11338,-0.01075,0.29000
Anna Karenina,0.81694,0.04681,-0.11363,-0.01034,0.29000
Anna Karenina,0.81723,0.04580,-0.11341,-0.00954,0.28900
Anna Karenina,0.81752,0.04483,-0.11347,-0.00943,0.28900
Anna Karenina,0.81781,0.04408,-0.11294,-0.00938,0.29000
Anna Karenina,0.81810,0.04382,-0.11363,-0.00938,0.28900
Anna Karenina,0.81839,0.04402,-0.11314,-0.00931,0.28900
Anna Karenina,0.81868,0.04398,-0.11296,-0.00876,0.28900
Anna Karenina,0.81897,0.04325,-0.11251,-0.00831,0.29000
Anna Karenina,0.81926,0.04349,-0.11203,-0.00781,0.28900
Anna Karenina,0.81955,0.04270,-0.11235,-0.00712,0.28900
Anna Karenina,0.81984,0.04381,-0.11390,-0.00660,0.28900
Anna Karenina,0.82013,0.04460,-0.11452,-0.00602,0.28800
Anna Karenina,0.82042,0.04448,-0.11406,-0.00636,0.28900
Anna Karenina,0.82071,0.04306,-0.11331,-0.00594,0.28900
Anna Karenina,0.82100,0.04136,-0.11317,-0.00542,0.28700
Anna Karenina,0.82129,0.04056,-0.11257,-0.00489,0.28600
Anna Karenina,0.82158,0.03923,-0.11287,-0.00454,0.28600
Anna Karenina,0.82187,0.03879,-0.11245,-0.00399,0.28500
Anna Karenina,0.82216,0.03945,-0.11308,-0.00389,0.28500
Anna Karenina,0.82245,0.03991,-0.11305,-0.00349,0.28500
Anna Karenina,0.82274,0.03952,-0.11388,-0.00321,0.28500
Anna Karenina,0.82303,0.03931,-0.11385,-0.00261,0.28400
Anna Karenina,0.82332,0.03978,-0.11447,-0.00180,0.28400
Anna Karenina,0.82361,0.04047,-0.11358,-0.00165,0.28400
Anna Karenina,0.82390,0.04156,-0.11433,-0.00152,0.28400
Anna Karenina,0.82419,0.04114,-0.11399,-0.00145,0.28500
Anna Karenina,0.82449,0.04003,-0.11315,-0.00167,0.28600
Anna Karenina,0.82478,0.03890,-0.11260,-0.00146,0.28600
Anna Karenina,0.82507,0.03861,-0.11171,-0.00119,0.28700
Anna Karenina,0.82536,0.03940,-0.11261,-0.00117,0.28600
Anna Karenina,0.82565,0.03867,-0.11297,-0.00083,0.28600
Anna Karenina,0.82594,0.03857,-0.11317,-0.00056,0.28600
Anna Karenina,0.82623,0.03798,-0.11371,-0.00048,0.28500
Anna Karenina,0.82652,0.03780,-0.11478,-0.00044,0.28500
Anna Karenina,0.82681,0.03796,-0.11527,-0.00083,0.28500
Anna Karenina,0.82710,0.03663,-0.11655,-0.00033,0.28600
Anna Karenina,0.82739,0.03458,-0.11614,0.00069,0.28500
Anna Karenina,0.82768,0.03480,-0.11612,0.00017,0.28400
Anna Karenina,0.82797,0.03550,-0.11610,0.00019,0.28500
Anna Karenina,0.82826,0.03699,-0.11615,0.00022,0.28500
Anna Karenina,0.82855,0.03789,-0.11728,0.00019,0.28400
Anna Karenina,0.82884,0.03764,-0.11728,-0.00007,0.28400
Anna Karenina,0.82913,0.03738,-0.11678,-0.00043,0.28400
Anna Karenina,0.82942,0.03845,-0.11709,-0.00084,0.28400
Anna Karenina,0.82971,0.03848,-0.11698,-0.00129,0.28300
Anna Karenina,0.83000,0.03845,-0.11637,-0.00151,0.28300
Anna Karenina,0.83029,0.03832,-0.11638,-0.00242,0.28300
Anna Karenina,0.83058,0.03902,-0.11806,-0.00338,0.28200
Anna Karenina,0.83087,0.03944,-0.11846,-0.00377,0.28200
Anna Karenina,0.83116,0.04006,-0.11814,-0.00399,0.28300
Anna Karenina,0.83145,0.04106,-0.11905,-0.00408,0.28300
Anna Karenina,0.83174,0.04138,-0.11855,-0.00399,0.28200
Anna Karenina,0.83203,0.04076,-0.11894,-0.00409,0.28100
Anna Karenina,0.83232,0.04078,-0.11966,-0.00391,0.28200
Anna Karenina,0.83261,0.04163,-0.12038,-0.00371,0.28300
Anna Karenina,0.83290,0.04158,-0.11998,-0.00336,0.28200
Anna Karenina,0.83319,0.04171,-0.11855,-0.00322,0.28200
Anna Karenina,0.83348,0.04215,-0.11876,-0.00313,0.28200
Anna Karenina,0.83377,0.04188,-0.11929,-0.00314,0.28200
Anna Karenina,0.83406,0.04250,-0.11859,-0.00294,0.28100
Anna Karenina,0.83435,0.04381,-0.11924,-0.00314,0.28100
Anna Karenina,0.83464,0.04387,-0.11962,-0.00349,0.28000
Anna Karenina,0.83493,0.04569,-0.12009,-0.00296,0.28100
Anna Karenina,0.83522,0.04598,-0.12002,-0.00307,0.28100
Anna Karenina,0.83551,0.04631,-0.11985,-0.00301,0.28200
Anna Karenina,0.83580,0.04706,-0.11999,-0.00248,0.28300
Anna Karenina,0.83609,0.04769,-0.12149,-0.00260,0.28300
Anna Karenina,0.83638,0.04811,-0.12170,-0.00231,0.28400
Anna Karenina,0.83667,0.04879,-0.12117,-0.00222,0.28300
Anna Karenina,0.83696,0.04858,-0.12120,-0.00174,0.28400
Anna Karenina,0.83725,0.04984,-0.12218,-0.00156,0.28500
Anna Karenina,0.83754,0.04985,-0.12153,-0.00029,0.28500
Anna Karenina,0.83783,0.05124,-0.12127,0.00066,0.28500
Anna Karenina,0.83812,0.05177,-0.12155,0.00062,0.28500
Anna Karenina,0.83841,0.05196,-0.12188,0.00072,0.28500
Anna Karenina,0.83870,0.05238,-0.12233,0.00083,0.28500
Anna Karenina,0.83899,0.05119,-0.12273,0.00054,0.28400
Anna Karenina,0.83928,0.05140,-0.12304,0.00042,0.28500
Anna Karenina,0.83957,0.05055,-0.12305,0.00022,0.28500
Anna Karenina,0.83986,0.05100,-0.12295,0.00076,0.28500
Anna Karenina,0.84015,0.05188,-0.12329,0.00069,0.28500
Anna Karenina,0.84044,0.05118,-0.12402,0.00055,0.28500
Anna Karenina,0.84073,0.05145,-0.12433,0.00066,0.28500
Anna Karenina,0.84102,0.04968,-0.12308,0.00144,0.28500
Anna Karenina,0.84131,0.04921,-0.12380,0.00182,0.28400
Anna Karenina,0.84160,0.04625,-0.12353,0.00158,0.28300
Anna Karenina,0.84189,0.04620,-0.12357,0.00167,0.28400
Anna Karenina,0.84218,0.04504,-0.12350,0.00118,0.28400
Anna Karenina,0.84247,0.04486,-0.12384,0.00120,0.28400
Anna Karenina,0.84276,0.04376,-0.12469,0.00070,0.28400
Anna Karenina,0.84305,0.04320,-0.12378,0.00048,0.28400
Anna Karenina,0.84334,0.04268,-0.12363,0.00042,0.28400
Anna Karenina,0.84363,0.04283,-0.12280,0.00064,0.28400
Anna Karenina,0.84392,0.04353,-0.12353,0.00065,0.28300
Anna Karenina,0.84421,0.04400,-0.12427,0.00065,0.28300
Anna Karenina,0.84450,0.04541,-0.12475,0.00104,0.28300
Anna Karenina,0.84479,0.04472,-0.12425,0.00104,0.28300
Anna Karenina,0.84508,0.04566,-0.12453,0.00178,0.28300
Anna Karenina,0.84537,0.04641,-0.12572,0.00219,0.28300
Anna Karenina,0.84566,0.04792,-0.12640,0.00220,0.28300
Anna Karenina,0.84595,0.04793,-0.12701,0.00212,0.28200
Anna Karenina,0.84624,0.04761,-0.12830,0.00226,0.28300
Anna Karenina,0.84653,0.04814,-0.12811,0.00179,0.28400
Anna Karenina,0.84682,0.04726,-0.12817,0.00158,0.28400
Anna Karenina,0.84711,0.04832,-0.12841,0.00196,0.28500
Anna Karenina,0.84740,0.04899,-0.12850,0.00254,0.28500
Anna Karenina,0.84769,0.04905,-0.12820,0.00250,0.28500
Anna Karenina,0.84798,0.04829,-0.12855,0.00256,0.28400
Anna Karenina,0.84827,0.04700,-0.12854,0.00239,0.28500
Anna Karenina,0.84856,0.04717,-0.12781,0.00258,0.28600
Anna Karenina,0.84885,0.04606,-0.12717,0.00247,0.28500
Anna Karenina,0.84914,0.04498,-0.12630,0.00181,0.28600
Anna Karenina,0.84943,0.04463,-0.12688,0.00225,0.28700
Anna Karenina,0.84972,0.04450,-0.12763,0.00221,0.28700
Anna Karenina,0.85001,0.04462,-0.12859,0.00219,0.28700
Anna Karenina,0.85030,0.04499,-0.12876,0.00211,0.28800
Anna Karenina,0.85059,0.04438,-0.12842,0.00233,0.28800
Anna Karenina,0.85088,0.04316,-0.12870,0.00190,0.28800
Anna Karenina,0.85117,0.04265,-0.12877,0.00224,0.28800
Anna Karenina,0.85147,0.04267,-0.12895,0.00194,0.28800
Anna Karenina,0.85176,0.04299,-0.12924,0.00264,0.28900
Anna Karenina,0.85205,0.04314,-0.13034,0.00242,0.29000
Anna Karenina,0.85234,0.04252,-0.13051,0.00215,0.29000
Anna Karenina,0.85263,0.04226,-0.13076,0.00214,0.28900
Anna Karenina,0.85292,0.04206,-0.13117,0.00206,0.28800
Anna Karenina,0.85321,0.04388,-0.13214,0.00211,0.28800
Anna Karenina,0.85350,0.04503,-0.13364,0.00202,0.28700
Anna Karenina,0.85379,0.04670,-0.13436,0.00237,0.28700
Anna Karenina,0.85408,0.04809,-0.13567,0.00257,0.28600
Anna Karenina,0.85437,0.04910,-0.13600,0.00293,0.28600
Anna Karenina,0.85466,0.05006,-0.13654,0.00262,0.28600
Anna Karenina,0.85495,0.05036,-0.13617,0.00246,0.28600
Anna Karenina,0.85524,0.05052,-0.13696,0.00271,0.28600
Anna Karenina,0.85553,0.05159,-0.13611,0.00287,0.28500
Anna Karenina,0.85582,0.05182,-0.13684,0.00352,0.28500
Anna Karenina,0.85611,0.05229,-0.13739,0.00350,0.28500
Anna Karenina,0.85640,0.05422,-0.13766,0.00310,0.28400
Anna Karenina,0.85669,0.05385,-0.13771,0.00321,0.28400
Anna Karenina,0.85698,0.05387,-0.13813,0.00376,0.28400
Anna Karenina,0.85727,0.05293,-0.13828,0.00352,0.28400
Anna Karenina,0.85756,0.05186,-0.13804,0.00356,0.28500
Anna Karenina,0.85785,0.05123,-0.13798,0.00403,0.28300
Anna Karenina,0.85814,0.05005,-0.13804,0.00441,0.28300
Anna Karenina,0.85843,0.04884,-0.13777,0.00492,0.28300
Anna Karenina,0.85872,0.04814,-0.13738,0.00561,0.28200
Anna Karenina,0.85901,0.04767,-0.13690,0.00578,0.28100
Anna Karenina,0.85930,0.04778,-0.13775,0.00664,0.27900
Anna Karenina,0.85959,0.04731,-0.13708,0.00753,0.28000
Anna Karenina,0.85988,0.04618,-0.13765,0.00773,0.28000
Anna Karenina,0.86017,0.04576,-0.13766,0.00758,0.28000
Anna Karenina,0.86046,0.04598,-0.13742,0.00815,0.28000
Anna Karenina,0.86075,0.04647,-0.13797,0.00827,0.27900
Anna Karenina,0.86104,0.04617,-0.13741,0.00820,0.27900
Anna Karenina,0.86133,0.04481,-0.13559,0.00827,0.27800
Anna Karenina,0.86162,0.04378,-0.13481,0.00866,0.27800
Anna Karenina,0.86191,0.04285,-0.13418,0.00871,0.27800
Anna Karenina,0.86220,0.04323,-0.13429,0.00844,0.27800
Anna Karenina,0.86249,0.04337,-0.13213,0.00898,0.27700
Anna Karenina,0.86278,0.04434,-0.13099,0.00923,0.27700
Anna Karenina,0.86307,0.04334,-0.13054,0.00951,0.27700
Anna Karenina,0.86336,0.04237,-0.12938,0.00927,0.27700
Anna Karenina,0.86365,0.04194,-0.12856,0.00993,0.27800
Anna Karenina,0.86394,0.03932,-0.12808,0.00993,0.27800
Anna Karenina,0.86423,0.03806,-0.12858,0.00983,0.27800
Anna Karenina,0.86452,0.03719,-0.12848,0.00954,0.27700
Anna Karenina,0.86481,0.03607,-0.12835,0.00923,0.27700
Anna Karenina,0.86510,0.03555,-0.12774,0.00937,0.27800
Anna Karenina,0.86539,0.03438,-0.12585,0.00962,0.27700
Anna Karenina,0.86568,0.03443,-0.12615,0.00958,0.27700
Anna Karenina,0.86597,0.03460,-0.12674,0.00944,0.27600
Anna Karenina,0.86626,0.03371,-0.12612,0.00931,0.27500
Anna Karenina,0.86655,0.03330,-0.12710,0.00862,0.27400
Anna Karenina,0.86684,0.03298,-0.12821,0.00788,0.27500
Anna Karenina,0.86713,0.03275,-0.12838,0.00787,0.27500
Anna Karenina,0.86742,0.03382,-0.12782,0.00769,0.27500
Anna Karenina,0.86771,0.03372,-0.12668,0.00735,0.27500
Anna Karenina,0.86800,0.03345,-0.12597,0.00723,0.27500
Anna Karenina,0.86829,0.03340,-0.12532,0.00747,0.27400
Anna Karenina,0.86858,0.03329,-0.12551,0.00749,0.27500
Anna Karenina,0.86887,0.03340,-0.12640,0.00728,0.27500
Anna Karenina,0.86916,0.03273,-0.12569,0.00742,0.27600
Anna Karenina,0.86945,0.03349,-0.12602,0.00751,0.27600
Anna Karenina,0.86974,0.03208,-0.12613,0.00794,0.27600
Anna Karenina,0.87003,0.03294,-0.12664,0.00770,0.27600
Anna Karenina,0.87032,0.03204,-0.12590,0.00744,0.27600
Anna Karenina,0.87061,0.03193,-0.12559,0.00735,0.27600
Anna Karenina,0.87090,0.03250,-0.12520,0.00746,0.27500
Anna Karenina,0.87119,0.03166,-0.12389,0.00780,0.27500
Anna Karenina,0.87148,0.03166,-0.12396,0.00757,0.27500
Anna Karenina,0.87177,0.03221,-0.12391,0.00752,0.27500
Anna Karenina,0.87206,0.03108,-0.12414,0.00748,0.27300
Anna Karenina,0.87235,0.03182,-0.12382,0.00708,0.27300
Anna Karenina,0.87264,0.03206,-0.12367,0.00653,0.27400
Anna Karenina,0.87293,0.03178,-0.12273,0.00626,0.27400
Anna Karenina,0.87322,0.03147,-0.12176,0.00627,0.27400
Anna Karenina,0.87351,0.02961,-0.12100,0.00574,0.27400
Anna Karenina,0.87380,0.02991,-0.12051,0.00591,0.27500
Anna Karenina,0.87409,0.02868,-0.12023,0.00537,0.27500
Anna Karenina,0.87438,0.02816,-0.11779,0.00552,0.27500
Anna Karenina,0.87467,0.02744,-0.11743,0.00540,0.27400
Anna Karenina,0.87496,0.02615,-0.11593,0.00466,0.27400
Anna Karenina,0.87525,0.02637,-0.11420,0.00434,0.27400
Anna Karenina,0.87554,0.02655,-0.11332,0.00486,0.27400
Anna Karenina,0.87583,0.02823,-0.11358,0.00515,0.27400
Anna Karenina,0.87612,0.02648,-0.11283,0.00464,0.27400
Anna Karenina,0.87641,0.02714,-0.11311,0.00431,0.27400
Anna Karenina,0.87670,0.02696,-0.11344,0.00433,0.27300
Anna Karenina,0.87699,0.02789,-0.11390,0.00454,0.27300
Anna Karenina,0.87728,0.02844,-0.11541,0.00469,0.27200
Anna Karenina,0.87757,0.02843,-0.11595,0.00463,0.27200
Anna Karenina,0.87786,0.02781,-0.11608,0.00440,0.27200
Anna Karenina,0.87815,0.02608,-0.11576,0.00525,0.27200
Anna Karenina,0.87845,0.02634,-0.11645,0.00534,0.27200
Anna Karenina,0.87874,0.02701,-0.11652,0.00588,0.27200
Anna Karenina,0.87903,0.02655,-0.11567,0.00642,0.27300
Anna Karenina,0.87932,0.02545,-0.11425,0.00655,0.27400
Anna Karenina,0.87961,0.02604,-0.11479,0.00623,0.27500
Anna Karenina,0.87990,0.02689,-0.11506,0.00606,0.27600
Anna Karenina,0.88019,0.02732,-0.11507,0.00549,0.27600
Anna Karenina,0.88048,0.02715,-0.11594,0.00457,0.27600
Anna Karenina,0.88077,0.02663,-0.11558,0.00364,0.27600
Anna Karenina,0.88106,0.02653,-0.11438,0.00313,0.27500
Anna Karenina,0.88135,0.02702,-0.11410,0.00255,0.27600
Anna Karenina,0.88164,0.02704,-0.11428,0.00233,0.27600
Anna Karenina,0.88193,0.02711,-0.11383,0.00223,0.27700
Anna Karenina,0.88222,0.02647,-0.11373,0.00196,0.27700
Anna Karenina,0.88251,0.02689,-0.11340,0.00136,0.27900
Anna Karenina,0.88280,0.02664,-0.11334,0.00069,0.28000
Anna Karenina,0.88309,0.02577,-0.11247,0.00049,0.28000
Anna Karenina,0.88338,0.02412,-0.11164,-0.00000,0.28000
Anna Karenina,0.88367,0.02346,-0.11065,0.00016,0.28000
Anna Karenina,0.88396,0.02378,-0.11071,0.00033,0.28000
Anna Karenina,0.88425,0.02293,-0.10936,0.00002,0.28000
Anna Karenina,0.88454,0.02164,-0.10887,-0.00012,0.28000
Anna Karenina,0.88483,0.02132,-0.10859,-0.00058,0.28100
Anna Karenina,0.88512,0.02198,-0.10786,-0.00052,0.28000
Anna Karenina,0.88541,0.02059,-0.10741,-0.00017,0.28100
Anna Karenina,0.88570,0.02063,-0.10711,-0.00028,0.28100
Anna Karenina,0.88599,0.02020,-0.10654,-0.00063,0.28100
Anna Karenina,0.88628,0.01948,-0.10545,-0.00044,0.28100
Anna Karenina,0.88657,0.02005,-0.10539,-0.00048,0.28100
Anna Karenina,0.88686,0.01973,-0.10531,-0.00056,0.28200
Anna Karenina,0.88715,0.02081,-0.10463,-0.00063,0.28200
Anna Karenina,0.88744,0.02091,-0.10499,-0.00073,0.28200
Anna Karenina,0.88773,0.02223,-0.10603,-0.00093,0.28300
Anna Karenina,0.88802,0.02241,-0.10656,-0.00062,0.28300
Anna Karenina,0.88831,0.02240,-0.10646,-0.00091,0.28300
Anna Karenina,0.88860,0.02323,-0.10689,-0.00145,0.28300
Anna Karenina,0.88889,0.02321,-0.10637,-0.00168,0.28200
Anna Karenina,0.88918,0.02307,-0.10657,-0.00155,0.28200
Anna Karenina,0.88947,0.02301,-0.10586,-0.00158,0.28200
Anna Karenina,0.88976,0.02159,-0.10567,-0.00172,0.28300
Anna Karenina,0.89005,0.02221,-0.10596,-0.00177,0.28200
Anna Karenina,0.89034,0.02318,-0.10650,-0.00167,0.28200
Anna Karenina,0.89063,0.02445,-0.10763,-0.00134,0.28300
Anna Karenina,0.89092,0.02633,-0.10795,-0.00094,0.28300
Anna Karenina,0.89121,0.02714,-0.10830,-0.00060,0.28400
Anna Karenina,0.89150,0.02768,-0.11030,-0.00074,0.28400
Anna Karenina,0.89179,0.02732,-0.11081,-0.00072,0.28400
Anna Karenina,0.89208,0.02775,-0.11193,-0.00084,0.28500
Anna Karenina,0.89237,0.02882,-0.11332,-0.00040,0.28500
Anna Karenina,0.89266,0.02883,-0.11434,-0.00113,0.28400
Anna Karenina,0.89295,0.02954,-0.11449,-0.00126,0.28400
Anna Karenina,0.89324,0.03020,-0.11371,-0.00099,0.28400
Anna Karenina,0.89353,0.02945,-0.11337,-0.00104,0.28400
Anna Karenina,0.89382,0.02967,-0.11366,-0.00137,0.28400
Anna Karenina,0.89411,0.02990,-0.11343,-0.00183,0.28300
Anna Karenina,0.89440,0.03036,-0.11473,-0.00177,0.28300
Anna Karenina,0.89469,0.03005,-0.11460,-0.00165,0.28300
Anna Karenina,0.89498,0.03045,-0.11436,-0.00208,0.28300
Anna Karenina,0.89527,0.02980,-0.11520,-0.00215,0.28500
Anna Karenina,0.89556,0.02941,-0.11487,-0.00185,0.28400
Anna Karenina,0.89585,0.02883,-0.11414,-0.00198,0.28300
Anna Karenina,0.89614,0.02929,-0.11458,-0.00207,0.28400
Anna Karenina,0.89643,0.02919,-0.11526,-0.00214,0.28300
Anna Karenina,0.89672,0.02993,-0.11604,-0.00180,0.28400
Anna Karenina,0.89701,0.03090,-0.11694,-0.00138,0.28500
Anna Karenina,0.89730,0.03072,-0.11747,-0.00109,0.28600
Anna Karenina,0.89759,0.03148,-0.11793,-0.00071,0.28600
Anna Karenina,0.89788,0.03072,-0.11747,-0.00079,0.28500
Anna Karenina,0.89817,0.03128,-0.11821,-0.00070,0.28400
Anna Karenina,0.89846,0.03069,-0.11793,-0.00074,0.28400
Anna Karenina,0.89875,0.03056,-0.11694,-0.00122,0.28400
Anna Karenina,0.89904,0.03007,-0.11694,-0.00142,0.28400
Anna Karenina,0.89933,0.03169,-0.11767,-0.00133,0.28400
Anna Karenina,0.89962,0.03163,-0.11890,-0.00153,0.28500
Anna Karenina,0.89991,0.03225,-0.12010,-0.00143,0.28500
Anna Karenina,0.90020,0.03326,-0.12131,-0.00177,0.28500
Anna Karenina,0.90049,0.03311,-0.12019,-0.00168,0.28600
Anna Karenina,0.90078,0.03276,-0.11980,-0.00167,0.28600
Anna Karenina,0.90107,0.03163,-0.11985,-0.00186,0.28600
Anna Karenina,0.90136,0.03084,-0.12030,-0.00183,0.28600
Anna Karenina,0.90165,0.03040,-0.12061,-0.00152,0.28500
Anna Karenina,0.90194,0.03121,-0.12109,-0.00128,0.28400
Anna Karenina,0.90223,0.03049,-0.12159,-0.00130,0.28500
Anna Karenina,0.90252,0.03018,-0.12147,-0.00084,0.28400
Anna Karenina,0.90281,0.03032,-0.12240,-0.00123,0.28500
Anna Karenina,0.90310,0.03094,-0.12272,-0.00153,0.28500
Anna Karenina,0.90339,0.03084,-0.12337,-0.00209,0.28500
Anna Karenina,0.90368,0.03032,-0.12319,-0.00192,0.28600
Anna Karenina,0.90397,0.03111,-0.12307,-0.00094,0.28700
Anna Karenina,0.90426,0.03150,-0.12311,-0.00082,0.28600
Anna Karenina,0.90455,0.03025,-0.12332,-0.00090,0.28600
Anna Karenina,0.90484,0.02903,-0.12236,-0.00142,0.28600
Anna Karenina,0.90513,0.02897,-0.12236,-0.00143,0.28500
Anna Karenina,0.90543,0.02837,-0.12067,-0.00140,0.28500
Anna Karenina,0.90572,0.02758,-0.11984,-0.00154,0.28600
Anna Karenina,0.90601,0.02745,-0.11942,-0.00146,0.28600
Anna Karenina,0.90630,0.02816,-0.11853,-0.00172,0.28600
Anna Karenina,0.90659,0.02801,-0.11839,-0.00185,0.28600
Anna Karenina,0.90688,0.02881,-0.11922,-0.00161,0.28700
Anna Karenina,0.90717,0.03086,-0.11982,-0.00187,0.28600
Anna Karenina,0.90746,0.03128,-0.11878,-0.00195,0.28600
Anna Karenina,0.90775,0.03129,-0.11803,-0.00239,0.28500
Anna Karenina,0.90804,0.03092,-0.11762,-0.00278,0.28400
Anna Karenina,0.90833,0.03169,-0.11905,-0.00274,0.28300
Anna Karenina,0.90862,0.03177,-0.11867,-0.00244,0.28200
Anna Karenina,0.90891,0.03126,-0.11785,-0.00201,0.28200
Anna Karenina,0.90920,0.03068,-0.11634,-0.00174,0.28100
Anna Karenina,0.90949,0.02987,-0.11489,-0.00098,0.28000
Anna Karenina,0.90978,0.02874,-0.11341,-0.00054,0.28000
Anna Karenina,0.91007,0.02751,-0.11323,-0.00030,0.28100
Anna Karenina,0.91036,0.02652,-0.11285,0.00019,0.28100
Anna Karenina,0.91065,0.02628,-0.11139,0.00025,0.28100
Anna Karenina,0.91094,0.02519,-0.11061,0.00070,0.28100
Anna Karenina,0.91123,0.02398,-0.10957,0.00129,0.28100
Anna Karenina,0.91152,0.02239,-0.10994,0.00186,0.28000
Anna Karenina,0.91181,0.02194,-0.11042,0.00231,0.27900
Anna Karenina,0.91210,0.02157,-0.11067,0.00223,0.27900
Anna Karenina,0.91239,0.02174,-0.11036,0.00251,0.27800
Anna Karenina,0.91268,0.02212,-0.11038,0.00238,0.27900
Anna Karenina,0.91297,0.02153,-0.11033,0.00264,0.27900
Anna Karenina,0.91326,0.02257,-0.11096,0.00312,0.27900
Anna Karenina,0.91355,0.02395,-0.11097,0.00370,0.27900
Anna Karenina,0.91384,0.02353,-0.10932,0.00402,0.27900
Anna Karenina,0.91413,0.02245,-0.10955,0.00448,0.27900
Anna Karenina,0.91442,0.02234,-0.10989,0.00457,0.27900
Anna Karenina,0.91471,0.02412,-0.11089,0.00488,0.27900
Anna Karenina,0.91500,0.02380,-0.11064,0.00480,0.27900
Anna Karenina,0.91529,0.02489,-0.11155,0.00519,0.27800
Anna Karenina,0.91558,0.02417,-0.11144,0.00594,0.27800
Anna Karenina,0.91587,0.02487,-0.11158,0.00593,0.27700
Anna Karenina,0.91616,0.02343,-0.11163,0.00580,0.27900
Anna Karenina,0.91645,0.02332,-0.11094,0.00572,0.27800
Anna Karenina,0.91674,0.02118,-0.11013,0.00564,0.27800
Anna Karenina,0.91703,0.02102,-0.10969,0.00535,0.27800
Anna Karenina,0.91732,0.02077,-0.10871,0.00551,0.27900
Anna Karenina,0.91761,0.02004,-0.10899,0.00561,0.27900
Anna Karenina,0.91790,0.01995,-0.10875,0.00595,0.27900
Anna Karenina,0.91819,0.02001,-0.10775,0.00597,0.27900
Anna Karenina,0.91848,0.01856,-0.10843,0.00568,0.27900
Anna Karenina,0.91877,0.01828,-0.10875,0.00569,0.27900
Anna Karenina,0.91906,0.01790,-0.10915,0.00593,0.27900
Anna Karenina,0.91935,0.01728,-0.10916,0.00615,0.28000
Anna Karenina,0.91964,0.01450,-0.10680,0.00566,0.27900
Anna Karenina,0.91993,0.01276,-0.10761,0.00547,0.27900
Anna Karenina,0.92022,0.01095,-0.10785,0.00554,0.27800
Anna Karenina,0.92051,0.01043,-0.10793,0.00540,0.27900
Anna Karenina,0.92080,0.00932,-0.10734,0.00548,0.27800
Anna Karenina,0.92109,0.00904,-0.10670,0.00542,0.27800
Anna Karenina,0.92138,0.00759,-0.10558,0.00552,0.27700
Anna Karenina,0.92167,0.00530,-0.10399,0.00562,0.27800
Anna Karenina,0.92196,0.00354,-0.10310,0.00494,0.28000
Anna Karenina,0.92225,0.00263,-0.10375,0.00510,0.28000
Anna Karenina,0.92254,0.00354,-0.10424,0.00482,0.28000
Anna Karenina,0.92283,0.00307,-0.10495,0.00492,0.28000
Anna Karenina,0.92312,0.00260,-0.10493,0.00506,0.28000
Anna Karenina,0.92341,0.00176,-0.10428,0.00465,0.28100
Anna Karenina,0.92370,0.00108,-0.10447,0.00413,0.28100
Anna Karenina,0.92399,0.00091,-0.10459,0.00433,0.28100
Anna Karenina,0.92428,0.00111,-0.10425,0.00449,0.28000
Anna Karenina,0.92457,0.00145,-0.10389,0.00422,0.28100
Anna Karenina,0.92486,0.00144,-0.10447,0.00455,0.28100
Anna Karenina,0.92515,-0.00016,-0.10267,0.00454,0.28100
Anna Karenina,0.92544,-0.00144,-0.10238,0.00488,0.28100
Anna Karenina,0.92573,-0.00254,-0.10168,0.00464,0.28100
Anna Karenina,0.92602,-0.00370,-0.10114,0.00450,0.28100
Anna Karenina,0.92631,-0.00485,-0.09947,0.00455,0.28000
Anna Karenina,0.92660,-0.00497,-0.09845,0.00472,0.28000
Anna Karenina,0.92689,-0.00526,-0.09839,0.00504,0.28000
Anna Karenina,0.92718,-0.00446,-0.09834,0.00514,0.28000
Anna Karenina,0.92747,-0.00508,-0.09821,0.00525,0.28000
Anna Karenina,0.92776,-0.00516,-0.09856,0.00549,0.27900
Anna Karenina,0.92805,-0.00453,-0.09798,0.00612,0.27900
Anna Karenina,0.92834,-0.00589,-0.09698,0.00636,0.27900
Anna Karenina,0.92863,-0.00566,-0.09595,0.00677,0.27800
Anna Karenina,0.92892,-0.00682,-0.09516,0.00661,0.27700
Anna Karenina,0.92921,-0.00715,-0.09541,0.00712,0.27800
Anna Karenina,0.92950,-0.00689,-0.09578,0.00739,0.27800
Anna Karenina,0.92979,-0.00718,-0.09586,0.00756,0.27700
Anna Karenina,0.93008,-0.00627,-0.09508,0.00828,0.27800
Anna Karenina,0.93037,-0.00646,-0.09490,0.00840,0.27800
Anna Karenina,0.93066,-0.00615,-0.09405,0.00798,0.27900
Anna Karenina,0.93095,-0.00615,-0.09363,0.00793,0.27900
Anna Karenina,0.93124,-0.00601,-0.09403,0.00763,0.28000
Anna Karenina,0.93153,-0.00558,-0.09477,0.00777,0.28000
Anna Karenina,0.93182,-0.00621,-0.09488,0.00799,0.27800
Anna Karenina,0.93211,-0.00568,-0.09407,0.00856,0.27800
Anna Karenina,0.93240,-0.00377,-0.09543,0.00872,0.27800
Anna Karenina,0.93270,-0.00289,-0.09527,0.00851,0.27700
Anna Karenina,0.93299,-0.00221,-0.09664,0.00842,0.27700
Anna Karenina,0.93328,-0.00162,-0.09762,0.00852,0.27600
Anna Karenina,0.93357,-0.00044,-0.09784,0.00844,0.27500
Anna Karenina,0.93386,0.00046,-0.09824,0.00890,0.27500
Anna Karenina,0.93415,0.00052,-0.09891,0.00905,0.27500
Anna Karenina,0.93444,-0.00039,-0.10007,0.00899,0.27500
Anna Karenina,0.93473,0.00160,-0.10129,0.00948,0.27500
Anna Karenina,0.93502,0.00049,-0.10111,0.00909,0.27500
Anna Karenina,0.93531,-0.00001,-0.10006,0.00950,0.27500
Anna Karenina,0.93560,-0.00074,-0.09932,0.00969,0.27600
Anna Karenina,0.93589,-0.00214,-0.09751,0.00988,0.27600
Anna Karenina,0.93618,-0.00325,-0.09686,0.00990,0.27800
Anna Karenina,0.93647,-0.00390,-0.09656,0.00987,0.27800
Anna Karenina,0.93676,-0.00495,-0.09644,0.01013,0.27800
Anna Karenina,0.93705,-0.00505,-0.09732,0.00998,0.27800
Anna Karenina,0.93734,-0.00573,-0.09699,0.00967,0.27900
Anna Karenina,0.93763,-0.00542,-0.09645,0.00990,0.28000
Anna Karenina,0.93792,-0.00522,-0.09525,0.01033,0.27900
Anna Karenina,0.93821,-0.00578,-0.09526,0.01002,0.27800
Anna Karenina,0.93850,-0.00528,-0.09627,0.00999,0.28000
Anna Karenina,0.93879,-0.00462,-0.09676,0.00992,0.28000
Anna Karenina,0.93908,-0.00319,-0.09716,0.01014,0.28000
Anna Karenina,0.93937,-0.00250,-0.09724,0.01019,0.28000
Anna Karenina,0.93966,-0.00338,-0.09812,0.01027,0.28000
Anna Karenina,0.93995,-0.00303,-0.09890,0.01057,0.28000
Anna Karenina,0.94024,-0.00313,-0.09883,0.01033,0.28000
Anna Karenina,0.94053,-0.00298,-0.09761,0.01005,0.28000
Anna Karenina,0.94082,-0.00266,-0.09800,0.00929,0.28100
Anna Karenina,0.94111,-0.00168,-0.09816,0.00885,0.28200
Anna Karenina,0.94140,-0.00177,-0.09940,0.00844,0.28200
Anna Karenina,0.94169,-0.00244,-0.09950,0.00818,0.28300
Anna Karenina,0.94198,-0.00178,-0.10038,0.00713,0.28300
Anna Karenina,0.94227,-0.00197,-0.09953,0.00677,0.28300
Anna Karenina,0.94256,-0.00272,-0.09997,0.00594,0.28300
Anna Karenina,0.94285,-0.00144,-0.10187,0.00585,0.28400
Anna Karenina,0.94314,-0.00072,-0.10109,0.00500,0.28300
Anna Karenina,0.94343,0.00031,-0.10090,0.00458,0.28400
Anna Karenina,0.94372,-0.00007,-0.09918,0.00459,0.28300
Anna Karenina,0.94401,0.00126,-0.09960,0.00463,0.28300
Anna Karenina,0.94430,0.00135,-0.10008,0.00429,0.28300
Anna Karenina,0.94459,0.00224,-0.10071,0.00373,0.28300
Anna Karenina,0.94488,0.00254,-0.10082,0.00377,0.28300
Anna Karenina,0.94517,0.00428,-0.10068,0.00416,0.28300
Anna Karenina,0.94546,0.00494,-0.10119,0.00397,0.28300
Anna Karenina,0.94575,0.00662,-0.10126,0.00380,0.28300
Anna Karenina,0.94604,0.00780,-0.10204,0.00439,0.28300
Anna Karenina,0.94633,0.00849,-0.10340,0.00418,0.28300
Anna Karenina,0.94662,0.00895,-0.10318,0.00459,0.28200
Anna Karenina,0.94691,0.00871,-0.10336,0.00466,0.28200
Anna Karenina,0.94720,0.00824,-0.10392,0.00456,0.28300
Anna Karenina,0.94749,0.00965,-0.10384,0.00440,0.28100
Anna Karenina,0.94778,0.01051,-0.10413,0.00413,0.28200
Anna Karenina,0.94807,0.01208,-0.10393,0.00422,0.28300
Anna Karenina,0.94836,0.01361,-0.10443,0.00401,0.28200
Anna Karenina,0.94865,0.01620,-0.10560,0.00413,0.28200
Anna Karenina,0.94894,0.01619,-0.10509,0.00392,0.28100
Anna Karenina,0.94923,0.01706,-0.10374,0.00352,0.28100
Anna Karenina,0.94952,0.01729,-0.10288,0.00339,0.28100
Anna Karenina,0.94981,0.01813,-0.10229,0.00270,0.28200
Anna Karenina,0.95010,0.01844,-0.10107,0.00269,0.28200
Anna Karenina,0.95039,0.01908,-0.10145,0.00227,0.28200
Anna Karenina,0.95068,0.02027,-0.10198,0.00209,0.28100
Anna Karenina,0.95097,0.02122,-0.10268,0.00237,0.28000
Anna Karenina,0.95126,0.02162,-0.10186,0.00163,0.27900
Anna Karenina,0.95155,0.02081,-0.10160,0.00153,0.27800
Anna Karenina,0.95184,0.02176,-0.10064,0.00166,0.27800
Anna Karenina,0.95213,0.02197,-0.09975,0.00140,0.27900
Anna Karenina,0.95242,0.02259,-0.09984,0.00125,0.27900
Anna Karenina,0.95271,0.02286,-0.09943,0.00168,0.27900
Anna Karenina,0.95300,0.02241,-0.09863,0.00173,0.27900
Anna Karenina,0.95329,0.02332,-0.09853,0.00160,0.27900
Anna Karenina,0.95358,0.02331,-0.09849,0.00166,0.27900
Anna Karenina,0.95387,0.02463,-0.09793,0.00159,0.28000
Anna Karenina,0.95416,0.02681,-0.09878,0.00162,0.28100
Anna Karenina,0.95445,0.02648,-0.09771,0.00188,0.28100
Anna Karenina,0.95474,0.02697,-0.09812,0.00202,0.28100
Anna Karenina,0.95503,0.02778,-0.09735,0.00171,0.28100
Anna Karenina,0.95532,0.02939,-0.09905,0.00151,0.28100
Anna Karenina,0.95561,0.02993,-0.09967,0.00123,0.28200
Anna Karenina,0.95590,0.03099,-0.10008,0.00094,0.28200
Anna Karenina,0.95619,0.03014,-0.10019,0.00119,0.28300
Anna Karenina,0.95648,0.03092,-0.10029,0.00120,0.28400
Anna Karenina,0.95677,0.03053,-0.10010,0.00184,0.28500
Anna Karenina,0.95706,0.03017,-0.10119,0.00158,0.28500
Anna Karenina,0.95735,0.02983,-0.10171,0.00184,0.28600
Anna Karenina,0.95764,0.03060,-0.10222,0.00188,0.28600
Anna Karenina,0.95793,0.03059,-0.10322,0.00180,0.28700
Anna Karenina,0.95822,0.02927,-0.10209,0.00195,0.28600
Anna Karenina,0.95851,0.02823,-0.10252,0.00173,0.28600
Anna Karenina,0.95880,0.02901,-0.10110,0.00190,0.28700
Anna Karenina,0.95909,0.02927,-0.10228,0.00108,0.28700
Anna Karenina,0.95938,0.02994,-0.10195,0.00110,0.28700
Anna Karenina,0.95968,0.03052,-0.10311,0.00132,0.28700
Anna Karenina,0.95997,0.03058,-0.10312,0.00120,0.28700
Anna Karenina,0.96026,0.03148,-0.10352,0.00147,0.28600
Anna Karenina,0.96055,0.03275,-0.10289,0.00116,0.28600
Anna Karenina,0.96084,0.03317,-0.10316,0.00121,0.28800
Anna Karenina,0.96113,0.03320,-0.10339,0.00091,0.28800
Anna Karenina,0.96142,0.03262,-0.10351,0.00092,0.28800
Anna Karenina,0.96171,0.03194,-0.10413,0.00075,0.28800
Anna Karenina,0.96200,0.03139,-0.10400,0.00043,0.28800
Anna Karenina,0.96229,0.03206,-0.10492,-0.00006,0.28900
Anna Karenina,0.96258,0.03179,-0.10512,-0.00012,0.28900
Anna Karenina,0.96287,0.03181,-0.10454,-0.00057,0.29000
Anna Karenina,0.96316,0.03256,-0.10430,-0.00090,0.29000
Anna Karenina,0.96345,0.03353,-0.10562,-0.00129,0.29100
Anna Karenina,0.96374,0.03317,-0.10584,-0.00185,0.29100
Anna Karenina,0.96403,0.03549,-0.10666,-0.00244,0.29200
Anna Karenina,0.96432,0.03611,-0.10731,-0.00304,0.29200
Anna Karenina,0.96461,0.03729,-0.10815,-0.00332,0.29100
Anna Karenina,0.96490,0.03854,-0.10657,-0.00383,0.29000
Anna Karenina,0.96519,0.03989,-0.10722,-0.00404,0.28800
Anna Karenina,0.96548,0.04113,-0.10815,-0.00421,0.28800
Anna Karenina,0.96577,0.04237,-0.10950,-0.00475,0.28700
Anna Karenina,0.96606,0.04361,-0.10852,-0.00480,0.28700
Anna Karenina,0.96635,0.04429,-0.10894,-0.00446,0.28700
Anna Karenina,0.96664,0.04422,-0.11009,-0.00508,0.28700
Anna Karenina,0.96693,0.04438,-0.11157,-0.00513,0.28700
Anna Karenina,0.96722,0.04438,-0.11248,-0.00490,0.28700
Anna Karenina,0.96751,0.04320,-0.11075,-0.00527,0.28800
Anna Karenina,0.96780,0.04211,-0.10991,-0.00553,0.28800
Anna Karenina,0.96809,0.04107,-0.10955,-0.00549,0.28800
Anna Karenina,0.96838,0.04163,-0.10988,-0.00561,0.28800
Anna Karenina,0.96867,0.04349,-0.10997,-0.00571,0.28800
Anna Karenina,0.96896,0.04314,-0.11001,-0.00619,0.28800
Anna Karenina,0.96925,0.04414,-0.11104,-0.00632,0.28800
Anna Karenina,0.96954,0.04426,-0.11202,-0.00595,0.28800
Anna Karenina,0.96983,0.04299,-0.11011,-0.00520,0.28700
Anna Karenina,0.97012,0.04192,-0.10994,-0.00481,0.28800
Anna Karenina,0.97041,0.04187,-0.10902,-0.00483,0.28700
Anna Karenina,0.97070,0.04228,-0.10905,-0.00467,0.28600
Anna Karenina,0.97099,0.04130,-0.10925,-0.00427,0.28600
Anna Karenina,0.97128,0.04047,-0.10898,-0.00420,0.28700
Anna Karenina,0.97157,0.04096,-0.10951,-0.00418,0.28700
Anna Karenina,0.97186,0.04034,-0.10922,-0.00415,0.28600
Anna Karenina,0.97215,0.03999,-0.10976,-0.00394,0.28700
Anna Karenina,0.97244,0.03966,-0.11052,-0.00376,0.28700
Anna Karenina,0.97273,0.03948,-0.11182,-0.00382,0.28700
Anna Karenina,0.97302,0.03900,-0.11266,-0.00377,0.28800
Anna Karenina,0.97331,0.03933,-0.11261,-0.00367,0.28900
Anna Karenina,0.97360,0.03821,-0.11220,-0.00354,0.28900
Anna Karenina,0.97389,0.03816,-0.11197,-0.00367,0.29000
Anna Karenina,0.97418,0.03881,-0.11167,-0.00408,0.29000
Anna Karenina,0.97447,0.03971,-0.11195,-0.00415,0.29000
Anna Karenina,0.97476,0.03886,-0.11051,-0.00409,0.29100
Anna Karenina,0.97505,0.03881,-0.11073,-0.00455,0.29000
Anna Karenina,0.97534,0.03999,-0.10986,-0.00440,0.29000
Anna Karenina,0.97563,0.04083,-0.11019,-0.00515,0.29000
Anna Karenina,0.97592,0.04204,-0.11011,-0.00486,0.29000
Anna Karenina,0.97621,0.04176,-0.10925,-0.00440,0.29000
Anna Karenina,0.97650,0.04242,-0.10920,-0.00405,0.29000
Anna Karenina,0.97679,0.04310,-0.10980,-0.00356,0.28900
Anna Karenina,0.97708,0.04213,-0.11038,-0.00397,0.29000
Anna Karenina,0.97737,0.04220,-0.11013,-0.00380,0.29000
Anna Karenina,0.97766,0.04230,-0.10991,-0.00325,0.29100
Anna Karenina,0.97795,0.04239,-0.11071,-0.00365,0.29200
Anna Karenina,0.97824,0.04284,-0.11125,-0.00397,0.29200
Anna Karenina,0.97853,0.04371,-0.11264,-0.00467,0.29300
Anna Karenina,0.97882,0.04354,-0.11387,-0.00412,0.29300
Anna Karenina,0.97911,0.04299,-0.11499,-0.00410,0.29200
Anna Karenina,0.97940,0.04312,-0.11489,-0.00414,0.29200
Anna Karenina,0.97969,0.04336,-0.11584,-0.00387,0.29300
Anna Karenina,0.97998,0.04378,-0.11616,-0.00391,0.29400
Anna Karenina,0.98027,0.04467,-0.11601,-0.00355,0.29500
Anna Karenina,0.98056,0.04490,-0.11572,-0.00318,0.29600
Anna Karenina,0.98085,0.04523,-0.11615,-0.00344,0.29600
Anna Karenina,0.98114,0.04518,-0.11738,-0.00300,0.29600
Anna Karenina,0.98143,0.04550,-0.11822,-0.00262,0.29600
Anna Karenina,0.98172,0.04572,-0.11906,-0.00299,0.29500
Anna Karenina,0.98201,0.04650,-0.11954,-0.00278,0.29500
Anna Karenina,0.98230,0.04574,-0.11988,-0.00268,0.29600
Anna Karenina,0.98259,0.04521,-0.12039,-0.00254,0.29700
Anna Karenina,0.98288,0.04381,-0.12065,-0.00293,0.29600
Anna Karenina,0.98317,0.04273,-0.12014,-0.00237,0.29600
Anna Karenina,0.98346,0.04342,-0.12141,-0.00270,0.29600
Anna Karenina,0.98375,0.04419,-0.12132,-0.00263,0.29600
Anna Karenina,0.98404,0.04433,-0.12208,-0.00256,0.29600
Anna Karenina,0.98433,0.04435,-0.12182,-0.00237,0.29600
Anna Karenina,0.98462,0.04457,-0.12055,-0.00238,0.29600
Anna Karenina,0.98491,0.04465,-0.11926,-0.00222,0.29600
Anna Karenina,0.98520,0.04520,-0.11888,-0.00311,0.29600
Anna Karenina,0.98549,0.04479,-0.11846,-0.00339,0.29600
Anna Karenina,0.98578,0.04539,-0.11738,-0.00418,0.29600
Anna Karenina,0.98607,0.04496,-0.11717,-0.00441,0.29600
Anna Karenina,0.98636,0.04596,-0.11725,-0.00473,0.29500
Anna Karenina,0.98666,0.04527,-0.11783,-0.00505,0.29500
Anna Karenina,0.98695,0.04553,-0.11781,-0.00524,0.29500
Anna Karenina,0.98724,0.04759,-0.11835,-0.00554,0.29400
Anna Karenina,0.98753,0.04821,-0.11855,-0.00543,0.29500
Anna Karenina,0.98782,0.04815,-0.11979,-0.00564,0.29400
Anna Karenina,0.98811,0.04910,-0.11954,-0.00556,0.29400
Anna Karenina,0.98840,0.04916,-0.11953,-0.00587,0.29400
Anna Karenina,0.98869,0.04956,-0.11943,-0.00568,0.29400
Anna Karenina,0.98898,0.04929,-0.12007,-0.00598,0.29400
Anna Karenina,0.98927,0.04902,-0.11905,-0.00630,0.29400
Anna Karenina,0.98956,0.04880,-0.11838,-0.00641,0.29500
Anna Karenina,0.98985,0.04958,-0.11841,-0.00652,0.29500
Anna Karenina,0.99014,0.04994,-0.11777,-0.00660,0.29600
Anna Karenina,0.99043,0.04875,-0.11702,-0.00655,0.29600
Anna Karenina,0.99072,0.04923,-0.11605,-0.00671,0.29600
Anna Karenina,0.99101,0.05021,-0.11604,-0.00683,0.29700
Anna Karenina,0.99130,0.05019,-0.11473,-0.00736,0.29600
Anna Karenina,0.99159,0.05057,-0.11461,-0.00748,0.29700
Anna Karenina,0.99188,0.05024,-0.11517,-0.00678,0.29800
Anna Karenina,0.99217,0.04950,-0.11509,-0.00633,0.29700
Anna Karenina,0.99246,0.04848,-0.11448,-0.00608,0.29700
Anna Karenina,0.99275,0.04655,-0.11379,-0.00610,0.29700
Anna Karenina,0.99304,0.04411,-0.11232,-0.00538,0.29800
Anna Karenina,0.99333,0.04326,-0.11244,-0.00500,0.29700
Anna Karenina,0.99362,0.04260,-0.11255,-0.00448,0.29800
Anna Karenina,0.99391,0.04249,-0.11506,-0.00403,0.29700
Anna Karenina,0.99420,0.04231,-0.11502,-0.00403,0.29800
Anna Karenina,0.99449,0.04182,-0.11491,-0.00368,0.29800
Anna Karenina,0.99478,0.04135,-0.11479,-0.00344,0.29900
Anna Karenina,0.99507,0.04134,-0.11536,-0.00335,0.29800
Anna Karenina,0.99536,0.04055,-0.11548,-0.00383,0.29800
Anna Karenina,0.99565,0.04059,-0.11588,-0.00323,0.29800
Anna Karenina,0.99594,0.04124,-0.11672,-0.00384,0.29800
Anna Karenina,0.99623,0.04161,-0.11732,-0.00370,0.29800
Anna Karenina,0.99652,0.04227,-0.11819,-0.00272,0.29700
Anna Karenina,0.99681,0.04389,-0.11898,-0.00190,0.29700
Anna Karenina,0.99710,0.04520,-0.11927,-0.00140,0.29600
Anna Karenina,0.99739,0.04371,-0.11932,-0.00111,0.29600
Anna Karenina,0.99768,0.04214,-0.11908,-0.00102,0.29600
Anna Karenina,0.99797,0.04345,-0.11914,-0.00141,0.29500
Anna Karenina,0.99826,0.04412,-0.11823,-0.00148,0.29600
Anna Karenina,0.99855,0.04584,-0.11830,-0.00159,0.29600
Anna Karenina,0.99884,0.04632,-0.11981,-0.00203,0.29500
Anna Karenina,0.99913,0.04705,-0.12061,-0.00237,0.29400
Anna Karenina,0.99942,0.04706,-0.12080,-0.00188,0.29400
Anna Karenina,0.99971,0.04763,-0.12141,-0.00153,0.29500
Anna Karenina,1.00000,0.04789,-0.12019,-0.00155,0.29500
Pride and Prejudice,0.04259,0.07247,-0.14159,0.00807,0.29900
Pride and Prejudice,0.04344,0.07152,-0.14073,0.00861,0.29900
Pride and Prejudice,0.04429,0.07011,-0.14078,0.00860,0.29900
Pride and Prejudice,0.04514,0.06942,-0.14055,0.00875,0.29900
Pride and Prejudice,0.04600,0.07036,-0.13968,0.00863,0.29900
Pride and Prejudice,0.04685,0.06935,-0.13905,0.00817,0.29900
Pride and Prejudice,0.04770,0.06827,-0.13869,0.00822,0.29800
Pride and Prejudice,0.04855,0.06884,-0.13880,0.00814,0.29900
Pride and Prejudice,0.04940,0.07004,-0.13934,0.00803,0.29800
Pride and Prejudice,0.05026,0.06947,-0.14005,0.00815,0.29700
Pride and Prejudice,0.05111,0.07030,-0.14018,0.00813,0.29800
Pride and Prejudice,0.05196,0.07128,-0.14123,0.00816,0.29700
Pride and Prejudice,0.05281,0.07207,-0.14203,0.00803,0.29700
Pride and Prejudice,0.05366,0.07319,-0.14300,0.00794,0.29700
Pride and Prejudice,0.05451,0.07430,-0.14360,0.00756,0.29800
Pride and Prejudice,0.05537,0.07417,-0.14303,0.00732,0.29900
Pride and Prejudice,0.05622,0.07388,-0.14199,0.00726,0.29800
Pride and Prejudice,0.05707,0.07426,-0.14191,0.00683,0.29900
Pride and Prejudice,0.05792,0.07313,-0.14213,0.00668,0.29800
Pride and Prejudice,0.05877,0.07202,-0.14141,0.00593,0.29800
Pride and Prejudice,0.05963,0.07185,-0.14133,0.00619,0.29800
Pride and Prejudice,0.06048,0.07142,-0.14161,0.00580,0.29900
Pride and Prejudice,0.06133,0.07173,-0.14109,0.00574,0.30000
Pride and Prejudice,0.06218,0.07104,-0.14016,0.00587,0.29900
Pride and Prejudice,0.06303,0.07164,-0.13992,0.00577,0.29900
Pride and Prejudice,0.06388,0.07345,-0.14056,0.00587,0.29900
Pride and Prejudice,0.06474,0.07382,-0.14087,0.00577,0.29900
Pride and Prejudice,0.06559,0.07418,-0.14114,0.00546,0.29900
Pride and Prejudice,0.06644,0.07479,-0.14223,0.00538,0.29800
Pride and Prejudice,0.06729,0.07406,-0.14222,0.00520,0.29900
Pride and Prejudice,0.06814,0.07386,-0.14185,0.00484,0.29900
Pride and Prejudice,0.06899,0.07391,-0.14200,0.00457,0.30000
Pride and Prejudice,0.06985,0.07424,-0.14238,0.00459,0.30000
Pride and Prejudice,0.07070,0.07443,-0.14325,0.00439,0.30100
Pride and Prejudice,0.07155,0.07357,-0.14425,0.00427,0.30100
Pride and Prejudice,0.07240,0.07238,-0.14355,0.00401,0.30100
Pride and Prejudice,0.07325,0.07193,-0.14291,0.00383,0.30100
Pride and Prejudice,0.07411,0.07149,-0.14298,0.00336,0.30100
Pride and Prejudice,0.07496,0.07148,-0.14262,0.00337,0.30100
Pride and Prejudice,0.07581,0.07029,-0.14278,0.00346,0.30200
Pride and Prejudice,0.07666,0.06892,-0.14283,0.00381,0.30300
Pride and Prejudice,0.07751,0.06947,-0.14218,0.00364,0.30400
Pride and Prejudice,0.07836,0.06839,-0.14196,0.00380,0.30300
Pride and Prejudice,0.07922,0.06661,-0.14204,0.00394,0.30300
Pride and Prejudice,0.08007,0.06632,-0.14168,0.00401,0.30300
Pride and Prejudice,0.08092,0.06554,-0.14078,0.00370,0.30300
Pride and Prejudice,0.08177,0.06516,-0.14097,0.00375,0.30400
Pride and Prejudice,0.08262,0.06438,-0.14042,0.00337,0.30400
Pride and Prejudice,0.08348,0.06446,-0.14017,0.00332,0.30500
Pride and Prejudice,0.08433,0.06367,-0.13947,0.00359,0.30600
Pride and Prejudice,0.08518,0.06454,-0.14012,0.00378,0.30600
Pride and Prejudice,0.08603,0.06384,-0.13994,0.00358,0.30600
Pride and Prejudice,0.08688,0.06428,-0.14029,0.00365,0.30600
Pride and Prejudice,0.08773,0.06373,-0.13845,0.00419,0.30600
Pride and Prejudice,0.08859,0.06459,-0.13787,0.00420,0.30600
Pride and Prejudice,0.08944,0.06421,-0.13752,0.00393,0.30600
Pride and Prejudice,0.09029,0.06285,-0.13730,0.00406,0.30600
Pride and Prejudice,0.09114,0.06181,-0.13726,0.00419,0.30600
Pride and Prejudice,0.09199,0.06231,-0.13686,0.00440,0.30500
Pride and Prejudice,0.09284,0.06226,-0.13655,0.00457,0.30500
Pride and Prejudice,0.09370,0.06151,-0.13605,0.00468,0.30500
Pride and Prejudice,0.09455,0.06113,-0.13581,0.00492,0.30500
Pride and Prejudice,0.09540,0.06017,-0.13590,0.00448,0.30500
Pride and Prejudice,0.09625,0.05952,-0.13536,0.00489,0.30500
Pride and Prejudice,0.09710,0.05855,-0.13545,0.00501,0.30600
Pride and Prejudice,0.09796,0.05834,-0.13537,0.00546,0.30600
Pride and Prejudice,0.09881,0.05799,-0.13529,0.00512,0.30600
Pride and Prejudice,0.09966,0.05655,-0.13542,0.00455,0.30700
Pride and Prejudice,0.10051,0.05655,-0.13475,0.00429,0.30700
Pride and Prejudice,0.10136,0.05758,-0.13454,0.00480,0.30800
Pride and Prejudice,0.10221,0.05737,-0.13488,0.00486,0.30700
Pride and Prejudice,0.10307,0.05793,-0.13405,0.00477,0.30600
Pride and Prejudice,0.10392,0.05700,-0.13317,0.00457,0.30600
Pride and Prejudice,0.10477,0.05628,-0.13173,0.00475,0.30600
Pride and Prejudice,0.10562,0.05575,-0.13181,0.00453,0.30600
Pride and Prejudice,0.10647,0.05440,-0.13195,0.00427,0.30500
Pride and Prejudice,0.10733,0.05418,-0.13187,0.00437,0.30600
Pride and Prejudice,0.10818,0.05422,-0.13161,0.00417,0.30500
Pride and Prejudice,0.10903,0.05251,-0.13158,0.00388,0.30500
Pride and Prejudice,0.10988,0.05280,-0.13131,0.00459,0.30400
Pride and Prejudice,0.11073,0.05344,-0.13133,0.00442,0.30300
Pride and Prejudice,0.11158,0.05354,-0.13245,0.00496,0.30400
Pride and Prejudice,0.11244,0.05381,-0.13246,0.00509,0.30400
Pride and Prejudice,0.11329,0.05320,-0.13229,0.00532,0.30500
Pride and Prejudice,0.11414,0.05342,-0.13174,0.00523,0.30500
Pride and Prejudice,0.11499,0.05301,-0.13174,0.00553,0.30400
Pride and Prejudice,0.11584,0.05244,-0.13121,0.00497,0.30400
Pride and Prejudice,0.11670,0.05446,-0.13178,0.00432,0.30400
Pride and Prejudice,0.11755,0.05378,-0.13093,0.00412,0.30500
Pride and Prejudice,0.11840,0.05357,-0.13153,0.00407,0.30500
Pride and Prejudice,0.11925,0.05368,-0.13157,0.00359,0.30500
Pride and Prejudice,0.12010,0.05485,-0.13252,0.00363,0.30500
Pride and Prejudice,0.12095,0.05490,-0.13274,0.00379,0.30500
Pride and Prejudice,0.12181,0.05484,-0.13329,0.00369,0.30500
Pride and Prejudice,0.12266,0.05579,-0.13398,0.00329,0.30400
Pride and Prejudice,0.12351,0.05563,-0.13358,0.00277,0.30600
Pride and Prejudice,0.12436,0.05663,-0.13431,0.00264,0.30600
Pride and Prejudice,0.12521,0.05697,-0.13485,0.00263,0.30600
Pride and Prejudice,0.12606,0.05864,-0.13597,0.00249,0.30600
Pride and Prejudice,0.12692,0.06007,-0.13603,0.00258,0.30500
Pride and Prejudice,0.12777,0.06020,-0.13725,0.00230,0.30400
Pride and Prejudice,0.12862,0.06131,-0.13756,0.00194,0.30400
Pride and Prejudice,0.12947,0.06380,-0.13814,0.00249,0.30400
Pride and Prejudice,0.13032,0.06512,-0.13841,0.00250,0.30400
Pride and Prejudice,0.13118,0.06593,-0.13878,0.00244,0.30500
Pride and Prejudice,0.13203,0.06625,-0.13934,0.00265,0.30400
Pride and Prejudice,0.13288,0.06694,-0.14001,0.00258,0.30400
Pride and Prejudice,0.13373,0.06630,-0.14012,0.00198,0.30400
Pride and Prejudice,0.13458,0.06546,-0.13887,0.00198,0.30300
Pride and Prejudice,0.13543,0.06560,-0.13852,0.00147,0.30300
Pride and Prejudice,0.13629,0.06604,-0.13838,0.00132,0.30300
Pride and Prejudice,0.13714,0.06634,-0.13881,0.00132,0.30400
Pride and Prejudice,0.13799,0.06662,-0.13845,0.00154,0.30400
Pride and Prejudice,0.13884,0.06639,-0.13802,0.00161,0.30300
Pride and Prejudice,0.13969,0.06545,-0.13776,0.00154,0.30100
Pride and Prejudice,0.14055,0.06510,-0.13864,0.00140,0.30200
Pride and Prejudice,0.14140,0.06563,-0.13918,0.00134,0.30200
Pride and Prejudice,0.14225,0.06522,-0.13917,0.00139,0.30200
Pride and Prejudice,0.14310,0.06616,-0.13944,0.00147,0.30200
Pride and Prejudice,0.14395,0.06592,-0.13981,0.00146,0.30200
Pride and Prejudice,0.14480,0.06498,-0.13976,0.00107,0.30200
Pride and Prejudice,0.14566,0.06535,-0.13962,0.00136,0.30000
Pride and Prejudice,0.14651,0.06512,-0.13924,0.00140,0.29900
Pride and Prejudice,0.14736,0.06454,-0.13924,0.00134,0.29800
Pride and Prejudice,0.14821,0.06371,-0.13986,0.00169,0.29800
Pride and Prejudice,0.14906,0.06345,-0.14017,0.00176,0.29900
Pride and Prejudice,0.14991,0.06335,-0.14021,0.00166,0.29900
Pride and Prejudice,0.15077,0.06284,-0.14024,0.00187,0.29800
Pride and Prejudice,0.15162,0.06313,-0.13980,0.00183,0.29800
Pride and Prejudice,0.15247,0.06263,-0.13919,0.00161,0.29700
Pride and Prejudice,0.15332,0.06265,-0.13925,0.00163,0.29800
Pride and Prejudice,0.15417,0.06208,-0.13881,0.00192,0.29700
Pride and Prejudice,0.15503,0.06337,-0.13820,0.00229,0.29700
Pride and Prejudice,0.15588,0.06307,-0.13802,0.00231,0.29700
Pride and Prejudice,0.15673,0.06345,-0.13888,0.00244,0.29700
Pride and Prejudice,0.15758,0.06413,-0.13923,0.00229,0.29700
Pride and Prejudice,0.15843,0.06433,-0.13888,0.00172,0.29700
Pride and Prejudice,0.15928,0.06493,-0.13847,0.00170,0.29600
Pride and Prejudice,0.16014,0.06525,-0.13807,0.00149,0.29500
Pride and Prejudice,0.16099,0.06604,-0.13802,0.00177,0.29400
Pride and Prejudice,0.16184,0.06822,-0.13781,0.00095,0.29500
Pride and Prejudice,0.16269,0.06891,-0.13891,0.00133,0.29500
Pride and Prejudice,0.16354,0.06967,-0.13862,0.00099,0.29500
Pride and Prejudice,0.16440,0.06937,-0.13808,0.00084,0.29500
Pride and Prejudice,0.16525,0.06851,-0.13731,0.00063,0.29600
Pride and Prejudice,0.16610,0.06843,-0.13606,0.00052,0.29500
Pride and Prejudice,0.16695,0.06851,-0.13670,0.00061,0.29500
Pride and Prejudice,0.16780,0.06908,-0.13739,0.00036,0.29500
Pride and Prejudice,0.16865,0.06982,-0.13643,0.00074,0.29400
Pride and Prejudice,0.16951,0.07231,-0.13750,0.00043,0.29400
Pride and Prejudice,0.17036,0.07314,-0.13674,0.00068,0.29500
Pride and Prejudice,0.17121,0.07433,-0.13743,0.00100,0.29500
Pride and Prejudice,0.17206,0.07430,-0.13809,0.00044,0.29500
Pride and Prejudice,0.17291,0.07485,-0.13937,0.00020,0.29400
Pride and Prejudice,0.17376,0.07277,-0.13986,0.00024,0.29400
Pride and Prejudice,0.17462,0.07369,-0.14075,0.00038,0.29300
Pride and Prejudice,0.17547,0.07394,-0.14048,0.00022,0.29200
Pride and Prejudice,0.17632,0.07497,-0.14085,0.00003,0.29300
Pride and Prejudice,0.17717,0.07444,-0.14125,-0.00007,0.29300
Pride and Prejudice,0.17802,0.07379,-0.14130,-0.00025,0.29200
Pride and Prejudice,0.17888,0.07493,-0.14182,-0.00043,0.29100
Pride and Prejudice,0.17973,0.07363,-0.14052,-0.00059,0.29300
Pride and Prejudice,0.18058,0.07410,-0.13984,-0.00052,0.29300
Pride and Prejudice,0.18143,0.07407,-0.13958,-0.00119,0.29200
Pride and Prejudice,0.18228,0.07463,-0.13999,-0.00120,0.29200
Pride and Prejudice,0.18313,0.07560,-0.14004,-0.00107,0.29100
Pride and Prejudice,0.18399,0.07604,-0.14049,-0.00015,0.29100
Pride and Prejudice,0.18484,0.07753,-0.14121,0.00048,0.29100
Pride and Prejudice,0.18569,0.07837,-0.14220,0.00097,0.29000
Pride and Prejudice,0.18654,0.07800,-0.14201,0.00066,0.28900
Pride and Prejudice,0.18739,0.07879,-0.14178,0.00043,0.28900
Pride and Prejudice,0.18825,0.07844,-0.14249,0.00063,0.28900
Pride and Prejudice,0.18910,0.07851,-0.14376,0.00082,0.28900
Pride and Prejudice,0.18995,0.07934,-0.14424,0.00091,0.28800
Pride and Prejudice,0.19080,0.07998,-0.14443,0.00076,0.28800
Pride and Prejudice,0.19165,0.08011,-0.14427,0.00052,0.28800
Pride and Prejudice,0.19250,0.08011,-0.14362,0.00034,0.28800
Pride and Prejudice,0.19336,0.07996,-0.14315,0.00066,0.28700
Pride and Prejudice,0.19421,0.08072,-0.14195,0.00093,0.28800
Pride and Prejudice,0.19506,0.08023,-0.14225,0.00063,0.28800
Pride and Prejudice,0.19591,0.07925,-0.14272,0.00075,0.28900
Pride and Prejudice,0.19676,0.07781,-0.14186,0.00042,0.28900
Pride and Prejudice,0.19761,0.07726,-0.14197,0.00010,0.28900
Pride and Prejudice,0.19847,0.07677,-0.14159,-0.00035,0.28900
Pride and Prejudice,0.19932,0.07728,-0.14174,0.00008,0.29000
Pride and Prejudice,0.20017,0.07895,-0.14214,0.00039,0.29100
Pride and Prejudice,0.20102,0.07903,-0.14264,0.00049,0.29200
Pride and Prejudice,0.20187,0.07790,-0.14289,0.00093,0.29100
Pride and Prejudice,0.20273,0.07804,-0.14288,0.00072,0.29100
Pride and Prejudice,0.20358,0.07856,-0.14239,0.00101,0.29100
Pride and Prejudice,0.20443,0.07867,-0.14172,0.00150,0.29000
Pride and Prejudice,0.20528,0.07807,-0.14194,0.00155,0.28900
Pride and Prejudice,0.20613,0.07828,-0.14101,0.00169,0.28900
Pride and Prejudice,0.20698,0.07665,-0.13842,0.00207,0.28900
Pride and Prejudice,0.20784,0.07626,-0.13777,0.00233,0.28900
Pride and Prejudice,0.20869,0.07708,-0.13877,0.00223,0.28900
Pride and Prejudice,0.20954,0.07614,-0.13800,0.00199,0.28900
Pride and Prejudice,0.21039,0.07600,-0.13765,0.00213,0.28800
Pride and Prejudice,0.21124,0.07643,-0.13748,0.00217,0.28700
Pride and Prejudice,0.21210,0.07656,-0.13768,0.00236,0.28900
Pride and Prejudice,0.21295,0.07655,-0.13696,0.00229,0.29000
Pride and Prejudice,0.21380,0.07690,-0.13666,0.00194,0.29000
Pride and Prejudice,0.21465,0.07514,-0.13674,0.00098,0.29100
Pride and Prejudice,0.21550,0.07499,-0.13662,0.00042,0.29100
Pride and Prejudice,0.21635,0.07326,-0.13619,0.00019,0.29000
Pride and Prejudice,0.21721,0.07471,-0.13596,0.00029,0.28900
Pride and Prejudice,0.21806,0.07474,-0.13514,0.00051,0.29000
Pride and Prejudice,0.21891,0.07610,-0.13540,0.00078,0.29000
Pride and Prejudice,0.21976,0.07636,-0.13631,0.00080,0.29100
Pride and Prejudice,0.22061,0.07683,-0.13624,0.00114,0.29000
Pride and Prejudice,0.22147,0.07554,-0.13588,0.00108,0.29100
Pride and Prejudice,0.22232,0.07422,-0.13458,0.00076,0.29000
Pride and Prejudice,0.22317,0.07338,-0.13381,0.00087,0.29000
Pride and Prejudice,0.22402,0.07149,-0.13350,0.00065,0.29000
Pride and Prejudice,0.22487,0.07223,-0.13309,0.00132,0.29100
Pride and Prejudice,0.22572,0.07262,-0.13328,0.00100,0.29100
Pride and Prejudice,0.22658,0.07332,-0.13409,0.00098,0.29100
Pride and Prejudice,0.22743,0.07443,-0.13447,0.00138,0.29200
Pride and Prejudice,0.22828,0.07311,-0.13319,0.00141,0.29100
Pride and Prejudice,0.22913,0.07362,-0.13308,0.00152,0.29100
Pride and Prejudice,0.22998,0.07423,-0.13292,0.00179,0.29100
Pride and Prejudice,0.23083,0.07428,-0.13329,0.00175,0.29100
Pride and Prejudice,0.23169,0.07322,-0.13360,0.00158,0.29100
Pride and Prejudice,0.23254,0.07482,-0.13454,0.00203,0.29300
Pride and Prejudice,0.23339,0.07551,-0.13500,0.00173,0.29200
Pride and Prejudice,0.23424,0.07485,-0.13515,0.00157,0.29200
Pride and Prejudice,0.23509,0.07481,-0.13499,0.00165,0.29400
Pride and Prejudice,0.23595,0.07427,-0.13332,0.00171,0.29400
Pride and Prejudice,0.23680,0.07287,-0.13347,0.00153,0.29500
Pride and Prejudice,0.23765,0.07278,-0.13374,0.00148,0.29500
Pride and Prejudice,0.23850,0.07298,-0.13384,0.00142,0.29500
Pride and Prejudice,0.23935,0.07385,-0.13401,0.00156,0.29700
Pride and Prejudice,0.24020,0.07352,-0.13478,0.00089,0.29700
Pride and Prejudice,0.24106,0.07351,-0.13444,0.00079,0.29700
Pride and Prejudice,0.24191,0.07254,-0.13346,0.00037,0.29700
Pride and Prejudice,0.24276,0.07182,-0.13303,0.00068,0.29600
Pride and Prejudice,0.24361,0.07221,-0.13316,0.00103,0.29800
Pride and Prejudice,0.24446,0.07184,-0.13353,0.00084,0.29900
Pride and Prejudice,0.24532,0.07252,-0.13398,0.00121,0.30000
Pride and Prejudice,0.24617,0.07237,-0.13387,0.00086,0.30100
Pride and Prejudice,0.24702,0.07059,-0.13389,0.00155,0.30000
Pride and Prejudice,0.24787,0.06982,-0.13344,0.00150,0.30100
Pride and Prejudice,0.24872,0.07064,-0.13381,0.00192,0.30100
Pride and Prejudice,0.24957,0.07139,-0.13409,0.00206,0.30200
Pride and Prejudice,0.25043,0.07264,-0.13482,0.00229,0.30100
Pride and Prejudice,0.25128,0.07314,-0.13672,0.00270,0.30200
Pride and Prejudice,0.25213,0.07333,-0.13536,0.00241,0.30100
Pride and Prejudice,0.25298,0.07296,-0.13455,0.00251,0.30100
Pride and Prejudice,0.25383,0.07234,-0.13576,0.00230,0.30100
Pride and Prejudice,0.25468,0.07104,-0.13513,0.00232,0.30100
Pride and Prejudice,0.25554,0.07028,-0.13552,0.00211,0.30000
Pride and Prejudice,0.25639,0.06919,-0.13571,0.00176,0.30100
Pride and Prejudice,0.25724,0.06860,-0.13474,0.00231,0.30100
Pride and Prejudice,0.25809,0.06774,-0.13485,0.00232,0.30100
Pride and Prejudice,0.25894,0.06792,-0.13492,0.00240,0.30200
Pride and Prejudice,0.25980,0.06790,-0.13451,0.00234,0.30300
Pride and Prejudice,0.26065,0.06750,-0.13369,0.00279,0.30300
Pride and Prejudice,0.26150,0.06649,-0.13362,0.00300,0.30200
Pride and Prejudice,0.26235,0.06608,-0.13323,0.00273,0.30300
Pride and Prejudice,0.26320,0.06651,-0.13268,0.00238,0.30400
Pride and Prejudice,0.26405,0.06563,-0.13196,0.00239,0.30400
Pride and Prejudice,0.26491,0.06558,-0.13240,0.00255,0.30300
Pride and Prejudice,0.26576,0.06459,-0.13219,0.00247,0.30200
Pride and Prejudice,0.26661,0.06478,-0.13261,0.00262,0.30100
Pride and Prejudice,0.26746,0.06494,-0.13217,0.00222,0.30200
Pride and Prejudice,0.26831,0.06393,-0.13208,0.00181,0.30200
Pride and Prejudice,0.26917,0.06358,-0.13173,0.00125,0.30300
Pride and Prejudice,0.27002,0.06166,-0.13107,0.00070,0.30300
Pride and Prejudice,0.27087,0.06178,-0.13194,0.00049,0.30300
Pride and Prejudice,0.27172,0.06131,-0.13232,0.00036,0.30400
Pride and Prejudice,0.27257,0.06000,-0.13222,0.00023,0.30500
Pride and Prejudice,0.27342,0.06137,-0.13262,0.00035,0.30500
Pride and Prejudice,0.27428,0.06257,-0.13234,0.00039,0.30500
Pride and Prejudice,0.27513,0.06238,-0.13357,0.00014,0.30600
Pride and Prejudice,0.27598,0.06228,-0.13359,0.00044,0.30600
Pride and Prejudice,0.27683,0.06245,-0.13391,0.00093,0.30600
Pride and Prejudice,0.27768,0.06327,-0.13516,0.00113,0.30700
Pride and Prejudice,0.27853,0.06303,-0.13531,0.00101,0.30800
Pride and Prejudice,0.27939,0.06339,-0.13640,0.00059,0.30700
Pride and Prejudice,0.28024,0.06409,-0.13611,0.00085,0.30700
Pride and Prejudice,0.28109,0.06481,-0.13614,0.00105,0.30700
Pride and Prejudice,0.28194,0.06549,-0.13604,0.00091,0.30700
Pride and Prejudice,0.28279,0.06632,-0.13509,0.00121,0.30700
Pride and Prejudice,0.28365,0.06728,-0.13560,0.00126,0.30600
Pride and Prejudice,0.28450,0.06738,-0.13577,0.00121,0.30600
Pride and Prejudice,0.28535,0.06765,-0.13594,0.00118,0.30600
Pride and Prejudice,0.28620,0.06806,-0.13662,0.00106,0.30600
Pride and Prejudice,0.28705,0.06868,-0.13592,0.00148,0.30600
Pride and Prejudice,0.28790,0.06881,-0.13558,0.00172,0.30700
Pride and Prejudice,0.28876,0.06920,-0.13668,0.00198,0.30600
Pride and Prejudice,0.28961,0.06967,-0.13606,0.00192,0.30600
Pride and Prejudice,0.29046,0.06996,-0.13660,0.00213,0.30800
Pride and Prejudice,0.29131,0.07092,-0.13782,0.00215,0.30800
Pride and Prejudice,0.29216,0.07322,-0.14042,0.00219,0.30700
Pride and Prejudice,0.29302,0.07384,-0.14026,0.00218,0.30800
Pride and Prejudice,0.29387,0.07531,-0.14054,0.00277,0.30800
Pride and Prejudice,0.29472,0.07573,-0.14117,0.00286,0.30800
Pride and Prejudice,0.29557,0.07583,-0.14068,0.00282,0.30900
Pride and Prejudice,0.29642,0.07476,-0.14025,0.00282,0.30900
Pride and Prejudice,0.29727,0.07384,-0.13989,0.00227,0.30900
Pride and Prejudice,0.29813,0.07492,-0.14051,0.00238,0.30900
Pride and Prejudice,0.29898,0.07366,-0.14079,0.00255,0.30800
Pride and Prejudice,0.29983,0.07354,-0.14035,0.00338,0.30700
Pride and Prejudice,0.30068,0.07389,-0.14011,0.00404,0.30700
Pride and Prejudice,0.30153,0.07460,-0.14046,0.00404,0.30700
Pride and Prejudice,0.30239,0.07343,-0.14091,0.00397,0.30700
Pride and Prejudice,0.30324,0.07383,-0.14190,0.00400,0.30700
Pride and Prejudice,0.30409,0.07234,-0.14108,0.00394,0.30700
Pride and Prejudice,0.30494,0.07230,-0.13994,0.00376,0.30600
Pride and Prejudice,0.30579,0.07170,-0.13889,0.00410,0.30600
Pride and Prejudice,0.30664,0.07275,-0.13927,0.00439,0.30500
Pride and Prejudice,0.30750,0.07247,-0.13925,0.00456,0.30500
Pride and Prejudice,0.30835,0.07169,-0.13959,0.00430,0.30500
Pride and Prejudice,0.30920,0.07341,-0.13998,0.00406,0.30500
Pride and Prejudice,0.31005,0.07279,-0.14032,0.00332,0.30400
Pride and Prejudice,0.31090,0.07316,-0.14021,0.00392,0.30300
Pride and Prejudice,0.31175,0.07277,-0.13838,0.00426,0.30300
Pride and Prejudice,0.31261,0.07183,-0.13765,0.00371,0.30300
Pride and Prejudice,0.31346,0.07239,-0.13790,0.00334,0.30300
Pride and Prejudice,0.31431,0.07189,-0.13778,0.00320,0.30400
Pride and Prejudice,0.31516,0.07297,-0.13817,0.00334,0.30400
Pride and Prejudice,0.31601,0.07307,-0.13773,0.00333,0.30500
Pride and Prejudice,0.31687,0.07484,-0.13807,0.00322,0.30700
Pride and Prejudice,0.31772,0.07422,-0.13741,0.00277,0.30600
Pride and Prejudice,0.31857,0.07425,-0.13627,0.00239,0.30700
Pride and Prejudice,0.31942,0.07472,-0.13579,0.00264,0.30700
Pride and Prejudice,0.32027,0.07409,-0.13513,0.00263,0.30700
Pride and Prejudice,0.32112,0.07589,-0.13656,0.00301,0.30800
Pride and Prejudice,0.32198,0.07599,-0.13559,0.00320,0.30800
Pride and Prejudice,0.32283,0.07546,-0.13535,0.00362,0.30700
Pride and Prejudice,0.32368,0.07487,-0.13539,0.00344,0.30800
Pride and Prejudice,0.32453,0.07449,-0.13543,0.00276,0.30700
Pride and Prejudice,0.32538,0.07381,-0.13487,0.00292,0.30600
Pride and Prejudice,0.32624,0.07322,-0.13484,0.00288,0.30600
Pride and Prejudice,0.32709,0.07523,-0.13582,0.00366,0.30500
Pride and Prejudice,0.32794,0.07698,-0.13688,0.00343,0.30600
Pride and Prejudice,0.32879,0.07649,-0.13683,0.00357,0.30500
Pride and Prejudice,0.32964,0.07653,-0.13650,0.00418,0.30300
Pride and Prejudice,0.33049,0.07602,-0.13641,0.00389,0.30200
Pride and Prejudice,0.33135,0.07610,-0.13589,0.00456,0.30200
Pride and Prejudice,0.33220,0.07683,-0.13532,0.00451,0.30200
Pride and Prejudice,0.33305,0.07650,-0.13567,0.00468,0.30100
Pride and Prejudice,0.33390,0.07569,-0.13604,0.00450,0.30100
Pride and Prejudice,0.33475,0.07556,-0.13644,0.00481,0.30000
Pride and Prejudice,0.33560,0.07530,-0.13676,0.00452,0.30000
Pride and Prejudice,0.33646,0.07532,-0.13675,0.00458,0.29900
Pride and Prejudice,0.33731,0.07435,-0.13767,0.00476,0.29900
Pride and Prejudice,0.33816,0.07331,-0.13774,0.00442,0.29900
Pride and Prejudice,0.33901,0.07350,-0.13769,0.00412,0.29900
Pride and Prejudice,0.33986,0.07370,-0.13715,0.00451,0.29900
Pride and Prejudice,0.34072,0.07424,-0.13732,0.00457,0.30000
Pride and Prejudice,0.34157,0.07458,-0.13686,0.00437,0.30000
Pride and Prejudice,0.34242,0.07403,-0.13732,0.00398,0.30000
Pride and Prejudice,0.34327,0.07447,-0.13760,0.00355,0.30000
Pride and Prejudice,0.34412,0.07610,-0.13814,0.00320,0.29900
Pride and Prejudice,0.34497,0.07491,-0.13743,0.00329,0.29900
Pride and Prejudice,0.34583,0.07523,-0.13902,0.00267,0.29900
Pride and Prejudice,0.34668,0.07549,-0.13891,0.00269,0.29900
Pride and Prejudice,0.34753,0.07633,-0.13970,0.00313,0.29900
Pride and Prejudice,0.34838,0.07550,-0.14043,0.00333,0.29900
Pride and Prejudice,0.34923,0.07586,-0.14119,0.00390,0.29900
Pride and Prejudice,0.35009,0.07651,-0.14101,0.00411,0.29900
Pride and Prejudice,0.35094,0.07593,-0.14056,0.00420,0.30000
Pride and Prejudice,0.35179,0.07574,-0.14072,0.00420,0.30100
Pride and Prejudice,0.35264,0.07549,-0.14004,0.00437,0.30100
Pride and Prejudice,0.35349,0.07512,-0.13978,0.00449,0.30100
Pride and Prejudice,0.35434,0.07503,-0.13952,0.00453,0.30000
Pride and Prejudice,0.35520,0.07677,-0.14067,0.00472,0.30100
Pride and Prejudice,0.35605,0.07619,-0.13966,0.00466,0.30000
Pride and Prejudice,0.35690,0.07638,-0.13928,0.00465,0.30000
Pride and Prejudice,0.35775,0.07777,-0.13945,0.00499,0.29900
Pride and Prejudice,0.35860,0.07647,-0.13913,0.00493,0.29900
Pride and Prejudice,0.35945,0.07549,-0.13916,0.00495,0.30000
Pride and Prejudice,0.36031,0.07487,-0.13814,0.00508,0.30000
Pride and Prejudice,0.36116,0.07400,-0.13802,0.00462,0.30000
Pride and Prejudice,0.36201,0.07487,-0.13817,0.00434,0.30000
Pride and Prejudice,0.36286,0.07521,-0.13856,0.00457,0.29900
Pride and Prejudice,0.36371,0.07466,-0.13887,0.00440,0.29900
Pride and Prejudice,0.36457,0.07353,-0.13887,0.00478,0.29900
Pride and Prejudice,0.36542,0.07290,-0.13846,0.00449,0.29900
Pride and Prejudice,0.36627,0.07360,-0.13740,0.00474,0.30000
Pride and Prejudice,0.36712,0.07251,-0.13685,0.00494,0.30000
Pride and Prejudice,0.36797,0.07243,-0.13777,0.00532,0.30000
Pride and Prejudice,0.36882,0.07321,-0.13800,0.00577,0.30000
Pride and Prejudice,0.36968,0.07225,-0.13812,0.00531,0.30200
Pride and Prejudice,0.37053,0.07140,-0.13775,0.00558,0.30100
Pride and Prejudice,0.37138,0.07088,-0.13772,0.00609,0.30100
Pride and Prejudice,0.37223,0.07012,-0.13794,0.00576,0.30000
Pride and Prejudice,0.37308,0.07046,-0.13890,0.00649,0.30000
Pride and Prejudice,0.37394,0.06899,-0.13813,0.00632,0.30000
Pride and Prejudice,0.37479,0.06927,-0.13928,0.00589,0.30000
Pride and Prejudice,0.37564,0.06960,-0.13911,0.00547,0.29900
Pride and Prejudice,0.37649,0.06872,-0.13885,0.00514,0.29900
Pride and Prejudice,0.37734,0.06760,-0.13861,0.00482,0.30000
Pride and Prejudice,0.37819,0.06663,-0.13938,0.00438,0.30000
Pride and Prejudice,0.37905,0.06481,-0.13820,0.00450,0.30000
Pride and Prejudice,0.37990,0.06377,-0.13719,0.00430,0.30000
Pride and Prejudice,0.38075,0.06278,-0.13763,0.00449,0.29900
Pride and Prejudice,0.38160,0.06311,-0.13785,0.00434,0.29900
Pride and Prejudice,0.38245,0.06429,-0.13789,0.00471,0.29900
Pride and Prejudice,0.38330,0.06382,-0.13785,0.00517,0.29900
Pride and Prejudice,0.38416,0.06504,-0.13788,0.00558,0.29900
Pride and Prejudice,0.38501,0.06607,-0.13826,0.00543,0.29900
Pride and Prejudice,0.38586,0.06568,-0.13867,0.00520,0.30000
Pride and Prejudice,0.38671,0.06567,-0.13869,0.00511,0.30000
Pride and Prejudice,0.38756,0.06591,-0.13850,0.00486,0.30000
Pride and Prejudice,0.38842,0.06528,-0.13813,0.00489,0.30100
Pride and Prejudice,0.38927,0.06628,-0.13911,0.00484,0.30200
Pride and Prejudice,0.39012,0.06507,-0.14030,0.00516,0.30200
Pride and Prejudice,0.39097,0.06573,-0.14194,0.00515,0.30100
Pride and Prejudice,0.39182,0.06569,-0.14188,0.00540,0.30100
Pride and Prejudice,0.39267,0.06577,-0.14212,0.00553,0.30100
Pride and Prejudice,0.39353,0.06697,-0.14253,0.00567,0.30000
Pride and Prejudice,0.39438,0.06683,-0.14267,0.00631,0.30000
Pride and Prejudice,0.39523,0.06745,-0.14295,0.00717,0.30200
Pride and Prejudice,0.39608,0.06708,-0.14283,0.00691,0.30200
Pride and Prejudice,0.39693,0.06667,-0.14413,0.00660,0.30200
Pride and Prejudice,0.39779,0.06713,-0.14487,0.00684,0.30200
Pride and Prejudice,0.39864,0.06721,-0.14579,0.00713,0.30300
Pride and Prejudice,0.39949,0.06838,-0.14650,0.00715,0.30400
Pride and Prejudice,0.40034,0.06663,-0.14584,0.00702,0.30300
Pride and Prejudice,0.40119,0.06634,-0.14609,0.00703,0.30300
Pride and Prejudice,0.40204,0.06591,-0.14552,0.00746,0.30100
Pride and Prejudice,0.40290,0.06582,-0.14542,0.00759,0.30000
Pride and Prejudice,0.40375,0.06543,-0.14662,0.00788,0.29900
Pride and Prejudice,0.40460,0.06499,-0.14665,0.00766,0.29900
Pride and Prejudice,0.40545,0.06521,-0.14748,0.00773,0.29700
Pride and Prejudice,0.40630,0.06412,-0.14715,0.00744,0.29600
Pride and Prejudice,0.40716,0.06450,-0.14773,0.00724,0.29500
Pride and Prejudice,0.40801,0.06551,-0.14790,0.00694,0.29500
Pride and Prejudice,0.40886,0.06545,-0.14810,0.00718,0.29500
Pride and Prejudice,0.40971,0.06556,-0.14770,0.00781,0.29500
Pride and Prejudice,0.41056,0.06652,-0.14801,0.00795,0.29500
Pride and Prejudice,0.41141,0.06620,-0.14827,0.00798,0.29600
Pride and Prejudice,0.41227,0.06513,-0.14814,0.00714,0.29500
Pride and Prejudice,0.41312,0.06362,-0.14764,0.00756,0.29500
Pride and Prejudice,0.41397,0.06387,-0.14822,0.00708,0.29500
Pride and Prejudice,0.41482,0.06395,-0.14883,0.00676,0.29500
Pride and Prejudice,0.41567,0.06432,-0.14944,0.00714,0.29400
Pride and Prejudice,0.41652,0.06420,-0.15007,0.00690,0.29400
Pride and Prejudice,0.41738,0.06506,-0.15155,0.00717,0.29400
Pride and Prejudice,0.41823,0.06554,-0.15131,0.00693,0.29400
Pride and Prejudice,0.41908,0.06459,-0.15114,0.00735,0.29300
Pride and Prejudice,0.41993,0.06495,-0.15009,0.00723,0.29400
Pride and Prejudice,0.42078,0.06537,-0.14982,0.00742,0.29400
Pride and Prejudice,0.42164,0.06451,-0.14826,0.00686,0.29500
Pride and Prejudice,0.42249,0.06428,-0.14781,0.00691,0.29500
Pride and Prejudice,0.42334,0.06550,-0.14785,0.00732,0.29500
Pride and Prejudice,0.42419,0.06592,-0.14736,0.00788,0.29600
Pride and Prejudice,0.42504,0.06618,-0.14779,0.00769,0.29500
Pride and Prejudice,0.42589,0.06617,-0.14842,0.00789,0.29400
Pride and Prejudice,0.42675,0.06618,-0.14847,0.00828,0.29500
Pride and Prejudice,0.42760,0.06644,-0.14813,0.00844,0.29400
Pride and Prejudice,0.42845,0.06602,-0.14732,0.00876,0.29400
Pride and Prejudice,0.42930,0.06510,-0.14720,0.00891,0.29400
Pride and Prejudice,0.43015,0.06558,-0.14752,0.00884,0.29400
Pride and Prejudice,0.43101,0.06652,-0.14798,0.00936,0.29400
Pride and Prejudice,0.43186,0.06627,-0.14837,0.00950,0.29400
Pride and Prejudice,0.43271,0.06556,-0.14771,0.00917,0.29400
Pride and Prejudice,0.43356,0.06534,-0.14747,0.00898,0.29500
Pride and Prejudice,0.43441,0.06490,-0.14753,0.00850,0.29500
Pride and Prejudice,0.43526,0.06443,-0.14855,0.00814,0.29500
Pride and Prejudice,0.43612,0.06526,-0.14953,0.00816,0.29400
Pride and Prejudice,0.43697,0.06563,-0.14947,0.00796,0.29300
Pride and Prejudice,0.43782,0.06653,-0.14987,0.00805,0.29300
Pride and Prejudice,0.43867,0.06772,-0.14991,0.00781,0.29300
Pride and Prejudice,0.43952,0.06811,-0.15033,0.00752,0.29300
Pride and Prejudice,0.44037,0.06713,-0.14958,0.00763,0.29300
Pride and Prejudice,0.44123,0.06673,-0.14969,0.00759,0.29200
Pride and Prejudice,0.44208,0.06660,-0.14935,0.00764,0.29200
Pride and Prejudice,0.44293,0.06558,-0.14919,0.00744,0.29100
Pride and Prejudice,0.44378,0.06627,-0.14932,0.00718,0.29100
Pride and Prejudice,0.44463,0.06704,-0.14921,0.00724,0.29100
Pride and Prejudice,0.44549,0.06748,-0.14951,0.00746,0.29000
Pride and Prejudice,0.44634,0.06880,-0.14949,0.00773,0.29000
Pride and Prejudice,0.44719,0.06752,-0.14905,0.00800,0.29000
Pride and Prejudice,0.44804,0.06823,-0.14945,0.00791,0.29000
Pride and Prejudice,0.44889,0.06809,-0.14903,0.00792,0.29000
Pride and Prejudice,0.44974,0.06911,-0.14890,0.00788,0.29000
Pride and Prejudice,0.45060,0.06935,-0.14946,0.00780,0.28900
Pride and Prejudice,0.45145,0.06843,-0.14941,0.00737,0.28900
Pride and Prejudice,0.45230,0.06870,-0.14957,0.00705,0.28800
Pride and Prejudice,0.45315,0.06925,-0.14878,0.00655,0.28800
Pride and Prejudice,0.45400,0.06922,-0.14882,0.00581,0.28700
Pride and Prejudice,0.45486,0.06930,-0.14796,0.00648,0.28600
Pride and Prejudice,0.45571,0.06857,-0.14729,0.00599,0.28500
Pride and Prejudice,0.45656,0.06887,-0.14623,0.00561,0.28500
Pride and Prejudice,0.45741,0.06885,-0.14586,0.00571,0.28500
Pride and Prejudice,0.45826,0.06813,-0.14453,0.00516,0.28500
Pride and Prejudice,0.45911,0.06894,-0.14437,0.00512,0.28500
Pride and Prejudice,0.45997,0.06829,-0.14370,0.00519,0.28500
Pride and Prejudice,0.46082,0.06744,-0.14212,0.00528,0.28400
Pride and Prejudice,0.46167,0.06727,-0.14194,0.00537,0.28500
Pride and Prejudice,0.46252,0.06688,-0.14089,0.00505,0.28600
Pride and Prejudice,0.46337,0.06621,-0.14004,0.00522,0.28500
Pride and Prejudice,0.46422,0.06645,-0.14044,0.00470,0.28500
Pride and Prejudice,0.46508,0.06604,-0.13976,0.00498,0.28500
Pride and Prejudice,0.46593,0.06699,-0.13938,0.00475,0.28500
Pride and Prejudice,0.46678,0.06679,-0.13940,0.00531,0.28500
Pride and Prejudice,0.46763,0.06494,-0.13850,0.00531,0.28600
Pride and Prejudice,0.46848,0.06471,-0.13732,0.00471,0.28700
Pride and Prejudice,0.46934,0.06367,-0.13639,0.00444,0.28600
Pride and Prejudice,0.47019,0.06282,-0.13567,0.00426,0.28600
Pride and Prejudice,0.47104,0.06326,-0.13562,0.00396,0.28600
Pride and Prejudice,0.47189,0.06324,-0.13511,0.00432,0.28600
Pride and Prejudice,0.47274,0.06349,-0.13389,0.00452,0.28600
Pride and Prejudice,0.47359,0.06397,-0.13354,0.00472,0.28600
Pride and Prejudice,0.47445,0.06294,-0.13326,0.00473,0.28500
Pride and Prejudice,0.47530,0.06396,-0.13325,0.00463,0.28500
Pride and Prejudice,0.47615,0.06352,-0.13311,0.00447,0.28600
Pride and Prejudice,0.47700,0.06215,-0.13223,0.00393,0.28600
Pride and Prejudice,0.47785,0.06285,-0.13224,0.00336,0.28700
Pride and Prejudice,0.47871,0.06254,-0.13111,0.00308,0.28800
Pride and Prejudice,0.47956,0.06161,-0.13091,0.00254,0.28900
Pride and Prejudice,0.48041,0.06175,-0.13053,0.00216,0.28800
Pride and Prejudice,0.48126,0.06201,-0.12998,0.00249,0.28800
Pride and Prejudice,0.48211,0.06242,-0.12925,0.00240,0.28900
Pride and Prejudice,0.48296,0.06274,-0.12835,0.00216,0.28900
Pride and Prejudice,0.48382,0.06186,-0.12725,0.00208,0.28900
Pride and Prejudice,0.48467,0.06062,-0.12655,0.00217,0.28800
Pride and Prejudice,0.48552,0.06235,-0.12757,0.00198,0.28800
Pride and Prejudice,0.48637,0.06259,-0.12685,0.00161,0.28800
Pride and Prejudice,0.48722,0.06168,-0.12628,0.00148,0.28800
Pride and Prejudice,0.48807,0.06153,-0.12596,0.00117,0.28900
Pride and Prejudice,0.48893,0.06233,-0.12571,0.00095,0.29000
Pride and Prejudice,0.48978,0.06257,-0.12588,0.00098,0.29100
Pride and Prejudice,0.49063,0.06346,-0.12612,0.00042,0.29200
Pride and Prejudice,0.49148,0.06302,-0.12642,-0.00006,0.29200
Pride and Prejudice,0.49233,0.06336,-0.12644,-0.00033,0.29300
Pride and Prejudice,0.49319,0.06253,-0.12633,-0.00049,0.29300
Pride and Prejudice,0.49404,0.06224,-0.12429,-0.00087,0.29300
Pride and Prejudice,0.49489,0.06116,-0.12422,-0.00148,0.29300
Pride and Prejudice,0.49574,0.06062,-0.12405,-0.00137,0.29200
Pride and Prejudice,0.49659,0.06216,-0.12339,-0.00147,0.29200
Pride and Prejudice,0.49744,0.06215,-0.12187,-0.00129,0.29300
Pride and Prejudice,0.49830,0.06289,-0.12183,-0.00145,0.29300
Pride and Prejudice,0.49915,0.06317,-0.12183,-0.00111,0.29400
Pride and Prejudice,0.50000,0.06300,-0.12103,-0.00115,0.29500
Pride and Prejudice,0.50085,0.06307,-0.11929,-0.00174,0.29500
Pride and Prejudice,0.50170,0.06114,-0.11810,-0.00215,0.29600
Pride and Prejudice,0.50256,0.05987,-0.11760,-0.00252,0.29500
Pride and Prejudice,0.50341,0.05883,-0.11702,-0.00246,0.29600
Pride and Prejudice,0.50426,0.05946,-0.11591,-0.00296,0.29600
Pride and Prejudice,0.50511,0.06009,-0.11650,-0.00332,0.29600
Pride and Prejudice,0.50596,0.06029,-0.11695,-0.00343,0.29500
Pride and Prejudice,0.50681,0.06095,-0.11789,-0.00352,0.29500
Pride and Prejudice,0.50767,0.06162,-0.11771,-0.00359,0.29400
Pride and Prejudice,0.50852,0.06042,-0.11735,-0.00376,0.29300
Pride and Prejudice,0.50937,0.06033,-0.11650,-0.00399,0.29300
Pride and Prejudice,0.51022,0.05974,-0.11607,-0.00417,0.29200
Pride and Prejudice,0.51107,0.05900,-0.11524,-0.00432,0.29200
Pride and Prejudice,0.51193,0.05817,-0.11411,-0.00441,0.29200
Pride and Prejudice,0.51278,0.05781,-0.11421,-0.00464,0.29200
Pride and Prejudice,0.51363,0.05780,-0.11399,-0.00469,0.29300
Pride and Prejudice,0.51448,0.05749,-0.11286,-0.00486,0.29200
Pride and Prejudice,0.51533,0.05711,-0.11273,-0.00510,0.29200
Pride and Prejudice,0.51618,0.05573,-0.11175,-0.00525,0.29300
Pride and Prejudice,0.51704,0.05596,-0.11133,-0.00523,0.29300
Pride and Prejudice,0.51789,0.05679,-0.11100,-0.00488,0.29300
Pride and Prejudice,0.51874,0.05783,-0.11125,-0.00457,0.29200
Pride and Prejudice,0.51959,0.05833,-0.11139,-0.00500,0.29200
Pride and Prejudice,0.52044,0.05930,-0.11187,-0.00502,0.29300
Pride and Prejudice,0.52129,0.05943,-0.11168,-0.00534,0.29300
Pride and Prejudice,0.52215,0.05878,-0.11176,-0.00498,0.29400
Pride and Prejudice,0.52300,0.05798,-0.11208,-0.00528,0.29500
Pride and Prejudice,0.52385,0.05743,-0.11223,-0.00536,0.29600
Pride and Prejudice,0.52470,0.05712,-0.11143,-0.00530,0.29500
Pride and Prejudice,0.52555,0.05738,-0.11066,-0.00515,0.29600
Pride and Prejudice,0.52641,0.05807,-0.11050,-0.00510,0.29700
Pride and Prejudice,0.52726,0.05807,-0.11091,-0.00532,0.29700
Pride and Prejudice,0.52811,0.05854,-0.11162,-0.00507,0.29700
Pride and Prejudice,0.52896,0.05748,-0.11221,-0.00494,0.29800
Pride and Prejudice,0.52981,0.05804,-0.11266,-0.00478,0.29900
Pride and Prejudice,0.53066,0.05875,-0.11341,-0.00485,0.29900
Pride and Prejudice,0.53152,0.05848,-0.11465,-0.00478,0.29900
Pride and Prejudice,0.53237,0.05889,-0.11551,-0.00490,0.29900
Pride and Prejudice,0.53322,0.05724,-0.11448,-0.00498,0.29900
Pride and Prejudice,0.53407,0.05725,-0.11505,-0.00501,0.29900
Pride and Prejudice,0.53492,0.05618,-0.11530,-0.00496,0.30000
Pride and Prejudice,0.53578,0.05589,-0.11540,-0.00495,0.30000
Pride and Prejudice,0.53663,0.05586,-0.11494,-0.00482,0.29900
Pride and Prejudice,0.53748,0.05617,-0.11543,-0.00449,0.30000
Pride and Prejudice,0.53833,0.05558,-0.11610,-0.00395,0.30000
Pride and Prejudice,0.53918,0.05464,-0.11565,-0.00354,0.30000
Pride and Prejudice,0.54003,0.05454,-0.11634,-0.00372,0.30100
Pride and Prejudice,0.54089,0.05426,-0.11670,-0.00369,0.30200
Pride and Prejudice,0.54174,0.05477,-0.11716,-0.00388,0.30200
Pride and Prejudice,0.54259,0.05416,-0.11641,-0.00367,0.30100
Pride and Prejudice,0.54344,0.05435,-0.11797,-0.00376,0.30200
Pride and Prejudice,0.54429,0.05445,-0.11838,-0.00351,0.30200
Pride and Prejudice,0.54514,0.05427,-0.11882,-0.00341,0.30100
Pride and Prejudice,0.54600,0.05448,-0.11990,-0.00329,0.30000
Pride and Prejudice,0.54685,0.05439,-0.11991,-0.00300,0.30000
Pride and Prejudice,0.54770,0.05408,-0.12008,-0.00252,0.29800
Pride and Prejudice,0.54855,0.05515,-0.12049,-0.00213,0.29900
Pride and Prejudice,0.54940,0.05445,-0.12086,-0.00220,0.29900
Pride and Prejudice,0.55026,0.05521,-0.12145,-0.00248,0.29800
Pride and Prejudice,0.55111,0.05539,-0.12154,-0.00250,0.29900
Pride and Prejudice,0.55196,0.05435,-0.12049,-0.00282,0.29900
Pride and Prejudice,0.55281,0.05422,-0.12044,-0.00309,0.29800
Pride and Prejudice,0.55366,0.05432,-0.12186,-0.00282,0.29900
Pride and Prejudice,0.55451,0.05421,-0.12212,-0.00292,0.29900
Pride and Prejudice,0.55537,0.05433,-0.12318,-0.00309,0.30000
Pride and Prejudice,0.55622,0.05412,-0.12298,-0.00302,0.30000
Pride and Prejudice,0.55707,0.05293,-0.12265,-0.00298,0.30000
Pride and Prejudice,0.55792,0.05209,-0.12339,-0.00315,0.30000
Pride and Prejudice,0.55877,0.05133,-0.12374,-0.00394,0.30000
Pride and Prejudice,0.55963,0.05219,-0.12282,-0.00389,0.30000
Pride and Prejudice,0.56048,0.05197,-0.12292,-0.00369,0.30100
Pride and Prejudice,0.56133,0.05324,-0.12287,-0.00370,0.30100
Pride and Prejudice,0.56218,0.05368,-0.12351,-0.00341,0.30100
Pride and Prejudice,0.56303,0.05382,-0.12376,-0.00314,0.30000
Pride and Prejudice,0.56388,0.05485,-0.12502,-0.00291,0.30000
Pride and Prejudice,0.56474,0.05537,-0.12504,-0.00250,0.30000
Pride and Prejudice,0.56559,0.05417,-0.12468,-0.00308,0.30000
Pride and Prejudice,0.56644,0.05367,-0.12485,-0.00323,0.30000
Pride and Prejudice,0.56729,0.05297,-0.12506,-0.00293,0.30000
Pride and Prejudice,0.56814,0.05273,-0.12521,-0.00238,0.30000
Pride and Prejudice,0.56899,0.05324,-0.12542,-0.00231,0.29900
Pride and Prejudice,0.56985,0.05355,-0.12586,-0.00236,0.29800
Pride and Prejudice,0.57070,0.05195,-0.12502,-0.00239,0.29900
Pride and Prejudice,0.57155,0.05054,-0.12425,-0.00234,0.30000
Pride and Prejudice,0.57240,0.05216,-0.12473,-0.00277,0.30100
Pride and Prejudice,0.57325,0.05197,-0.12429,-0.00285,0.30200
Pride and Prejudice,0.57411,0.05045,-0.12386,-0.00274,0.30200
Pride and Prejudice,0.57496,0.05016,-0.12373,-0.00279,0.30200
Pride and Prejudice,0.57581,0.04987,-0.12279,-0.00222,0.30300
Pride and Prejudice,0.57666,0.05010,-0.12281,-0.00181,0.30200
Pride and Prejudice,0.57751,0.04917,-0.12236,-0.00159,0.30200
Pride and Prejudice,0.57836,0.04902,-0.12162,-0.00154,0.30200
Pride and Prejudice,0.57922,0.04890,-0.12291,-0.00134,0.30100
Pride and Prejudice,0.58007,0.04898,-0.12307,-0.00119,0.30100
Pride and Prejudice,0.58092,0.04857,-0.12285,-0.00130,0.30100
Pride and Prejudice,0.58177,0.04826,-0.12316,-0.00136,0.30100
Pride and Prejudice,0.58262,0.04827,-0.12351,-0.00105,0.30000
Pride and Prejudice,0.58348,0.04799,-0.12315,-0.00066,0.30100
Pride and Prejudice,0.58433,0.04780,-0.12224,-0.00050,0.30100
Pride and Prejudice,0.58518,0.04917,-0.12349,-0.00038,0.30100
Pride and Prejudice,0.58603,0.04869,-0.12368,0.00015,0.30100
Pride and Prejudice,0.58688,0.05007,-0.12395,0.00026,0.30100
Pride and Prejudice,0.58773,0.04995,-0.12338,0.00028,0.30100
Pride and Prejudice,0.58859,0.05103,-0.12381,0.00007,0.30200
Pride and Prejudice,0.58944,0.05175,-0.12500,0.00034,0.30200
Pride and Prejudice,0.59029,0.05075,-0.12534,0.00046,0.30200
Pride and Prejudice,0.59114,0.04955,-0.12469,0.00068,0.30200
Pride and Prejudice,0.59199,0.05023,-0.12559,0.00110,0.30200
Pride and Prejudice,0.59284,0.04952,-0.12510,0.00100,0.30300
Pride and Prejudice,0.59370,0.05005,-0.12516,0.00116,0.30400
Pride and Prejudice,0.59455,0.04997,-0.12592,0.00113,0.30300
Pride and Prejudice,0.59540,0.04911,-0.12639,0.00117,0.30500
Pride and Prejudice,0.59625,0.05011,-0.12682,0.00121,0.30500
Pride and Prejudice,0.59710,0.04981,-0.12807,0.00080,0.30400
Pride and Prejudice,0.59796,0.05042,-0.12826,0.00103,0.30400
Pride and Prejudice,0.59881,0.05016,-0.12871,0.00104,0.30400
Pride and Prejudice,0.59966,0.05030,-0.12933,0.00116,0.30500
Pride and Prejudice,0.60051,0.05049,-0.12931,0.00112,0.30500
Pride and Prejudice,0.60136,0.05041,-0.12959,0.00051,0.30600
Pride and Prejudice,0.60221,0.05022,-0.12950,0.00003,0.30600
Pride and Prejudice,0.60307,0.04957,-0.12995,-0.00049,0.30600
Pride and Prejudice,0.60392,0.04949,-0.13007,-0.00062,0.30600
Pride and Prejudice,0.60477,0.04963,-0.13026,-0.00021,0.30600
Pride and Prejudice,0.60562,0.04920,-0.12908,0.00005,0.30600
Pride and Prejudice,0.60647,0.04915,-0.12882,0.00030,0.30400
Pride and Prejudice,0.60733,0.05019,-0.12951,0.00004,0.30500
Pride and Prejudice,0.60818,0.05017,-0.12974,0.00036,0.30400
Pride and Prejudice,0.60903,0.05052,-0.13045,0.00060,0.30300
Pride and Prejudice,0.60988,0.05092,-0.13181,0.00068,0.30400
Pride and Prejudice,0.61073,0.05172,-0.13326,0.00034,0.30300
Pride and Prejudice,0.61158,0.05119,-0.13411,0.00043,0.30200
Pride and Prejudice,0.61244,0.05217,-0.13436,0.00072,0.30200
Pride and Prejudice,0.61329,0.05187,-0.13452,0.00062,0.30300
Pride and Prejudice,0.61414,0.05218,-0.13471,0.00087,0.30200
Pride and Prejudice,0.61499,0.05110,-0.13470,0.00065,0.30100
Pride and Prejudice,0.61584,0.05105,-0.13452,0.00040,0.30000
Pride and Prejudice,0.61670,0.05166,-0.13398,0.00009,0.30000
Pride and Prejudice,0.61755,0.05116,-0.13368,-0.00018,0.29900
Pride and Prejudice,0.61840,0.05200,-0.13354,-0.00023,0.29900
Pride and Prejudice,0.61925,0.05195,-0.13229,-0.00008,0.30000
Pride and Prejudice,0.62010,0.05174,-0.13170,-0.00018,0.29900
Pride and Prejudice,0.62095,0.05103,-0.13115,-0.00013,0.29900
Pride and Prejudice,0.62181,0.05123,-0.13192,0.00010,0.29900
Pride and Prejudice,0.62266,0.05110,-0.13191,0.00007,0.29900
Pride and Prejudice,0.62351,0.05047,-0.13228,-0.00062,0.29800
Pride and Prejudice,0.62436,0.05026,-0.13220,-0.00092,0.29800
Pride and Prejudice,0.62521,0.04964,-0.13226,-0.00105,0.29700
Pride and Prejudice,0.62606,0.04969,-0.13217,-0.00126,0.29700
Pride and Prejudice,0.62692,0.04907,-0.13238,-0.00074,0.29800
Pride and Prejudice,0.62777,0.04970,-0.13285,-0.00079,0.29900
Pride and Prejudice,0.62862,0.04981,-0.13213,-0.00077,0.29800
Pride and Prejudice,0.62947,0.05014,-0.13122,-0.00097,0.29700
Pride and Prejudice,0.63032,0.05140,-0.13173,-0.00076,0.29800
Pride and Prejudice,0.63118,0.05206,-0.13104,-0.00071,0.29800
Pride and Prejudice,0.63203,0.05142,-0.13065,-0.00120,0.29800
Pride and Prejudice,0.63288,0.05235,-0.13136,-0.00152,0.29900
Pride and Prejudice,0.63373,0.05161,-0.13128,-0.00192,0.29900
Pride and Prejudice,0.63458,0.05317,-0.13108,-0.00158,0.30000
Pride and Prejudice,0.63543,0.05339,-0.13198,-0.00137,0.29900
Pride and Prejudice,0.63629,0.05316,-0.13249,-0.00156,0.29800
Pride and Prejudice,0.63714,0.05391,-0.13389,-0.00182,0.29800
Pride and Prejudice,0.63799,0.05423,-0.13483,-0.00138,0.29700
Pride and Prejudice,0.63884,0.05372,-0.13441,-0.00153,0.29600
Pride and Prejudice,0.63969,0.05462,-0.13492,-0.00145,0.29500
Pride and Prejudice,0.64055,0.05529,-0.13431,-0.00114,0.29500
Pride and Prejudice,0.64140,0.05546,-0.13441,-0.00081,0.29400
Pride and Prejudice,0.64225,0.05651,-0.13612,-0.00082,0.29400
Pride and Prejudice,0.64310,0.05637,-0.13587,-0.00051,0.29400
Pride and Prejudice,0.64395,0.05615,-0.13456,-0.00016,0.29300
Pride and Prejudice,0.64480,0.05581,-0.13503,-0.00005,0.29300
Pride and Prejudice,0.64566,0.05624,-0.13519,-0.00004,0.29300
Pride and Prejudice,0.64651,0.05499,-0.13472,0.00002,0.29200
Pride and Prejudice,0.64736,0.05572,-0.13434,-0.00017,0.29200
Pride and Prejudice,0.64821,0.05602,-0.13446,0.00024,0.29200
Pride and Prejudice,0.64906,0.05453,-0.13420,0.00004,0.29100
Pride and Prejudice,0.64991,0.05497,-0.13420,0.00009,0.29100
Pride and Prejudice,0.65077,0.05544,-0.13449,0.00026,0.29000
Pride and Prejudice,0.65162,0.05531,-0.13406,0.00019,0.28900
Pride and Prejudice,0.65247,0.05597,-0.13425,0.00026,0.28800
Pride and Prejudice,0.65332,0.05591,-0.13455,0.00002,0.28900
Pride and Prejudice,0.65417,0.05635,-0.13526,0.00046,0.28900
Pride and Prejudice,0.65503,0.05665,-0.13447,0.00051,0.28900
Pride and Prejudice,0.65588,0.05749,-0.13506,0.00042,0.28800
Pride and Prejudice,0.65673,0.05924,-0.13642,0.00026,0.28700
Pride and Prejudice,0.65758,0.05746,-0.13613,0.00022,0.28600
Pride and Prejudice,0.65843,0.05846,-0.13760,0.00014,0.28500
Pride and Prejudice,0.65928,0.05930,-0.13691,0.00052,0.28400
Pride and Prejudice,0.66014,0.06087,-0.13729,0.00074,0.28400
Pride and Prejudice,0.66099,0.05977,-0.13817,0.00054,0.28300
Pride and Prejudice,0.66184,0.05952,-0.13835,0.00008,0.28400
Pride and Prejudice,0.66269,0.05959,-0.13891,0.00025,0.28400
Pride and Prejudice,0.66354,0.06001,-0.13977,0.00024,0.28400
Pride and Prejudice,0.66440,0.06019,-0.13935,0.00028,0.28400
Pride and Prejudice,0.66525,0.05990,-0.13913,0.00042,0.28500
Pride and Prejudice,0.66610,0.06029,-0.13957,0.00120,0.28500
Pride and Prejudice,0.66695,0.05984,-0.14011,0.00127,0.28400
Pride and Prejudice,0.66780,0.05945,-0.13990,0.00129,0.28400
Pride and Prejudice,0.66865,0.05973,-0.13989,0.00079,0.28500
Pride and Prejudice,0.66951,0.05945,-0.13962,0.00067,0.28500
Pride and Prejudice,0.67036,0.05779,-0.13805,0.00063,0.28400
Pride and Prejudice,0.67121,0.05764,-0.13812,0.00030,0.28400
Pride and Prejudice,0.67206,0.05760,-0.13894,0.00032,0.28400
Pride and Prejudice,0.67291,0.05734,-0.13861,0.00038,0.28300
Pride and Prejudice,0.67376,0.05654,-0.13915,0.00066,0.28200
Pride and Prejudice,0.67462,0.05689,-0.13874,0.00088,0.28100
Pride and Prejudice,0.67547,0.05720,-0.13851,0.00097,0.28000
Pride and Prejudice,0.67632,0.05807,-0.13918,0.00095,0.28100
Pride and Prejudice,0.67717,0.05653,-0.13846,0.00075,0.28000
Pride and Prejudice,0.67802,0.05663,-0.13893,0.00092,0.28000
Pride and Prejudice,0.67888,0.05617,-0.13849,0.00108,0.28100
Pride and Prejudice,0.67973,0.05443,-0.13857,0.00082,0.28100
Pride and Prejudice,0.68058,0.05497,-0.13875,0.00047,0.28200
Pride and Prejudice,0.68143,0.05307,-0.13782,0.00024,0.28200
Pride and Prejudice,0.68228,0.05389,-0.13728,0.00045,0.28200
Pride and Prejudice,0.68313,0.05362,-0.13652,0.00021,0.28200
Pride and Prejudice,0.68399,0.05371,-0.13574,0.00011,0.28200
Pride and Prejudice,0.68484,0.05393,-0.13469,0.00009,0.28200
Pride and Prejudice,0.68569,0.05453,-0.13443,0.00021,0.28200
Pride and Prejudice,0.68654,0.05456,-0.13390,0.00040,0.28200
Pride and Prejudice,0.68739,0.05394,-0.13314,0.00054,0.28200
Pride and Prejudice,0.68825,0.05236,-0.13212,0.00092,0.28200
Pride and Prejudice,0.68910,0.05159,-0.13078,0.00120,0.28200
Pride and Prejudice,0.68995,0.05098,-0.12986,0.00119,0.28200
Pride and Prejudice,0.69080,0.05062,-0.13036,0.00092,0.28100
Pride and Prejudice,0.69165,0.04959,-0.12995,0.00079,0.28200
Pride and Prejudice,0.69250,0.04834,-0.12835,0.00074,0.28200
Pride and Prejudice,0.69336,0.04705,-0.12695,0.00054,0.28300
Pride and Prejudice,0.69421,0.04603,-0.12580,0.00061,0.28400
Pride and Prejudice,0.69506,0.04491,-0.12463,0.00024,0.28400
Pride and Prejudice,0.69591,0.04425,-0.12379,0.00014,0.28500
Pride and Prejudice,0.69676,0.04397,-0.12302,0.00046,0.28600
Pride and Prejudice,0.69761,0.04362,-0.12263,0.00062,0.28600
Pride and Prejudice,0.69847,0.04330,-0.12099,0.00061,0.28600
Pride and Prejudice,0.69932,0.04270,-0.11895,0.00043,0.28700
Pride and Prejudice,0.70017,0.04237,-0.11823,0.00052,0.28600
Pride and Prejudice,0.70102,0.04122,-0.11728,0.00071,0.28700
Pride and Prejudice,0.70187,0.03970,-0.11704,0.00093,0.28700
Pride and Prejudice,0.70273,0.04032,-0.11691,0.00082,0.28800
Pride and Prejudice,0.70358,0.04014,-0.11623,0.00066,0.28700
Pride and Prejudice,0.70443,0.04042,-0.11702,0.00046,0.28700
Pride and Prejudice,0.70528,0.04179,-0.11694,0.00057,0.28700
Pride and Prejudice,0.70613,0.04270,-0.11693,0.00081,0.28700
Pride and Prejudice,0.70698,0.04259,-0.11728,0.00052,0.28800
Pride and Prejudice,0.70784,0.04309,-0.11671,0.00030,0.28800
Pride and Prejudice,0.70869,0.04339,-0.11651,0.00068,0.28800
Pride and Prejudice,0.70954,0.04351,-0.11613,0.00086,0.28800
Pride and Prejudice,0.71039,0.04417,-0.11604,0.00097,0.28700
Pride and Prejudice,0.71124,0.04447,-0.11661,0.00075,0.28600
Pride and Prejudice,0.71210,0.04495,-0.11659,0.00049,0.28600
Pride and Prejudice,0.71295,0.04555,-0.11665,0.00000,0.28600
Pride and Prejudice,0.71380,0.04454,-0.11702,0.00005,0.28700
Pride and Prejudice,0.71465,0.04428,-0.11711,0.00026,0.28700
Pride and Prejudice,0.71550,0.04354,-0.11720,-0.00034,0.28700
Pride and Prejudice,0.71635,0.04344,-0.11772,-0.00024,0.28700
Pride and Prejudice,0.71721,0.04454,-0.11822,0.00016,0.28700
Pride and Prejudice,0.71806,0.04438,-0.11769,0.00024,0.28600
Pride and Prejudice,0.71891,0.04419,-0.11754,0.00041,0.28600
Pride and Prejudice,0.71976,0.04344,-0.11766,0.00011,0.28600
Pride and Prejudice,0.72061,0.04350,-0.11807,0.00017,0.28700
Pride and Prejudice,0.72147,0.04358,-0.11725,0.00062,0.28800
Pride and Prejudice,0.72232,0.04355,-0.11751,0.00094,0.28700
Pride and Prejudice,0.72317,0.04331,-0.11716,0.00065,0.28800
Pride and Prejudice,0.72402,0.04293,-0.11692,0.00079,0.28700
Pride and Prejudice,0.72487,0.04075,-0.11569,0.00086,0.28800
Pride and Prejudice,0.72572,0.04049,-0.11537,0.00108,0.28900
Pride and Prejudice,0.72658,0.04019,-0.11462,0.00054,0.28900
Pride and Prejudice,0.72743,0.04092,-0.11329,0.00028,0.28900
Pride and Prejudice,0.72828,0.04128,-0.11346,0.00007,0.28900
Pride and Prejudice,0.72913,0.04172,-0.11403,-0.00012,0.28900
Pride and Prejudice,0.72998,0.04152,-0.11428,-0.00032,0.28900
Pride and Prejudice,0.73083,0.04168,-0.11430,-0.00013,0.28900
Pride and Prejudice,0.73169,0.04245,-0.11484,0.00029,0.29000
Pride and Prejudice,0.73254,0.04171,-0.11467,0.00016,0.29100
Pride and Prejudice,0.73339,0.04111,-0.11385,-0.00022,0.29200
Pride and Prejudice,0.73424,0.04085,-0.11388,-0.00032,0.29100
Pride and Prejudice,0.73509,0.03975,-0.11366,-0.00052,0.29200
Pride and Prejudice,0.73595,0.03998,-0.11376,-0.00065,0.29300
Pride and Prejudice,0.73680,0.04013,-0.11396,-0.00065,0.29300
Pride and Prejudice,0.73765,0.03994,-0.11432,-0.00113,0.29400
Pride and Prejudice,0.73850,0.04016,-0.11465,-0.00138,0.29300
Pride and Prejudice,0.73935,0.03962,-0.11396,-0.00189,0.29200
Pride and Prejudice,0.74020,0.03839,-0.11414,-0.00205,0.29200
Pride and Prejudice,0.74106,0.03893,-0.11414,-0.00169,0.29200
Pride and Prejudice,0.74191,0.03884,-0.11441,-0.00168,0.29300
Pride and Prejudice,0.74276,0.04067,-0.11509,-0.00155,0.29300
Pride and Prejudice,0.74361,0.03980,-0.11464,-0.00126,0.29400
Pride and Prejudice,0.74446,0.03962,-0.11537,-0.00155,0.29300
Pride and Prejudice,0.74532,0.03805,-0.11516,-0.00209,0.29400
Pride and Prejudice,0.74617,0.03820,-0.11506,-0.00238,0.29500
Pride and Prejudice,0.74702,0.03848,-0.11519,-0.00215,0.29400
Pride and Prejudice,0.74787,0.03914,-0.11503,-0.00228,0.29400
Pride and Prejudice,0.74872,0.03960,-0.11438,-0.00240,0.29500
Pride and Prejudice,0.74957,0.03971,-0.11473,-0.00232,0.29500
Pride and Prejudice,0.75043,0.04079,-0.11475,-0.00187,0.29500
Pride and Prejudice,0.75128,0.04040,-0.11447,-0.00265,0.29400
Pride and Prejudice,0.75213,0.03969,-0.11396,-0.00275,0.29400
Pride and Prejudice,0.75298,0.03933,-0.11437,-0.00309,0.29400
Pride and Prejudice,0.75383,0.03873,-0.11407,-0.00300,0.29400
Pride and Prejudice,0.75468,0.03793,-0.11485,-0.00290,0.29400
Pride and Prejudice,0.75554,0.03790,-0.11527,-0.00299,0.29500
Pride and Prejudice,0.75639,0.03733,-0.11633,-0.00309,0.29500
Pride and Prejudice,0.75724,0.03777,-0.11627,-0.00296,0.29600
Pride and Prejudice,0.75809,0.03787,-0.11704,-0.00338,0.29600
Pride and Prejudice,0.75894,0.03797,-0.11672,-0.00346,0.29600
Pride and Prejudice,0.75980,0.03775,-0.11760,-0.00375,0.29600
Pride and Prejudice,0.76065,0.03808,-0.11827,-0.00361,0.29700
Pride and Prejudice,0.76150,0.03765,-0.11808,-0.00383,0.29800
Pride and Prejudice,0.76235,0.03856,-0.11832,-0.00418,0.29900
Pride and Prejudice,0.76320,0.03943,-0.11933,-0.00428,0.29900
Pride and Prejudice,0.76405,0.03891,-0.11907,-0.00467,0.29900
Pride and Prejudice,0.76491,0.03969,-0.11894,-0.00461,0.29900
Pride and Prejudice,0.76576,0.03893,-0.11877,-0.00436,0.29900
Pride and Prejudice,0.76661,0.04029,-0.11973,-0.00433,0.29800
Pride and Prejudice,0.76746,0.04037,-0.12095,-0.00411,0.29900
Pride and Prejudice,0.76831,0.04167,-0.12231,-0.00442,0.30000
Pride and Prejudice,0.76917,0.04143,-0.12333,-0.00441,0.30000
Pride and Prejudice,0.77002,0.04200,-0.12405,-0.00411,0.30000
Pride and Prejudice,0.77087,0.04191,-0.12433,-0.00352,0.30100
Pride and Prejudice,0.77172,0.04332,-0.12504,-0.00334,0.30100
Pride and Prejudice,0.77257,0.04463,-0.12604,-0.00317,0.30100
Pride and Prejudice,0.77342,0.04615,-0.12683,-0.00373,0.30100
Pride and Prejudice,0.77428,0.04714,-0.12809,-0.00381,0.30200
Pride and Prejudice,0.77513,0.04792,-0.12805,-0.00344,0.30300
Pride and Prejudice,0.77598,0.04840,-0.12786,-0.00338,0.30300
Pride and Prejudice,0.77683,0.04962,-0.12845,-0.00351,0.30400
Pride and Prejudice,0.77768,0.04991,-0.12941,-0.00352,0.30400
Pride and Prejudice,0.77853,0.05170,-0.13070,-0.00354,0.30300
Pride and Prejudice,0.77939,0.05106,-0.13102,-0.00373,0.30200
Pride and Prejudice,0.78024,0.05243,-0.13061,-0.00339,0.30300
Pride and Prejudice,0.78109,0.05196,-0.13095,-0.00324,0.30200
Pride and Prejudice,0.78194,0.05268,-0.13147,-0.00336,0.30200
Pride and Prejudice,0.78279,0.05152,-0.13136,-0.00352,0.30200
Pride and Prejudice,0.78365,0.05239,-0.13210,-0.00374,0.30200
Pride and Prejudice,0.78450,0.05264,-0.13266,-0.00336,0.30200
Pride and Prejudice,0.78535,0.05198,-0.13204,-0.00362,0.30300
Pride and Prejudice,0.78620,0.05262,-0.13198,-0.00368,0.30300
Pride and Prejudice,0.78705,0.05422,-0.13205,-0.00350,0.30200
Pride and Prejudice,0.78790,0.05612,-0.13267,-0.00359,0.30300
Pride and Prejudice,0.78876,0.05680,-0.13444,-0.00351,0.30200
Pride and Prejudice,0.78961,0.05821,-0.13468,-0.00358,0.30300
Pride and Prejudice,0.79046,0.05867,-0.13522,-0.00404,0.30300
Pride and Prejudice,0.79131,0.05877,-0.13608,-0.00444,0.30200
Pride and Prejudice,0.79216,0.05892,-0.13524,-0.00450,0.30100
Pride and Prejudice,0.79302,0.05945,-0.13543,-0.00456,0.30100
Pride and Prejudice,0.79387,0.06039,-0.13532,-0.00447,0.30000
Pride and Prejudice,0.79472,0.06037,-0.13545,-0.00443,0.30100
Pride and Prejudice,0.79557,0.06077,-0.13495,-0.00420,0.30100
Pride and Prejudice,0.79642,0.06116,-0.13347,-0.00353,0.30200
Pride and Prejudice,0.79727,0.06148,-0.13327,-0.00333,0.30200
Pride and Prejudice,0.79813,0.06106,-0.13358,-0.00300,0.30100
Pride and Prejudice,0.79898,0.06222,-0.13354,-0.00291,0.30100
Pride and Prejudice,0.79983,0.06055,-0.13395,-0.00324,0.30100
Pride and Prejudice,0.80068,0.06018,-0.13340,-0.00242,0.30200
Pride and Prejudice,0.80153,0.05989,-0.13359,-0.00252,0.30200
Pride and Prejudice,0.80239,0.05873,-0.13368,-0.00279,0.30300
Pride and Prejudice,0.80324,0.05833,-0.13373,-0.00274,0.30300
Pride and Prejudice,0.80409,0.05918,-0.13393,-0.00266,0.30300
Pride and Prejudice,0.80494,0.05917,-0.13347,-0.00278,0.30300
Pride and Prejudice,0.80579,0.05916,-0.13308,-0.00297,0.30200
Pride and Prejudice,0.80664,0.05848,-0.13378,-0.00329,0.30200
Pride and Prejudice,0.80750,0.05769,-0.13333,-0.00353,0.30200
Pride and Prejudice,0.80835,0.05780,-0.13321,-0.00356,0.30300
Pride and Prejudice,0.80920,0.05809,-0.13333,-0.00357,0.30300
Pride and Prejudice,0.81005,0.06024,-0.13309,-0.00355,0.30200
Pride and Prejudice,0.81090,0.05926,-0.13323,-0.00418,0.30300
Pride and Prejudice,0.81175,0.05883,-0.13366,-0.00363,0.30300
Pride and Prejudice,0.81261,0.05799,-0.13448,-0.00376,0.30400
Pride and Prejudice,0.81346,0.05794,-0.13422,-0.00360,0.30500
Pride and Prejudice,0.81431,0.05781,-0.13449,-0.00323,0.30400
Pride and Prejudice,0.81516,0.05838,-0.13430,-0.00327,0.30500
Pride and Prejudice,0.81601,0.05848,-0.13344,-0.00390,0.30400
Pride and Prejudice,0.81687,0.05773,-0.13282,-0.00457,0.30200
Pride and Prejudice,0.81772,0.05810,-0.13344,-0.00473,0.30200
Pride and Prejudice,0.81857,0.05833,-0.13373,-0.00479,0.30100
Pride and Prejudice,0.81942,0.05921,-0.13327,-0.00448,0.30200
Pride and Prejudice,0.82027,0.05994,-0.13378,-0.00469,0.30200
Pride and Prejudice,0.82112,0.05990,-0.13436,-0.00472,0.30200
Pride and Prejudice,0.82198,0.05972,-0.13464,-0.00476,0.30100
Pride and Prejudice,0.82283,0.05985,-0.13396,-0.00451,0.30200
Pride and Prejudice,0.82368,0.05907,-0.13364,-0.00465,0.30200
Pride and Prejudice,0.82453,0.05956,-0.13451,-0.00456,0.30200
Pride and Prejudice,0.82538,0.06067,-0.13484,-0.00457,0.30200
Pride and Prejudice,0.82624,0.06012,-0.13477,-0.00465,0.30200
Pride and Prejudice,0.82709,0.06047,-0.13518,-0.00429,0.30100
Pride and Prejudice,0.82794,0.05876,-0.13520,-0.00371,0.30200
Pride and Prejudice,0.82879,0.05930,-0.13372,-0.00378,0.30200
Pride and Prejudice,0.82964,0.05873,-0.13276,-0.00376,0.30300
Pride and Prejudice,0.83049,0.05976,-0.13240,-0.00336,0.30200
Pride and Prejudice,0.83135,0.06023,-0.13174,-0.00316,0.30100
Pride and Prejudice,0.83220,0.06039,-0.13116,-0.00311,0.30100
Pride and Prejudice,0.83305,0.06072,-0.13160,-0.00288,0.30000
Pride and Prejudice,0.83390,0.05946,-0.13159,-0.00269,0.30000
Pride and Prejudice,0.83475,0.05979,-0.13226,-0.00272,0.30000
Pride and Prejudice,0.83560,0.05996,-0.13257,-0.00312,0.30000
Pride and Prejudice,0.83646,0.06006,-0.13299,-0.00344,0.30100
Pride and Prejudice,0.83731,0.06083,-0.13333,-0.00345,0.30000
Pride and Prejudice,0.83816,0.06187,-0.13414,-0.00319,0.30100
Pride and Prejudice,0.83901,0.06210,-0.13476,-0.00327,0.30100
Pride and Prejudice,0.83986,0.06331,-0.13491,-0.00337,0.30000
Pride and Prejudice,0.84072,0.06282,-0.13494,-0.00318,0.30000
Pride and Prejudice,0.84157,0.06343,-0.13441,-0.00321,0.29900
Pride and Prejudice,0.84242,0.06282,-0.13497,-0.00334,0.29800
Pride and Prejudice,0.84327,0.06317,-0.13486,-0.00294,0.29800
Pride and Prejudice,0.84412,0.06236,-0.13421,-0.00281,0.29800
Pride and Prejudice,0.84497,0.06150,-0.13289,-0.00281,0.29800
Pride and Prejudice,0.84583,0.06099,-0.13233,-0.00301,0.29700
Pride and Prejudice,0.84668,0.06087,-0.13176,-0.00289,0.29700
Pride and Prejudice,0.84753,0.06054,-0.13177,-0.00244,0.29600
Pride and Prejudice,0.84838,0.06028,-0.13077,-0.00241,0.29500
Pride and Prejudice,0.84923,0.06104,-0.13188,-0.00212,0.29500
Pride and Prejudice,0.85009,0.06160,-0.13216,-0.00200,0.29500
Pride and Prejudice,0.85094,0.06276,-0.13185,-0.00204,0.29400
Pride and Prejudice,0.85179,0.06260,-0.13146,-0.00200,0.29300
Pride and Prejudice,0.85264,0.06256,-0.13105,-0.00208,0.29400
Pride and Prejudice,0.85349,0.06100,-0.13028,-0.00178,0.29300
Pride and Prejudice,0.85434,0.06078,-0.12964,-0.00184,0.29300
Pride and Prejudice,0.85520,0.05967,-0.12889,-0.00202,0.29300
Pride and Prejudice,0.85605,0.05930,-0.12875,-0.00267,0.29000
Pride and Prejudice,0.85690,0.05796,-0.12836,-0.00267,0.28900
Pride and Prejudice,0.85775,0.05759,-0.12837,-0.00261,0.28900
Pride and Prejudice,0.85860,0.05686,-0.12805,-0.00235,0.28800
Pride and Prejudice,0.85945,0.05725,-0.12724,-0.00281,0.28700
Pride and Prejudice,0.86031,0.05712,-0.12752,-0.00330,0.28600
Pride and Prejudice,0.86116,0.05764,-0.12793,-0.00309,0.28600
Pride and Prejudice,0.86201,0.05755,-0.12833,-0.00283,0.28500
Pride and Prejudice,0.86286,0.05738,-0.12810,-0.00241,0.28500
Pride and Prejudice,0.86371,0.05610,-0.12737,-0.00261,0.28500
Pride and Prejudice,0.86457,0.05742,-0.12795,-0.00266,0.28500
Pride and Prejudice,0.86542,0.05662,-0.12901,-0.00230,0.28500
Pride and Prejudice,0.86627,0.05723,-0.12946,-0.00179,0.28500
Pride and Prejudice,0.86712,0.05774,-0.12876,-0.00149,0.28400
Pride and Prejudice,0.86797,0.05755,-0.12920,-0.00166,0.28500
Pride and Prejudice,0.86882,0.05669,-0.12955,-0.00134,0.28400
Pride and Prejudice,0.86968,0.05585,-0.13048,-0.00175,0.28300
Pride and Prejudice,0.87053,0.05563,-0.13100,-0.00126,0.28300
Pride and Prejudice,0.87138,0.05520,-0.13156,-0.00126,0.28300
Pride and Prejudice,0.87223,0.05341,-0.13119,-0.00093,0.28200
Pride and Prejudice,0.87308,0.05126,-0.13055,-0.00030,0.28100
Pride and Prejudice,0.87394,0.05037,-0.12977,-0.00032,0.28000
Pride and Prejudice,0.87479,0.04985,-0.12990,0.00013,0.28000
Pride and Prejudice,0.87564,0.05006,-0.13051,0.00093,0.28000
Pride and Prejudice,0.87649,0.05096,-0.13005,0.00111,0.28100
Pride and Prejudice,0.87734,0.05105,-0.13105,0.00132,0.28200
Pride and Prejudice,0.87819,0.04983,-0.13088,0.00187,0.28300
Pride and Prejudice,0.87905,0.04764,-0.13079,0.00140,0.28400
Pride and Prejudice,0.87990,0.04722,-0.13107,0.00149,0.28400
Pride and Prejudice,0.88075,0.04679,-0.13153,0.00140,0.28300
Pride and Prejudice,0.88160,0.04674,-0.13322,0.00148,0.28300
Pride and Prejudice,0.88245,0.04664,-0.13344,0.00117,0.28300
Pride and Prejudice,0.88330,0.04620,-0.13298,0.00123,0.28300
Pride and Prejudice,0.88416,0.04595,-0.13244,0.00098,0.28300
Pride and Prejudice,0.88501,0.04739,-0.13263,0.00097,0.28300
Pride and Prejudice,0.88586,0.04783,-0.13334,0.00075,0.28300
Pride and Prejudice,0.88671,0.04810,-0.13254,0.00100,0.28300
Pride and Prejudice,0.88756,0.04929,-0.13234,0.00110,0.28300
Pride and Prejudice,0.88842,0.05057,-0.13277,0.00137,0.28300
Pride and Prejudice,0.88927,0.05022,-0.13300,0.00156,0.28300
Pride and Prejudice,0.89012,0.05109,-0.13371,0.00191,0.28400
Pride and Prejudice,0.89097,0.05144,-0.13435,0.00199,0.28400
Pride and Prejudice,0.89182,0.05222,-0.13443,0.00216,0.28400
Pride and Prejudice,0.89267,0.05303,-0.13436,0.00236,0.28400
Pride and Prejudice,0.89353,0.05428,-0.13498,0.00245,0.28400
Pride and Prejudice,0.89438,0.05362,-0.13501,0.00235,0.28500
Pride and Prejudice,0.89523,0.05382,-0.13653,0.00252,0.28400
Pride and Prejudice,0.89608,0.05516,-0.13739,0.00287,0.28400
Pride and Prejudice,0.89693,0.05568,-0.13791,0.00272,0.28300
Pride and Prejudice,0.89779,0.05529,-0.13731,0.00293,0.28300
Pride and Prejudice,0.89864,0.05493,-0.13766,0.00308,0.28200
Pride and Prejudice,0.89949,0.05588,-0.13846,0.00286,0.28300
Pride and Prejudice,0.90034,0.05546,-0.13893,0.00301,0.28300
Pride and Prejudice,0.90119,0.05514,-0.13967,0.00356,0.28400
Pride and Prejudice,0.90204,0.05524,-0.14014,0.00381,0.28500
Pride and Prejudice,0.90290,0.05466,-0.13975,0.00403,0.28400
Pride and Prejudice,0.90375,0.05443,-0.13990,0.00397,0.28500
Pride and Prejudice,0.90460,0.05406,-0.13928,0.00377,0.28500
Pride and Prejudice,0.90545,0.05432,-0.13888,0.00390,0.28500
Pride and Prejudice,0.90630,0.05436,-0.13835,0.00429,0.28500
Pride and Prejudice,0.90716,0.05517,-0.13900,0.00425,0.28600
Pride and Prejudice,0.90801,0.05612,-0.14024,0.00434,0.28600
Pride and Prejudice,0.90886,0.05651,-0.14040,0.00474,0.28500
Pride and Prejudice,0.90971,0.05640,-0.13997,0.00460,0.28600
Pride and Prejudice,0.91056,0.05624,-0.13964,0.00472,0.28700
Pride and Prejudice,0.91141,0.05607,-0.13971,0.00423,0.28800
Pride and Prejudice,0.91227,0.05581,-0.14005,0.00443,0.28800
Pride and Prejudice,0.91312,0.05738,-0.14022,0.00449,0.28900
Pride and Prejudice,0.91397,0.05679,-0.14171,0.00475,0.28900
Pride and Prejudice,0.91482,0.05727,-0.14221,0.00471,0.28900
Pride and Prejudice,0.91567,0.05629,-0.14311,0.00437,0.28900
Pride and Prejudice,0.91652,0.05658,-0.14395,0.00434,0.29000
Pride and Prejudice,0.91738,0.05658,-0.14319,0.00417,0.29000
Pride and Prejudice,0.91823,0.05640,-0.14261,0.00388,0.29200
Pride and Prejudice,0.91908,0.05748,-0.14312,0.00401,0.29200
Pride and Prejudice,0.91993,0.05707,-0.14241,0.00394,0.29300
Pride and Prejudice,0.92078,0.05718,-0.14189,0.00414,0.29300
Pride and Prejudice,0.92164,0.05762,-0.14119,0.00459,0.29300
Pride and Prejudice,0.92249,0.05771,-0.14125,0.00461,0.29400
Pride and Prejudice,0.92334,0.05735,-0.14100,0.00440,0.29400
Pride and Prejudice,0.92419,0.05783,-0.14117,0.00469,0.29400
Pride and Prejudice,0.92504,0.05706,-0.14142,0.00460,0.29400
Pride and Prejudice,0.92589,0.05796,-0.14168,0.00446,0.29400
Pride and Prejudice,0.92675,0.05891,-0.14197,0.00492,0.29500
Pride and Prejudice,0.92760,0.05929,-0.14183,0.00496,0.29500
Pride and Prejudice,0.92845,0.05957,-0.14140,0.00482,0.29600
Pride and Prejudice,0.92930,0.06098,-0.14240,0.00478,0.29600
Pride and Prejudice,0.93015,0.06148,-0.14296,0.00503,0.29700
Pride and Prejudice,0.93101,0.06137,-0.14257,0.00539,0.29700
Pride and Prejudice,0.93186,0.06201,-0.14328,0.00522,0.29700
Pride and Prejudice,0.93271,0.06181,-0.14233,0.00554,0.29800
Pride and Prejudice,0.93356,0.06153,-0.14169,0.00590,0.29700
Pride and Prejudice,0.93441,0.06165,-0.14110,0.00616,0.29700
Pride and Prejudice,0.93526,0.06075,-0.14094,0.00616,0.29700
Pride and Prejudice,0.93612,0.06056,-0.14088,0.00649,0.29700
Pride and Prejudice,0.93697,0.05991,-0.14049,0.00689,0.29800
Pride and Prejudice,0.93782,0.05990,-0.14030,0.00718,0.29700
Pride and Prejudice,0.93867,0.05933,-0.14012,0.00714,0.29700
Pride and Prejudice,0.93952,0.06094,-0.14102,0.00753,0.29700
Pride and Prejudice,0.94037,0.06233,-0.14212,0.00758,0.29800
Pride and Prejudice,0.94123,0.06332,-0.14286,0.00740,0.29900
Pride and Prejudice,0.94208,0.06354,-0.14242,0.00732,0.29800
Pride and Prejudice,0.94293,0.06304,-0.14194,0.00707,0.29800
Pride and Prejudice,0.94378,0.06390,-0.14228,0.00704,0.29900
Pride and Prejudice,0.94463,0.06275,-0.14244,0.00747,0.29900
Pride and Prejudice,0.94549,0.06226,-0.14268,0.00741,0.29900
Pride and Prejudice,0.94634,0.06137,-0.14195,0.00700,0.29900
Pride and Prejudice,0.94719,0.06233,-0.14189,0.00695,0.30000
Pride and Prejudice,0.94804,0.06295,-0.14186,0.00696,0.29900
Pride and Prejudice,0.94889,0.06349,-0.14068,0.00708,0.30000
Pride and Prejudice,0.94974,0.06330,-0.14007,0.00734,0.29900
Pride and Prejudice,0.95060,0.06330,-0.13967,0.00696,0.29900
Pride and Prejudice,0.95145,0.06366,-0.13942,0.00681,0.29900
Pride and Prejudice,0.95230,0.06219,-0.13903,0.00657,0.29800
Pride and Prejudice,0.95315,0.06341,-0.13963,0.00685,0.29800
Pride and Prejudice,0.95400,0.06330,-0.13885,0.00665,0.29800
Pride and Prejudice,0.95486,0.06464,-0.13910,0.00652,0.29800
Pride and Prejudice,0.95571,0.06519,-0.13943,0.00618,0.29700
Pride and Prejudice,0.95656,0.06555,-0.13870,0.00623,0.29800
Pride and Prejudice,0.95741,0.06597,-0.13861,0.00550,0.29800
Pride and Prejudice,0.95826,0.06662,-0.13923,0.00563,0.29900
Pride and Prejudice,0.95911,0.06752,-0.13902,0.00598,0.30000
Pride and Prejudice,0.95997,0.06725,-0.13892,0.00541,0.30100
Pride and Prejudice,0.96082,0.06669,-0.13868,0.00508,0.30100
Pride and Prejudice,0.96167,0.06471,-0.13843,0.00537,0.30000
Pride and Prejudice,0.96252,0.06420,-0.13785,0.00535,0.30000
Pride and Prejudice,0.96337,0.06428,-0.13886,0.00513,0.29900
Pride and Prejudice,0.96422,0.06549,-0.13876,0.00512,0.29900
Pride and Prejudice,0.96508,0.06644,-0.13762,0.00511,0.30000
Pride and Prejudice,0.96593,0.06562,-0.13668,0.00509,0.30000
Pride and Prejudice,0.96678,0.06552,-0.13663,0.00442,0.30000
Pride and Prejudice,0.96763,0.06575,-0.13723,0.00444,0.30000
Pride and Prejudice,0.96848,0.06688,-0.13799,0.00394,0.30100
Pride and Prejudice,0.96934,0.06710,-0.13741,0.00382,0.30100
Pride and Prejudice,0.97019,0.06753,-0.13738,0.00386,0.30100
Pride and Prejudice,0.97104,0.06751,-0.13592,0.00367,0.30000
Pride and Prejudice,0.97189,0.06704,-0.13709,0.00318,0.30100
Pride and Prejudice,0.97274,0.06746,-0.13715,0.00328,0.30000
Pride and Prejudice,0.97359,0.06777,-0.13769,0.00285,0.30100
Pride and Prejudice,0.97445,0.06749,-0.13760,0.00296,0.30200
Pride and Prejudice,0.97530,0.06711,-0.13735,0.00296,0.30100
Pride and Prejudice,0.97615,0.06796,-0.13698,0.00298,0.30000
Pride and Prejudice,0.97700,0.06767,-0.13702,0.00288,0.30000
Pride and Prejudice,0.97785,0.06697,-0.13606,0.00290,0.30000
Pride and Prejudice,0.97871,0.06669,-0.13634,0.00300,0.30000
Pride and Prejudice,0.97956,0.06683,-0.13603,0.00299,0.29900
Pride and Prejudice,0.98041,0.06631,-0.13594,0.00268,0.29900
Pride and Prejudice,0.98126,0.06641,-0.13483,0.00289,0.30000
Pride and Prejudice,0.98211,0.06625,-0.13448,0.00282,0.30000
Pride and Prejudice,0.98296,0.06650,-0.13472,0.00295,0.30000
Pride and Prejudice,0.98382,0.06683,-0.13494,0.00291,0.30100
Pride and Prejudice,0.98467,0.06697,-0.13451,0.00315,0.30100
Pride and Prejudice,0.98552,0.06778,-0.13469,0.00336,0.30100
Pride and Prejudice,0.98637,0.06838,-0.13463,0.00344,0.30000
Pride and Prejudice,0.98722,0.06928,-0.13409,0.00386,0.30100
Pride and Prejudice,0.98807,0.07014,-0.13439,0.00381,0.30000
Pride and Prejudice,0.98893,0.07036,-0.13434,0.00423,0.30000
Pride and Prejudice,0.98978,0.07170,-0.13602,0.00449,0.30000
Pride and Prejudice,0.99063,0.07217,-0.13652,0.00529,0.30000
Pride and Prejudice,0.99148,0.07274,-0.13684,0.00499,0.29900
Pride and Prejudice,0.99233,0.07197,-0.13614,0.00484,0.29900
Pride and Prejudice,0.99319,0.07057,-0.13441,0.00479,0.29800
Pride and Prejudice,0.99404,0.07174,-0.13472,0.00491,0.29900
Pride and Prejudice,0.99489,0.07172,-0.13489,0.00503,0.29900
Pride and Prejudice,0.99574,0.07187,-0.13505,0.00464,0.29900
Pride and Prejudice,0.99659,0.07183,-0.13421,0.00544,0.29800
Pride and Prejudice,0.99744,0.07166,-0.13348,0.00500,0.29700
Pride and Prejudice,0.99830,0.07178,-0.13350,0.00488,0.29700
Pride and Prejudice,0.99915,0.07182,-0.13303,0.00459,0.29600
Pride and Prejudice,1.00000,0.07165,-0.13331,0.00496,0.29500
Dracula,0.03205,-0.00230,-0.11832,-0.00645,0.29700
Dracula,0.03269,-0.00227,-0.11907,-0.00677,0.29700
Dracula,0.03333,-0.00276,-0.11912,-0.00707,0.29600
Dracula,0.03397,-0.00404,-0.11880,-0.00668,0.29700
Dracula,0.03462,-0.00526,-0.11898,-0.00635,0.29700
Dracula,0.03526,-0.00503,-0.11885,-0.00610,0.29700
Dracula,0.03590,-0.00497,-0.11790,-0.00627,0.29700
Dracula,0.03654,-0.00510,-0.11750,-0.00645,0.29800
Dracula,0.03718,-0.00540,-0.11674,-0.00608,0.29800
Dracula,0.03782,-0.00513,-0.11550,-0.00599,0.29900
Dracula,0.03846,-0.00551,-0.11473,-0.00567,0.29800
Dracula,0.03910,-0.00527,-0.11572,-0.00530,0.29800
Dracula,0.03974,-0.00518,-0.11480,-0.00581,0.29700
Dracula,0.04038,-0.00676,-0.11319,-0.00611,0.29700
Dracula,0.04103,-0.00671,-0.11326,-0.00647,0.29700
Dracula,0.04167,-0.00679,-0.11330,-0.00654,0.29800
Dracula,0.04231,-0.00752,-0.11290,-0.00669,0.29700
Dracula,0.04295,-0.00762,-0.11262,-0.00636,0.29800
Dracula,0.04359,-0.00785,-0.11308,-0.00639,0.29900
Dracula,0.04423,-0.00565,-0.11383,-0.00652,0.29800
Dracula,0.04487,-0.00445,-0.11316,-0.00660,0.29800
Dracula,0.04551,-0.00308,-0.11262,-0.00716,0.29700
Dracula,0.04615,-0.00203,-0.11180,-0.00703,0.29700
Dracula,0.04679,-0.00119,-0.11097,-0.00701,0.29700
Dracula,0.04744,-0.00118,-0.11031,-0.00706,0.29600
Dracula,0.04808,-0.00072,-0.10960,-0.00738,0.29500
Dracula,0.04872,0.00105,-0.10913,-0.00762,0.29500
Dracula,0.04936,0.00017,-0.10994,-0.00793,0.29500
Dracula,0.05000,0.00085,-0.11080,-0.00847,0.29500
Dracula,0.05064,0.00164,-0.11147,-0.00863,0.29600
Dracula,0.05128,0.00244,-0.11183,-0.00875,0.29600
Dracula,0.05192,0.00251,-0.11173,-0.00921,0.29600
Dracula,0.05256,0.00411,-0.11247,-0.00894,0.29500
Dracula,0.05321,0.00570,-0.11319,-0.00915,0.29400
Dracula,0.05385,0.00605,-0.11413,-0.00949,0.29500
Dracula,0.05449,0.00666,-0.11473,-0.00947,0.29500
Dracula,0.05513,0.00711,-0.11556,-0.00942,0.29500
Dracula,0.05577,0.00694,-0.11682,-0.00974,0.29500
Dracula,0.05641,0.00678,-0.11729,-0.01007,0.29400
Dracula,0.05705,0.00763,-0.11797,-0.01028,0.29500
Dracula,0.05769,0.00765,-0.11857,-0.01035,0.29600
Dracula,0.05833,0.00717,-0.11860,-0.01068,0.29600
Dracula,0.05897,0.00674,-0.11859,-0.01051,0.29600
Dracula,0.05962,0.00690,-0.11898,-0.01028,0.29700
Dracula,0.06026,0.00659,-0.11893,-0.01074,0.29600
Dracula,0.06090,0.00667,-0.11809,-0.01050,0.29700
Dracula,0.06154,0.00679,-0.11791,-0.01038,0.29800
Dracula,0.06218,0.00676,-0.11876,-0.01051,0.29900
Dracula,0.06282,0.00571,-0.11897,-0.01066,0.30000
Dracula,0.06346,0.00526,-0.11924,-0.01025,0.30000
Dracula,0.06410,0.00561,-0.12055,-0.01057,0.30000
Dracula,0.06474,0.00638,-0.12124,-0.01052,0.30000
Dracula,0.06538,0.00660,-0.12262,-0.01057,0.30100
Dracula,0.06603,0.00660,-0.12338,-0.01053,0.30200
Dracula,0.06667,0.00742,-0.12341,-0.01061,0.30200
Dracula,0.06731,0.00781,-0.12394,-0.01102,0.30300
Dracula,0.06795,0.00734,-0.12392,-0.01098,0.30400
Dracula,0.06859,0.00733,-0.12613,-0.01075,0.30300
Dracula,0.06923,0.00626,-0.12697,-0.01086,0.30300
Dracula,0.06987,0.00530,-0.12804,-0.01034,0.30300
Dracula,0.07051,0.00626,-0.12845,-0.00981,0.30400
Dracula,0.07115,0.00599,-0.12882,-0.00948,0.30500
Dracula,0.07179,0.00637,-0.12834,-0.00891,0.30500
Dracula,0.07244,0.00632,-0.12769,-0.00834,0.30400
Dracula,0.07308,0.00578,-0.12668,-0.00758,0.30400
Dracula,0.07372,0.00659,-0.12462,-0.00732,0.30500
Dracula,0.07436,0.00655,-0.12404,-0.00693,0.30500
Dracula,0.07500,0.00743,-0.12354,-0.00643,0.30400
Dracula,0.07564,0.00776,-0.12397,-0.00650,0.30300
Dracula,0.07628,0.00611,-0.12259,-0.00651,0.30200
Dracula,0.07692,0.00457,-0.12267,-0.00667,0.30200
Dracula,0.07756,0.00406,-0.12180,-0.00684,0.30200
Dracula,0.07821,0.00431,-0.12154,-0.00691,0.30200
Dracula,0.07885,0.00318,-0.12088,-0.00685,0.30100
Dracula,0.07949,0.00437,-0.12035,-0.00678,0.30200
Dracula,0.08013,0.00523,-0.12031,-0.00676,0.30300
Dracula,0.08077,0.00620,-0.12052,-0.00718,0.30200
Dracula,0.08141,0.00747,-0.11990,-0.00741,0.30200
Dracula,0.08205,0.00717,-0.11943,-0.00735,0.30200
Dracula,0.08269,0.00731,-0.11956,-0.00781,0.30200
Dracula,0.08333,0.00649,-0.11870,-0.00786,0.30100
Dracula,0.08397,0.00568,-0.11914,-0.00753,0.30100
Dracula,0.08462,0.00416,-0.11940,-0.00729,0.30100
Dracula,0.08526,0.00339,-0.11954,-0.00724,0.30100
Dracula,0.08590,0.00248,-0.11880,-0.00711,0.30100
Dracula,0.08654,0.00172,-0.11776,-0.00709,0.30000
Dracula,0.08718,0.00173,-0.11731,-0.00710,0.30000
Dracula,0.08782,0.00098,-0.11642,-0.00690,0.30000
Dracula,0.08846,0.00049,-0.11585,-0.00667,0.30100
Dracula,0.08910,0.00094,-0.11612,-0.00649,0.30200
Dracula,0.08974,0.00038,-0.11688,-0.00651,0.30200
Dracula,0.09038,-0.00029,-0.11697,-0.00628,0.30100
Dracula,0.09103,-0.00043,-0.11535,-0.00574,0.30100
Dracula,0.09167,-0.00071,-0.11423,-0.00520,0.30200
Dracula,0.09231,-0.00067,-0.11270,-0.00487,0.30300
Dracula,0.09295,-0.00177,-0.11175,-0.00428,0.30400
Dracula,0.09359,-0.00061,-0.11205,-0.00302,0.30400
Dracula,0.09423,-0.00014,-0.11144,-0.00236,0.30400
Dracula,0.09487,-0.00122,-0.11038,-0.00192,0.30400
Dracula,0.09551,-0.00158,-0.11054,-0.00248,0.30400
Dracula,0.09615,-0.00101,-0.11043,-0.00260,0.30400
Dracula,0.09679,-0.00116,-0.10953,-0.00227,0.30400
Dracula,0.09744,-0.00140,-0.10929,-0.00231,0.30400
Dracula,0.09808,-0.00172,-0.10843,-0.00272,0.30400
Dracula,0.09872,-0.00193,-0.10722,-0.00292,0.30300
Dracula,0.09936,-0.00222,-0.10739,-0.00306,0.30400
Dracula,0.10000,-0.00227,-0.10691,-0.00316,0.30400
Dracula,0.10064,-0.00244,-0.10658,-0.00353,0.30300
Dracula,0.10128,-0.00262,-0.10631,-0.00391,0.30400
Dracula,0.10192,-0.00245,-0.10783,-0.00422,0.30400
Dracula,0.10256,-0.00110,-0.10895,-0.00374,0.30500
Dracula,0.10321,-0.00104,-0.10926,-0.00360,0.30500
Dracula,0.10385,-0.00087,-0.10924,-0.00335,0.30500
Dracula,0.10449,-0.00018,-0.10885,-0.00327,0.30500
Dracula,0.10513,-0.00129,-0.10864,-0.00307,0.30600
Dracula,0.10577,-0.00169,-0.10832,-0.00315,0.30600
Dracula,0.10641,-0.00172,-0.10915,-0.00272,0.30700
Dracula,0.10705,-0.00191,-0.10859,-0.00274,0.30600
Dracula,0.10769,-0.00238,-0.10719,-0.00300,0.30600
Dracula,0.10833,-0.00434,-0.10666,-0.00320,0.30700
Dracula,0.10897,-0.00645,-0.10592,-0.00288,0.30700
Dracula,0.10962,-0.00697,-0.10665,-0.00242,0.30700
Dracula,0.11026,-0.00747,-0.10561,-0.00261,0.30900
Dracula,0.11090,-0.00902,-0.10644,-0.00263,0.30900
Dracula,0.11154,-0.00853,-0.10655,-0.00267,0.31000
Dracula,0.11218,-0.00976,-0.10683,-0.00250,0.31100
Dracula,0.11282,-0.01048,-0.10576,-0.00251,0.31100
Dracula,0.11346,-0.01215,-0.10443,-0.00236,0.31200
Dracula,0.11410,-0.01330,-0.10304,-0.00159,0.31200
Dracula,0.11474,-0.01289,-0.10317,-0.00135,0.31200
Dracula,0.11538,-0.01370,-0.10307,-0.00157,0.31200
Dracula,0.11603,-0.01365,-0.10315,-0.00082,0.31300
Dracula,0.11667,-0.01352,-0.10327,-0.00069,0.31400
Dracula,0.11731,-0.01446,-0.10311,-0.00052,0.31400
Dracula,0.11795,-0.01417,-0.10309,-0.00026,0.31300
Dracula,0.11859,-0.01415,-0.10332,-0.00037,0.31400
Dracula,0.11923,-0.01390,-0.10323,-0.00013,0.31400
Dracula,0.11987,-0.01299,-0.10284,0.00060,0.31400
Dracula,0.12051,-0.01212,-0.10264,0.00115,0.31500
Dracula,0.12115,-0.01221,-0.10271,0.00174,0.31500
Dracula,0.12179,-0.01251,-0.10198,0.00177,0.31400
Dracula,0.12244,-0.01130,-0.10262,0.00191,0.31400
Dracula,0.12308,-0.01140,-0.10292,0.00200,0.31400
Dracula,0.12372,-0.01063,-0.10289,0.00187,0.31300
Dracula,0.12436,-0.01043,-0.10271,0.00232,0.31300
Dracula,0.12500,-0.01046,-0.10407,0.00247,0.31200
Dracula,0.12564,-0.01006,-0.10473,0.00237,0.31100
Dracula,0.12628,-0.00960,-0.10534,0.00267,0.31100
Dracula,0.12692,-0.00901,-0.10512,0.00286,0.31000
Dracula,0.12756,-0.00864,-0.10462,0.00291,0.31000
Dracula,0.12821,-0.00834,-0.10422,0.00316,0.31000
Dracula,0.12885,-0.00801,-0.10486,0.00317,0.31000
Dracula,0.12949,-0.00728,-0.10526,0.00319,0.31000
Dracula,0.13013,-0.00540,-0.10480,0.00351,0.31000
Dracula,0.13077,-0.00487,-0.10535,0.00381,0.31000
Dracula,0.13141,-0.00415,-0.10634,0.00413,0.31000
Dracula,0.13205,-0.00353,-0.10711,0.00458,0.30900
Dracula,0.13269,-0.00310,-0.10619,0.00455,0.31000
Dracula,0.13333,-0.00215,-0.10520,0.00497,0.30900
Dracula,0.13397,-0.00039,-0.10562,0.00510,0.30900
Dracula,0.13462,-0.00108,-0.10514,0.00480,0.30800
Dracula,0.13526,-0.00027,-0.10368,0.00405,0.30800
Dracula,0.13590,-0.00111,-0.10416,0.00381,0.30800
Dracula,0.13654,0.00163,-0.10545,0.00360,0.30800
Dracula,0.13718,0.00136,-0.10676,0.00306,0.30800
Dracula,0.13782,-0.00007,-0.10863,0.00268,0.30700
Dracula,0.13846,0.00082,-0.10970,0.00237,0.30700
Dracula,0.13910,-0.00012,-0.11050,0.00194,0.30600
Dracula,0.13974,-0.00122,-0.11027,0.00145,0.30700
Dracula,0.14038,-0.00040,-0.11088,0.00124,0.30700
Dracula,0.14103,-0.00042,-0.11023,0.00150,0.30700
Dracula,0.14167,0.00029,-0.11133,0.00176,0.30700
Dracula,0.14231,0.00079,-0.11225,0.00168,0.30700
Dracula,0.14295,0.00079,-0.11271,0.00175,0.30700
Dracula,0.14359,0.00073,-0.11435,0.00121,0.30600
Dracula,0.14423,0.00005,-0.11451,0.00107,0.30500
Dracula,0.14487,-0.00072,-0.11374,0.00126,0.30500
Dracula,0.14551,-0.00146,-0.11376,0.00127,0.30400
Dracula,0.14615,-0.00190,-0.11451,0.00120,0.30200
Dracula,0.14679,-0.00171,-0.11485,0.00129,0.30300
Dracula,0.14744,-0.00127,-0.11513,0.00119,0.30200
Dracula,0.14808,-0.00054,-0.11432,0.00152,0.30200
Dracula,0.14872,-0.00029,-0.11327,0.00119,0.30200
Dracula,0.14936,0.00018,-0.11343,0.00093,0.30200
Dracula,0.15000,-0.00018,-0.11325,0.00073,0.30200
Dracula,0.15064,0.00093,-0.11345,0.00092,0.30200
Dracula,0.15128,0.00132,-0.11339,0.00054,0.30200
Dracula,0.15192,0.00181,-0.11378,0.00028,0.30100
Dracula,0.15256,0.00125,-0.11333,0.00049,0.30100
Dracula,0.15321,0.00093,-0.11362,0.00061,0.29900
Dracula,0.15385,0.00059,-0.11314,0.00079,0.29900
Dracula,0.15449,0.00214,-0.11326,0.00060,0.30000
Dracula,0.15513,0.00272,-0.11454,0.00035,0.30000
Dracula,0.15577,0.00275,-0.11472,0.00035,0.29900
Dracula,0.15641,0.00198,-0.11566,0.00026,0.29800
Dracula,0.15705,0.00277,-0.11599,-0.00026,0.29700
Dracula,0.15769,0.00291,-0.11629,-0.00068,0.29700
Dracula,0.15833,0.00336,-0.11625,-0.00055,0.29600
Dracula,0.15897,0.00431,-0.11742,-0.00014,0.29500
Dracula,0.15962,0.00431,-0.11591,0.00033,0.29600
Dracula,0.16026,0.00413,-0.11653,0.00054,0.29500
Dracula,0.16090,0.00479,-0.11687,0.00074,0.29300
Dracula,0.16154,0.00525,-0.11671,0.00067,0.29200
Dracula,0.16218,0.00666,-0.11708,0.00108,0.29200
Dracula,0.16282,0.00808,-0.11787,0.00072,0.29300
Dracula,0.16346,0.00962,-0.11846,0.00082,0.29400
Dracula,0.16410,0.01044,-0.11873,0.00072,0.29500
Dracula,0.16474,0.01097,-0.11924,0.00097,0.29300
Dracula,0.16538,0.01151,-0.11975,0.00109,0.29200
Dracula,0.16603,0.01185,-0.11983,0.00111,0.29100
Dracula,0.16667,0.01141,-0.11944,0.00045,0.29100
Dracula,0.16731,0.01163,-0.11908,0.00064,0.29000
Dracula,0.16795,0.01116,-0.11954,0.00063,0.28900
Dracula,0.16859,0.01120,-0.12061,0.00072,0.28900
Dracula,0.16923,0.01118,-0.12088,0.00074,0.29000
Dracula,0.16987,0.01123,-0.12137,0.00074,0.28900
Dracula,0.17051,0.01012,-0.12028,0.00060,0.29000
Dracula,0.17115,0.01026,-0.12111,0.00084,0.29100
Dracula,0.17179,0.01080,-0.12209,0.00090,0.29000
Dracula,0.17244,0.01149,-0.12158,0.00135,0.29000
Dracula,0.17308,0.01289,-0.12217,0.00129,0.28900
Dracula,0.17372,0.01355,-0.12281,0.00075,0.28900
Dracula,0.17436,0.01306,-0.12513,0.00100,0.28900
Dracula,0.17500,0.01406,-0.12574,0.00119,0.29000
Dracula,0.17564,0.01440,-0.12639,0.00138,0.29000
Dracula,0.17628,0.01537,-0.12651,0.00156,0.29000
Dracula,0.17692,0.01527,-0.12776,0.00168,0.29000
Dracula,0.17756,0.01639,-0.12856,0.00219,0.29000
Dracula,0.17821,0.01724,-0.12828,0.00181,0.28900
Dracula,0.17885,0.01654,-0.12676,0.00202,0.28900
Dracula,0.17949,0.01753,-0.12520,0.00250,0.28900
Dracula,0.18013,0.01796,-0.12418,0.00212,0.28900
Dracula,0.18077,0.01764,-0.12297,0.00178,0.28800
Dracula,0.18141,0.01758,-0.12227,0.00154,0.28900
Dracula,0.18205,0.01598,-0.12029,0.00130,0.29000
Dracula,0.18269,0.01535,-0.11837,0.00140,0.29000
Dracula,0.18333,0.01421,-0.11776,0.00125,0.28900
Dracula,0.18397,0.01274,-0.11622,0.00071,0.29000
Dracula,0.18462,0.01234,-0.11587,-0.00002,0.28900
Dracula,0.18526,0.01285,-0.11470,-0.00032,0.28800
Dracula,0.18590,0.01267,-0.11442,-0.00031,0.28900
Dracula,0.18654,0.01182,-0.11398,-0.00065,0.28800
Dracula,0.18718,0.01142,-0.11382,-0.00126,0.28900
Dracula,0.18782,0.01095,-0.11329,-0.00142,0.29000
Dracula,0.18846,0.01074,-0.11281,-0.00127,0.29000
Dracula,0.18910,0.01131,-0.11264,-0.00152,0.29000
Dracula,0.18974,0.01113,-0.11251,-0.00119,0.29000
Dracula,0.19038,0.01088,-0.11046,-0.00187,0.29200
Dracula,0.19103,0.01094,-0.11069,-0.00213,0.29200
Dracula,0.19167,0.01135,-0.11098,-0.00274,0.29200
Dracula,0.19231,0.01171,-0.11102,-0.00294,0.29200
Dracula,0.19295,0.01082,-0.10990,-0.00289,0.29200
Dracula,0.19359,0.01019,-0.10839,-0.00283,0.29100
Dracula,0.19423,0.00873,-0.10832,-0.00302,0.29200
Dracula,0.19487,0.00820,-0.10783,-0.00296,0.29200
Dracula,0.19551,0.00720,-0.10595,-0.00312,0.29200
Dracula,0.19615,0.00742,-0.10461,-0.00351,0.29300
Dracula,0.19679,0.00680,-0.10392,-0.00388,0.29400
Dracula,0.19744,0.00693,-0.10375,-0.00416,0.29400
Dracula,0.19808,0.00528,-0.10259,-0.00425,0.29400
Dracula,0.19872,0.00547,-0.10339,-0.00442,0.29300
Dracula,0.19936,0.00377,-0.10435,-0.00402,0.29200
Dracula,0.20000,0.00314,-0.10321,-0.00437,0.29200
Dracula,0.20064,0.00033,-0.10216,-0.00461,0.29100
Dracula,0.20128,0.00058,-0.09975,-0.00450,0.29200
Dracula,0.20192,0.00137,-0.09898,-0.00453,0.29200
Dracula,0.20256,0.00141,-0.09794,-0.00435,0.29300
Dracula,0.20321,0.00206,-0.09811,-0.00433,0.29400
Dracula,0.20385,0.00352,-0.09763,-0.00430,0.29400
Dracula,0.20449,0.00366,-0.09756,-0.00440,0.29400
Dracula,0.20513,0.00392,-0.09716,-0.00446,0.29300
Dracula,0.20577,0.00381,-0.09675,-0.00451,0.29400
Dracula,0.20641,0.00256,-0.09556,-0.00463,0.29300
Dracula,0.20705,0.00210,-0.09476,-0.00476,0.29300
Dracula,0.20769,0.00022,-0.09314,-0.00415,0.29400
Dracula,0.20833,0.00087,-0.09294,-0.00404,0.29400
Dracula,0.20897,-0.00017,-0.09196,-0.00397,0.29500
Dracula,0.20962,-0.00000,-0.09096,-0.00405,0.29700
Dracula,0.21026,0.00004,-0.09083,-0.00383,0.29800
Dracula,0.21090,0.00013,-0.09085,-0.00357,0.29800
Dracula,0.21154,0.00098,-0.09026,-0.00325,0.29900
Dracula,0.21218,0.00097,-0.09099,-0.00319,0.30000
Dracula,0.21282,0.00189,-0.09152,-0.00294,0.30100
Dracula,0.21346,0.00039,-0.09070,-0.00286,0.30000
Dracula,0.21410,0.00099,-0.09148,-0.00258,0.30100
Dracula,0.21474,-0.00033,-0.09120,-0.00285,0.30200
Dracula,0.21538,-0.00170,-0.09183,-0.00273,0.30300
Dracula,0.21603,-0.00225,-0.09209,-0.00269,0.30400
Dracula,0.21667,-0.00223,-0.09238,-0.00325,0.30400
Dracula,0.21731,-0.00260,-0.09247,-0.00323,0.30500
Dracula,0.21795,-0.00302,-0.09285,-0.00323,0.30500
Dracula,0.21859,-0.00468,-0.09231,-0.00328,0.30500
Dracula,0.21923,-0.00560,-0.09224,-0.00313,0.30500
Dracula,0.21987,-0.00545,-0.09232,-0.00324,0.30500
Dracula,0.22051,-0.00606,-0.09268,-0.00317,0.30600
Dracula,0.22115,-0.00592,-0.09247,-0.00280,0.30700
Dracula,0.22179,-0.00589,-0.09255,-0.00277,0.30700
Dracula,0.22244,-0.00639,-0.09334,-0.00291,0.30700
Dracula,0.22308,-0.00739,-0.09246,-0.00335,0.30700
Dracula,0.22372,-0.00651,-0.09480,-0.00303,0.30600
Dracula,0.22436,-0.00688,-0.09431,-0.00326,0.30700
Dracula,0.22500,-0.00702,-0.09455,-0.00340,0.30800
Dracula,0.22564,-0.00719,-0.09529,-0.00292,0.30900
Dracula,0.22628,-0.00761,-0.09667,-0.00274,0.30900
Dracula,0.22692,-0.00839,-0.09662,-0.00214,0.30900
Dracula,0.22756,-0.00982,-0.09605,-0.00222,0.30800
Dracula,0.22821,-0.01048,-0.09643,-0.00216,0.30700
Dracula,0.22885,-0.01063,-0.09683,-0.00207,0.30800
Dracula,0.22949,-0.01116,-0.09703,-0.00201,0.30900
Dracula,0.23013,-0.01112,-0.09638,-0.00164,0.30800
Dracula,0.23077,-0.01144,-0.09570,-0.00157,0.30800
Dracula,0.23141,-0.01154,-0.09642,-0.00219,0.30800
Dracula,0.23205,-0.01239,-0.09631,-0.00200,0.30900
Dracula,0.23269,-0.01319,-0.09643,-0.00195,0.31000
Dracula,0.23333,-0.01226,-0.09672,-0.00235,0.31000
Dracula,0.23397,-0.01086,-0.09738,-0.00284,0.31100
Dracula,0.23462,-0.00914,-0.09810,-0.00279,0.31100
Dracula,0.23526,-0.00949,-0.09809,-0.00311,0.31100
Dracula,0.23590,-0.01023,-0.09753,-0.00287,0.31100
Dracula,0.23654,-0.00987,-0.09849,-0.00289,0.31000
Dracula,0.23718,-0.01040,-0.09875,-0.00312,0.31100
Dracula,0.23782,-0.01090,-0.09874,-0.00293,0.31000
Dracula,0.23846,-0.01010,-0.09912,-0.00256,0.31000
Dracula,0.23910,-0.01049,-0.09910,-0.00232,0.30900
Dracula,0.23974,-0.01096,-0.09969,-0.00245,0.30900
Dracula,0.24038,-0.01048,-0.10014,-0.00257,0.30800
Dracula,0.24103,-0.00961,-0.10085,-0.00255,0.30800
Dracula,0.24167,-0.00895,-0.09989,-0.00291,0.30700
Dracula,0.24231,-0.00872,-0.10146,-0.00267,0.30700
Dracula,0.24295,-0.00810,-0.10252,-0.00284,0.30600
Dracula,0.24359,-0.00818,-0.10290,-0.00356,0.30600
Dracula,0.24423,-0.00785,-0.10274,-0.00344,0.30700
Dracula,0.24487,-0.00810,-0.10368,-0.00349,0.30600
Dracula,0.24551,-0.00843,-0.10434,-0.00315,0.30600
Dracula,0.24615,-0.00812,-0.10588,-0.00297,0.30500
Dracula,0.24679,-0.00871,-0.10701,-0.00324,0.30500
Dracula,0.24744,-0.00876,-0.10729,-0.00363,0.30500
Dracula,0.24808,-0.00911,-0.10823,-0.00418,0.30500
Dracula,0.24872,-0.00933,-0.10747,-0.00371,0.30500
Dracula,0.24936,-0.00931,-0.10790,-0.00403,0.30500
Dracula,0.25000,-0.00782,-0.10756,-0.00413,0.30500
Dracula,0.25064,-0.00691,-0.10770,-0.00392,0.30600
Dracula,0.25128,-0.00614,-0.10831,-0.00326,0.30500
Dracula,0.25192,-0.00640,-0.10834,-0.00297,0.30500
Dracula,0.25256,-0.00591,-0.10892,-0.00330,0.30500
Dracula,0.25321,-0.00655,-0.10838,-0.00270,0.30600
Dracula,0.25385,-0.00728,-0.10915,-0.00312,0.30500
Dracula,0.25449,-0.00629,-0.11067,-0.00258,0.30400
Dracula,0.25513,-0.00582,-0.11031,-0.00236,0.30500
Dracula,0.25577,-0.00576,-0.11060,-0.00210,0.30500
Dracula,0.25641,-0.00558,-0.11112,-0.00230,0.30500
Dracula,0.25705,-0.00654,-0.11218,-0.00216,0.30500
Dracula,0.25769,-0.00612,-0.11298,-0.00207,0.30600
Dracula,0.25833,-0.00481,-0.11409,-0.00210,0.30400
Dracula,0.25897,-0.00292,-0.11504,-0.00202,0.30400
Dracula,0.25962,-0.00224,-0.11662,-0.00209,0.30400
Dracula,0.26026,-0.00151,-0.11886,-0.00192,0.30300
Dracula,0.26090,-0.00073,-0.11946,-0.00149,0.30100
Dracula,0.26154,-0.00180,-0.11996,-0.00171,0.30100
Dracula,0.26218,-0.00160,-0.11956,-0.00134,0.30100
Dracula,0.26282,-0.00138,-0.12010,-0.00100,0.30100
Dracula,0.26346,-0.00068,-0.11992,-0.00070,0.30200
Dracula,0.26410,0.00043,-0.12217,-0.00052,0.30200
Dracula,0.26474,0.00056,-0.12208,-0.00044,0.30300
Dracula,0.26538,0.00001,-0.12355,-0.00047,0.30200
Dracula,0.26603,-0.00068,-0.12378,-0.00010,0.30300
Dracula,0.26667,-0.00132,-0.12414,0.00035,0.30200
Dracula,0.26731,-0.00247,-0.12308,0.00050,0.30200
Dracula,0.26795,-0.00282,-0.12259,0.00089,0.30200
Dracula,0.26859,-0.00288,-0.12242,0.00077,0.30200
Dracula,0.26923,-0.00256,-0.12315,0.00119,0.30300
Dracula,0.26987,-0.00237,-0.12251,0.00109,0.30300
Dracula,0.27051,-0.00085,-0.12254,0.00129,0.30400
Dracula,0.27115,-0.00019,-0.12287,0.00158,0.30400
Dracula,0.27179,0.00170,-0.12390,0.00148,0.30300
Dracula,0.27244,0.00121,-0.12371,0.00128,0.30300
Dracula,0.27308,0.00200,-0.12474,0.00136,0.30300
Dracula,0.27372,0.00173,-0.12611,0.00122,0.30300
Dracula,0.27436,0.00294,-0.12583,0.00085,0.30200
Dracula,0.27500,0.00392,-0.12583,0.00096,0.30200
Dracula,0.27564,0.00364,-0.12600,0.00117,0.30200
Dracula,0.27628,0.00397,-0.12531,0.00172,0.30200
Dracula,0.27692,0.00275,-0.12520,0.00127,0.30300
Dracula,0.27756,0.00370,-0.12538,0.00119,0.30200
Dracula,0.27821,0.00404,-0.12533,0.00093,0.30300
Dracula,0.27885,0.00473,-0.12508,0.00133,0.30200
Dracula,0.27949,0.00638,-0.12515,0.00216,0.30200
Dracula,0.28013,0.00721,-0.12479,0.00256,0.30000
Dracula,0.28077,0.00889,-0.12582,0.00314,0.30000
Dracula,0.28141,0.00945,-0.12571,0.00314,0.30100
Dracula,0.28205,0.01039,-0.12575,0.00259,0.30200
Dracula,0.28269,0.01136,-0.12632,0.00264,0.30200
Dracula,0.28333,0.01164,-0.12593,0.00231,0.30200
Dracula,0.28397,0.01183,-0.12608,0.00210,0.30200
Dracula,0.28462,0.01254,-0.12636,0.00177,0.30100
Dracula,0.28526,0.01255,-0.12685,0.00181,0.30100
Dracula,0.28590,0.01252,-0.12692,0.00200,0.30100
Dracula,0.28654,0.01242,-0.12635,0.00222,0.30100
Dracula,0.28718,0.01277,-0.12633,0.00184,0.30100
Dracula,0.28782,0.01213,-0.12518,0.00180,0.30100
Dracula,0.28846,0.01351,-0.12555,0.00249,0.30200
Dracula,0.28910,0.01363,-0.12548,0.00249,0.30300
Dracula,0.28974,0.01328,-0.12355,0.00216,0.30300
Dracula,0.29038,0.01372,-0.12347,0.00204,0.30300
Dracula,0.29103,0.01425,-0.12372,0.00217,0.30300
Dracula,0.29167,0.01484,-0.12415,0.00256,0.30300
Dracula,0.29231,0.01487,-0.12466,0.00280,0.30300
Dracula,0.29295,0.01567,-0.12466,0.00289,0.30300
Dracula,0.29359,0.01613,-0.12543,0.00334,0.30400
Dracula,0.29423,0.01627,-0.12482,0.00311,0.30400
Dracula,0.29487,0.01576,-0.12431,0.00312,0.30500
Dracula,0.29551,0.01554,-0.12328,0.00311,0.30600
Dracula,0.29615,0.01583,-0.12350,0.00281,0.30700
Dracula,0.29679,0.01709,-0.12283,0.00255,0.30600
Dracula,0.29744,0.01703,-0.12209,0.00312,0.30500
Dracula,0.29808,0.01673,-0.12148,0.00404,0.30400
Dracula,0.29872,0.01681,-0.12121,0.00378,0.30400
Dracula,0.29936,0.01715,-0.12018,0.00403,0.30400
Dracula,0.30000,0.01824,-0.12074,0.00407,0.30400
Dracula,0.30064,0.01700,-0.12049,0.00368,0.30600
Dracula,0.30128,0.01818,-0.12028,0.00404,0.30700
Dracula,0.30192,0.01823,-0.12017,0.00440,0.30800
Dracula,0.30256,0.01815,-0.11909,0.00398,0.30900
Dracula,0.30321,0.01850,-0.11875,0.00411,0.30900
Dracula,0.30385,0.01829,-0.11816,0.00455,0.30900
Dracula,0.30449,0.01750,-0.11907,0.00488,0.31000
Dracula,0.30513,0.01681,-0.11834,0.00462,0.31000
Dracula,0.30577,0.01607,-0.11851,0.00456,0.31000
Dracula,0.30641,0.01477,-0.11841,0.00449,0.31100
Dracula,0.30705,0.01418,-0.11795,0.00421,0.31100
Dracula,0.30769,0.01367,-0.11834,0.00445,0.31100
Dracula,0.30833,0.01290,-0.11849,0.00435,0.31000
Dracula,0.30897,0.01316,-0.11881,0.00463,0.31100
Dracula,0.30962,0.01274,-0.11884,0.00441,0.31100
Dracula,0.31026,0.01289,-0.11916,0.00430,0.31200
Dracula,0.31090,0.01322,-0.11910,0.00471,0.31200
Dracula,0.31154,0.01352,-0.11915,0.00493,0.31200
Dracula,0.31218,0.01491,-0.11963,0.00565,0.31100
Dracula,0.31282,0.01545,-0.12126,0.00566,0.31300
Dracula,0.31346,0.01422,-0.12162,0.00570,0.31300
Dracula,0.31410,0.01260,-0.12195,0.00590,0.31400
Dracula,0.31474,0.01108,-0.12134,0.00591,0.31400
Dracula,0.31538,0.01110,-0.12066,0.00595,0.31300
Dracula,0.31603,0.01098,-0.11961,0.00597,0.31400
Dracula,0.31667,0.01181,-0.11942,0.00627,0.31400
Dracula,0.31731,0.01120,-0.11915,0.00590,0.31400
Dracula,0.31795,0.01113,-0.11864,0.00601,0.31400
Dracula,0.31859,0.00995,-0.11853,0.00587,0.31400
Dracula,0.31923,0.00916,-0.11869,0.00586,0.31300
Dracula,0.31987,0.00883,-0.11791,0.00643,0.31300
Dracula,0.32051,0.00833,-0.11766,0.00684,0.31300
Dracula,0.32115,0.00889,-0.11727,0.00681,0.31300
Dracula,0.32179,0.00897,-0.11705,0.00715,0.31200
Dracula,0.32244,0.00783,-0.11679,0.00748,0.31300
Dracula,0.32308,0.00592,-0.11629,0.00780,0.31300
Dracula,0.32372,0.00469,-0.11568,0.00833,0.31300
Dracula,0.32436,0.00398,-0.11533,0.00856,0.31300
Dracula,0.32500,0.00346,-0.11549,0.00826,0.31300
Dracula,0.32564,0.00334,-0.11533,0.00876,0.31400
Dracula,0.32628,0.00406,-0.11726,0.00878,0.31500
Dracula,0.32692,0.00432,-0.11648,0.00906,0.31500
Dracula,0.32756,0.00369,-0.11591,0.00893,0.31500
Dracula,0.32821,0.00316,-0.11562,0.00922,0.31500
Dracula,0.32885,0.00409,-0.11668,0.00940,0.31500
Dracula,0.32949,0.00496,-0.11718,0.00957,0.31500
Dracula,0.33013,0.00458,-0.11758,0.00918,0.31500
Dracula,0.33077,0.00441,-0.11749,0.00856,0.31500
Dracula,0.33141,0.00460,-0.11757,0.00792,0.31500
Dracula,0.33205,0.00412,-0.11770,0.00787,0.31400
Dracula,0.33269,0.00379,-0.11755,0.00802,0.31400
Dracula,0.33333,0.00400,-0.11787,0.00761,0.31400
Dracula,0.33397,0.00400,-0.11810,0.00754,0.31300
Dracula,0.33462,0.00322,-0.11800,0.00761,0.31400
Dracula,0.33526,0.00314,-0.11795,0.00759,0.31400
Dracula,0.33590,0.00286,-0.11789,0.00774,0.31400
Dracula,0.33654,0.00344,-0.11899,0.00780,0.31500
Dracula,0.33718,0.00419,-0.11932,0.00790,0.31300
Dracula,0.33782,0.00398,-0.11878,0.00833,0.31300
Dracula,0.33846,0.00318,-0.11858,0.00849,0.31200
Dracula,0.33910,0.00192,-0.11758,0.00835,0.31100
Dracula,0.33974,0.00174,-0.11763,0.00798,0.31100
Dracula,0.34038,0.00090,-0.11705,0.00735,0.31000
Dracula,0.34103,0.00086,-0.11656,0.00764,0.30900
Dracula,0.34167,0.00040,-0.11718,0.00759,0.30900
Dracula,0.34231,0.00009,-0.11692,0.00765,0.30800
Dracula,0.34295,-0.00068,-0.11763,0.00752,0.30700
Dracula,0.34359,-0.00208,-0.11686,0.00695,0.30500
Dracula,0.34423,-0.00160,-0.11728,0.00646,0.30700
Dracula,0.34487,-0.00111,-0.11719,0.00609,0.30700
Dracula,0.34551,-0.00077,-0.11723,0.00610,0.30600
Dracula,0.34615,-0.00034,-0.11659,0.00673,0.30500
Dracula,0.34679,-0.00081,-0.11658,0.00699,0.30400
Dracula,0.34744,-0.00031,-0.11711,0.00690,0.30500
Dracula,0.34808,0.00049,-0.11715,0.00713,0.30600
Dracula,0.34872,0.00030,-0.11635,0.00701,0.30600
Dracula,0.34936,0.00010,-0.11637,0.00689,0.30700
Dracula,0.35000,-0.00008,-0.11548,0.00678,0.30600
Dracula,0.35064,0.00022,-0.11461,0.00660,0.30700
Dracula,0.35128,0.00004,-0.11495,0.00742,0.30700
Dracula,0.35192,0.00011,-0.11434,0.00770,0.30900
Dracula,0.35256,-0.00109,-0.11386,0.00730,0.30800
Dracula,0.35321,-0.00151,-0.11327,0.00710,0.30700
Dracula,0.35385,-0.00143,-0.11438,0.00710,0.30600
Dracula,0.35449,-0.00283,-0.11353,0.00706,0.30600
Dracula,0.35513,-0.00450,-0.11179,0.00681,0.30600
Dracula,0.35577,-0.00568,-0.11011,0.00665,0.30600
Dracula,0.35641,-0.00634,-0.10934,0.00649,0.30600
Dracula,0.35705,-0.00761,-0.10820,0.00651,0.30700
Dracula,0.35769,-0.00799,-0.10728,0.00595,0.30500
Dracula,0.35833,-0.00881,-0.10777,0.00596,0.30500
Dracula,0.35897,-0.00941,-0.10841,0.00606,0.30500
Dracula,0.35962,-0.00935,-0.10905,0.00618,0.30500
Dracula,0.36026,-0.00934,-0.10775,0.00622,0.30500
Dracula,0.36090,-0.01058,-0.10730,0.00614,0.30400
Dracula,0.36154,-0.01057,-0.10735,0.00655,0.30400
Dracula,0.36218,-0.01129,-0.10743,0.00591,0.30300
Dracula,0.36282,-0.01311,-0.10750,0.00621,0.30200
Dracula,0.36346,-0.01376,-0.10899,0.00613,0.30200
Dracula,0.36410,-0.01557,-0.10845,0.00612,0.30300
Dracula,0.36474,-0.01506,-0.10778,0.00683,0.30200
Dracula,0.36538,-0.01585,-0.10769,0.00708,0.30200
Dracula,0.36603,-0.01665,-0.10673,0.00691,0.30200
Dracula,0.36667,-0.01792,-0.10730,0.00693,0.30100
Dracula,0.36731,-0.01763,-0.10708,0.00639,0.30000
Dracula,0.36795,-0.01728,-0.10671,0.00577,0.30000
Dracula,0.36859,-0.01851,-0.10603,0.00572,0.29800
Dracula,0.36923,-0.01818,-0.10568,0.00580,0.29800
Dracula,0.36987,-0.01705,-0.10629,0.00611,0.29800
Dracula,0.37051,-0.01621,-0.10562,0.00598,0.29700
Dracula,0.37115,-0.01538,-0.10455,0.00602,0.29800
Dracula,0.37179,-0.01560,-0.10488,0.00646,0.29800
Dracula,0.37244,-0.01639,-0.10586,0.00636,0.29800
Dracula,0.37308,-0.01671,-0.10474,0.00611,0.29700
Dracula,0.37372,-0.01566,-0.10435,0.00606,0.29800
Dracula,0.37436,-0.01603,-0.10379,0.00630,0.29700
Dracula,0.37500,-0.01637,-0.10422,0.00603,0.29700
Dracula,0.37564,-0.01765,-0.10363,0.00591,0.29600
Dracula,0.37628,-0.01810,-0.10327,0.00578,0.29700
Dracula,0.37692,-0.01898,-0.10258,0.00561,0.29500
Dracula,0.37756,-0.01836,-0.10074,0.00574,0.29500
Dracula,0.37821,-0.01809,-0.10041,0.00561,0.29400
Dracula,0.37885,-0.01673,-0.10010,0.00538,0.29400
Dracula,0.37949,-0.01712,-0.10009,0.00515,0.29400
Dracula,0.38013,-0.01772,-0.10205,0.00458,0.29300
Dracula,0.38077,-0.01922,-0.10205,0.00442,0.29200
Dracula,0.38141,-0.01917,-0.10300,0.00444,0.29200
Dracula,0.38205,-0.01907,-0.10362,0.00436,0.29100
Dracula,0.38269,-0.01887,-0.10376,0.00426,0.29100
Dracula,0.38333,-0.01913,-0.10398,0.00440,0.29100
Dracula,0.38397,-0.01752,-0.10527,0.00410,0.29100
Dracula,0.38462,-0.01733,-0.10571,0.00407,0.29100
Dracula,0.38526,-0.01692,-0.10562,0.00436,0.29100
Dracula,0.38590,-0.01720,-0.10532,0.00391,0.29200
Dracula,0.38654,-0.01580,-0.10584,0.00354,0.29100
Dracula,0.38718,-0.01609,-0.10541,0.00283,0.29100
Dracula,0.38782,-0.01606,-0.10593,0.00175,0.29100
Dracula,0.38846,-0.01600,-0.10472,0.00139,0.29000
Dracula,0.38910,-0.01568,-0.10412,0.00110,0.29000
Dracula,0.38974,-0.01561,-0.10301,0.00096,0.28900
Dracula,0.39038,-0.01591,-0.10089,0.00032,0.28800
Dracula,0.39103,-0.01668,-0.09953,-0.00042,0.28700
Dracula,0.39167,-0.01689,-0.09984,-0.00095,0.28600
Dracula,0.39231,-0.01636,-0.09863,-0.00166,0.28600
Dracula,0.39295,-0.01621,-0.09744,-0.00175,0.28700
Dracula,0.39359,-0.01685,-0.09659,-0.00204,0.28700
Dracula,0.39423,-0.01550,-0.09598,-0.00170,0.28600
Dracula,0.39487,-0.01368,-0.09639,-0.00115,0.28600
Dracula,0.39551,-0.01319,-0.09683,-0.00079,0.28600
Dracula,0.39615,-0.01209,-0.09747,-0.00056,0.28600
Dracula,0.39679,-0.01257,-0.09746,-0.00072,0.28700
Dracula,0.39744,-0.01354,-0.09835,-0.00063,0.28800
Dracula,0.39808,-0.01475,-0.09836,-0.00033,0.28700
Dracula,0.39872,-0.01547,-0.09885,-0.00024,0.28500
Dracula,0.39936,-0.01595,-0.09867,-0.00043,0.28500
Dracula,0.40000,-0.01764,-0.09949,-0.00043,0.28500
Dracula,0.40064,-0.01857,-0.09811,-0.00054,0.28400
Dracula,0.40128,-0.01977,-0.09749,-0.00074,0.28500
Dracula,0.40192,-0.01928,-0.09863,-0.00098,0.28600
Dracula,0.40256,-0.02007,-0.09962,-0.00059,0.28700
Dracula,0.40321,-0.01984,-0.09998,-0.00020,0.28700
Dracula,0.40385,-0.01963,-0.09969,-0.00013,0.28700
Dracula,0.40449,-0.01973,-0.10025,-0.00034,0.28800
Dracula,0.40513,-0.01956,-0.10029,-0.00047,0.28800
Dracula,0.40577,-0.02002,-0.09882,-0.00041,0.28800
Dracula,0.40641,-0.02058,-0.09836,-0.00038,0.28900
Dracula,0.40705,-0.01942,-0.09782,-0.00072,0.29000
Dracula,0.40769,-0.01913,-0.09786,-0.00099,0.29100
Dracula,0.40833,-0.01999,-0.09780,-0.00098,0.29000
Dracula,0.40897,-0.02100,-0.09808,-0.00052,0.29100
Dracula,0.40962,-0.02128,-0.09854,-0.00023,0.29100
Dracula,0.41026,-0.02221,-0.09881,-0.00008,0.29200
Dracula,0.41090,-0.02190,-0.09884,-0.00015,0.29200
Dracula,0.41154,-0.02302,-0.09887,0.00025,0.29200
Dracula,0.41218,-0.02303,-0.09832,0.00050,0.29200
Dracula,0.41282,-0.02277,-0.09847,0.00089,0.29300
Dracula,0.41346,-0.02203,-0.09870,0.00119,0.29400
Dracula,0.41410,-0.02167,-0.09867,0.00173,0.29400
Dracula,0.41474,-0.02089,-0.10046,0.00173,0.29400
Dracula,0.41538,-0.02030,-0.10073,0.00101,0.29500
Dracula,0.41603,-0.02084,-0.10172,0.00068,0.29400
Dracula,0.41667,-0.02049,-0.10122,0.00122,0.29300
Dracula,0.41731,-0.01993,-0.10093,0.00107,0.29300
Dracula,0.41795,-0.01912,-0.10093,0.00083,0.29400
Dracula,0.41859,-0.01763,-0.10096,0.00031,0.29400
Dracula,0.41923,-0.01563,-0.10248,-0.00016,0.29400
Dracula,0.41987,-0.01444,-0.10388,-0.00044,0.29400
Dracula,0.42051,-0.01394,-0.10388,-0.00063,0.29400
Dracula,0.42115,-0.01366,-0.10384,-0.00089,0.29300
Dracula,0.42179,-0.01309,-0.10462,-0.00088,0.29200
Dracula,0.42244,-0.01331,-0.10406,-0.00082,0.29300
Dracula,0.42308,-0.01287,-0.10455,-0.00094,0.29300
Dracula,0.42372,-0.01351,-0.10330,-0.00094,0.29100
Dracula,0.42436,-0.01332,-0.10408,-0.00083,0.29100
Dracula,0.42500,-0.01279,-0.10533,-0.00044,0.29100
Dracula,0.42564,-0.01244,-0.10626,-0.00090,0.29200
Dracula,0.42628,-0.01102,-0.10661,-0.00057,0.29200
Dracula,0.42692,-0.00919,-0.10727,-0.00060,0.29200
Dracula,0.42756,-0.00818,-0.10774,-0.00065,0.29300
Dracula,0.42821,-0.00668,-0.10833,-0.00083,0.29400
Dracula,0.42885,-0.00656,-0.10887,-0.00136,0.29400
Dracula,0.42949,-0.00654,-0.10848,-0.00182,0.29400
Dracula,0.43013,-0.00536,-0.11021,-0.00226,0.29400
Dracula,0.43077,-0.00586,-0.11008,-0.00241,0.29400
Dracula,0.43141,-0.00599,-0.10952,-0.00176,0.29400
Dracula,0.43205,-0.00636,-0.10968,-0.00137,0.29400
Dracula,0.43269,-0.00510,-0.10856,-0.00136,0.29300
Dracula,0.43333,-0.00485,-0.10866,-0.00130,0.29300
Dracula,0.43397,-0.00541,-0.10918,-0.00169,0.29300
Dracula,0.43462,-0.00706,-0.10926,-0.00162,0.29300
Dracula,0.43526,-0.00806,-0.11012,-0.00150,0.29400
Dracula,0.43590,-0.01014,-0.10899,-0.00153,0.29500
Dracula,0.43654,-0.00880,-0.10869,-0.00131,0.29500
Dracula,0.43718,-0.00973,-0.10845,-0.00115,0.29600
Dracula,0.43782,-0.01005,-0.10864,-0.00131,0.29400
Dracula,0.43846,-0.01036,-0.10789,-0.00135,0.29500
Dracula,0.43910,-0.00889,-0.10808,-0.00103,0.29500
Dracula,0.43974,-0.00795,-0.10811,-0.00072,0.29700
Dracula,0.44038,-0.00740,-0.10833,-0.00044,0.29700
Dracula,0.44103,-0.00624,-0.10786,-0.00007,0.29800
Dracula,0.44167,-0.00590,-0.10941,0.00027,0.29900
Dracula,0.44231,-0.00639,-0.11043,0.00021,0.30000
Dracula,0.44295,-0.00678,-0.11132,0.00045,0.29900
Dracula,0.44359,-0.00621,-0.11145,0.00100,0.29800
Dracula,0.44423,-0.00460,-0.11164,0.00183,0.29800
Dracula,0.44487,-0.00469,-0.11184,0.00158,0.30000
Dracula,0.44551,-0.00420,-0.11148,0.00168,0.30000
Dracula,0.44615,-0.00394,-0.11180,0.00192,0.30000
Dracula,0.44679,-0.00363,-0.11220,0.00219,0.30100
Dracula,0.44744,-0.00335,-0.11228,0.00211,0.30200
Dracula,0.44808,-0.00363,-0.11126,0.00211,0.30300
Dracula,0.44872,-0.00449,-0.11014,0.00217,0.30200
Dracula,0.44936,-0.00371,-0.11039,0.00181,0.30300
Dracula,0.45000,-0.00352,-0.11008,0.00165,0.30300
Dracula,0.45064,-0.00484,-0.10962,0.00121,0.30400
Dracula,0.45128,-0.00481,-0.11020,0.00152,0.30500
Dracula,0.45192,-0.00319,-0.10989,0.00237,0.30500
Dracula,0.45256,-0.00301,-0.11073,0.00248,0.30700
Dracula,0.45321,-0.00311,-0.11113,0.00299,0.30700
Dracula,0.45385,-0.00320,-0.11127,0.00295,0.30700
Dracula,0.45449,-0.00357,-0.11156,0.00334,0.30800
Dracula,0.45513,-0.00278,-0.11370,0.00347,0.30900
Dracula,0.45577,-0.00227,-0.11476,0.00391,0.31000
Dracula,0.45641,-0.00170,-0.11585,0.00414,0.31000
Dracula,0.45705,-0.00256,-0.11617,0.00396,0.31000
Dracula,0.45769,-0.00219,-0.11676,0.00353,0.31000
Dracula,0.45833,-0.00261,-0.11723,0.00328,0.31200
Dracula,0.45897,-0.00375,-0.11755,0.00311,0.31100
Dracula,0.45962,-0.00397,-0.11748,0.00348,0.31000
Dracula,0.46026,-0.00349,-0.11786,0.00331,0.31100
Dracula,0.46090,-0.00217,-0.11934,0.00372,0.31000
Dracula,0.46154,-0.00160,-0.11868,0.00360,0.30900
Dracula,0.46218,-0.00105,-0.11931,0.00347,0.31000
Dracula,0.46282,0.00010,-0.11981,0.00350,0.31000
Dracula,0.46346,0.00307,-0.12156,0.00364,0.31200
Dracula,0.46410,0.00484,-0.12222,0.00341,0.31200
Dracula,0.46474,0.00599,-0.12236,0.00333,0.31200
Dracula,0.46538,0.00655,-0.12080,0.00348,0.31300
Dracula,0.46603,0.00677,-0.12051,0.00357,0.31200
Dracula,0.46667,0.00852,-0.12028,0.00354,0.31200
Dracula,0.46731,0.00966,-0.12045,0.00364,0.31200
Dracula,0.46795,0.00910,-0.12059,0.00381,0.31200
Dracula,0.46859,0.00954,-0.12088,0.00414,0.31200
Dracula,0.46923,0.00969,-0.12146,0.00405,0.31400
Dracula,0.46987,0.01093,-0.12298,0.00383,0.31400
Dracula,0.47051,0.01175,-0.12357,0.00404,0.31300
Dracula,0.47115,0.01163,-0.12376,0.00421,0.31500
Dracula,0.47179,0.01245,-0.12533,0.00453,0.31500
Dracula,0.47244,0.01262,-0.12459,0.00453,0.31600
Dracula,0.47308,0.01311,-0.12490,0.00442,0.31600
Dracula,0.47372,0.01331,-0.12412,0.00406,0.31500
Dracula,0.47436,0.01410,-0.12399,0.00396,0.31400
Dracula,0.47500,0.01485,-0.12409,0.00388,0.31300
Dracula,0.47564,0.01588,-0.12458,0.00380,0.31300
Dracula,0.47628,0.01556,-0.12614,0.00341,0.31300
Dracula,0.47692,0.01670,-0.12684,0.00343,0.31200
Dracula,0.47756,0.01658,-0.12717,0.00310,0.31200
Dracula,0.47821,0.01631,-0.12789,0.00296,0.31100
Dracula,0.47885,0.01548,-0.12719,0.00278,0.31000
Dracula,0.47949,0.01604,-0.12744,0.00325,0.30800
Dracula,0.48013,0.01613,-0.12735,0.00296,0.30800
Dracula,0.48077,0.01600,-0.12786,0.00252,0.30700
Dracula,0.48141,0.01573,-0.12769,0.00267,0.30900
Dracula,0.48205,0.01492,-0.12634,0.00321,0.30900
Dracula,0.48269,0.01471,-0.12715,0.00380,0.30900
Dracula,0.48333,0.01516,-0.12770,0.00425,0.30800
Dracula,0.48397,0.01454,-0.12793,0.00431,0.30900
Dracula,0.48462,0.01444,-0.12779,0.00441,0.31000
Dracula,0.48526,0.01429,-0.12833,0.00445,0.31000
Dracula,0.48590,0.01360,-0.12760,0.00440,0.31100
Dracula,0.48654,0.01321,-0.12800,0.00414,0.31100
Dracula,0.48718,0.01342,-0.12783,0.00398,0.31100
Dracula,0.48782,0.01397,-0.12915,0.00386,0.31200
Dracula,0.48846,0.01486,-0.12987,0.00352,0.31400
Dracula,0.48910,0.01620,-0.13022,0.00341,0.31500
Dracula,0.48974,0.01521,-0.12893,0.00354,0.31400
Dracula,0.49038,0.01412,-0.12874,0.00384,0.31300
Dracula,0.49103,0.01374,-0.12820,0.00375,0.31300
Dracula,0.49167,0.01397,-0.12741,0.00334,0.31300
Dracula,0.49231,0.01397,-0.12730,0.00347,0.31300
Dracula,0.49295,0.01412,-0.12725,0.00368,0.31200
Dracula,0.49359,0.01377,-0.12749,0.00376,0.31000
Dracula,0.49423,0.01306,-0.12658,0.00417,0.31100
Dracula,0.49487,0.01421,-0.12613,0.00456,0.31100
Dracula,0.49551,0.01344,-0.12666,0.00403,0.31100
Dracula,0.49615,0.01346,-0.12623,0.00369,0.31000
Dracula,0.49679,0.01315,-0.12666,0.00352,0.31100
Dracula,0.49744,0.01155,-0.12599,0.00336,0.31200
Dracula,0.49808,0.01131,-0.12525,0.00331,0.31200
Dracula,0.49872,0.01149,-0.12467,0.00346,0.31300
Dracula,0.49936,0.01053,-0.12451,0.00304,0.31300
Dracula,0.50000,0.01267,-0.12545,0.00279,0.31100
Dracula,0.50064,0.01198,-0.12529,0.00265,0.31100
Dracula,0.50128,0.01245,-0.12650,0.00242,0.31000
Dracula,0.50192,0.01158,-0.12592,0.00221,0.31100
Dracula,0.50256,0.01089,-0.12621,0.00176,0.31200
Dracula,0.50321,0.01016,-0.12622,0.00155,0.31200
Dracula,0.50385,0.01020,-0.12638,0.00153,0.31000
Dracula,0.50449,0.00979,-0.12603,0.00162,0.31000
Dracula,0.50513,0.00968,-0.12652,0.00131,0.30900
Dracula,0.50577,0.00987,-0.12645,0.00075,0.30800
Dracula,0.50641,0.00938,-0.12513,0.00066,0.30700
Dracula,0.50705,0.00878,-0.12418,0.00074,0.30700
Dracula,0.50769,0.00798,-0.12399,0.00045,0.30800
Dracula,0.50833,0.00664,-0.12352,0.00013,0.30800
Dracula,0.50897,0.00681,-0.12298,0.00034,0.30800
Dracula,0.50962,0.00610,-0.12209,0.00014,0.30800
Dracula,0.51026,0.00728,-0.12062,0.00003,0.30800
Dracula,0.51090,0.00724,-0.12042,-0.00042,0.30900
Dracula,0.51154,0.00673,-0.11941,-0.00072,0.30900
Dracula,0.51218,0.00631,-0.12026,-0.00077,0.30800
Dracula,0.51282,0.00743,-0.12044,-0.00084,0.30900
Dracula,0.51346,0.00705,-0.12072,-0.00076,0.30900
Dracula,0.51410,0.00687,-0.12153,-0.00073,0.30900
Dracula,0.51474,0.00597,-0.12114,-0.00033,0.30900
Dracula,0.51538,0.00608,-0.12080,-0.00027,0.31000
Dracula,0.51603,0.00549,-0.12046,-0.00049,0.30900
Dracula,0.51667,0.00548,-0.12015,-0.00045,0.31000
Dracula,0.51731,0.00607,-0.12064,-0.00069,0.31000
Dracula,0.51795,0.00692,-0.12145,-0.00052,0.31100
Dracula,0.51859,0.00722,-0.12134,-0.00083,0.31000
Dracula,0.51923,0.00643,-0.12073,-0.00068,0.30900
Dracula,0.51987,0.00688,-0.12046,-0.00077,0.30900
Dracula,0.52051,0.00688,-0.12033,-0.00070,0.30900
Dracula,0.52115,0.00783,-0.11995,-0.00065,0.30800
Dracula,0.52179,0.00706,-0.11920,-0.00035,0.30700
Dracula,0.52244,0.00679,-0.11898,-0.00030,0.30700
Dracula,0.52308,0.00666,-0.11805,-0.00041,0.30800
Dracula,0.52372,0.00694,-0.11759,-0.00052,0.30900
Dracula,0.52436,0.00633,-0.11611,-0.00014,0.30900
Dracula,0.52500,0.00649,-0.11512,-0.00024,0.30900
Dracula,0.52564,0.00675,-0.11430,-0.00051,0.31000
Dracula,0.52628,0.00687,-0.11377,-0.00053,0.30900
Dracula,0.52692,0.00631,-0.11242,-0.00085,0.31000
Dracula,0.52756,0.00273,-0.11046,-0.00129,0.30900
Dracula,0.52821,0.00129,-0.10922,-0.00145,0.30800
Dracula,0.52885,-0.00062,-0.10849,-0.00150,0.30800
Dracula,0.52949,-0.00077,-0.11043,-0.00172,0.30800
Dracula,0.53013,-0.00153,-0.11058,-0.00140,0.30900
Dracula,0.53077,-0.00419,-0.10950,-0.00168,0.30800
Dracula,0.53141,-0.00545,-0.10989,-0.00182,0.30900
Dracula,0.53205,-0.00526,-0.10966,-0.00219,0.30900
Dracula,0.53269,-0.00628,-0.10969,-0.00236,0.30900
Dracula,0.53333,-0.00611,-0.10870,-0.00218,0.30700
Dracula,0.53397,-0.00675,-0.10766,-0.00209,0.30600
Dracula,0.53462,-0.00813,-0.10693,-0.00216,0.30800
Dracula,0.53526,-0.00877,-0.10695,-0.00200,0.30700
Dracula,0.53590,-0.00955,-0.10566,-0.00179,0.30600
Dracula,0.53654,-0.01043,-0.10577,-0.00155,0.30600
Dracula,0.53718,-0.01059,-0.10423,-0.00165,0.30600
Dracula,0.53782,-0.01060,-0.10385,-0.00137,0.30700
Dracula,0.53846,-0.01131,-0.10367,-0.00173,0.30800
Dracula,0.53910,-0.01182,-0.10244,-0.00174,0.30800
Dracula,0.53974,-0.01177,-0.10206,-0.00197,0.30900
Dracula,0.54038,-0.01246,-0.10055,-0.00186,0.30800
Dracula,0.54103,-0.01341,-0.10055,-0.00216,0.30900
Dracula,0.54167,-0.01385,-0.09993,-0.00192,0.31000
Dracula,0.54231,-0.01471,-0.09994,-0.00226,0.31000
Dracula,0.54295,-0.01554,-0.09981,-0.00261,0.31100
Dracula,0.54359,-0.01656,-0.09957,-0.00294,0.31100
Dracula,0.54423,-0.01642,-0.09877,-0.00277,0.31100
Dracula,0.54487,-0.01686,-0.09812,-0.00333,0.31300
Dracula,0.54551,-0.01640,-0.09865,-0.00351,0.31100
Dracula,0.54615,-0.01620,-0.09922,-0.00374,0.31100
Dracula,0.54679,-0.01641,-0.09684,-0.00346,0.31200
Dracula,0.54744,-0.01728,-0.09624,-0.00330,0.31300
Dracula,0.54808,-0.01670,-0.09633,-0.00337,0.31200
Dracula,0.54872,-0.01652,-0.09657,-0.00361,0.31100
Dracula,0.54936,-0.01529,-0.09680,-0.00370,0.31200
Dracula,0.55000,-0.01499,-0.09687,-0.00366,0.31200
Dracula,0.55064,-0.01461,-0.09628,-0.00341,0.31200
Dracula,0.55128,-0.01451,-0.09540,-0.00333,0.31200
Dracula,0.55192,-0.01529,-0.09413,-0.00306,0.31100
Dracula,0.55256,-0.01537,-0.09351,-0.00298,0.31000
Dracula,0.55321,-0.01640,-0.09341,-0.00292,0.30900
Dracula,0.55385,-0.01563,-0.09355,-0.00286,0.30900
Dracula,0.55449,-0.01501,-0.09397,-0.00304,0.30900
Dracula,0.55513,-0.01505,-0.09357,-0.00309,0.31000
Dracula,0.55577,-0.01550,-0.09402,-0.00256,0.31000
Dracula,0.55641,-0.01508,-0.09399,-0.00241,0.31000
Dracula,0.55705,-0.01497,-0.09500,-0.00250,0.31000
Dracula,0.55769,-0.01372,-0.09609,-0.00250,0.31200
Dracula,0.55833,-0.01320,-0.09596,-0.00239,0.31100
Dracula,0.55897,-0.01315,-0.09666,-0.00243,0.31000
Dracula,0.55962,-0.01307,-0.09659,-0.00252,0.31100
Dracula,0.56026,-0.01247,-0.09756,-0.00250,0.31100
Dracula,0.56090,-0.01242,-0.09834,-0.00249,0.31000
Dracula,0.56154,-0.01102,-0.09919,-0.00226,0.30900
Dracula,0.56218,-0.01049,-0.09931,-0.00206,0.30900
Dracula,0.56282,-0.00888,-0.10059,-0.00219,0.30800
Dracula,0.56346,-0.00699,-0.10095,-0.00186,0.30700
Dracula,0.56410,-0.00616,-0.10220,-0.00208,0.30800
Dracula,0.56474,-0.00572,-0.10246,-0.00235,0.30800
Dracula,0.56538,-0.00450,-0.10333,-0.00253,0.30900
Dracula,0.56603,-0.00445,-0.10363,-0.00209,0.30900
Dracula,0.56667,-0.00264,-0.10359,-0.00157,0.30900
Dracula,0.56731,-0.00253,-0.10274,-0.00173,0.30900
Dracula,0.56795,-0.00226,-0.10263,-0.00202,0.31000
Dracula,0.56859,-0.00167,-0.10230,-0.00247,0.31000
Dracula,0.56923,-0.00172,-0.10283,-0.00285,0.31100
Dracula,0.56987,-0.00281,-0.10264,-0.00285,0.31100
Dracula,0.57051,-0.00081,-0.10288,-0.00260,0.31100
Dracula,0.57115,0.00010,-0.10408,-0.00303,0.31100
Dracula,0.57179,-0.00028,-0.10455,-0.00339,0.31000
Dracula,0.57244,0.00012,-0.10518,-0.00352,0.31000
Dracula,0.57308,0.00122,-0.10592,-0.00382,0.31100
Dracula,0.57372,0.00229,-0.10735,-0.00389,0.31100
Dracula,0.57436,0.00102,-0.10804,-0.00425,0.31000
Dracula,0.57500,0.00033,-0.10849,-0.00404,0.31000
Dracula,0.57564,0.00110,-0.10986,-0.00393,0.30900
Dracula,0.57628,0.00132,-0.10931,-0.00438,0.30900
Dracula,0.57692,0.00112,-0.10978,-0.00437,0.30900
Dracula,0.57756,0.00074,-0.10969,-0.00448,0.30800
Dracula,0.57821,0.00069,-0.10951,-0.00483,0.30800
Dracula,0.57885,0.00142,-0.10976,-0.00512,0.30700
Dracula,0.57949,0.00183,-0.10941,-0.00556,0.30600
Dracula,0.58013,0.00150,-0.10969,-0.00598,0.30500
Dracula,0.58077,0.00196,-0.10954,-0.00600,0.30400
Dracula,0.58141,0.00131,-0.10914,-0.00615,0.30300
Dracula,0.58205,0.00083,-0.10920,-0.00650,0.30200
Dracula,0.58269,0.00127,-0.11019,-0.00620,0.30300
Dracula,0.58333,0.00239,-0.10886,-0.00626,0.30300
Dracula,0.58397,0.00222,-0.10856,-0.00646,0.30200
Dracula,0.58462,0.00145,-0.10803,-0.00648,0.30200
Dracula,0.58526,0.00062,-0.10813,-0.00676,0.30100
Dracula,0.58590,0.00192,-0.10977,-0.00631,0.30200
Dracula,0.58654,0.00181,-0.11016,-0.00626,0.30100
Dracula,0.58718,0.00252,-0.11148,-0.00647,0.30000
Dracula,0.58782,0.00198,-0.11085,-0.00641,0.30000
Dracula,0.58846,0.00121,-0.11151,-0.00653,0.29900
Dracula,0.58910,0.00043,-0.11135,-0.00657,0.29900
Dracula,0.58974,0.00132,-0.11257,-0.00605,0.30000
Dracula,0.59038,0.00226,-0.11309,-0.00628,0.30000
Dracula,0.59103,0.00239,-0.11409,-0.00620,0.30000
Dracula,0.59167,0.00385,-0.11492,-0.00585,0.30000
Dracula,0.59231,0.00510,-0.11582,-0.00547,0.30000
Dracula,0.59295,0.00615,-0.11744,-0.00518,0.29900
Dracula,0.59359,0.00575,-0.11741,-0.00518,0.29900
Dracula,0.59423,0.00590,-0.11673,-0.00552,0.29900
Dracula,0.59487,0.00850,-0.11752,-0.00532,0.29900
Dracula,0.59551,0.00926,-0.11754,-0.00558,0.29700
Dracula,0.59615,0.00945,-0.11831,-0.00530,0.29600
Dracula,0.59679,0.01128,-0.11800,-0.00514,0.29600
Dracula,0.59744,0.01157,-0.11850,-0.00537,0.29700
Dracula,0.59808,0.01406,-0.11865,-0.00525,0.29800
Dracula,0.59872,0.01602,-0.11895,-0.00531,0.29800
Dracula,0.59936,0.01610,-0.11956,-0.00532,0.29800
Dracula,0.60000,0.01667,-0.12006,-0.00546,0.29800
Dracula,0.60064,0.01880,-0.12098,-0.00565,0.29800
Dracula,0.60128,0.01843,-0.12138,-0.00528,0.29800
Dracula,0.60192,0.01832,-0.12224,-0.00544,0.29700
Dracula,0.60256,0.01899,-0.12334,-0.00540,0.29700
Dracula,0.60321,0.01808,-0.12456,-0.00533,0.29700
Dracula,0.60385,0.01891,-0.12528,-0.00523,0.29700
Dracula,0.60449,0.01947,-0.12581,-0.00565,0.29700
Dracula,0.60513,0.02070,-0.12579,-0.00534,0.29600
Dracula,0.60577,0.02154,-0.12617,-0.00572,0.29500
Dracula,0.60641,0.02229,-0.12446,-0.00546,0.29600
Dracula,0.60705,0.02294,-0.12338,-0.00516,0.29600
Dracula,0.60769,0.02428,-0.12176,-0.00494,0.29700
Dracula,0.60833,0.02467,-0.12278,-0.00533,0.29700
Dracula,0.60897,0.02709,-0.12339,-0.00427,0.29700
Dracula,0.60962,0.02633,-0.12363,-0.00436,0.29700
Dracula,0.61026,0.02781,-0.12435,-0.00442,0.29700
Dracula,0.61090,0.02819,-0.12610,-0.00498,0.29700
Dracula,0.61154,0.02862,-0.12620,-0.00552,0.29600
Dracula,0.61218,0.02835,-0.12570,-0.00517,0.29600
Dracula,0.61282,0.02945,-0.12519,-0.00477,0.29500
Dracula,0.61346,0.02908,-0.12525,-0.00434,0.29500
Dracula,0.61410,0.02896,-0.12531,-0.00455,0.29600
Dracula,0.61474,0.02847,-0.12573,-0.00455,0.29600
Dracula,0.61538,0.02918,-0.12770,-0.00479,0.29600
Dracula,0.61603,0.02972,-0.12814,-0.00503,0.29700
Dracula,0.61667,0.02934,-0.12784,-0.00499,0.29700
Dracula,0.61731,0.02980,-0.12773,-0.00509,0.29700
Dracula,0.61795,0.03052,-0.12852,-0.00552,0.29600
Dracula,0.61859,0.03001,-0.12821,-0.00591,0.29600
Dracula,0.61923,0.02989,-0.12904,-0.00619,0.29600
Dracula,0.61987,0.02965,-0.12832,-0.00639,0.29500
Dracula,0.62051,0.02831,-0.12694,-0.00670,0.29400
Dracula,0.62115,0.02845,-0.12524,-0.00691,0.29400
Dracula,0.62179,0.02783,-0.12475,-0.00700,0.29400
Dracula,0.62244,0.02791,-0.12462,-0.00731,0.29300
Dracula,0.62308,0.02806,-0.12398,-0.00752,0.29400
Dracula,0.62372,0.02824,-0.12426,-0.00732,0.29400
Dracula,0.62436,0.02774,-0.12398,-0.00729,0.29500
Dracula,0.62500,0.02791,-0.12377,-0.00750,0.29500
Dracula,0.62564,0.02865,-0.12370,-0.00798,0.29600
Dracula,0.62628,0.02937,-0.12413,-0.00844,0.29500
Dracula,0.62692,0.02986,-0.12376,-0.00866,0.29700
Dracula,0.62756,0.03048,-0.12417,-0.00915,0.29800
Dracula,0.62821,0.03103,-0.12347,-0.00912,0.29700
Dracula,0.62885,0.03163,-0.12310,-0.00851,0.29800
Dracula,0.62949,0.03149,-0.12242,-0.00840,0.29600
Dracula,0.63013,0.03307,-0.12296,-0.00825,0.29700
Dracula,0.63077,0.03338,-0.12337,-0.00856,0.29700
Dracula,0.63141,0.03429,-0.12405,-0.00868,0.29700
Dracula,0.63205,0.03602,-0.12441,-0.00859,0.29700
Dracula,0.63269,0.03559,-0.12527,-0.00866,0.29700
Dracula,0.63333,0.03546,-0.12342,-0.00832,0.29600
Dracula,0.63397,0.03678,-0.12330,-0.00794,0.29600
Dracula,0.63462,0.03550,-0.12368,-0.00780,0.29600
Dracula,0.63526,0.03581,-0.12342,-0.00732,0.29700
Dracula,0.63590,0.03606,-0.12310,-0.00715,0.29700
Dracula,0.63654,0.03722,-0.12295,-0.00668,0.29800
Dracula,0.63718,0.03619,-0.12269,-0.00665,0.29700
Dracula,0.63782,0.03667,-0.12165,-0.00650,0.29700
Dracula,0.63846,0.03705,-0.12194,-0.00624,0.29800
Dracula,0.63910,0.03773,-0.12097,-0.00637,0.29800
Dracula,0.63974,0.03704,-0.12013,-0.00648,0.29900
Dracula,0.64038,0.03595,-0.12012,-0.00619,0.29800
Dracula,0.64103,0.03538,-0.11959,-0.00630,0.29800
Dracula,0.64167,0.03463,-0.11876,-0.00608,0.29800
Dracula,0.64231,0.03454,-0.11854,-0.00565,0.29900
Dracula,0.64295,0.03478,-0.11827,-0.00567,0.29900
Dracula,0.64359,0.03456,-0.11888,-0.00548,0.29800
Dracula,0.64423,0.03266,-0.11845,-0.00530,0.29900
Dracula,0.64487,0.03183,-0.11888,-0.00568,0.30000
Dracula,0.64551,0.03119,-0.11860,-0.00569,0.30000
Dracula,0.64615,0.03031,-0.11721,-0.00567,0.30000
Dracula,0.64679,0.02972,-0.11599,-0.00601,0.30100
Dracula,0.64744,0.02850,-0.11713,-0.00593,0.30100
Dracula,0.64808,0.02811,-0.11736,-0.00610,0.30100
Dracula,0.64872,0.02813,-0.11684,-0.00593,0.30200
Dracula,0.64936,0.02743,-0.11657,-0.00590,0.30200
Dracula,0.65000,0.02693,-0.11548,-0.00618,0.30100
Dracula,0.65064,0.02673,-0.11457,-0.00600,0.30100
Dracula,0.65128,0.02610,-0.11326,-0.00560,0.30200
Dracula,0.65192,0.02663,-0.11461,-0.00595,0.30000
Dracula,0.65256,0.02746,-0.11438,-0.00629,0.30000
Dracula,0.65321,0.02752,-0.11420,-0.00657,0.30100
Dracula,0.65385,0.02644,-0.11286,-0.00660,0.30100
Dracula,0.65449,0.02507,-0.11178,-0.00613,0.30100
Dracula,0.65513,0.02513,-0.11135,-0.00639,0.30200
Dracula,0.65577,0.02441,-0.11144,-0.00637,0.30300
Dracula,0.65641,0.02334,-0.11095,-0.00656,0.30300
Dracula,0.65705,0.02386,-0.11086,-0.00631,0.30300
Dracula,0.65769,0.02508,-0.11108,-0.00606,0.30400
Dracula,0.65833,0.02572,-0.11126,-0.00569,0.30400
Dracula,0.65897,0.02519,-0.11094,-0.00610,0.30400
Dracula,0.65962,0.02437,-0.11068,-0.00616,0.30500
Dracula,0.66026,0.02410,-0.11004,-0.00592,0.30600
Dracula,0.66090,0.02342,-0.10961,-0.00627,0.30600
Dracula,0.66154,0.02264,-0.10935,-0.00630,0.30600
Dracula,0.66218,0.02005,-0.10892,-0.00614,0.30500
Dracula,0.66282,0.02027,-0.11001,-0.00584,0.30500
Dracula,0.66346,0.01989,-0.10898,-0.00596,0.30500
Dracula,0.66410,0.01871,-0.10799,-0.00588,0.30500
Dracula,0.66474,0.01629,-0.10737,-0.00560,0.30600
Dracula,0.66538,0.01588,-0.10774,-0.00642,0.30600
Dracula,0.66603,0.01521,-0.10733,-0.00655,0.30600
Dracula,0.66667,0.01515,-0.10686,-0.00627,0.30500
Dracula,0.66731,0.01550,-0.10685,-0.00641,0.30500
Dracula,0.66795,0.01339,-0.10597,-0.00650,0.30500
Dracula,0.66859,0.01332,-0.10665,-0.00597,0.30500
Dracula,0.66923,0.01243,-0.10681,-0.00620,0.30600
Dracula,0.66987,0.01164,-0.10590,-0.00615,0.30600
Dracula,0.67051,0.01138,-0.10685,-0.00607,0.30600
Dracula,0.67115,0.01085,-0.10814,-0.00582,0.30500
Dracula,0.67179,0.00942,-0.10964,-0.00586,0.30400
Dracula,0.67244,0.00897,-0.10973,-0.00557,0.30400
Dracula,0.67308,0.00768,-0.11054,-0.00571,0.30300
Dracula,0.67372,0.00832,-0.11079,-0.00560,0.30300
Dracula,0.67436,0.00702,-0.11072,-0.00587,0.30300
Dracula,0.67500,0.00560,-0.11081,-0.00572,0.30200
Dracula,0.67564,0.00523,-0.11059,-0.00542,0.30200
Dracula,0.67628,0.00448,-0.11069,-0.00571,0.30200
Dracula,0.67692,0.00283,-0.11159,-0.00586,0.30200
Dracula,0.67756,0.00188,-0.11049,-0.00624,0.30200
Dracula,0.67821,0.00174,-0.11048,-0.00616,0.30200
Dracula,0.67885,0.00277,-0.11114,-0.00617,0.30100
Dracula,0.67949,0.00275,-0.10965,-0.00605,0.30000
Dracula,0.68013,0.00294,-0.10997,-0.00615,0.30000
Dracula,0.68077,0.00324,-0.11036,-0.00611,0.29900
Dracula,0.68141,0.00355,-0.11011,-0.00644,0.29900
Dracula,0.68205,0.00293,-0.11025,-0.00634,0.29800
Dracula,0.68269,0.00259,-0.10985,-0.00608,0.29800
Dracula,0.68333,0.00198,-0.10944,-0.00593,0.29800
Dracula,0.68397,0.00177,-0.10982,-0.00616,0.29800
Dracula,0.68462,0.00319,-0.11144,-0.00625,0.29800
Dracula,0.68526,0.00297,-0.11243,-0.00643,0.29700
Dracula,0.68590,0.00372,-0.11280,-0.00665,0.29800
Dracula,0.68654,0.00281,-0.11338,-0.00696,0.29700
Dracula,0.68718,0.00254,-0.11427,-0.00686,0.29700
Dracula,0.68782,0.00347,-0.11515,-0.00693,0.29600
Dracula,0.68846,0.00475,-0.11560,-0.00716,0.29500
Dracula,0.68910,0.00516,-0.11553,-0.00728,0.29600
Dracula,0.68974,0.00458,-0.11545,-0.00701,0.29600
Dracula,0.69038,0.00492,-0.11539,-0.00668,0.29700
Dracula,0.69103,0.00396,-0.11549,-0.00649,0.29500
Dracula,0.69167,0.00266,-0.11533,-0.00608,0.29500
Dracula,0.69231,0.00148,-0.11411,-0.00571,0.29500
Dracula,0.69295,0.00046,-0.11441,-0.00616,0.29600
Dracula,0.69359,-0.00064,-0.11456,-0.00588,0.29600
Dracula,0.69423,-0.00079,-0.11451,-0.00625,0.29600
Dracula,0.69487,-0.00108,-0.11505,-0.00626,0.29500
Dracula,0.69551,-0.00098,-0.11473,-0.00586,0.29500
Dracula,0.69615,-0.00228,-0.11466,-0.00591,0.29400
Dracula,0.69679,-0.00267,-0.11395,-0.00566,0.29400
Dracula,0.69744,-0.00218,-0.11533,-0.00597,0.29400
Dracula,0.69808,-0.00305,-0.11519,-0.00634,0.29400
Dracula,0.69872,-0.00213,-0.11601,-0.00665,0.29400
Dracula,0.69936,-0.00318,-0.11609,-0.00693,0.29400
Dracula,0.70000,-0.00207,-0.11610,-0.00692,0.29400
Dracula,0.70064,-0.00329,-0.11583,-0.00717,0.29300
Dracula,0.70128,-0.00285,-0.11568,-0.00671,0.29400
Dracula,0.70192,-0.00408,-0.11551,-0.00657,0.29300
Dracula,0.70256,-0.00457,-0.11522,-0.00621,0.29300
Dracula,0.70321,-0.00447,-0.11518,-0.00581,0.29300
Dracula,0.70385,-0.00427,-0.11402,-0.00540,0.29200
Dracula,0.70449,-0.00309,-0.11460,-0.00561,0.29200
Dracula,0.70513,-0.00131,-0.11539,-0.00576,0.29200
Dracula,0.70577,-0.00030,-0.11535,-0.00597,0.29200
Dracula,0.70641,-0.00070,-0.11543,-0.00602,0.29100
Dracula,0.70705,0.00070,-0.11554,-0.00603,0.29100
Dracula,0.70769,0.00090,-0.11561,-0.00576,0.29100
Dracula,0.70833,0.00261,-0.11605,-0.00560,0.29000
Dracula,0.70897,0.00265,-0.11626,-0.00544,0.29000
Dracula,0.70962,0.00344,-0.11666,-0.00526,0.29100
Dracula,0.71026,0.00477,-0.11766,-0.00522,0.29100
Dracula,0.71090,0.00410,-0.11795,-0.00505,0.29100
Dracula,0.71154,0.00404,-0.11695,-0.00542,0.29100
Dracula,0.71218,0.00340,-0.11688,-0.00522,0.29200
Dracula,0.71282,0.00285,-0.11701,-0.00543,0.29200
Dracula,0.71346,0.00362,-0.11700,-0.00520,0.29300
Dracula,0.71410,0.00343,-0.11701,-0.00556,0.29300
Dracula,0.71474,0.00410,-0.11682,-0.00604,0.29400
Dracula,0.71538,0.00362,-0.11807,-0.00597,0.29400
Dracula,0.71603,0.00280,-0.11747,-0.00589,0.29500
Dracula,0.71667,0.00203,-0.11689,-0.00584,0.29500
Dracula,0.71731,0.00164,-0.11605,-0.00548,0.29500
Dracula,0.71795,0.00139,-0.11654,-0.00580,0.29400
Dracula,0.71859,0.00176,-0.11660,-0.00593,0.29400
Dracula,0.71923,0.00114,-0.11695,-0.00566,0.29300
Dracula,0.71987,0.00080,-0.11608,-0.00552,0.29300
Dracula,0.72051,0.00170,-0.11544,-0.00548,0.29300
Dracula,0.72115,0.00107,-0.11417,-0.00584,0.29300
Dracula,0.72179,-0.00003,-0.11355,-0.00587,0.29200
Dracula,0.72244,0.00015,-0.11327,-0.00650,0.29100
Dracula,0.72308,-0.00077,-0.11350,-0.00622,0.29000
Dracula,0.72372,-0.00070,-0.11334,-0.00630,0.29100
Dracula,0.72436,-0.00145,-0.11363,-0.00692,0.29000
Dracula,0.72500,-0.00163,-0.11391,-0.00644,0.29000
Dracula,0.72564,-0.00213,-0.11405,-0.00633,0.28900
Dracula,0.72628,-0.00222,-0.11550,-0.00649,0.28900
Dracula,0.72692,-0.00266,-0.11421,-0.00668,0.28700
Dracula,0.72756,-0.00186,-0.11429,-0.00666,0.28700
Dracula,0.72821,-0.00168,-0.11447,-0.00689,0.28800
Dracula,0.72885,-0.00064,-0.11406,-0.00720,0.28700
Dracula,0.72949,-0.00032,-0.11390,-0.00675,0.28700
Dracula,0.73013,0.00026,-0.11368,-0.00668,0.28800
Dracula,0.73077,-0.00048,-0.11287,-0.00726,0.28900
Dracula,0.73141,-0.00012,-0.11208,-0.00708,0.29000
Dracula,0.73205,0.00061,-0.11195,-0.00692,0.29000
Dracula,0.73269,-0.00001,-0.11007,-0.00721,0.29000
Dracula,0.73333,-0.00093,-0.10775,-0.00714,0.29100
Dracula,0.73397,-0.00144,-0.10844,-0.00692,0.29000
Dracula,0.73462,-0.00033,-0.10817,-0.00673,0.29000
Dracula,0.73526,0.00080,-0.10772,-0.00706,0.29000
Dracula,0.73590,0.00213,-0.10643,-0.00718,0.29000
Dracula,0.73654,0.00221,-0.10596,-0.00717,0.29100
Dracula,0.73718,0.00122,-0.10497,-0.00740,0.29200
Dracula,0.73782,0.00033,-0.10350,-0.00725,0.29300
Dracula,0.73846,0.00074,-0.10348,-0.00691,0.29200
Dracula,0.73910,0.00210,-0.10306,-0.00670,0.29300
Dracula,0.73974,0.00204,-0.10354,-0.00667,0.29300
Dracula,0.74038,0.00180,-0.10336,-0.00669,0.29300
Dracula,0.74103,0.00215,-0.10316,-0.00693,0.29300
Dracula,0.74167,0.00213,-0.10476,-0.00715,0.29300
Dracula,0.74231,0.00292,-0.10440,-0.00677,0.29400
Dracula,0.74295,0.00234,-0.10409,-0.00661,0.29400
Dracula,0.74359,0.00236,-0.10336,-0.00645,0.29400
Dracula,0.74423,0.00247,-0.10415,-0.00629,0.29500
Dracula,0.74487,0.00204,-0.10353,-0.00590,0.29500
Dracula,0.74551,0.00047,-0.10387,-0.00554,0.29500
Dracula,0.74615,0.00003,-0.10373,-0.00504,0.29700
Dracula,0.74679,0.00011,-0.10277,-0.00497,0.29700
Dracula,0.74744,0.00024,-0.10173,-0.00461,0.29800
Dracula,0.74808,0.00125,-0.10186,-0.00462,0.29800
Dracula,0.74872,0.00049,-0.10144,-0.00483,0.29800
Dracula,0.74936,0.00032,-0.10024,-0.00452,0.29900
Dracula,0.75000,-0.00016,-0.09973,-0.00433,0.30000
Dracula,0.75064,0.00086,-0.09994,-0.00387,0.30100
Dracula,0.75128,0.00080,-0.09911,-0.00405,0.30300
Dracula,0.75192,-0.00103,-0.09812,-0.00413,0.30300
Dracula,0.75256,-0.00204,-0.09753,-0.00404,0.30300
Dracula,0.75321,-0.00244,-0.09735,-0.00422,0.30300
Dracula,0.75385,-0.00257,-0.09735,-0.00428,0.30300
Dracula,0.75449,-0.00362,-0.09736,-0.00413,0.30300
Dracula,0.75513,-0.00409,-0.09629,-0.00391,0.30300
Dracula,0.75577,-0.00495,-0.09559,-0.00367,0.30300
Dracula,0.75641,-0.00450,-0.09443,-0.00370,0.30300
Dracula,0.75705,-0.00371,-0.09405,-0.00303,0.30300
Dracula,0.75769,-0.00232,-0.09355,-0.00308,0.30300
Dracula,0.75833,-0.00211,-0.09319,-0.00317,0.30200
Dracula,0.75897,-0.00315,-0.09266,-0.00331,0.30200
Dracula,0.75962,-0.00351,-0.09249,-0.00369,0.30200
Dracula,0.76026,-0.00367,-0.09328,-0.00404,0.30300
Dracula,0.76090,-0.00379,-0.09297,-0.00419,0.30400
Dracula,0.76154,-0.00372,-0.09318,-0.00417,0.30400
Dracula,0.76218,-0.00252,-0.09368,-0.00432,0.30400
Dracula,0.76282,-0.00311,-0.09298,-0.00425,0.30400
Dracula,0.76346,-0.00237,-0.09301,-0.00453,0.30400
Dracula,0.76410,-0.00251,-0.09317,-0.00477,0.30500
Dracula,0.76474,-0.00267,-0.09394,-0.00490,0.30600
Dracula,0.76538,-0.00270,-0.09422,-0.00534,0.30600
Dracula,0.76603,-0.00246,-0.09455,-0.00548,0.30600
Dracula,0.76667,-0.00238,-0.09342,-0.00589,0.30600
Dracula,0.76731,-0.00259,-0.09369,-0.00637,0.30600
Dracula,0.76795,-0.00193,-0.09477,-0.00686,0.30600
Dracula,0.76859,-0.00130,-0.09437,-0.00693,0.30600
Dracula,0.76923,-0.00297,-0.09428,-0.00681,0.30700
Dracula,0.76987,-0.00292,-0.09396,-0.00704,0.30700
Dracula,0.77051,-0.00306,-0.09424,-0.00676,0.30800
Dracula,0.77115,-0.00319,-0.09383,-0.00647,0.30800
Dracula,0.77179,-0.00367,-0.09339,-0.00673,0.30900
Dracula,0.77244,-0.00399,-0.09212,-0.00661,0.30900
Dracula,0.77308,-0.00435,-0.09075,-0.00633,0.31000
Dracula,0.77372,-0.00397,-0.09119,-0.00651,0.31000
Dracula,0.77436,-0.00403,-0.09094,-0.00654,0.31000
Dracula,0.77500,-0.00337,-0.09115,-0.00682,0.31000
Dracula,0.77564,-0.00398,-0.09079,-0.00673,0.31000
Dracula,0.77628,-0.00288,-0.09105,-0.00667,0.31000
Dracula,0.77692,-0.00211,-0.09203,-0.00721,0.31000
Dracula,0.77756,-0.00255,-0.09309,-0.00729,0.30900
Dracula,0.77821,-0.00251,-0.09314,-0.00710,0.30900
Dracula,0.77885,-0.00261,-0.09340,-0.00721,0.30800
Dracula,0.77949,-0.00211,-0.09349,-0.00768,0.30800
Dracula,0.78013,-0.00167,-0.09342,-0.00758,0.30700
Dracula,0.78077,-0.00131,-0.09464,-0.00789,0.30700
Dracula,0.78141,-0.00083,-0.09600,-0.00812,0.30700
Dracula,0.78205,-0.00105,-0.09571,-0.00829,0.30700
Dracula,0.78269,-0.00051,-0.09589,-0.00872,0.30700
Dracula,0.78333,-0.00083,-0.09647,-0.00904,0.30700
Dracula,0.78397,-0.00056,-0.09699,-0.00926,0.30700
Dracula,0.78462,-0.00173,-0.09738,-0.00934,0.30700
Dracula,0.78526,-0.00173,-0.09813,-0.00951,0.30700
Dracula,0.78590,-0.00147,-0.09884,-0.00966,0.30800
Dracula,0.78654,-0.00150,-0.09877,-0.00953,0.30900
Dracula,0.78718,0.00089,-0.09847,-0.00982,0.30900
Dracula,0.78782,0.00149,-0.09894,-0.01008,0.30900
Dracula,0.78846,0.00286,-0.09880,-0.00995,0.31000
Dracula,0.78910,0.00245,-0.09874,-0.01035,0.31100
Dracula,0.78974,0.00404,-0.09876,-0.01041,0.31100
Dracula,0.79038,0.00441,-0.09832,-0.01040,0.31200
Dracula,0.79103,0.00294,-0.09891,-0.01051,0.31400
Dracula,0.79167,0.00241,-0.09962,-0.01086,0.31400
Dracula,0.79231,0.00417,-0.10016,-0.01077,0.31500
Dracula,0.79295,0.00426,-0.10065,-0.01048,0.31600
Dracula,0.79359,0.00442,-0.10077,-0.01080,0.31600
Dracula,0.79423,0.00421,-0.10110,-0.01082,0.31600
Dracula,0.79487,0.00442,-0.10163,-0.01073,0.31500
Dracula,0.79551,0.00431,-0.10198,-0.01121,0.31500
Dracula,0.79615,0.00516,-0.10178,-0.01137,0.31600
Dracula,0.79679,0.00518,-0.10267,-0.01133,0.31600
Dracula,0.79744,0.00684,-0.10362,-0.01135,0.31500
Dracula,0.79808,0.00815,-0.10229,-0.01138,0.31500
Dracula,0.79872,0.00800,-0.10161,-0.01181,0.31600
Dracula,0.79936,0.00682,-0.10038,-0.01173,0.31800
Dracula,0.80000,0.00587,-0.10114,-0.01160,0.31800
Dracula,0.80064,0.00620,-0.10090,-0.01157,0.31700
Dracula,0.80128,0.00744,-0.10016,-0.01173,0.31700
Dracula,0.80192,0.00711,-0.10069,-0.01194,0.31700
Dracula,0.80256,0.00663,-0.10096,-0.01154,0.31800
Dracula,0.80321,0.00574,-0.10096,-0.01153,0.31700
Dracula,0.80385,0.00600,-0.10111,-0.01151,0.31800
Dracula,0.80449,0.00705,-0.10084,-0.01159,0.31800
Dracula,0.80513,0.00806,-0.10061,-0.01120,0.31900
Dracula,0.80577,0.00965,-0.09986,-0.01116,0.31800
Dracula,0.80641,0.00888,-0.09973,-0.01119,0.31900
Dracula,0.80705,0.00935,-0.09947,-0.01148,0.31900
Dracula,0.80769,0.00888,-0.10067,-0.01129,0.32000
Dracula,0.80833,0.00876,-0.10006,-0.01134,0.31900
Dracula,0.80897,0.00930,-0.10031,-0.01155,0.32000
Dracula,0.80962,0.00917,-0.10061,-0.01153,0.32100
Dracula,0.81026,0.00916,-0.09978,-0.01158,0.32000
Dracula,0.81090,0.00952,-0.10186,-0.01173,0.32100
Dracula,0.81154,0.00914,-0.10330,-0.01186,0.32000
Dracula,0.81218,0.00776,-0.10305,-0.01145,0.32100
Dracula,0.81282,0.00756,-0.10385,-0.01116,0.32100
Dracula,0.81346,0.00780,-0.10490,-0.01121,0.32100
Dracula,0.81410,0.00776,-0.10510,-0.01106,0.32000
Dracula,0.81474,0.00761,-0.10499,-0.01121,0.31900
Dracula,0.81538,0.00784,-0.10530,-0.01108,0.31900
Dracula,0.81603,0.00806,-0.10635,-0.01099,0.31900
Dracula,0.81667,0.00778,-0.10636,-0.01074,0.31900
Dracula,0.81731,0.00761,-0.10569,-0.00995,0.31900
Dracula,0.81795,0.00694,-0.10637,-0.00985,0.31900
Dracula,0.81859,0.00668,-0.10656,-0.00991,0.32000
Dracula,0.81923,0.00713,-0.10709,-0.01019,0.32000
Dracula,0.81987,0.00746,-0.10703,-0.01026,0.32100
Dracula,0.82051,0.00652,-0.10994,-0.00981,0.32000
Dracula,0.82115,0.00573,-0.11010,-0.01021,0.31800
Dracula,0.82179,0.00503,-0.11023,-0.01007,0.32000
Dracula,0.82244,0.00444,-0.11024,-0.01001,0.32000
Dracula,0.82308,0.00527,-0.11055,-0.00974,0.32100
Dracula,0.82372,0.00553,-0.11094,-0.00928,0.32100
Dracula,0.82436,0.00628,-0.11099,-0.00878,0.32100
Dracula,0.82500,0.00578,-0.11146,-0.00900,0.32200
Dracula,0.82564,0.00561,-0.11124,-0.00864,0.32200
Dracula,0.82628,0.00459,-0.11134,-0.00838,0.32200
Dracula,0.82692,0.00416,-0.11176,-0.00830,0.32200
Dracula,0.82756,0.00330,-0.11184,-0.00798,0.32200
Dracula,0.82821,0.00300,-0.11158,-0.00783,0.32200
Dracula,0.82885,0.00314,-0.11099,-0.00815,0.32200
Dracula,0.82949,0.00313,-0.11120,-0.00832,0.32200
Dracula,0.83013,0.00380,-0.11159,-0.00868,0.32300
Dracula,0.83077,0.00379,-0.11236,-0.00875,0.32300
Dracula,0.83141,0.00341,-0.11239,-0.00854,0.32300
Dracula,0.83205,0.00271,-0.11231,-0.00840,0.32300
Dracula,0.83269,0.00120,-0.11239,-0.00805,0.32300
Dracula,0.83333,0.00234,-0.11267,-0.00794,0.32200
Dracula,0.83397,0.00216,-0.11374,-0.00804,0.32200
Dracula,0.83462,0.00291,-0.11294,-0.00837,0.32200
Dracula,0.83526,0.00245,-0.11306,-0.00869,0.32200
Dracula,0.83590,0.00362,-0.11354,-0.00880,0.32200
Dracula,0.83654,0.00534,-0.11372,-0.00929,0.32200
Dracula,0.83718,0.00746,-0.11492,-0.00929,0.32200
Dracula,0.83782,0.00699,-0.11449,-0.00930,0.32100
Dracula,0.83846,0.00714,-0.11459,-0.00891,0.32100
Dracula,0.83910,0.00782,-0.11394,-0.00864,0.32100
Dracula,0.83974,0.01020,-0.11610,-0.00841,0.32200
Dracula,0.84038,0.01050,-0.11550,-0.00860,0.32300
Dracula,0.84103,0.01144,-0.11519,-0.00835,0.32300
Dracula,0.84167,0.01254,-0.11512,-0.00826,0.32300
Dracula,0.84231,0.01317,-0.11592,-0.00811,0.32300
Dracula,0.84295,0.01295,-0.11545,-0.00792,0.32300
Dracula,0.84359,0.01351,-0.11485,-0.00770,0.32300
Dracula,0.84423,0.01406,-0.11459,-0.00778,0.32300
Dracula,0.84487,0.01410,-0.11479,-0.00757,0.32300
Dracula,0.84551,0.01408,-0.11429,-0.00742,0.32400
Dracula,0.84615,0.01413,-0.11463,-0.00698,0.32300
Dracula,0.84679,0.01398,-0.11424,-0.00677,0.32300
Dracula,0.84744,0.01439,-0.11317,-0.00670,0.32300
Dracula,0.84808,0.01570,-0.11358,-0.00669,0.32500
Dracula,0.84872,0.01684,-0.11271,-0.00679,0.32500
Dracula,0.84936,0.01703,-0.11330,-0.00635,0.32600
Dracula,0.85000,0.01793,-0.11337,-0.00622,0.32500
Dracula,0.85064,0.01738,-0.11365,-0.00635,0.32500
Dracula,0.85128,0.01558,-0.11441,-0.00584,0.32500
Dracula,0.85192,0.01555,-0.11404,-0.00553,0.32600
Dracula,0.85256,0.01474,-0.11479,-0.00530,0.32600
Dracula,0.85321,0.01577,-0.11515,-0.00504,0.32400
Dracula,0.85385,0.01599,-0.11512,-0.00490,0.32500
Dracula,0.85449,0.01660,-0.11504,-0.00494,0.32400
Dracula,0.85513,0.01708,-0.11499,-0.00472,0.32400
Dracula,0.85577,0.01768,-0.11513,-0.00439,0.32400
Dracula,0.85641,0.01665,-0.11521,-0.00463,0.32300
Dracula,0.85705,0.01784,-0.11553,-0.00501,0.32200
Dracula,0.85769,0.01779,-0.11594,-0.00489,0.32200
Dracula,0.85833,0.01813,-0.11651,-0.00493,0.32100
Dracula,0.85897,0.01885,-0.11613,-0.00479,0.32200
Dracula,0.85962,0.01939,-0.11669,-0.00468,0.32100
Dracula,0.86026,0.01867,-0.11697,-0.00439,0.32200
Dracula,0.86090,0.01914,-0.11780,-0.00426,0.32200
Dracula,0.86154,0.01896,-0.11921,-0.00420,0.32200
Dracula,0.86218,0.01795,-0.12145,-0.00413,0.32200
Dracula,0.86282,0.01807,-0.12329,-0.00429,0.32200
Dracula,0.86346,0.01896,-0.12418,-0.00422,0.32100
Dracula,0.86410,0.01990,-0.12558,-0.00445,0.32100
Dracula,0.86474,0.02002,-0.12550,-0.00454,0.32100
Dracula,0.86538,0.01893,-0.12531,-0.00457,0.32100
Dracula,0.86603,0.01934,-0.12590,-0.00475,0.32000
Dracula,0.86667,0.01983,-0.12650,-0.00534,0.32000
Dracula,0.86731,0.02035,-0.12634,-0.00551,0.32100
Dracula,0.86795,0.02103,-0.12588,-0.00583,0.32100
Dracula,0.86859,0.02062,-0.12611,-0.00553,0.32100
Dracula,0.86923,0.02046,-0.12574,-0.00573,0.32100
Dracula,0.86987,0.02039,-0.12641,-0.00533,0.32100
Dracula,0.87051,0.02067,-0.12629,-0.00571,0.32100
Dracula,0.87115,0.02066,-0.12706,-0.00558,0.32200
Dracula,0.87179,0.02028,-0.12658,-0.00609,0.32100
Dracula,0.87244,0.02034,-0.12617,-0.00550,0.32200
Dracula,0.87308,0.01972,-0.12626,-0.00575,0.32200
Dracula,0.87372,0.02149,-0.12625,-0.00542,0.32100
Dracula,0.87436,0.02226,-0.12697,-0.00576,0.32100
Dracula,0.87500,0.02206,-0.12606,-0.00574,0.32100
Dracula,0.87564,0.02259,-0.12610,-0.00558,0.32100
Dracula,0.87628,0.02394,-0.12651,-0.00594,0.32100
Dracula,0.87692,0.02484,-0.12651,-0.00611,0.32100
Dracula,0.87756,0.02533,-0.12653,-0.00596,0.32100
Dracula,0.87821,0.02537,-0.12553,-0.00619,0.32200
Dracula,0.87885,0.02500,-0.12551,-0.00660,0.32200
Dracula,0.87949,0.02526,-0.12516,-0.00667,0.32200
Dracula,0.88013,0.02687,-0.12436,-0.00640,0.32200
Dracula,0.88077,0.02717,-0.12417,-0.00639,0.32200
Dracula,0.88141,0.02732,-0.12543,-0.00683,0.32200
Dracula,0.88205,0.02810,-0.12474,-0.00663,0.32200
Dracula,0.88269,0.02809,-0.12478,-0.00642,0.32100
Dracula,0.88333,0.02795,-0.12542,-0.00606,0.32000
Dracula,0.88397,0.02766,-0.12629,-0.00618,0.31900
Dracula,0.88462,0.02742,-0.12459,-0.00660,0.31900
Dracula,0.88526,0.02791,-0.12460,-0.00671,0.32000
Dracula,0.88590,0.02822,-0.12468,-0.00685,0.32000
Dracula,0.88654,0.02797,-0.12380,-0.00684,0.32000
Dracula,0.88718,0.02846,-0.12382,-0.00694,0.31900
Dracula,0.88782,0.02865,-0.12421,-0.00710,0.31900
Dracula,0.88846,0.02865,-0.12357,-0.00704,0.31900
Dracula,0.88910,0.02915,-0.12438,-0.00682,0.31800
Dracula,0.88974,0.02835,-0.12432,-0.00696,0.31800
Dracula,0.89038,0.02871,-0.12444,-0.00677,0.31800
Dracula,0.89103,0.02980,-0.12481,-0.00671,0.31800
Dracula,0.89167,0.03138,-0.12460,-0.00681,0.31900
Dracula,0.89231,0.03233,-0.12473,-0.00647,0.31900
Dracula,0.89295,0.03276,-0.12426,-0.00610,0.31800
Dracula,0.89359,0.03293,-0.12401,-0.00586,0.31800
Dracula,0.89423,0.03231,-0.12393,-0.00573,0.31700
Dracula,0.89487,0.03228,-0.12416,-0.00568,0.31800
Dracula,0.89551,0.03348,-0.12392,-0.00622,0.31700
Dracula,0.89615,0.03414,-0.12349,-0.00635,0.31800
Dracula,0.89679,0.03532,-0.12325,-0.00630,0.31800
Dracula,0.89744,0.03378,-0.12244,-0.00662,0.31800
Dracula,0.89808,0.03450,-0.12129,-0.00609,0.31800
Dracula,0.89872,0.03511,-0.12192,-0.00589,0.31800
Dracula,0.89936,0.03436,-0.12061,-0.00587,0.31900
Dracula,0.90000,0.03347,-0.12064,-0.00574,0.31800
Dracula,0.90064,0.03237,-0.12125,-0.00558,0.31700
Dracula,0.90128,0.03178,-0.12068,-0.00582,0.31600
Dracula,0.90192,0.03178,-0.12045,-0.00593,0.31600
Dracula,0.90256,0.03237,-0.12093,-0.00622,0.31600
Dracula,0.90321,0.03231,-0.12186,-0.00602,0.31500
Dracula,0.90385,0.03022,-0.12141,-0.00622,0.31400
Dracula,0.90449,0.02884,-0.12201,-0.00584,0.31400
Dracula,0.90513,0.02761,-0.12226,-0.00533,0.31400
Dracula,0.90577,0.02700,-0.12216,-0.00541,0.31500
Dracula,0.90641,0.02559,-0.12104,-0.00561,0.31500
Dracula,0.90705,0.02520,-0.12162,-0.00551,0.31600
Dracula,0.90769,0.02494,-0.12145,-0.00532,0.31600
Dracula,0.90833,0.02431,-0.12094,-0.00528,0.31600
Dracula,0.90897,0.02435,-0.12099,-0.00535,0.31600
Dracula,0.90962,0.02420,-0.12138,-0.00526,0.31500
Dracula,0.91026,0.02469,-0.12125,-0.00531,0.31600
Dracula,0.91090,0.02530,-0.12176,-0.00535,0.31500
Dracula,0.91154,0.02592,-0.12201,-0.00528,0.31400
Dracula,0.91218,0.02598,-0.12156,-0.00540,0.31300
Dracula,0.91282,0.02536,-0.12248,-0.00518,0.31200
Dracula,0.91346,0.02532,-0.12156,-0.00536,0.31200
Dracula,0.91410,0.02523,-0.12080,-0.00529,0.31100
Dracula,0.91474,0.02495,-0.12039,-0.00519,0.31100
Dracula,0.91538,0.02491,-0.11982,-0.00562,0.31100
Dracula,0.91603,0.02450,-0.11975,-0.00597,0.31100
Dracula,0.91667,0.02415,-0.11895,-0.00626,0.31100
Dracula,0.91731,0.02392,-0.11934,-0.00626,0.31100
Dracula,0.91795,0.02317,-0.11938,-0.00649,0.31000
Dracula,0.91859,0.02240,-0.11932,-0.00651,0.31100
Dracula,0.91923,0.02341,-0.11927,-0.00666,0.31000
Dracula,0.91987,0.02264,-0.11870,-0.00657,0.31000
Dracula,0.92051,0.02196,-0.11844,-0.00630,0.31100
Dracula,0.92115,0.02147,-0.11867,-0.00621,0.31100
Dracula,0.92179,0.02194,-0.11782,-0.00629,0.31100
Dracula,0.92244,0.02153,-0.11711,-0.00603,0.31200
Dracula,0.92308,0.02112,-0.11677,-0.00589,0.31100
Dracula,0.92372,0.02037,-0.11586,-0.00572,0.31200
Dracula,0.92436,0.02092,-0.11580,-0.00601,0.31100
Dracula,0.92500,0.02172,-0.11487,-0.00600,0.31000
Dracula,0.92564,0.02075,-0.11443,-0.00617,0.30900
Dracula,0.92628,0.02161,-0.11365,-0.00663,0.30900
Dracula,0.92692,0.02125,-0.11379,-0.00653,0.30700
Dracula,0.92756,0.02085,-0.11466,-0.00654,0.30700
Dracula,0.92821,0.02043,-0.11418,-0.00649,0.30600
Dracula,0.92885,0.02012,-0.11368,-0.00659,0.30700
Dracula,0.92949,0.02160,-0.11505,-0.00658,0.30700
Dracula,0.93013,0.02201,-0.11529,-0.00648,0.30800
Dracula,0.93077,0.02158,-0.11436,-0.00617,0.30900
Dracula,0.93141,0.02143,-0.11395,-0.00608,0.30900
Dracula,0.93205,0.02060,-0.11367,-0.00573,0.30900
Dracula,0.93269,0.02051,-0.11326,-0.00624,0.31000
Dracula,0.93333,0.02001,-0.11264,-0.00633,0.31000
Dracula,0.93397,0.01891,-0.11260,-0.00651,0.31000
Dracula,0.93462,0.01935,-0.11308,-0.00625,0.31000
Dracula,0.93526,0.01998,-0.11268,-0.00628,0.30800
Dracula,0.93590,0.02213,-0.11381,-0.00581,0.30800
Dracula,0.93654,0.02296,-0.11459,-0.00598,0.30800
Dracula,0.93718,0.02354,-0.11497,-0.00591,0.30900
Dracula,0.93782,0.02341,-0.11416,-0.00625,0.30900
Dracula,0.93846,0.02342,-0.11445,-0.00608,0.30900
Dracula,0.93910,0.02356,-0.11404,-0.00623,0.31000
Dracula,0.93974,0.02435,-0.11389,-0.00625,0.31000
Dracula,0.94038,0.02358,-0.11236,-0.00581,0.31000
Dracula,0.94103,0.02271,-0.11181,-0.00543,0.31000
Dracula,0.94167,0.02247,-0.11145,-0.00566,0.30900
Dracula,0.94231,0.02262,-0.11273,-0.00553,0.30800
Dracula,0.94295,0.02328,-0.11287,-0.00525,0.30900
Dracula,0.94359,0.02356,-0.11288,-0.00489,0.30900
Dracula,0.94423,0.02346,-0.11363,-0.00498,0.30900
Dracula,0.94487,0.02399,-0.11353,-0.00457,0.30900
Dracula,0.94551,0.02459,-0.11210,-0.00429,0.30900
Dracula,0.94615,0.02461,-0.11267,-0.00453,0.30900
Dracula,0.94679,0.02571,-0.11257,-0.00445,0.30900
Dracula,0.94744,0.02598,-0.11286,-0.00449,0.31000
Dracula,0.94808,0.02705,-0.11384,-0.00425,0.31000
Dracula,0.94872,0.02882,-0.11536,-0.00418,0.31100
Dracula,0.94936,0.02828,-0.11476,-0.00442,0.31100
Dracula,0.95000,0.02726,-0.11355,-0.00435,0.31100
Dracula,0.95064,0.02711,-0.11499,-0.00429,0.31200
Dracula,0.95128,0.02652,-0.11464,-0.00408,0.31200
Dracula,0.95192,0.02616,-0.11460,-0.00399,0.31200
Dracula,0.95256,0.02514,-0.11495,-0.00370,0.31200
Dracula,0.95321,0.02527,-0.11445,-0.00362,0.31200
Dracula,0.95385,0.02580,-0.11447,-0.00384,0.31200
Dracula,0.95449,0.02527,-0.11497,-0.00390,0.31300
Dracula,0.95513,0.02330,-0.11420,-0.00409,0.31300
Dracula,0.95577,0.02283,-0.11446,-0.00405,0.31300
Dracula,0.95641,0.02145,-0.11469,-0.00438,0.31300
Dracula,0.95705,0.02158,-0.11503,-0.00411,0.31300
Dracula,0.95769,0.02173,-0.11451,-0.00403,0.31400
Dracula,0.95833,0.02208,-0.11461,-0.00375,0.31400
Dracula,0.95897,0.02187,-0.11437,-0.00355,0.31500
Dracula,0.95962,0.02036,-0.11498,-0.00292,0.31600
Dracula,0.96026,0.01990,-0.11543,-0.00260,0.31500
Dracula,0.96090,0.01915,-0.11505,-0.00243,0.31600
Dracula,0.96154,0.01914,-0.11525,-0.00199,0.31600
Dracula,0.96218,0.01821,-0.11586,-0.00231,0.31500
Dracula,0.96282,0.01779,-0.11621,-0.00227,0.31500
Dracula,0.96346,0.01745,-0.11717,-0.00211,0.31400
Dracula,0.96410,0.01692,-0.11676,-0.00219,0.31400
Dracula,0.96474,0.01615,-0.11731,-0.00199,0.31500
Dracula,0.96538,0.01434,-0.11681,-0.00173,0.31400
Dracula,0.96603,0.01363,-0.11556,-0.00116,0.31300
Dracula,0.96667,0.01228,-0.11504,-0.00089,0.31300
Dracula,0.96731,0.01178,-0.11527,-0.00115,0.31300
Dracula,0.96795,0.01237,-0.11439,-0.00067,0.31500
Dracula,0.96859,0.01361,-0.11385,-0.00087,0.31400
Dracula,0.96923,0.01287,-0.11242,-0.00096,0.31300
Dracula,0.96987,0.01239,-0.11166,-0.00062,0.31300
Dracula,0.97051,0.01349,-0.11160,-0.00058,0.31300
Dracula,0.97115,0.01425,-0.11162,-0.00053,0.31300
Dracula,0.97179,0.01357,-0.11177,-0.00071,0.31200
Dracula,0.97244,0.01378,-0.11263,-0.00101,0.31300
Dracula,0.97308,0.01413,-0.11164,-0.00108,0.31200
Dracula,0.97372,0.01497,-0.11130,-0.00111,0.31200
Dracula,0.97436,0.01472,-0.11083,-0.00072,0.31300
Dracula,0.97500,0.01349,-0.11003,-0.00059,0.31400
Dracula,0.97564,0.01254,-0.11026,-0.00030,0.31500
Dracula,0.97628,0.01306,-0.11048,0.00025,0.31500
Dracula,0.97692,0.01410,-0.10987,0.00015,0.31600
Dracula,0.97756,0.01385,-0.10928,0.00007,0.31500
Dracula,0.97821,0.01295,-0.10867,-0.00003,0.31500
Dracula,0.97885,0.01232,-0.10763,0.00016,0.31600
Dracula,0.97949,0.01193,-0.10749,0.00007,0.31600
Dracula,0.98013,0.01159,-0.10684,0.00044,0.31700
Dracula,0.98077,0.01164,-0.10714,0.00074,0.31600
Dracula,0.98141,0.01133,-0.10642,0.00050,0.31700
Dracula,0.98205,0.01060,-0.10565,0.00059,0.31800
Dracula,0.98269,0.01098,-0.10620,0.00071,0.31800
Dracula,0.98333,0.01045,-0.10596,0.00078,0.31800
Dracula,0.98397,0.01006,-0.10597,0.00069,0.31900
Dracula,0.98462,0.01046,-0.10595,0.00093,0.31800
Dracula,0.98526,0.00944,-0.10600,0.00109,0.31800
Dracula,0.98590,0.00854,-0.10670,0.00132,0.31700
Dracula,0.98654,0.00909,-0.10654,0.00132,0.31700
Dracula,0.98718,0.00930,-0.10653,0.00147,0.31700
Dracula,0.98782,0.00936,-0.10694,0.00135,0.31600
Dracula,0.98846,0.00827,-0.10685,0.00160,0.31500
Dracula,0.98910,0.00769,-0.10738,0.00142,0.31600
Dracula,0.98974,0.00817,-0.10711,0.00132,0.31700
Dracula,0.99038,0.00867,-0.10611,0.00137,0.31700
Dracula,0.99103,0.00885,-0.10416,0.00158,0.31700
Dracula,0.99167,0.00944,-0.10392,0.00143,0.31700
Dracula,0.99231,0.00963,-0.10346,0.00123,0.31700
Dracula,0.99295,0.00986,-0.10357,0.00134,0.31600
Dracula,0.99359,0.00861,-0.10294,0.00119,0.31600
Dracula,0.99423,0.00875,-0.10169,0.00166,0.31500
Dracula,0.99487,0.00903,-0.10203,0.00134,0.31500
Dracula,0.99551,0.00819,-0.10230,0.00090,0.31400
Dracula,0.99615,0.00865,-0.10253,0.00089,0.31400
Dracula,0.99679,0.00906,-0.10235,0.00099,0.31300
Dracula,0.99744,0.00974,-0.10346,0.00116,0.31300
Dracula,0.99808,0.01011,-0.10295,0.00101,0.31200
Dracula,0.99872,0.01095,-0.10350,0.00113,0.31200
Dracula,0.99936,0.01067,-0.10393,0.00073,0.31200
Dracula,1.00000,0.00942,-0.10381,0.00041,0.31300
Frankenstein,0.07153,0.07977,-0.12102,0.00318,0.32200
Frankenstein,0.07296,0.07893,-0.12047,0.00279,0.32100
Frankenstein,0.07439,0.07797,-0.11947,0.00265,0.32100
Frankenstein,0.07582,0.07764,-0.11872,0.00236,0.32000
Frankenstein,0.07725,0.07644,-0.11901,0.00203,0.32000
Frankenstein,0.07868,0.07619,-0.11887,0.00201,0.32000
Frankenstein,0.08011,0.07706,-0.11851,0.00228,0.31900
Frankenstein,0.08155,0.07663,-0.11808,0.00249,0.32000
Frankenstein,0.08298,0.07696,-0.11798,0.00218,0.31900
Frankenstein,0.08441,0.07434,-0.11814,0.00195,0.31900
Frankenstein,0.08584,0.07279,-0.11881,0.00142,0.31900
Frankenstein,0.08727,0.07299,-0.11926,0.00118,0.31800
Frankenstein,0.08870,0.07332,-0.11797,0.00056,0.31800
Frankenstein,0.09013,0.07292,-0.11831,0.00052,0.31700
Frankenstein,0.09156,0.07198,-0.11783,-0.00009,0.31600
Frankenstein,0.09299,0.07153,-0.11804,-0.00029,0.31600
Frankenstein,0.09442,0.07082,-0.11755,-0.00050,0.31600
Frankenstein,0.09585,0.07040,-0.11743,-0.00047,0.31700
Frankenstein,0.09728,0.06978,-0.11816,-0.00063,0.31600
Frankenstein,0.09871,0.06933,-0.11742,-0.00057,0.31500
Frankenstein,0.10014,0.06939,-0.11658,-0.00066,0.31500
Frankenstein,0.10157,0.06909,-0.11689,-0.00095,0.31600
Frankenstein,0.10300,0.06946,-0.11801,-0.00147,0.31500
Frankenstein,0.10443,0.07019,-0.11933,-0.00141,0.31500
Frankenstein,0.10587,0.06948,-0.11966,-0.00112,0.31500
Frankenstein,0.10730,0.06940,-0.11994,-0.00158,0.31500
Frankenstein,0.10873,0.07012,-0.11963,-0.00224,0.31500
Frankenstein,0.11016,0.07020,-0.11989,-0.00254,0.31400
Frankenstein,0.11159,0.06937,-0.11940,-0.00275,0.31400
Frankenstein,0.11302,0.07066,-0.11898,-0.00263,0.31500
Frankenstein,0.11445,0.07149,-0.11814,-0.00281,0.31500
Frankenstein,0.11588,0.07281,-0.11892,-0.00255,0.31500
Frankenstein,0.11731,0.07445,-0.11793,-0.00247,0.31400
Frankenstein,0.11874,0.07512,-0.11831,-0.00223,0.31400
Frankenstein,0.12017,0.07503,-0.11794,-0.00262,0.31400
Frankenstein,0.12160,0.07659,-0.11854,-0.00295,0.31400
Frankenstein,0.12303,0.07820,-0.11812,-0.00338,0.31500
Frankenstein,0.12446,0.07972,-0.11848,-0.00368,0.31500
Frankenstein,0.12589,0.08079,-0.11835,-0.00387,0.31700
Frankenstein,0.12732,0.08076,-0.11855,-0.00419,0.31700
Frankenstein,0.12876,0.08057,-0.11720,-0.00368,0.31700
Frankenstein,0.13019,0.08040,-0.11593,-0.00398,0.31700
Frankenstein,0.13162,0.08022,-0.11562,-0.00420,0.31600
Frankenstein,0.13305,0.08051,-0.11570,-0.00424,0.31600
Frankenstein,0.13448,0.08065,-0.11615,-0.00443,0.31700
Frankenstein,0.13591,0.07968,-0.11642,-0.00420,0.31800
Frankenstein,0.13734,0.08036,-0.11774,-0.00451,0.31600
Frankenstein,0.13877,0.07883,-0.11541,-0.00448,0.31700
Frankenstein,0.14020,0.07869,-0.11431,-0.00438,0.31600
Frankenstein,0.14163,0.07789,-0.11342,-0.00443,0.31600
Frankenstein,0.14306,0.07582,-0.11317,-0.00412,0.31600
Frankenstein,0.14449,0.07493,-0.11260,-0.00402,0.31500
Frankenstein,0.14592,0.07359,-0.11267,-0.00447,0.31500
Frankenstein,0.14735,0.07187,-0.11238,-0.00442,0.31500
Frankenstein,0.14878,0.07150,-0.11046,-0.00397,0.31400
Frankenstein,0.15021,0.06998,-0.10873,-0.00396,0.31400
Frankenstein,0.15165,0.06929,-0.10858,-0.00364,0.31400
Frankenstein,0.15308,0.06794,-0.10753,-0.00347,0.31400
Frankenstein,0.15451,0.06804,-0.10817,-0.00332,0.31300
Frankenstein,0.15594,0.06864,-0.10899,-0.00307,0.31400
Frankenstein,0.15737,0.07059,-0.11013,-0.00312,0.31300
Frankenstein,0.15880,0.07126,-0.11164,-0.00347,0.31300
Frankenstein,0.16023,0.06950,-0.11018,-0.00364,0.31200
Frankenstein,0.16166,0.06804,-0.10944,-0.00386,0.31200
Frankenstein,0.16309,0.06765,-0.10765,-0.00363,0.31200
Frankenstein,0.16452,0.06603,-0.10547,-0.00401,0.31300
Frankenstein,0.16595,0.06528,-0.10346,-0.00437,0.31300
Frankenstein,0.16738,0.06665,-0.10322,-0.00430,0.31300
Frankenstein,0.16881,0.06769,-0.10207,-0.00454,0.31200
Frankenstein,0.17024,0.06755,-0.10094,-0.00450,0.31200
Frankenstein,0.17167,0.06733,-0.10149,-0.00442,0.31200
Frankenstein,0.17310,0.06780,-0.10212,-0.00431,0.31300
Frankenstein,0.17454,0.06723,-0.10286,-0.00469,0.31400
Frankenstein,0.17597,0.06764,-0.10251,-0.00468,0.31400
Frankenstein,0.17740,0.06793,-0.10317,-0.00488,0.31500
Frankenstein,0.17883,0.06628,-0.10312,-0.00492,0.31500
Frankenstein,0.18026,0.06608,-0.10329,-0.00482,0.31600
Frankenstein,0.18169,0.06509,-0.10317,-0.00518,0.31600
Frankenstein,0.18312,0.06580,-0.10329,-0.00538,0.31600
Frankenstein,0.18455,0.06525,-0.10381,-0.00536,0.31600
Frankenstein,0.18598,0.06386,-0.10221,-0.00544,0.31600
Frankenstein,0.18741,0.06278,-0.10143,-0.00557,0.31500
Frankenstein,0.18884,0.06297,-0.10169,-0.00598,0.31500
Frankenstein,0.19027,0.06204,-0.10234,-0.00532,0.31600
Frankenstein,0.19170,0.06164,-0.10218,-0.00509,0.31600
Frankenstein,0.19313,0.06129,-0.10280,-0.00476,0.31700
Frankenstein,0.19456,0.05920,-0.10168,-0.00469,0.31700
Frankenstein,0.19599,0.05923,-0.10087,-0.00463,0.31700
Frankenstein,0.19742,0.05940,-0.10029,-0.00445,0.31800
Frankenstein,0.19886,0.05881,-0.10014,-0.00418,0.31700
Frankenstein,0.20029,0.05928,-0.10139,-0.00464,0.31800
Frankenstein,0.20172,0.06035,-0.10330,-0.00475,0.31700
Frankenstein,0.20315,0.06101,-0.10412,-0.00464,0.31700
Frankenstein,0.20458,0.06086,-0.10505,-0.00464,0.31700
Frankenstein,0.20601,0.05968,-0.10526,-0.00392,0.31800
Frankenstein,0.20744,0.05931,-0.10608,-0.00367,0.31700
Frankenstein,0.20887,0.06012,-0.10660,-0.00301,0.31700
Frankenstein,0.21030,0.06065,-0.10824,-0.00271,0.31700
Frankenstein,0.21173,0.06081,-0.10823,-0.00227,0.31800
Frankenstein,0.21316,0.06135,-0.10946,-0.00173,0.31800
Frankenstein,0.21459,0.06170,-0.10917,-0.00133,0.31800
Frankenstein,0.21602,0.06103,-0.10995,-0.00116,0.31800
Frankenstein,0.21745,0.06122,-0.11046,-0.00076,0.31700
Frankenstein,0.21888,0.06067,-0.10976,-0.00059,0.31700
Frankenstein,0.22031,0.06127,-0.10967,-0.00039,0.31800
Frankenstein,0.22175,0.06123,-0.10910,-0.00027,0.31900
Frankenstein,0.22318,0.06002,-0.10853,-0.00009,0.31900
Frankenstein,0.22461,0.05987,-0.10818,0.00042,0.32000
Frankenstein,0.22604,0.05821,-0.10705,0.00107,0.32000
Frankenstein,0.22747,0.05883,-0.10647,0.00123,0.32000
Frankenstein,0.22890,0.05843,-0.10656,0.00162,0.32000
Frankenstein,0.23033,0.05839,-0.10696,0.00200,0.32100
Frankenstein,0.23176,0.05683,-0.10671,0.00234,0.32100
Frankenstein,0.23319,0.05594,-0.10657,0.00242,0.32200
Frankenstein,0.23462,0.05606,-0.10484,0.00279,0.32200
Frankenstein,0.23605,0.05552,-0.10384,0.00296,0.32300
Frankenstein,0.23748,0.05531,-0.10353,0.00317,0.32300
Frankenstein,0.23891,0.05452,-0.10258,0.00349,0.32200
Frankenstein,0.24034,0.05389,-0.10055,0.00332,0.32200
Frankenstein,0.24177,0.05289,-0.09983,0.00344,0.32400
Frankenstein,0.24320,0.05247,-0.09917,0.00335,0.32400
Frankenstein,0.24464,0.05211,-0.09815,0.00356,0.32300
Frankenstein,0.24607,0.05202,-0.09745,0.00370,0.32300
Frankenstein,0.24750,0.05091,-0.09677,0.00360,0.32300
Frankenstein,0.24893,0.05067,-0.09693,0.00336,0.32300
Frankenstein,0.25036,0.04945,-0.09562,0.00341,0.32400
Frankenstein,0.25179,0.04849,-0.09452,0.00354,0.32400
Frankenstein,0.25322,0.04793,-0.09334,0.00401,0.32400
Frankenstein,0.25465,0.04701,-0.09282,0.00414,0.32300
Frankenstein,0.25608,0.04596,-0.09275,0.00438,0.32300
Frankenstein,0.25751,0.04617,-0.09321,0.00437,0.32300
Frankenstein,0.25894,0.04543,-0.09208,0.00402,0.32400
Frankenstein,0.26037,0.04560,-0.09315,0.00407,0.32400
Frankenstein,0.26180,0.04508,-0.09268,0.00401,0.32500
Frankenstein,0.26323,0.04380,-0.09248,0.00432,0.32400
Frankenstein,0.26466,0.04275,-0.09130,0.00467,0.32600
Frankenstein,0.26609,0.04149,-0.09087,0.00531,0.32400
Frankenstein,0.26753,0.04072,-0.09010,0.00575,0.32400
Frankenstein,0.26896,0.03917,-0.09021,0.00592,0.32200
Frankenstein,0.27039,0.03869,-0.09005,0.00635,0.32100
Frankenstein,0.27182,0.03902,-0.09113,0.00623,0.32000
Frankenstein,0.27325,0.03859,-0.09109,0.00640,0.32000
Frankenstein,0.27468,0.03783,-0.09056,0.00641,0.31900
Frankenstein,0.27611,0.03702,-0.08969,0.00616,0.31900
Frankenstein,0.27754,0.03639,-0.08921,0.00628,0.31800
Frankenstein,0.27897,0.03632,-0.08820,0.00635,0.31800
Frankenstein,0.28040,0.03631,-0.08853,0.00613,0.31900
Frankenstein,0.28183,0.03794,-0.09090,0.00622,0.31900
Frankenstein,0.28326,0.03887,-0.09091,0.00633,0.31900
Frankenstein,0.28469,0.03849,-0.09039,0.00659,0.31800
Frankenstein,0.28612,0.03901,-0.08960,0.00637,0.31700
Frankenstein,0.28755,0.03930,-0.08914,0.00625,0.31800
Frankenstein,0.28898,0.03960,-0.08897,0.00671,0.31900
Frankenstein,0.29041,0.03935,-0.08808,0.00645,0.31800
Frankenstein,0.29185,0.03898,-0.08817,0.00616,0.31800
Frankenstein,0.29328,0.03985,-0.08833,0.00617,0.31700
Frankenstein,0.29471,0.03975,-0.08673,0.00633,0.31600
Frankenstein,0.29614,0.04088,-0.08773,0.00669,0.31700
Frankenstein,0.29757,0.03990,-0.08540,0.00664,0.31900
Frankenstein,0.29900,0.03861,-0.08361,0.00652,0.31800
Frankenstein,0.30043,0.03766,-0.08308,0.00700,0.31800
Frankenstein,0.30186,0.03766,-0.08121,0.00764,0.31700
Frankenstein,0.30329,0.03844,-0.08142,0.00813,0.31900
Frankenstein,0.30472,0.03814,-0.07976,0.00816,0.31900
Frankenstein,0.30615,0.03853,-0.08077,0.00839,0.31900
Frankenstein,0.30758,0.03816,-0.08128,0.00811,0.31900
Frankenstein,0.30901,0.03890,-0.08198,0.00825,0.31900
Frankenstein,0.31044,0.03820,-0.08109,0.00805,0.32000
Frankenstein,0.31187,0.03863,-0.08153,0.00815,0.32000
Frankenstein,0.31330,0.03799,-0.08102,0.00771,0.32000
Frankenstein,0.31474,0.03676,-0.08049,0.00748,0.32000
Frankenstein,0.31617,0.03601,-0.07939,0.00727,0.31900
Frankenstein,0.31760,0.03551,-0.07695,0.00747,0.31800
Frankenstein,0.31903,0.03449,-0.07494,0.00712,0.31800
Frankenstein,0.32046,0.03366,-0.07335,0.00760,0.31800
Frankenstein,0.32189,0.03384,-0.07288,0.00748,0.31600
Frankenstein,0.32332,0.03416,-0.07225,0.00771,0.31600
Frankenstein,0.32475,0.03461,-0.07208,0.00793,0.31700
Frankenstein,0.32618,0.03362,-0.07079,0.00798,0.31600
Frankenstein,0.32761,0.03458,-0.07058,0.00821,0.31700
Frankenstein,0.32904,0.03512,-0.07030,0.00856,0.31700
Frankenstein,0.33047,0.03521,-0.06996,0.00864,0.31700
Frankenstein,0.33190,0.03426,-0.06894,0.00853,0.31700
Frankenstein,0.33333,0.03515,-0.06749,0.00791,0.31500
Frankenstein,0.33476,0.03567,-0.06759,0.00809,0.31400
Frankenstein,0.33619,0.03576,-0.06659,0.00834,0.31400
Frankenstein,0.33763,0.03544,-0.06602,0.00851,0.31400
Frankenstein,0.33906,0.03428,-0.06627,0.00847,0.31400
Frankenstein,0.34049,0.03365,-0.06560,0.00852,0.31400
Frankenstein,0.34192,0.03321,-0.06608,0.00879,0.31400
Frankenstein,0.34335,0.03204,-0.06516,0.00898,0.31500
Frankenstein,0.34478,0.03222,-0.06516,0.00911,0.31500
Frankenstein,0.34621,0.03061,-0.06414,0.00857,0.31600
Frankenstein,0.34764,0.03001,-0.06315,0.00857,0.31700
Frankenstein,0.34907,0.03095,-0.06320,0.00864,0.31700
Frankenstein,0.35050,0.02875,-0.06323,0.00835,0.31800
Frankenstein,0.35193,0.02694,-0.06248,0.00811,0.31900
Frankenstein,0.35336,0.02664,-0.06176,0.00830,0.31900
Frankenstein,0.35479,0.02490,-0.05948,0.00747,0.31900
Frankenstein,0.35622,0.02381,-0.05677,0.00703,0.31900
Frankenstein,0.35765,0.02455,-0.05615,0.00664,0.31900
Frankenstein,0.35908,0.02514,-0.05480,0.00656,0.32100
Frankenstein,0.36052,0.02602,-0.05511,0.00613,0.32100
Frankenstein,0.36195,0.02700,-0.05591,0.00609,0.32100
Frankenstein,0.36338,0.02638,-0.05606,0.00623,0.32100
Frankenstein,0.36481,0.02641,-0.05533,0.00591,0.32000
Frankenstein,0.36624,0.02687,-0.05461,0.00542,0.32000
Frankenstein,0.36767,0.02716,-0.05454,0.00470,0.32000
Frankenstein,0.36910,0.02866,-0.05526,0.00453,0.32000
Frankenstein,0.37053,0.02863,-0.05506,0.00450,0.32000
Frankenstein,0.37196,0.02900,-0.05395,0.00441,0.32000
Frankenstein,0.37339,0.02812,-0.05281,0.00419,0.31900
Frankenstein,0.37482,0.02869,-0.05288,0.00424,0.31900
Frankenstein,0.37625,0.02843,-0.05191,0.00421,0.31800
Frankenstein,0.37768,0.02757,-0.05288,0.00419,0.31800
Frankenstein,0.37911,0.02749,-0.05376,0.00426,0.31800
Frankenstein,0.38054,0.02765,-0.05468,0.00447,0.31700
Frankenstein,0.38197,0.02726,-0.05517,0.00457,0.31700
Frankenstein,0.38340,0.02724,-0.05513,0.00528,0.31700
Frankenstein,0.38484,0.02730,-0.05522,0.00519,0.31600
Frankenstein,0.38627,0.02707,-0.05614,0.00545,0.31600
Frankenstein,0.38770,0.02701,-0.05709,0.00589,0.31600
Frankenstein,0.38913,0.02653,-0.05650,0.00612,0.31600
Frankenstein,0.39056,0.02660,-0.05719,0.00618,0.31600
Frankenstein,0.39199,0.02655,-0.05640,0.00651,0.31600
Frankenstein,0.39342,0.02657,-0.05764,0.00665,0.31600
Frankenstein,0.39485,0.02614,-0.05828,0.00725,0.31400
Frankenstein,0.39628,0.02505,-0.05915,0.00684,0.31400
Frankenstein,0.39771,0.02530,-0.06092,0.00716,0.31500
Frankenstein,0.39914,0.02547,-0.06206,0.00667,0.31400
Frankenstein,0.40057,0.02440,-0.06299,0.00692,0.31400
Frankenstein,0.40200,0.02278,-0.06483,0.00743,0.31400
Frankenstein,0.40343,0.02094,-0.06455,0.00707,0.31300
Frankenstein,0.40486,0.01996,-0.06497,0.00724,0.31300
Frankenstein,0.40629,0.02001,-0.06560,0.00750,0.31300
Frankenstein,0.40773,0.02006,-0.06671,0.00728,0.31200
Frankenstein,0.40916,0.01983,-0.06769,0.00699,0.31200
Frankenstein,0.41059,0.01980,-0.06933,0.00707,0.31300
Frankenstein,0.41202,0.02054,-0.07000,0.00731,0.31400
Frankenstein,0.41345,0.02163,-0.07096,0.00698,0.31500
Frankenstein,0.41488,0.02133,-0.07184,0.00675,0.31500
Frankenstein,0.41631,0.02221,-0.07300,0.00665,0.31600
Frankenstein,0.41774,0.02258,-0.07279,0.00674,0.31700
Frankenstein,0.41917,0.02397,-0.07372,0.00699,0.31700
Frankenstein,0.42060,0.02309,-0.07381,0.00705,0.31700
Frankenstein,0.42203,0.02355,-0.07523,0.00723,0.31600
Frankenstein,0.42346,0.02452,-0.07515,0.00738,0.31600
Frankenstein,0.42489,0.02455,-0.07470,0.00715,0.31600
Frankenstein,0.42632,0.02454,-0.07623,0.00698,0.31600
Frankenstein,0.42775,0.02539,-0.07775,0.00696,0.31700
Frankenstein,0.42918,0.02616,-0.07921,0.00738,0.31600
Frankenstein,0.43062,0.02515,-0.08042,0.00753,0.31600
Frankenstein,0.43205,0.02525,-0.08165,0.00716,0.31500
Frankenstein,0.43348,0.02734,-0.08319,0.00707,0.31500
Frankenstein,0.43491,0.02833,-0.08436,0.00681,0.31500
Frankenstein,0.43634,0.02792,-0.08505,0.00695,0.31600
Frankenstein,0.43777,0.02765,-0.08767,0.00658,0.31600
Frankenstein,0.43920,0.02806,-0.08843,0.00608,0.31500
Frankenstein,0.44063,0.02886,-0.09037,0.00586,0.31400
Frankenstein,0.44206,0.03019,-0.09172,0.00617,0.31400
Frankenstein,0.44349,0.03110,-0.09239,0.00600,0.31600
Frankenstein,0.44492,0.03223,-0.09422,0.00615,0.31600
Frankenstein,0.44635,0.03146,-0.09507,0.00556,0.31400
Frankenstein,0.44778,0.03263,-0.09734,0.00564,0.31500
Frankenstein,0.44921,0.03247,-0.09783,0.00548,0.31400
Frankenstein,0.45064,0.03328,-0.09936,0.00541,0.31400
Frankenstein,0.45207,0.03337,-0.09966,0.00560,0.31300
Frankenstein,0.45351,0.03306,-0.10111,0.00572,0.31200
Frankenstein,0.45494,0.03203,-0.10154,0.00556,0.31200
Frankenstein,0.45637,0.03287,-0.10223,0.00589,0.31100
Frankenstein,0.45780,0.03397,-0.10259,0.00615,0.31200
Frankenstein,0.45923,0.03437,-0.10331,0.00611,0.31300
Frankenstein,0.46066,0.03589,-0.10543,0.00583,0.31200
Frankenstein,0.46209,0.03732,-0.10685,0.00586,0.31300
Frankenstein,0.46352,0.03698,-0.10656,0.00561,0.31400
Frankenstein,0.46495,0.03687,-0.10614,0.00547,0.31400
Frankenstein,0.46638,0.03627,-0.10567,0.00510,0.31400
Frankenstein,0.46781,0.03546,-0.10508,0.00478,0.31300
Frankenstein,0.46924,0.03627,-0.10680,0.00519,0.31400
Frankenstein,0.47067,0.03604,-0.10744,0.00543,0.31300
Frankenstein,0.47210,0.03674,-0.10865,0.00522,0.31300
Frankenstein,0.47353,0.03741,-0.10937,0.00532,0.31300
Frankenstein,0.47496,0.03931,-0.11044,0.00545,0.31300
Frankenstein,0.47639,0.03886,-0.10859,0.00504,0.31300
Frankenstein,0.47783,0.03767,-0.10666,0.00494,0.31300
Frankenstein,0.47926,0.03876,-0.10752,0.00465,0.31300
Frankenstein,0.48069,0.04100,-0.10912,0.00459,0.31400
Frankenstein,0.48212,0.04198,-0.10950,0.00458,0.31400
Frankenstein,0.48355,0.04434,-0.11110,0.00458,0.31400
Frankenstein,0.48498,0.04473,-0.11136,0.00420,0.31400
Frankenstein,0.48641,0.04585,-0.11228,0.00413,0.31300
Frankenstein,0.48784,0.04553,-0.11259,0.00428,0.31200
Frankenstein,0.48927,0.04658,-0.11203,0.00459,0.31100
Frankenstein,0.49070,0.04753,-0.11246,0.00482,0.31000
Frankenstein,0.49213,0.04731,-0.11144,0.00434,0.30900
Frankenstein,0.49356,0.04896,-0.11050,0.00449,0.30800
Frankenstein,0.49499,0.05090,-0.11059,0.00414,0.30700
Frankenstein,0.49642,0.05070,-0.11075,0.00344,0.30700
Frankenstein,0.49785,0.05113,-0.11310,0.00331,0.30600
Frankenstein,0.49928,0.05154,-0.11529,0.00343,0.30500
Frankenstein,0.50072,0.05153,-0.11644,0.00349,0.30500
Frankenstein,0.50215,0.05227,-0.11793,0.00333,0.30400
Frankenstein,0.50358,0.05170,-0.11787,0.00359,0.30400
Frankenstein,0.50501,0.05224,-0.11762,0.00349,0.30300
Frankenstein,0.50644,0.05275,-0.11753,0.00325,0.30200
Frankenstein,0.50787,0.05266,-0.11806,0.00335,0.30200
Frankenstein,0.50930,0.05355,-0.11871,0.00326,0.30200
Frankenstein,0.51073,0.05439,-0.11919,0.00364,0.30100
Frankenstein,0.51216,0.05565,-0.11982,0.00341,0.30200
Frankenstein,0.51359,0.05531,-0.11978,0.00337,0.30100
Frankenstein,0.51502,0.05587,-0.12015,0.00342,0.30200
Frankenstein,0.51645,0.05643,-0.11993,0.00346,0.30100
Frankenstein,0.51788,0.05700,-0.11982,0.00350,0.30200
Frankenstein,0.51931,0.05958,-0.12131,0.00356,0.30200
Frankenstein,0.52074,0.06001,-0.12190,0.00376,0.30200
Frankenstein,0.52217,0.06011,-0.12122,0.00383,0.30200
Frankenstein,0.52361,0.06000,-0.12092,0.00411,0.30200
Frankenstein,0.52504,0.06098,-0.12104,0.00387,0.30300
Frankenstein,0.52647,0.06060,-0.12212,0.00318,0.30200
Frankenstein,0.52790,0.06038,-0.12213,0.00334,0.30300
Frankenstein,0.52933,0.06067,-0.12219,0.00313,0.30300
Frankenstein,0.53076,0.06053,-0.12148,0.00299,0.30400
Frankenstein,0.53219,0.06123,-0.12247,0.00300,0.30400
Frankenstein,0.53362,0.06119,-0.12171,0.00329,0.30400
Frankenstein,0.53505,0.06084,-0.12200,0.00307,0.30400
Frankenstein,0.53648,0.06152,-0.12163,0.00282,0.30500
Frankenstein,0.53791,0.06263,-0.12166,0.00252,0.30600
Frankenstein,0.53934,0.06503,-0.12217,0.00263,0.30600
Frankenstein,0.54077,0.06543,-0.12106,0.00241,0.30600
Frankenstein,0.54220,0.06546,-0.11881,0.00236,0.30600
Frankenstein,0.54363,0.06631,-0.11633,0.00265,0.30600
Frankenstein,0.54506,0.06686,-0.11426,0.00235,0.30600
Frankenstein,0.54649,0.06726,-0.11307,0.00264,0.30600
Frankenstein,0.54793,0.06874,-0.11304,0.00237,0.30600
Frankenstein,0.54936,0.06966,-0.11346,0.00222,0.30500
Frankenstein,0.55079,0.06896,-0.11363,0.00223,0.30500
Frankenstein,0.55222,0.06873,-0.11230,0.00221,0.30500
Frankenstein,0.55365,0.06931,-0.11128,0.00209,0.30600
Frankenstein,0.55508,0.06837,-0.10984,0.00171,0.30500
Frankenstein,0.55651,0.06763,-0.10758,0.00176,0.30500
Frankenstein,0.55794,0.06777,-0.10544,0.00187,0.30600
Frankenstein,0.55937,0.06755,-0.10498,0.00175,0.30600
Frankenstein,0.56080,0.06811,-0.10582,0.00116,0.30500
Frankenstein,0.56223,0.06768,-0.10624,0.00096,0.30400
Frankenstein,0.56366,0.06831,-0.10514,0.00091,0.30400
Frankenstein,0.56509,0.06779,-0.10502,0.00078,0.30500
Frankenstein,0.56652,0.06660,-0.10429,0.00044,0.30500
Frankenstein,0.56795,0.06627,-0.10530,0.00030,0.30500
Frankenstein,0.56938,0.06536,-0.10494,0.00040,0.30500
Frankenstein,0.57082,0.06561,-0.10405,0.00064,0.30500
Frankenstein,0.57225,0.06469,-0.10206,0.00041,0.30500
Frankenstein,0.57368,0.06538,-0.10016,0.00041,0.30400
Frankenstein,0.57511,0.06606,-0.09862,0.00067,0.30500
Frankenstein,0.57654,0.06419,-0.09766,0.00089,0.30500
Frankenstein,0.57797,0.06390,-0.09769,0.00125,0.30500
Frankenstein,0.57940,0.06345,-0.09577,0.00122,0.30600
Frankenstein,0.58083,0.06346,-0.09311,0.00138,0.30600
Frankenstein,0.58226,0.06331,-0.09297,0.00144,0.30700
Frankenstein,0.58369,0.06308,-0.09188,0.00176,0.30600
Frankenstein,0.58512,0.06293,-0.09112,0.00171,0.30600
Frankenstein,0.58655,0.06196,-0.08914,0.00162,0.30500
Frankenstein,0.58798,0.06101,-0.08850,0.00104,0.30600
Frankenstein,0.58941,0.06098,-0.08791,0.00129,0.30700
Frankenstein,0.59084,0.06018,-0.08596,0.00092,0.30700
Frankenstein,0.59227,0.06016,-0.08465,0.00064,0.30700
Frankenstein,0.59371,0.06082,-0.08301,0.00064,0.30900
Frankenstein,0.59514,0.06054,-0.08292,0.00046,0.31000
Frankenstein,0.59657,0.06103,-0.08350,0.00077,0.31100
Frankenstein,0.59800,0.06198,-0.08371,0.00062,0.31100
Frankenstein,0.59943,0.06170,-0.08470,0.00023,0.31200
Frankenstein,0.60086,0.06253,-0.08438,-0.00011,0.31300
Frankenstein,0.60229,0.06258,-0.08354,-0.00027,0.31300
Frankenstein,0.60372,0.06138,-0.08200,-0.00001,0.31300
Frankenstein,0.60515,0.05976,-0.08078,-0.00016,0.31300
Frankenstein,0.60658,0.06068,-0.08177,-0.00005,0.31300
Frankenstein,0.60801,0.06071,-0.08197,-0.00021,0.31200
Frankenstein,0.60944,0.06147,-0.08262,0.00008,0.31400
Frankenstein,0.61087,0.06105,-0.08266,0.00050,0.31400
Frankenstein,0.61230,0.05977,-0.08157,0.00020,0.31400
Frankenstein,0.61373,0.05864,-0.08024,-0.00033,0.31300
Frankenstein,0.61516,0.05845,-0.07942,-0.00049,0.31400
Frankenstein,0.61660,0.05830,-0.07871,-0.00100,0.31400
Frankenstein,0.61803,0.05745,-0.07844,-0.00107,0.31400
Frankenstein,0.61946,0.05678,-0.08153,-0.00075,0.31500
Frankenstein,0.62089,0.05636,-0.08250,-0.00104,0.31500
Frankenstein,0.62232,0.05517,-0.08304,-0.00125,0.31500
Frankenstein,0.62375,0.05541,-0.08344,-0.00061,0.31600
Frankenstein,0.62518,0.05566,-0.08293,-0.00037,0.31700
Frankenstein,0.62661,0.05435,-0.08257,-0.00079,0.31700
Frankenstein,0.62804,0.05468,-0.08238,-0.00046,0.31700
Frankenstein,0.62947,0.05477,-0.08175,-0.00061,0.31800
Frankenstein,0.63090,0.05471,-0.08070,-0.00059,0.31900
Frankenstein,0.63233,0.05558,-0.08169,-0.00018,0.32000
Frankenstein,0.63376,0.05495,-0.08171,-0.00056,0.32000
Frankenstein,0.63519,0.05473,-0.08237,-0.00042,0.32100
Frankenstein,0.63662,0.05417,-0.08205,-0.00029,0.32100
Frankenstein,0.63805,0.05304,-0.08133,-0.00012,0.32100
Frankenstein,0.63948,0.05245,-0.08097,0.00005,0.32100
Frankenstein,0.64092,0.05315,-0.08102,0.00049,0.32000
Frankenstein,0.64235,0.05353,-0.08197,0.00080,0.32000
Frankenstein,0.64378,0.05228,-0.08094,0.00128,0.32000
Frankenstein,0.64521,0.05091,-0.07979,0.00130,0.32100
Frankenstein,0.64664,0.05086,-0.08007,0.00125,0.32000
Frankenstein,0.64807,0.04975,-0.07986,0.00110,0.32100
Frankenstein,0.64950,0.05027,-0.08040,0.00143,0.32200
Frankenstein,0.65093,0.05107,-0.08114,0.00135,0.32200
Frankenstein,0.65236,0.05100,-0.08197,0.00174,0.32300
Frankenstein,0.65379,0.05022,-0.08202,0.00171,0.32300
Frankenstein,0.65522,0.04922,-0.08166,0.00206,0.32200
Frankenstein,0.65665,0.05064,-0.08216,0.00192,0.32300
Frankenstein,0.65808,0.05136,-0.08285,0.00214,0.32200
Frankenstein,0.65951,0.05101,-0.08290,0.00201,0.32300
Frankenstein,0.66094,0.05162,-0.08316,0.00169,0.32200
Frankenstein,0.66237,0.05072,-0.08266,0.00171,0.32300
Frankenstein,0.66381,0.05122,-0.08296,0.00138,0.32200
Frankenstein,0.66524,0.05204,-0.08361,0.00161,0.32100
Frankenstein,0.66667,0.05253,-0.08356,0.00117,0.32000
Frankenstein,0.66810,0.05295,-0.08424,0.00149,0.32100
Frankenstein,0.66953,0.05448,-0.08482,0.00161,0.32100
Frankenstein,0.67096,0.05503,-0.08484,0.00105,0.32000
Frankenstein,0.67239,0.05449,-0.08426,0.00117,0.32000
Frankenstein,0.67382,0.05456,-0.08442,0.00083,0.31900
Frankenstein,0.67525,0.05521,-0.08456,0.00084,0.31900
Frankenstein,0.67668,0.05538,-0.08396,0.00096,0.31800
Frankenstein,0.67811,0.05487,-0.08343,0.00080,0.31700
Frankenstein,0.67954,0.05517,-0.08155,0.00081,0.31700
Frankenstein,0.68097,0.05417,-0.08061,0.00074,0.31600
Frankenstein,0.68240,0.05343,-0.08058,0.00128,0.31500
Frankenstein,0.68383,0.05340,-0.08126,0.00120,0.31500
Frankenstein,0.68526,0.05350,-0.08315,0.00117,0.31500
Frankenstein,0.68670,0.05156,-0.08508,0.00083,0.31500
Frankenstein,0.68813,0.05185,-0.08612,0.00085,0.31400
Frankenstein,0.68956,0.05195,-0.08727,0.00095,0.31400
Frankenstein,0.69099,0.05227,-0.08670,0.00094,0.31400
Frankenstein,0.69242,0.05191,-0.08465,0.00096,0.31400
Frankenstein,0.69385,0.05241,-0.08468,0.00081,0.31500
Frankenstein,0.69528,0.05220,-0.08520,0.00073,0.31500
Frankenstein,0.69671,0.05164,-0.08473,0.00061,0.31400
Frankenstein,0.69814,0.05205,-0.08536,0.00032,0.31400
Frankenstein,0.69957,0.05267,-0.08600,-0.00005,0.31400
Frankenstein,0.70100,0.05295,-0.08656,-0.00004,0.31200
Frankenstein,0.70243,0.05271,-0.08464,0.00018,0.31200
Frankenstein,0.70386,0.05130,-0.08502,0.00052,0.31200
Frankenstein,0.70529,0.05058,-0.08379,0.00068,0.31200
Frankenstein,0.70672,0.05103,-0.08439,0.00083,0.31200
Frankenstein,0.70815,0.05142,-0.08340,0.00071,0.31300
Frankenstein,0.70959,0.05127,-0.08193,0.00071,0.31400
Frankenstein,0.71102,0.05106,-0.07912,0.00066,0.31400
Frankenstein,0.71245,0.05060,-0.07861,0.00029,0.31400
Frankenstein,0.71388,0.05009,-0.07780,-0.00034,0.31400
Frankenstein,0.71531,0.05015,-0.07817,-0.00021,0.31500
Frankenstein,0.71674,0.04975,-0.07865,-0.00044,0.31500
Frankenstein,0.71817,0.04882,-0.07955,-0.00045,0.31500
Frankenstein,0.71960,0.04968,-0.08001,-0.00045,0.31500
Frankenstein,0.72103,0.04992,-0.08020,-0.00060,0.31500
Frankenstein,0.72246,0.05064,-0.08204,-0.00068,0.31400
Frankenstein,0.72389,0.05098,-0.08309,-0.00064,0.31300
Frankenstein,0.72532,0.05014,-0.08261,-0.00079,0.31300
Frankenstein,0.72675,0.04996,-0.08337,-0.00122,0.31400
Frankenstein,0.72818,0.04864,-0.08331,-0.00158,0.31300
Frankenstein,0.72961,0.04862,-0.08509,-0.00161,0.31300
Frankenstein,0.73104,0.04895,-0.08517,-0.00157,0.31300
Frankenstein,0.73247,0.04868,-0.08533,-0.00201,0.31200
Frankenstein,0.73391,0.04908,-0.08606,-0.00180,0.31100
Frankenstein,0.73534,0.04881,-0.08648,-0.00179,0.31100
Frankenstein,0.73677,0.04796,-0.08809,-0.00181,0.31100
Frankenstein,0.73820,0.04801,-0.08857,-0.00173,0.31000
Frankenstein,0.73963,0.04786,-0.08714,-0.00236,0.30900
Frankenstein,0.74106,0.04762,-0.08590,-0.00245,0.30900
Frankenstein,0.74249,0.04722,-0.08540,-0.00227,0.30800
Frankenstein,0.74392,0.04559,-0.08353,-0.00223,0.30700
Frankenstein,0.74535,0.04542,-0.08415,-0.00216,0.30700
Frankenstein,0.74678,0.04483,-0.08503,-0.00238,0.30700
Frankenstein,0.74821,0.04446,-0.08640,-0.00212,0.30600
Frankenstein,0.74964,0.04435,-0.08645,-0.00222,0.30600
Frankenstein,0.75107,0.04366,-0.08671,-0.00188,0.30600
Frankenstein,0.75250,0.04292,-0.08662,-0.00205,0.30500
Frankenstein,0.75393,0.04310,-0.08657,-0.00250,0.30400
Frankenstein,0.75536,0.04311,-0.08702,-0.00246,0.30500
Frankenstein,0.75680,0.04356,-0.08745,-0.00250,0.30500
Frankenstein,0.75823,0.04265,-0.08593,-0.00272,0.30500
Frankenstein,0.75966,0.04173,-0.08577,-0.00221,0.30500
Frankenstein,0.76109,0.04001,-0.08481,-0.00189,0.30400
Frankenstein,0.76252,0.03973,-0.08393,-0.00203,0.30300
Frankenstein,0.76395,0.04076,-0.08397,-0.00176,0.30300
Frankenstein,0.76538,0.04045,-0.08312,-0.00182,0.30300
Frankenstein,0.76681,0.03930,-0.08156,-0.00292,0.30300
Frankenstein,0.76824,0.03750,-0.08104,-0.00314,0.30200
Frankenstein,0.76967,0.03669,-0.08075,-0.00288,0.30100
Frankenstein,0.77110,0.03546,-0.08002,-0.00312,0.30200
Frankenstein,0.77253,0.03537,-0.07943,-0.00288,0.30200
Frankenstein,0.77396,0.03399,-0.07962,-0.00290,0.30000
Frankenstein,0.77539,0.03261,-0.07824,-0.00323,0.30000
Frankenstein,0.77682,0.03228,-0.07739,-0.00285,0.30100
Frankenstein,0.77825,0.03353,-0.07822,-0.00275,0.30100
Frankenstein,0.77969,0.03399,-0.07868,-0.00280,0.30100
Frankenstein,0.78112,0.03417,-0.07983,-0.00281,0.30200
Frankenstein,0.78255,0.03362,-0.07875,-0.00282,0.30200
Frankenstein,0.78398,0.03279,-0.07740,-0.00293,0.30300
Frankenstein,0.78541,0.03310,-0.07592,-0.00342,0.30200
Frankenstein,0.78684,0.03346,-0.07611,-0.00404,0.30300
Frankenstein,0.78827,0.03466,-0.07728,-0.00381,0.30200
Frankenstein,0.78970,0.03438,-0.07551,-0.00396,0.30300
Frankenstein,0.79113,0.03437,-0.07452,-0.00369,0.30200
Frankenstein,0.79256,0.03305,-0.07332,-0.00374,0.30300
Frankenstein,0.79399,0.03209,-0.07246,-0.00335,0.30200
Frankenstein,0.79542,0.03133,-0.07068,-0.00334,0.30200
Frankenstein,0.79685,0.03102,-0.07063,-0.00333,0.30100
Frankenstein,0.79828,0.03072,-0.07027,-0.00340,0.30200
Frankenstein,0.79971,0.03019,-0.06956,-0.00337,0.30100
Frankenstein,0.80114,0.02848,-0.06802,-0.00375,0.30100
Frankenstein,0.80258,0.02869,-0.06782,-0.00373,0.30100
Frankenstein,0.80401,0.02760,-0.06707,-0.00329,0.30200
Frankenstein,0.80544,0.02823,-0.06677,-0.00330,0.30200
Frankenstein,0.80687,0.02788,-0.06649,-0.00321,0.30200
Frankenstein,0.80830,0.02755,-0.06715,-0.00326,0.30300
Frankenstein,0.80973,0.02600,-0.06637,-0.00331,0.30400
Frankenstein,0.81116,0.02558,-0.06583,-0.00376,0.30300
Frankenstein,0.81259,0.02558,-0.06675,-0.00301,0.30400
Frankenstein,0.81402,0.02550,-0.06687,-0.00257,0.30400
Frankenstein,0.81545,0.02640,-0.06764,-0.00239,0.30400
Frankenstein,0.81688,0.02712,-0.06821,-0.00205,0.30600
Frankenstein,0.81831,0.02634,-0.06723,-0.00197,0.30700
Frankenstein,0.81974,0.02580,-0.06745,-0.00217,0.30900
Frankenstein,0.82117,0.02658,-0.06659,-0.00199,0.30900
Frankenstein,0.82260,0.02636,-0.06836,-0.00193,0.30900
Frankenstein,0.82403,0.02610,-0.06864,-0.00145,0.31000
Frankenstein,0.82546,0.02616,-0.06868,-0.00170,0.31100
Frankenstein,0.82690,0.02582,-0.06695,-0.00158,0.31100
Frankenstein,0.82833,0.02591,-0.06680,-0.00147,0.31100
Frankenstein,0.82976,0.02831,-0.06675,-0.00116,0.31200
Frankenstein,0.83119,0.02979,-0.06633,-0.00146,0.31300
Frankenstein,0.83262,0.02999,-0.06502,-0.00181,0.31400
Frankenstein,0.83405,0.02985,-0.06559,-0.00174,0.31500
Frankenstein,0.83548,0.03065,-0.06671,-0.00153,0.31400
Frankenstein,0.83691,0.03145,-0.06621,-0.00167,0.31400
Frankenstein,0.83834,0.03180,-0.06625,-0.00147,0.31500
Frankenstein,0.83977,0.03297,-0.06771,-0.00097,0.31400
Frankenstein,0.84120,0.03277,-0.06714,-0.00092,0.31400
Frankenstein,0.84263,0.03318,-0.06859,-0.00023,0.31500
Frankenstein,0.84406,0.03331,-0.06998,-0.00004,0.31600
Frankenstein,0.84549,0.03333,-0.07262,-0.00011,0.31600
Frankenstein,0.84692,0.03360,-0.07207,0.00004,0.31700
Frankenstein,0.84835,0.03392,-0.07206,0.00007,0.31800
Frankenstein,0.84979,0.03359,-0.07133,0.00037,0.31800
Frankenstein,0.85122,0.03340,-0.07196,0.00030,0.31700
Frankenstein,0.85265,0.03410,-0.07235,0.00037,0.31600
Frankenstein,0.85408,0.03250,-0.07399,0.00036,0.31600
Frankenstein,0.85551,0.03254,-0.07336,0.00053,0.31600
Frankenstein,0.85694,0.03249,-0.07412,0.00075,0.31600
Frankenstein,0.85837,0.03210,-0.07385,0.00085,0.31600
Frankenstein,0.85980,0.03194,-0.07445,0.00101,0.31600
Frankenstein,0.86123,0.03191,-0.07435,0.00083,0.31600
Frankenstein,0.86266,0.03218,-0.07315,0.00083,0.31600
Frankenstein,0.86409,0.03142,-0.07225,0.00087,0.31700
Frankenstein,0.86552,0.03144,-0.07236,0.00117,0.31600
Frankenstein,0.86695,0.03134,-0.07251,0.00088,0.31600
Frankenstein,0.86838,0.03132,-0.07182,0.00093,0.31700
Frankenstein,0.86981,0.03157,-0.07158,0.00142,0.31500
Frankenstein,0.87124,0.03196,-0.07053,0.00145,0.31500
Frankenstein,0.87268,0.03272,-0.06834,0.00100,0.31500
Frankenstein,0.87411,0.03329,-0.06835,0.00121,0.31500
Frankenstein,0.87554,0.03465,-0.06742,0.00143,0.31600
Frankenstein,0.87697,0.03580,-0.06723,0.00120,0.31600
Frankenstein,0.87840,0.03570,-0.06796,0.00117,0.31600
Frankenstein,0.87983,0.03599,-0.06573,0.00123,0.31700
Frankenstein,0.88126,0.03543,-0.06482,0.00074,0.31700
Frankenstein,0.88269,0.03563,-0.06395,0.00131,0.31800
Frankenstein,0.88412,0.03507,-0.06402,0.00109,0.31900
Frankenstein,0.88555,0.03531,-0.06380,0.00113,0.31900
Frankenstein,0.88698,0.03539,-0.06410,0.00120,0.31800
Frankenstein,0.88841,0.03480,-0.06238,0.00125,0.31900
Frankenstein,0.88984,0.03583,-0.06157,0.00147,0.32000
Frankenstein,0.89127,0.03650,-0.05952,0.00163,0.32000
Frankenstein,0.89270,0.03612,-0.05852,0.00204,0.32100
Frankenstein,0.89413,0.03573,-0.05761,0.00215,0.32100
Frankenstein,0.89557,0.03540,-0.05677,0.00217,0.32200
Frankenstein,0.89700,0.03591,-0.05632,0.00226,0.32300
Frankenstein,0.89843,0.03577,-0.05642,0.00194,0.32200
Frankenstein,0.89986,0.03582,-0.05661,0.00237,0.32200
Frankenstein,0.90129,0.03746,-0.05948,0.00282,0.32200
Frankenstein,0.90272,0.03816,-0.05876,0.00239,0.32200
Frankenstein,0.90415,0.03907,-0.05858,0.00187,0.32300
Frankenstein,0.90558,0.04013,-0.05721,0.00220,0.32400
Frankenstein,0.90701,0.04044,-0.05741,0.00224,0.32500
Frankenstein,0.90844,0.04085,-0.05742,0.00208,0.32500
Frankenstein,0.90987,0.04088,-0.05749,0.00249,0.32400
Frankenstein,0.91130,0.04221,-0.05708,0.00258,0.32400
Frankenstein,0.91273,0.04310,-0.05672,0.00258,0.32400
Frankenstein,0.91416,0.04399,-0.05652,0.00293,0.32400
Frankenstein,0.91559,0.04360,-0.05659,0.00285,0.32500
Frankenstein,0.91702,0.04322,-0.05575,0.00276,0.32600
Frankenstein,0.91845,0.04296,-0.05694,0.00272,0.32500
Frankenstein,0.91989,0.04321,-0.05690,0.00267,0.32400
Frankenstein,0.92132,0.04184,-0.05439,0.00246,0.32400
Frankenstein,0.92275,0.04196,-0.05452,0.00227,0.32400
Frankenstein,0.92418,0.04189,-0.05309,0.00265,0.32400
Frankenstein,0.92561,0.04336,-0.05361,0.00267,0.32400
Frankenstein,0.92704,0.04346,-0.05382,0.00254,0.32500
Frankenstein,0.92847,0.04361,-0.05406,0.00269,0.32500
Frankenstein,0.92990,0.04445,-0.05435,0.00302,0.32500
Frankenstein,0.93133,0.04449,-0.05459,0.00297,0.32500
Frankenstein,0.93276,0.04494,-0.05577,0.00290,0.32500
Frankenstein,0.93419,0.04624,-0.05714,0.00279,0.32500
Frankenstein,0.93562,0.04799,-0.05768,0.00255,0.32600
Frankenstein,0.93705,0.04882,-0.05774,0.00233,0.32600
Frankenstein,0.93848,0.04869,-0.05851,0.00231,0.32500
Frankenstein,0.93991,0.04913,-0.05895,0.00247,0.32600
Frankenstein,0.94134,0.04971,-0.05941,0.00239,0.32600
Frankenstein,0.94278,0.04944,-0.05993,0.00231,0.32700
Frankenstein,0.94421,0.05046,-0.06052,0.00265,0.32700
Frankenstein,0.94564,0.05059,-0.06085,0.00283,0.32900
Frankenstein,0.94707,0.05128,-0.06163,0.00278,0.32700
Frankenstein,0.94850,0.04991,-0.06014,0.00311,0.32700
Frankenstein,0.94993,0.04946,-0.05975,0.00326,0.32700
Frankenstein,0.95136,0.04954,-0.05889,0.00317,0.32700
Frankenstein,0.95279,0.05114,-0.05930,0.00340,0.32700
Frankenstein,0.95422,0.05163,-0.05848,0.00331,0.32600
Frankenstein,0.95565,0.05061,-0.05654,0.00239,0.32600
Frankenstein,0.95708,0.05046,-0.05671,0.00227,0.32600
Frankenstein,0.95851,0.04952,-0.05598,0.00203,0.32600
Frankenstein,0.95994,0.04857,-0.05441,0.00204,0.32500
Frankenstein,0.96137,0.04779,-0.05389,0.00181,0.32500
Frankenstein,0.96280,0.04872,-0.05324,0.00174,0.32400
Frankenstein,0.96423,0.04868,-0.05453,0.00153,0.32400
Frankenstein,0.96567,0.04807,-0.05372,0.00173,0.32400
Frankenstein,0.96710,0.04936,-0.05328,0.00133,0.32300
Frankenstein,0.96853,0.04920,-0.05133,0.00113,0.32400
Frankenstein,0.96996,0.04982,-0.05244,0.00117,0.32400
Frankenstein,0.97139,0.04979,-0.05245,0.00133,0.32400
Frankenstein,0.97282,0.04883,-0.05240,0.00126,0.32400
Frankenstein,0.97425,0.04774,-0.05333,0.00142,0.32500
Frankenstein,0.97568,0.04668,-0.05348,0.00136,0.32500
Frankenstein,0.97711,0.04631,-0.05228,0.00144,0.32400
Frankenstein,0.97854,0.04533,-0.05092,0.00106,0.32400
Frankenstein,0.97997,0.04399,-0.04966,0.00129,0.32400
Frankenstein,0.98140,0.04393,-0.04766,0.00125,0.32400
Frankenstein,0.98283,0.04301,-0.04485,0.00076,0.32400
Frankenstein,0.98426,0.04305,-0.04444,0.00110,0.32400
Frankenstein,0.98569,0.04061,-0.04192,0.00085,0.32400
Frankenstein,0.98712,0.04091,-0.04146,0.00075,0.32300
Frankenstein,0.98856,0.04122,-0.03972,0.00125,0.32400
Frankenstein,0.98999,0.04267,-0.03930,0.00100,0.32300
Frankenstein,0.99142,0.04295,-0.03881,0.00111,0.32200
Frankenstein,0.99285,0.04277,-0.03940,0.00071,0.32200
Frankenstein,0.99428,0.04302,-0.03917,0.00075,0.32200
Frankenstein,0.99571,0.04148,-0.04013,0.00093,0.32400
Frankenstein,0.99714,0.04306,-0.04079,0.00125,0.32400
Frankenstein,0.99857,0.04352,-0.04057,0.00112,0.32300
Frankenstein,1.00000,0.04336,-0.03970,0.00098,0.32400
Les Miserables,0.00897,0.01960,-0.12988,-0.02604,0.30500
Les Miserables,0.00914,0.01951,-0.12990,-0.02602,0.30500
Les Miserables,0.00932,0.01850,-0.12909,-0.02605,0.30500
Les Miserables,0.00950,0.01764,-0.12898,-0.02628,0.30500
Les Miserables,0.00968,0.01698,-0.13158,-0.02613,0.30500
Les Miserables,0.00986,0.01705,-0.13148,-0.02608,0.30500
Les Miserables,0.01004,0.01633,-0.13116,-0.02573,0.30500
Les Miserables,0.01022,0.01626,-0.13101,-0.02562,0.30500
Les Miserables,0.01040,0.01725,-0.13073,-0.02562,0.30500
Les Miserables,0.01058,0.01680,-0.12945,-0.02589,0.30400
Les Miserables,0.01076,0.01589,-0.12867,-0.02617,0.30300
Les Miserables,0.01094,0.01391,-0.12860,-0.02480,0.30300
Les Miserables,0.01112,0.01312,-0.12807,-0.02434,0.30300
Les Miserables,0.01130,0.01282,-0.12743,-0.02385,0.30300
Les Miserables,0.01148,0.01441,-0.12772,-0.02332,0.30300
Les Miserables,0.01166,0.01602,-0.12825,-0.02358,0.30300
Les Miserables,0.01183,0.01663,-0.12879,-0.02366,0.30200
Les Miserables,0.01201,0.01662,-0.12775,-0.02381,0.30200
Les Miserables,0.01219,0.01729,-0.12705,-0.02335,0.30400
Les Miserables,0.01237,0.01693,-0.12618,-0.02293,0.30600
Les Miserables,0.01255,0.01641,-0.12645,-0.02286,0.30900
Les Miserables,0.01273,0.01729,-0.12701,-0.02241,0.31100
Les Miserables,0.01291,0.01667,-0.12577,-0.02176,0.31200
Les Miserables,0.01309,0.01627,-0.12488,-0.02181,0.31200
Les Miserables,0.01327,0.01624,-0.12527,-0.02116,0.31200
Les Miserables,0.01345,0.01625,-0.12536,-0.02102,0.31100
Les Miserables,0.01363,0.01700,-0.12497,-0.02061,0.31200
Les Miserables,0.01381,0.01777,-0.12494,-0.02063,0.31200
Les Miserables,0.01399,0.01779,-0.12527,-0.02063,0.31500
Les Miserables,0.01417,0.01735,-0.12590,-0.02024,0.31600
Les Miserables,0.01434,0.01624,-0.12634,-0.02037,0.31600
Les Miserables,0.01452,0.01490,-0.12670,-0.02029,0.31600
Les Miserables,0.01470,0.01463,-0.12651,-0.01992,0.31600
Les Miserables,0.01488,0.01529,-0.12697,-0.01966,0.31500
Les Miserables,0.01506,0.01434,-0.12620,-0.01939,0.31500
Les Miserables,0.01524,0.01353,-0.12604,-0.01910,0.31600
Les Miserables,0.01542,0.01318,-0.12568,-0.01946,0.31600
Les Miserables,0.01560,0.01365,-0.12597,-0.01893,0.31700
Les Miserables,0.01578,0.01388,-0.12489,-0.01889,0.31600
Les Miserables,0.01596,0.01389,-0.12467,-0.01878,0.31500
Les Miserables,0.01614,0.01367,-0.12465,-0.01855,0.31500
Les Miserables,0.01632,0.01386,-0.12421,-0.01861,0.31500
Les Miserables,0.01650,0.01375,-0.12486,-0.01865,0.31500
Les Miserables,0.01668,0.01321,-0.12522,-0.01900,0.31500
Les Miserables,0.01685,0.01349,-0.12467,-0.01912,0.31400
Les Miserables,0.01703,0.01287,-0.12369,-0.01917,0.31400
Les Miserables,0.01721,0.01308,-0.12300,-0.01942,0.31300
Les Miserables,0.01739,0.01350,-0.12257,-0.01935,0.31300
Les Miserables,0.01757,0.01371,-0.12216,-0.01965,0.31400
Les Miserables,0.01775,0.01318,-0.12235,-0.01990,0.31500
Les Miserables,0.01793,0.01254,-0.12376,-0.01967,0.31600
Les Miserables,0.01811,0.01350,-0.12568,-0.01989,0.31600
Les Miserables,0.01829,0.01312,-0.12691,-0.02024,0.31600
Les Miserables,0.01847,0.01377,-0.12817,-0.01998,0.31600
Les Miserables,0.01865,0.01270,-0.12969,-0.01984,0.31700
Les Miserables,0.01883,0.01251,-0.13158,-0.01961,0.31700
Les Miserables,0.01901,0.01206,-0.13243,-0.01956,0.31700
Les Miserables,0.01919,0.01326,-0.13330,-0.01951,0.31800
Les Miserables,0.01937,0.01324,-0.13306,-0.01964,0.31800
Les Miserables,0.01954,0.01439,-0.13325,-0.01970,0.31800
Les Miserables,0.01972,0.01542,-0.13323,-0.02037,0.31900
Les Miserables,0.01990,0.01501,-0.13100,-0.02033,0.32000
Les Miserables,0.02008,0.01562,-0.13058,-0.02041,0.32100
Les Miserables,0.02026,0.01580,-0.13024,-0.02062,0.32200
Les Miserables,0.02044,0.01578,-0.13096,-0.02094,0.32200
Les Miserables,0.02062,0.01452,-0.13196,-0.02077,0.32200
Les Miserables,0.02080,0.01424,-0.13238,-0.02051,0.32200
Les Miserables,0.02098,0.01428,-0.13245,-0.02050,0.32100
Les Miserables,0.02116,0.01358,-0.13249,-0.02014,0.32100
Les Miserables,0.02134,0.01313,-0.13160,-0.02034,0.32100
Les Miserables,0.02152,0.01303,-0.13111,-0.01981,0.32100
Les Miserables,0.02170,0.01394,-0.13152,-0.01994,0.32100
Les Miserables,0.02188,0.01450,-0.13103,-0.01961,0.32000
Les Miserables,0.02205,0.01474,-0.13088,-0.01994,0.32100
Les Miserables,0.02223,0.01468,-0.13028,-0.02008,0.32000
Les Miserables,0.02241,0.01529,-0.12992,-0.02046,0.32000
Les Miserables,0.02259,0.01556,-0.12913,-0.01972,0.32000
Les Miserables,0.02277,0.01613,-0.12777,-0.02009,0.32000
Les Miserables,0.02295,0.01585,-0.12607,-0.01929,0.31900
Les Miserables,0.02313,0.01735,-0.12522,-0.01913,0.31800
Les Miserables,0.02331,0.01848,-0.12457,-0.01898,0.31800
Les Miserables,0.02349,0.01883,-0.12499,-0.01907,0.31900
Les Miserables,0.02367,0.01876,-0.12278,-0.01935,0.31800
Les Miserables,0.02385,0.01871,-0.12209,-0.01960,0.31800
Les Miserables,0.02403,0.01949,-0.12141,-0.02003,0.31700
Les Miserables,0.02421,0.02031,-0.12120,-0.02010,0.31600
Les Miserables,0.02439,0.01980,-0.11978,-0.02010,0.31700
Les Miserables,0.02457,0.02021,-0.12005,-0.02001,0.31700
Les Miserables,0.02474,0.02157,-0.11980,-0.01987,0.31700
Les Miserables,0.02492,0.02227,-0.11899,-0.01929,0.31900
Les Miserables,0.02510,0.02405,-0.11869,-0.01964,0.31800
Les Miserables,0.02528,0.02470,-0.11855,-0.01976,0.31700
Les Miserables,0.02546,0.02457,-0.11783,-0.01983,0.31700
Les Miserables,0.02564,0.02495,-0.11576,-0.01962,0.31800
Les Miserables,0.02582,0.02480,-0.11496,-0.01939,0.31800
Les Miserables,0.02600,0.02443,-0.11495,-0.01977,0.31900
Les Miserables,0.02618,0.02423,-0.11409,-0.01939,0.31800
Les Miserables,0.02636,0.02495,-0.11383,-0.01919,0.31900
Les Miserables,0.02654,0.02649,-0.11345,-0.01869,0.31900
Les Miserables,0.02672,0.02767,-0.11369,-0.01866,0.32000
Les Miserables,0.02690,0.02749,-0.11298,-0.01884,0.32000
Les Miserables,0.02708,0.02798,-0.11136,-0.01841,0.32000
Les Miserables,0.02725,0.02901,-0.11207,-0.01809,0.32100
Les Miserables,0.02743,0.02991,-0.11278,-0.01847,0.32100
Les Miserables,0.02761,0.03028,-0.11104,-0.01890,0.32000
Les Miserables,0.02779,0.02962,-0.11153,-0.01863,0.31900
Les Miserables,0.02797,0.02973,-0.11167,-0.01901,0.31900
Les Miserables,0.02815,0.03090,-0.11175,-0.01936,0.31900
Les Miserables,0.02833,0.03159,-0.11206,-0.01955,0.31800
Les Miserables,0.02851,0.03267,-0.11269,-0.01971,0.31800
Les Miserables,0.02869,0.03436,-0.11317,-0.01969,0.31900
Les Miserables,0.02887,0.03393,-0.11309,-0.01959,0.31900
Les Miserables,0.02905,0.03413,-0.11276,-0.01977,0.31800
Les Miserables,0.02923,0.03440,-0.11139,-0.01956,0.31900
Les Miserables,0.02941,0.03488,-0.11166,-0.01934,0.32000
Les Miserables,0.02959,0.03452,-0.11126,-0.01901,0.32000
Les Miserables,0.02977,0.03505,-0.11039,-0.01901,0.32200
Les Miserables,0.02994,0.03549,-0.11079,-0.01856,0.32200
Les Miserables,0.03012,0.03539,-0.11106,-0.01905,0.32100
Les Miserables,0.03030,0.03622,-0.11171,-0.01946,0.32100
Les Miserables,0.03048,0.03700,-0.11112,-0.01974,0.31900
Les Miserables,0.03066,0.03612,-0.11019,-0.02017,0.31900
Les Miserables,0.03084,0.03575,-0.11058,-0.02038,0.31800
Les Miserables,0.03102,0.03773,-0.11156,-0.02015,0.31800
Les Miserables,0.03120,0.03783,-0.11160,-0.02030,0.31800
Les Miserables,0.03138,0.03827,-0.11246,-0.02021,0.31800
Les Miserables,0.03156,0.03927,-0.11352,-0.02080,0.31900
Les Miserables,0.03174,0.03924,-0.11418,-0.02078,0.31900
Les Miserables,0.03192,0.03849,-0.11447,-0.02063,0.32000
Les Miserables,0.03210,0.03894,-0.11438,-0.02035,0.32100
Les Miserables,0.03228,0.04127,-0.11375,-0.02031,0.32100
Les Miserables,0.03245,0.04233,-0.11263,-0.02017,0.32100
Les Miserables,0.03263,0.04290,-0.11393,-0.02055,0.32300
Les Miserables,0.03281,0.04324,-0.11414,-0.02054,0.32400
Les Miserables,0.03299,0.04470,-0.11497,-0.02090,0.32500
Les Miserables,0.03317,0.04560,-0.11456,-0.02102,0.32600
Les Miserables,0.03335,0.04676,-0.11467,-0.02073,0.32600
Les Miserables,0.03353,0.04675,-0.11431,-0.02094,0.32600
Les Miserables,0.03371,0.04680,-0.11421,-0.02067,0.32600
Les Miserables,0.03389,0.04642,-0.11417,-0.02093,0.32700
Les Miserables,0.03407,0.04623,-0.11309,-0.02130,0.32600
Les Miserables,0.03425,0.04673,-0.11271,-0.02150,0.32800
Les Miserables,0.03443,0.04576,-0.11203,-0.02115,0.32700
Les Miserables,0.03461,0.04380,-0.11204,-0.02054,0.32900
Les Miserables,0.03479,0.04261,-0.11246,-0.01996,0.33000
Les Miserables,0.03497,0.04233,-0.11364,-0.01990,0.33000
Les Miserables,0.03514,0.04232,-0.11317,-0.01994,0.33000
Les Miserables,0.03532,0.04270,-0.11394,-0.02026,0.32900
Les Miserables,0.03550,0.04397,-0.11442,-0.02008,0.32700
Les Miserables,0.03568,0.04404,-0.11468,-0.01998,0.32700
Les Miserables,0.03586,0.04476,-0.11384,-0.01997,0.32700
Les Miserables,0.03604,0.04311,-0.11336,-0.01978,0.32700
Les Miserables,0.03622,0.04242,-0.11318,-0.01949,0.32700
Les Miserables,0.03640,0.04224,-0.11317,-0.01944,0.32700
Les Miserables,0.03658,0.04378,-0.11330,-0.01965,0.32600
Les Miserables,0.03676,0.04366,-0.11284,-0.01993,0.32600
Les Miserables,0.03694,0.04368,-0.11282,-0.01954,0.32600
Les Miserables,0.03712,0.04305,-0.11278,-0.01924,0.32500
Les Miserables,0.03730,0.04281,-0.11314,-0.01928,0.32500
Les Miserables,0.03748,0.04238,-0.11297,-0.01897,0.32500
Les Miserables,0.03765,0.04033,-0.11409,-0.01841,0.32400
Les Miserables,0.03783,0.03957,-0.11574,-0.01844,0.32400
Les Miserables,0.03801,0.03894,-0.11718,-0.01841,0.32300
Les Miserables,0.03819,0.03728,-0.11803,-0.01864,0.32300
Les Miserables,0.03837,0.03697,-0.11849,-0.01838,0.32200
Les Miserables,0.03855,0.03709,-0.11865,-0.01832,0.32100
Les Miserables,0.03873,0.03718,-0.11802,-0.01825,0.32100
Les Miserables,0.03891,0.03636,-0.11860,-0.01851,0.32100
Les Miserables,0.03909,0.03554,-0.11924,-0.01865,0.32200
Les Miserables,0.03927,0.03667,-0.12041,-0.01758,0.32200
Les Miserables,0.03945,0.03569,-0.12038,-0.01781,0.32300
Les Miserables,0.03963,0.03496,-0.12033,-0.01788,0.32300
Les Miserables,0.03981,0.03432,-0.11942,-0.01828,0.32300
Les Miserables,0.03999,0.03322,-0.11853,-0.01788,0.32400
Les Miserables,0.04016,0.03247,-0.11784,-0.01809,0.32500
Les Miserables,0.04034,0.03115,-0.11803,-0.01773,0.32600
Les Miserables,0.04052,0.03021,-0.11831,-0.01770,0.32600
Les Miserables,0.04070,0.02974,-0.11905,-0.01747,0.32600
Les Miserables,0.04088,0.02887,-0.12010,-0.01777,0.32500
Les Miserables,0.04106,0.02723,-0.12061,-0.01755,0.32600
Les Miserables,0.04124,0.02590,-0.12059,-0.01741,0.32600
Les Miserables,0.04142,0.02502,-0.12046,-0.01708,0.32600
Les Miserables,0.04160,0.02522,-0.12100,-0.01701,0.32600
Les Miserables,0.04178,0.02529,-0.12146,-0.01682,0.32600
Les Miserables,0.04196,0.02545,-0.12227,-0.01668,0.32700
Les Miserables,0.04214,0.02433,-0.12260,-0.01660,0.32700
Les Miserables,0.04232,0.02575,-0.12372,-0.01664,0.32600
Les Miserables,0.04250,0.02610,-0.12368,-0.01641,0.32400
Les Miserables,0.04268,0.02571,-0.12421,-0.01642,0.32400
Les Miserables,0.04285,0.02450,-0.12494,-0.01602,0.32400
Les Miserables,0.04303,0.02290,-0.12547,-0.01529,0.32600
Les Miserables,0.04321,0.02198,-0.12576,-0.01463,0.32700
Les Miserables,0.04339,0.02325,-0.12701,-0.01435,0.32700
Les Miserables,0.04357,0.02373,-0.12975,-0.01468,0.32700
Les Miserables,0.04375,0.02370,-0.12906,-0.01477,0.32700
Les Miserables,0.04393,0.02479,-0.12888,-0.01429,0.32700
Les Miserables,0.04411,0.02491,-0.12939,-0.01451,0.32800
Les Miserables,0.04429,0.02491,-0.12895,-0.01458,0.32700
Les Miserables,0.04447,0.02392,-0.12826,-0.01469,0.32600
Les Miserables,0.04465,0.02239,-0.12816,-0.01475,0.32600
Les Miserables,0.04483,0.02285,-0.12859,-0.01463,0.32600
Les Miserables,0.04501,0.02223,-0.12995,-0.01452,0.32700
Les Miserables,0.04519,0.02095,-0.13027,-0.01480,0.32700
Les Miserables,0.04536,0.01971,-0.13011,-0.01414,0.32700
Les Miserables,0.04554,0.01973,-0.13164,-0.01392,0.32800
Les Miserables,0.04572,0.01933,-0.13102,-0.01424,0.32800
Les Miserables,0.04590,0.01901,-0.13059,-0.01404,0.32900
Les Miserables,0.04608,0.01790,-0.13077,-0.01435,0.33000
Les Miserables,0.04626,0.01725,-0.13063,-0.01406,0.33100
Les Miserables,0.04644,0.01661,-0.13041,-0.01404,0.33100
Les Miserables,0.04662,0.01522,-0.13047,-0.01394,0.33200
Les Miserables,0.04680,0.01578,-0.13106,-0.01440,0.33100
Les Miserables,0.04698,0.01522,-0.13164,-0.01433,0.33100
Les Miserables,0.04716,0.01432,-0.13298,-0.01479,0.33100
Les Miserables,0.04734,0.01204,-0.13254,-0.01516,0.33100
Les Miserables,0.04752,0.01126,-0.13268,-0.01515,0.32900
Les Miserables,0.04770,0.01033,-0.13316,-0.01488,0.32800
Les Miserables,0.04788,0.00947,-0.13279,-0.01497,0.32800
Les Miserables,0.04805,0.00820,-0.13379,-0.01448,0.32900
Les Miserables,0.04823,0.00688,-0.13449,-0.01467,0.32900
Les Miserables,0.04841,0.00748,-0.13565,-0.01455,0.33000
Les Miserables,0.04859,0.00802,-0.13601,-0.01447,0.33000
Les Miserables,0.04877,0.00893,-0.13650,-0.01458,0.33000
Les Miserables,0.04895,0.00773,-0.13610,-0.01479,0.33000
Les Miserables,0.04913,0.00759,-0.13618,-0.01485,0.32900
Les Miserables,0.04931,0.00760,-0.13565,-0.01467,0.32800
Les Miserables,0.04949,0.00641,-0.13522,-0.01397,0.32700
Les Miserables,0.04967,0.00564,-0.13508,-0.01409,0.32600
Les Miserables,0.04985,0.00631,-0.13407,-0.01418,0.32500
Les Miserables,0.05003,0.00595,-0.13367,-0.01445,0.32500
Les Miserables,0.05021,0.00436,-0.13378,-0.01462,0.32400
Les Miserables,0.05039,0.00379,-0.13473,-0.01459,0.32300
Les Miserables,0.05056,0.00318,-0.13393,-0.01450,0.32200
Les Miserables,0.05074,0.00152,-0.13349,-0.01453,0.32100
Les Miserables,0.05092,0.00044,-0.13390,-0.01436,0.32000
Les Miserables,0.05110,-0.00083,-0.13581,-0.01416,0.32100
Les Miserables,0.05128,-0.00130,-0.13476,-0.01430,0.32200
Les Miserables,0.05146,-0.00186,-0.13415,-0.01433,0.32200
Les Miserables,0.05164,-0.00175,-0.13520,-0.01476,0.32200
Les Miserables,0.05182,-0.00233,-0.13603,-0.01451,0.32200
Les Miserables,0.05200,-0.00279,-0.13630,-0.01419,0.32200
Les Miserables,0.05218,-0.00432,-0.13701,-0.01351,0.32100
Les Miserables,0.05236,-0.00434,-0.13751,-0.01306,0.32200
Les Miserables,0.05254,-0.00361,-0.13759,-0.01293,0.32000
Les Miserables,0.05272,-0.00345,-0.13744,-0.01283,0.31900
Les Miserables,0.05290,-0.00371,-0.13641,-0.01239,0.31900
Les Miserables,0.05308,-0.00360,-0.13474,-0.01237,0.32000
Les Miserables,0.05325,-0.00363,-0.13223,-0.01229,0.32200
Les Miserables,0.05343,-0.00493,-0.13142,-0.01226,0.32200
Les Miserables,0.05361,-0.00579,-0.13039,-0.01248,0.32300
Les Miserables,0.05379,-0.00656,-0.13052,-0.01247,0.32100
Les Miserables,0.05397,-0.00679,-0.13028,-0.01248,0.32100
Les Miserables,0.05415,-0.00629,-0.13029,-0.01263,0.32000
Les Miserables,0.05433,-0.00726,-0.13024,-0.01266,0.31900
Les Miserables,0.05451,-0.00889,-0.13022,-0.01253,0.32000
Les Miserables,0.05469,-0.01114,-0.13000,-0.01242,0.31900
Les Miserables,0.05487,-0.01170,-0.12989,-0.01260,0.31900
Les Miserables,0.05505,-0.01219,-0.12938,-0.01254,0.32000
Les Miserables,0.05523,-0.01188,-0.12855,-0.01238,0.32000
Les Miserables,0.05541,-0.01280,-0.12986,-0.01235,0.32100
Les Miserables,0.05559,-0.01272,-0.12855,-0.01183,0.32100
Les Miserables,0.05576,-0.01255,-0.12790,-0.01177,0.32100
Les Miserables,0.05594,-0.01254,-0.12661,-0.01198,0.32100
Les Miserables,0.05612,-0.01258,-0.12489,-0.01142,0.32100
Les Miserables,0.05630,-0.01215,-0.12347,-0.01150,0.32100
Les Miserables,0.05648,-0.01259,-0.12119,-0.01178,0.32200
Les Miserables,0.05666,-0.01142,-0.12028,-0.01196,0.32200
Les Miserables,0.05684,-0.01075,-0.11873,-0.01198,0.32200
Les Miserables,0.05702,-0.00992,-0.11721,-0.01187,0.32100
Les Miserables,0.05720,-0.01014,-0.11538,-0.01255,0.31900
Les Miserables,0.05738,-0.00884,-0.11436,-0.01277,0.32000
Les Miserables,0.05756,-0.00780,-0.11375,-0.01283,0.31900
Les Miserables,0.05774,-0.00766,-0.11326,-0.01307,0.32000
Les Miserables,0.05792,-0.00754,-0.11293,-0.01349,0.32000
Les Miserables,0.05810,-0.00663,-0.11406,-0.01329,0.32000
Les Miserables,0.05828,-0.00537,-0.11381,-0.01364,0.31900
Les Miserables,0.05845,-0.00482,-0.11312,-0.01361,0.31900
Les Miserables,0.05863,-0.00508,-0.11159,-0.01363,0.31900
Les Miserables,0.05881,-0.00385,-0.11094,-0.01342,0.32000
Les Miserables,0.05899,-0.00295,-0.10996,-0.01347,0.32000
Les Miserables,0.05917,-0.00146,-0.11018,-0.01345,0.31900
Les Miserables,0.05935,-0.00092,-0.10972,-0.01318,0.31900
Les Miserables,0.05953,-0.00119,-0.10891,-0.01287,0.32000
Les Miserables,0.05971,-0.00060,-0.10751,-0.01285,0.32000
Les Miserables,0.05989,-0.00104,-0.10569,-0.01279,0.31900
Les Miserables,0.06007,-0.00058,-0.10539,-0.01326,0.31900
Les Miserables,0.06025,-0.00100,-0.10492,-0.01297,0.32000
Les Miserables,0.06043,-0.00013,-0.10425,-0.01285,0.32100
Les Miserables,0.06061,0.00040,-0.10253,-0.01275,0.32100
Les Miserables,0.06079,0.00128,-0.10069,-0.01350,0.32100
Les Miserables,0.06096,0.00195,-0.09923,-0.01401,0.31900
Les Miserables,0.06114,0.00232,-0.09837,-0.01428,0.31800
Les Miserables,0.06132,0.00074,-0.09683,-0.01412,0.31800
Les Miserables,0.06150,-0.00014,-0.09444,-0.01374,0.31700
Les Miserables,0.06168,0.00006,-0.09473,-0.01354,0.31600
Les Miserables,0.06186,-0.00082,-0.09404,-0.01354,0.31500
Les Miserables,0.06204,-0.00219,-0.09148,-0.01358,0.31600
Les Miserables,0.06222,-0.00275,-0.09132,-0.01329,0.31700
Les Miserables,0.06240,-0.00179,-0.09153,-0.01276,0.31700
Les Miserables,0.06258,-0.00203,-0.09163,-0.01252,0.31700
Les Miserables,0.06276,-0.00171,-0.09212,-0.01248,0.31600
Les Miserables,0.06294,-0.00126,-0.09187,-0.01313,0.31500
Les Miserables,0.06312,-0.00120,-0.09176,-0.01277,0.31400
Les Miserables,0.06330,-0.00159,-0.09237,-0.01277,0.31400
Les Miserables,0.06347,-0.00168,-0.09140,-0.01306,0.31400
Les Miserables,0.06365,-0.00146,-0.09172,-0.01291,0.31300
Les Miserables,0.06383,-0.00277,-0.09173,-0.01293,0.31300
Les Miserables,0.06401,-0.00337,-0.09105,-0.01241,0.31200
Les Miserables,0.06419,-0.00478,-0.09121,-0.01278,0.31100
Les Miserables,0.06437,-0.00569,-0.09154,-0.01237,0.31100
Les Miserables,0.06455,-0.00567,-0.09146,-0.01241,0.31100
Les Miserables,0.06473,-0.00732,-0.09113,-0.01228,0.31100
Les Miserables,0.06491,-0.00715,-0.09035,-0.01257,0.31200
Les Miserables,0.06509,-0.00695,-0.09049,-0.01209,0.31100
Les Miserables,0.06527,-0.00698,-0.08971,-0.01189,0.31200
Les Miserables,0.06545,-0.00655,-0.08883,-0.01164,0.31300
Les Miserables,0.06563,-0.00687,-0.08703,-0.01154,0.31400
Les Miserables,0.06581,-0.00744,-0.08653,-0.01144,0.31400
Les Miserables,0.06599,-0.00741,-0.08546,-0.01132,0.31300
Les Miserables,0.06616,-0.00722,-0.08535,-0.01079,0.31300
Les Miserables,0.06634,-0.00898,-0.08511,-0.01074,0.31300
Les Miserables,0.06652,-0.00810,-0.08625,-0.01045,0.31400
Les Miserables,0.06670,-0.00827,-0.08739,-0.01069,0.31500
Les Miserables,0.06688,-0.00873,-0.08671,-0.01081,0.31400
Les Miserables,0.06706,-0.00834,-0.08671,-0.01080,0.31600
Les Miserables,0.06724,-0.01018,-0.08616,-0.01090,0.31600
Les Miserables,0.06742,-0.01061,-0.08601,-0.01155,0.31800
Les Miserables,0.06760,-0.01157,-0.08535,-0.01162,0.31800
Les Miserables,0.06778,-0.01128,-0.08576,-0.01187,0.31800
Les Miserables,0.06796,-0.01262,-0.08519,-0.01203,0.31800
Les Miserables,0.06814,-0.01280,-0.08517,-0.01241,0.31900
Les Miserables,0.06832,-0.01279,-0.08482,-0.01258,0.31900
Les Miserables,0.06850,-0.01272,-0.08478,-0.01236,0.31900
Les Miserables,0.06867,-0.01146,-0.08513,-0.01272,0.31900
Les Miserables,0.06885,-0.01116,-0.08471,-0.01224,0.31900
Les Miserables,0.06903,-0.00999,-0.08393,-0.01250,0.31700
Les Miserables,0.06921,-0.01068,-0.08564,-0.01242,0.31600
Les Miserables,0.06939,-0.01148,-0.08642,-0.01230,0.31600
Les Miserables,0.06957,-0.01227,-0.08587,-0.01203,0.31600
Les Miserables,0.06975,-0.01168,-0.08442,-0.01213,0.31600
Les Miserables,0.06993,-0.01169,-0.08368,-0.01239,0.31600
Les Miserables,0.07011,-0.01180,-0.08305,-0.01253,0.31500
Les Miserables,0.07029,-0.01248,-0.08287,-0.01293,0.31600
Les Miserables,0.07047,-0.01150,-0.08344,-0.01307,0.31600
Les Miserables,0.07065,-0.01183,-0.08387,-0.01332,0.31600
Les Miserables,0.07083,-0.01053,-0.08535,-0.01346,0.31600
Les Miserables,0.07101,-0.00976,-0.08762,-0.01271,0.31700
Les Miserables,0.07119,-0.01086,-0.08882,-0.01196,0.31600
Les Miserables,0.07136,-0.01074,-0.08864,-0.01163,0.31700
Les Miserables,0.07154,-0.01025,-0.09001,-0.01150,0.31700
Les Miserables,0.07172,-0.01014,-0.08948,-0.01170,0.31700
Les Miserables,0.07190,-0.00961,-0.08909,-0.01139,0.31800
Les Miserables,0.07208,-0.00967,-0.08823,-0.01147,0.31900
Les Miserables,0.07226,-0.00902,-0.08833,-0.01142,0.31900
Les Miserables,0.07244,-0.00912,-0.08807,-0.01161,0.31900
Les Miserables,0.07262,-0.00804,-0.08776,-0.01194,0.32000
Les Miserables,0.07280,-0.00902,-0.08694,-0.01205,0.32100
Les Miserables,0.07298,-0.00822,-0.08701,-0.01238,0.32000
Les Miserables,0.07316,-0.00718,-0.08720,-0.01253,0.31900
Les Miserables,0.07334,-0.00467,-0.08662,-0.01241,0.31900
Les Miserables,0.07352,-0.00401,-0.08708,-0.01281,0.31800
Les Miserables,0.07370,-0.00420,-0.08673,-0.01274,0.31800
Les Miserables,0.07387,-0.00287,-0.08720,-0.01234,0.31700
Les Miserables,0.07405,-0.00140,-0.08879,-0.01294,0.31600
Les Miserables,0.07423,-0.00106,-0.08920,-0.01253,0.31600
Les Miserables,0.07441,-0.00026,-0.09102,-0.01247,0.31700
Les Miserables,0.07459,-0.00127,-0.09180,-0.01224,0.31500
Les Miserables,0.07477,-0.00148,-0.09220,-0.01222,0.31600
Les Miserables,0.07495,-0.00079,-0.09349,-0.01271,0.31500
Les Miserables,0.07513,-0.00101,-0.09470,-0.01249,0.31700
Les Miserables,0.07531,-0.00098,-0.09423,-0.01205,0.31600
Les Miserables,0.07549,-0.00158,-0.09426,-0.01160,0.31400
Les Miserables,0.07567,-0.00163,-0.09557,-0.01169,0.31300
Les Miserables,0.07585,-0.00015,-0.09631,-0.01151,0.31300
Les Miserables,0.07603,-0.00145,-0.09610,-0.01165,0.31200
Les Miserables,0.07621,-0.00082,-0.09639,-0.01171,0.31100
Les Miserables,0.07639,-0.00111,-0.09695,-0.01167,0.31100
Les Miserables,0.07656,-0.00045,-0.09780,-0.01153,0.31000
Les Miserables,0.07674,-0.00092,-0.09880,-0.01199,0.30900
Les Miserables,0.07692,-0.00110,-0.09924,-0.01177,0.30900
Les Miserables,0.07710,-0.00072,-0.09929,-0.01208,0.30900
Les Miserables,0.07728,-0.00104,-0.09982,-0.01215,0.30900
Les Miserables,0.07746,0.00043,-0.10160,-0.01212,0.30800
Les Miserables,0.07764,-0.00011,-0.10204,-0.01209,0.30800
Les Miserables,0.07782,0.00083,-0.10305,-0.01252,0.30800
Les Miserables,0.07800,0.00080,-0.10271,-0.01215,0.30700
Les Miserables,0.07818,0.00110,-0.10267,-0.01264,0.30600
Les Miserables,0.07836,0.00028,-0.10265,-0.01258,0.30600
Les Miserables,0.07854,0.00138,-0.10336,-0.01284,0.30500
Les Miserables,0.07872,0.00233,-0.10547,-0.01295,0.30500
Les Miserables,0.07890,0.00194,-0.10588,-0.01266,0.30400
Les Miserables,0.07907,0.00317,-0.10591,-0.01286,0.30500
Les Miserables,0.07925,0.00379,-0.10675,-0.01348,0.30400
Les Miserables,0.07943,0.00464,-0.10692,-0.01385,0.30400
Les Miserables,0.07961,0.00486,-0.10759,-0.01417,0.30400
Les Miserables,0.07979,0.00529,-0.10867,-0.01417,0.30400
Les Miserables,0.07997,0.00687,-0.11109,-0.01397,0.30200
Les Miserables,0.08015,0.00698,-0.11197,-0.01365,0.30200
Les Miserables,0.08033,0.00569,-0.11178,-0.01383,0.30100
Les Miserables,0.08051,0.00694,-0.11124,-0.01390,0.30100
Les Miserables,0.08069,0.00604,-0.11167,-0.01375,0.30100
Les Miserables,0.08087,0.00536,-0.11206,-0.01329,0.30200
Les Miserables,0.08105,0.00662,-0.11283,-0.01331,0.30300
Les Miserables,0.08123,0.00711,-0.11280,-0.01325,0.30200
Les Miserables,0.08141,0.00701,-0.11376,-0.01289,0.30200
Les Miserables,0.08159,0.00858,-0.11397,-0.01232,0.30200
Les Miserables,0.08176,0.00936,-0.11382,-0.01254,0.30300
Les Miserables,0.08194,0.00881,-0.11349,-0.01209,0.30300
Les Miserables,0.08212,0.00946,-0.11271,-0.01193,0.30300
Les Miserables,0.08230,0.00986,-0.11182,-0.01176,0.30200
Les Miserables,0.08248,0.01057,-0.11158,-0.01096,0.30200
Les Miserables,0.08266,0.01250,-0.11219,-0.01061,0.30200
Les Miserables,0.08284,0.01291,-0.11307,-0.01005,0.30200
Les Miserables,0.08302,0.01377,-0.11301,-0.00957,0.30200
Les Miserables,0.08320,0.01431,-0.11394,-0.00889,0.30100
Les Miserables,0.08338,0.01383,-0.11558,-0.00901,0.30000
Les Miserables,0.08356,0.01465,-0.11734,-0.00884,0.29900
Les Miserables,0.08374,0.01603,-0.11788,-0.00907,0.29800
Les Miserables,0.08392,0.01662,-0.11809,-0.00926,0.29800
Les Miserables,0.08410,0.01576,-0.11741,-0.00927,0.29900
Les Miserables,0.08427,0.01800,-0.11706,-0.00889,0.29900
Les Miserables,0.08445,0.01678,-0.11677,-0.00892,0.29800
Les Miserables,0.08463,0.01797,-0.11566,-0.00824,0.29800
Les Miserables,0.08481,0.01825,-0.11620,-0.00796,0.29900
Les Miserables,0.08499,0.01837,-0.11594,-0.00766,0.30000
Les Miserables,0.08517,0.01927,-0.11680,-0.00745,0.29900
Les Miserables,0.08535,0.02049,-0.11676,-0.00641,0.29900
Les Miserables,0.08553,0.02207,-0.11739,-0.00597,0.29800
Les Miserables,0.08571,0.02133,-0.11710,-0.00543,0.29800
Les Miserables,0.08589,0.02247,-0.11831,-0.00516,0.29700
Les Miserables,0.08607,0.02340,-0.11876,-0.00482,0.29600
Les Miserables,0.08625,0.02362,-0.11837,-0.00408,0.29700
Les Miserables,0.08643,0.02388,-0.11847,-0.00430,0.29800
Les Miserables,0.08661,0.02334,-0.11834,-0.00380,0.29800
Les Miserables,0.08679,0.02269,-0.11800,-0.00387,0.29900
Les Miserables,0.08696,0.02129,-0.11727,-0.00338,0.30000
Les Miserables,0.08714,0.02186,-0.11731,-0.00317,0.30000
Les Miserables,0.08732,0.02250,-0.11712,-0.00316,0.30000
Les Miserables,0.08750,0.02402,-0.11710,-0.00342,0.30000
Les Miserables,0.08768,0.02375,-0.11704,-0.00327,0.30000
Les Miserables,0.08786,0.02495,-0.11781,-0.00306,0.30000
Les Miserables,0.08804,0.02541,-0.11793,-0.00331,0.30000
Les Miserables,0.08822,0.02780,-0.11769,-0.00375,0.30000
Les Miserables,0.08840,0.02825,-0.11704,-0.00388,0.30100
Les Miserables,0.08858,0.02882,-0.11750,-0.00341,0.30100
Les Miserables,0.08876,0.02831,-0.11594,-0.00313,0.30000
Les Miserables,0.08894,0.02794,-0.11580,-0.00363,0.29900
Les Miserables,0.08912,0.02869,-0.11700,-0.00400,0.29800
Les Miserables,0.08930,0.02870,-0.11755,-0.00406,0.29800
Les Miserables,0.08947,0.02917,-0.11701,-0.00336,0.29800
Les Miserables,0.08965,0.02938,-0.11608,-0.00297,0.29900
Les Miserables,0.08983,0.03055,-0.11707,-0.00332,0.29900
Les Miserables,0.09001,0.03144,-0.11801,-0.00302,0.29800
Les Miserables,0.09019,0.03196,-0.11751,-0.00297,0.29800
Les Miserables,0.09037,0.03324,-0.11749,-0.00266,0.29900
Les Miserables,0.09055,0.03496,-0.11799,-0.00287,0.29800
Les Miserables,0.09073,0.03792,-0.11947,-0.00219,0.29800
Les Miserables,0.09091,0.03750,-0.11855,-0.00137,0.29900
Les Miserables,0.09109,0.03645,-0.11845,-0.00101,0.29800
Les Miserables,0.09127,0.03519,-0.11864,-0.00071,0.29800
Les Miserables,0.09145,0.03512,-0.11947,-0.00019,0.29800
Les Miserables,0.09163,0.03516,-0.12091,0.00027,0.29900
Les Miserables,0.09181,0.03426,-0.12139,0.00039,0.29900
Les Miserables,0.09198,0.03446,-0.12283,0.00096,0.30000
Les Miserables,0.09216,0.03417,-0.12382,0.00121,0.30000
Les Miserables,0.09234,0.03442,-0.12333,0.00176,0.30000
Les Miserables,0.09252,0.03555,-0.12330,0.00174,0.30100
Les Miserables,0.09270,0.03554,-0.12420,0.00208,0.30100
Les Miserables,0.09288,0.03572,-0.12405,0.00248,0.30100
Les Miserables,0.09306,0.03784,-0.12440,0.00288,0.30100
Les Miserables,0.09324,0.03786,-0.12583,0.00314,0.30000
Les Miserables,0.09342,0.03808,-0.12555,0.00326,0.30000
Les Miserables,0.09360,0.03751,-0.12548,0.00406,0.30100
Les Miserables,0.09378,0.03729,-0.12589,0.00433,0.30000
Les Miserables,0.09396,0.03845,-0.12573,0.00457,0.30000
Les Miserables,0.09414,0.03610,-0.12359,0.00459,0.30200
Les Miserables,0.09432,0.03671,-0.12328,0.00460,0.30200
Les Miserables,0.09450,0.03601,-0.12393,0.00496,0.30100
Les Miserables,0.09467,0.03552,-0.12347,0.00524,0.30200
Les Miserables,0.09485,0.03570,-0.12381,0.00521,0.30200
Les Miserables,0.09503,0.03451,-0.12273,0.00552,0.30200
Les Miserables,0.09521,0.03554,-0.12313,0.00563,0.30200
Les Miserables,0.09539,0.03416,-0.12272,0.00575,0.30200
Les Miserables,0.09557,0.03411,-0.12350,0.00580,0.30200
Les Miserables,0.09575,0.03394,-0.12323,0.00638,0.30200
Les Miserables,0.09593,0.03427,-0.12333,0.00672,0.30200
Les Miserables,0.09611,0.03410,-0.12332,0.00727,0.30300
Les Miserables,0.09629,0.03435,-0.12400,0.00691,0.30400
Les Miserables,0.09647,0.03333,-0.12428,0.00702,0.30400
Les Miserables,0.09665,0.03205,-0.12360,0.00696,0.30400
Les Miserables,0.09683,0.03181,-0.12341,0.00668,0.30500
Les Miserables,0.09701,0.03130,-0.12368,0.00678,0.30500
Les Miserables,0.09718,0.02992,-0.12354,0.00704,0.30600
Les Miserables,0.09736,0.02918,-0.12455,0.00761,0.30800
Les Miserables,0.09754,0.02905,-0.12401,0.00808,0.30900
Les Miserables,0.09772,0.02989,-0.12396,0.00834,0.30900
Les Miserables,0.09790,0.02994,-0.12424,0.00855,0.31000
Les Miserables,0.09808,0.03028,-0.12508,0.00828,0.31100
Les Miserables,0.09826,0.02958,-0.12536,0.00854,0.31200
Les Miserables,0.09844,0.02765,-0.12569,0.00855,0.31300
Les Miserables,0.09862,0.02758,-0.12515,0.00900,0.31300
Les Miserables,0.09880,0.02798,-0.12465,0.00929,0.31300
Les Miserables,0.09898,0.02687,-0.12423,0.00942,0.31200
Les Miserables,0.09916,0.02787,-0.12374,0.00923,0.31300
Les Miserables,0.09934,0.02804,-0.12236,0.00917,0.31300
Les Miserables,0.09952,0.02620,-0.12244,0.00886,0.31300
Les Miserables,0.09970,0.02668,-0.12288,0.00906,0.31300
Les Miserables,0.09987,0.02844,-0.12361,0.00901,0.31300
Les Miserables,0.10005,0.02874,-0.12452,0.00898,0.31400
Les Miserables,0.10023,0.02850,-0.12469,0.00899,0.31400
Les Miserables,0.10041,0.02788,-0.12425,0.00838,0.31300
Les Miserables,0.10059,0.02732,-0.12397,0.00873,0.31400
Les Miserables,0.10077,0.02771,-0.12401,0.00873,0.31400
Les Miserables,0.10095,0.02796,-0.12424,0.00874,0.31400
Les Miserables,0.10113,0.02786,-0.12431,0.00815,0.31300
Les Miserables,0.10131,0.02821,-0.12384,0.00822,0.31300
Les Miserables,0.10149,0.02853,-0.12448,0.00826,0.31500
Les Miserables,0.10167,0.02807,-0.12520,0.00813,0.31600
Les Miserables,0.10185,0.02837,-0.12553,0.00824,0.31600
Les Miserables,0.10203,0.02924,-0.12547,0.00854,0.31500
Les Miserables,0.10221,0.02839,-0.12539,0.00848,0.31500
Les Miserables,0.10238,0.02783,-0.12477,0.00811,0.31500
Les Miserables,0.10256,0.02789,-0.12329,0.00764,0.31600
Les Miserables,0.10274,0.02737,-0.12247,0.00778,0.31400
Les Miserables,0.10292,0.02652,-0.12269,0.00780,0.31200
Les Miserables,0.10310,0.02764,-0.12229,0.00765,0.31200
Les Miserables,0.10328,0.02727,-0.12225,0.00701,0.31200
Les Miserables,0.10346,0.02601,-0.12106,0.00679,0.31200
Les Miserables,0.10364,0.02649,-0.12074,0.00676,0.31300
Les Miserables,0.10382,0.02690,-0.12034,0.00682,0.31400
Les Miserables,0.10400,0.02566,-0.12066,0.00713,0.31300
Les Miserables,0.10418,0.02606,-0.12198,0.00685,0.31300
Les Miserables,0.10436,0.02564,-0.12122,0.00680,0.31300
Les Miserables,0.10454,0.02579,-0.12035,0.00676,0.31300
Les Miserables,0.10472,0.02585,-0.12027,0.00693,0.31200
Les Miserables,0.10490,0.02625,-0.12007,0.00664,0.31200
Les Miserables,0.10507,0.02522,-0.11923,0.00612,0.31300
Les Miserables,0.10525,0.02538,-0.11864,0.00628,0.31300
Les Miserables,0.10543,0.02332,-0.11785,0.00689,0.31400
Les Miserables,0.10561,0.02284,-0.11874,0.00701,0.31400
Les Miserables,0.10579,0.02263,-0.11929,0.00647,0.31400
Les Miserables,0.10597,0.02304,-0.11913,0.00631,0.31500
Les Miserables,0.10615,0.02269,-0.11945,0.00649,0.31500
Les Miserables,0.10633,0.02321,-0.11973,0.00651,0.31400
Les Miserables,0.10651,0.02342,-0.11874,0.00585,0.31400
Les Miserables,0.10669,0.02437,-0.11956,0.00539,0.31400
Les Miserables,0.10687,0.02443,-0.11943,0.00493,0.31400
Les Miserables,0.10705,0.02521,-0.11949,0.00461,0.31500
Les Miserables,0.10723,0.02553,-0.12051,0.00425,0.31500
Les Miserables,0.10741,0.02473,-0.12001,0.00356,0.31500
Les Miserables,0.10758,0.02541,-0.12138,0.00337,0.31500
Les Miserables,0.10776,0.02542,-0.12133,0.00287,0.31400
Les Miserables,0.10794,0.02534,-0.12115,0.00247,0.31400
Les Miserables,0.10812,0.02616,-0.12115,0.00233,0.31400
Les Miserables,0.10830,0.02721,-0.12078,0.00195,0.31300
Les Miserables,0.10848,0.02693,-0.12114,0.00218,0.31300
Les Miserables,0.10866,0.02593,-0.12040,0.00144,0.31200
Les Miserables,0.10884,0.02663,-0.12095,0.00076,0.31100
Les Miserables,0.10902,0.02655,-0.12174,0.00039,0.31200
Les Miserables,0.10920,0.02630,-0.12193,0.00010,0.31200
Les Miserables,0.10938,0.02700,-0.12208,-0.00019,0.31200
Les Miserables,0.10956,0.02786,-0.12086,-0.00019,0.31200
Les Miserables,0.10974,0.02792,-0.12045,-0.00035,0.31100
Les Miserables,0.10992,0.02671,-0.11913,-0.00062,0.31200
Les Miserables,0.11010,0.02565,-0.11965,-0.00109,0.31200
Les Miserables,0.11027,0.02469,-0.12051,-0.00136,0.31200
Les Miserables,0.11045,0.02405,-0.12094,-0.00139,0.31200
Les Miserables,0.11063,0.02349,-0.12028,-0.00148,0.31200
Les Miserables,0.11081,0.02257,-0.12016,-0.00138,0.31100
Les Miserables,0.11099,0.02032,-0.11998,-0.00195,0.31100
Les Miserables,0.11117,0.01923,-0.11997,-0.00254,0.31200
Les Miserables,0.11135,0.01927,-0.12065,-0.00269,0.31300
Les Miserables,0.11153,0.02019,-0.12073,-0.00325,0.31300
Les Miserables,0.11171,0.02047,-0.12014,-0.00333,0.31500
Les Miserables,0.11189,0.02012,-0.12097,-0.00312,0.31500
Les Miserables,0.11207,0.02131,-0.12354,-0.00233,0.31600
Les Miserables,0.11225,0.02072,-0.12408,-0.00254,0.31600
Les Miserables,0.11243,0.02142,-0.12429,-0.00314,0.31600
Les Miserables,0.11261,0.02199,-0.12431,-0.00354,0.31500
Les Miserables,0.11278,0.02223,-0.12419,-0.00398,0.31600
Les Miserables,0.11296,0.02226,-0.12535,-0.00426,0.31600
Les Miserables,0.11314,0.02231,-0.12456,-0.00466,0.31500
Les Miserables,0.11332,0.02240,-0.12430,-0.00509,0.31700
Les Miserables,0.11350,0.02284,-0.12325,-0.00518,0.31600
Les Miserables,0.11368,0.02359,-0.12339,-0.00570,0.31700
Les Miserables,0.11386,0.02427,-0.12383,-0.00624,0.31600
Les Miserables,0.11404,0.02475,-0.12501,-0.00688,0.31700
Les Miserables,0.11422,0.02458,-0.12461,-0.00706,0.31700
Les Miserables,0.11440,0.02469,-0.12465,-0.00721,0.31600
Les Miserables,0.11458,0.02459,-0.12430,-0.00728,0.31700
Les Miserables,0.11476,0.02500,-0.12419,-0.00711,0.31700
Les Miserables,0.11494,0.02480,-0.12207,-0.00762,0.31800
Les Miserables,0.11512,0.02644,-0.12165,-0.00820,0.31800
Les Miserables,0.11529,0.02683,-0.12097,-0.00891,0.31800
Les Miserables,0.11547,0.02820,-0.12135,-0.00956,0.31700
Les Miserables,0.11565,0.02695,-0.12091,-0.00980,0.31700
Les Miserables,0.11583,0.02702,-0.12054,-0.01046,0.31700
Les Miserables,0.11601,0.02673,-0.11960,-0.01085,0.31600
Les Miserables,0.11619,0.02765,-0.12004,-0.01139,0.31600
Les Miserables,0.11637,0.02982,-0.11995,-0.01150,0.31600
Les Miserables,0.11655,0.02916,-0.11995,-0.01214,0.31600
Les Miserables,0.11673,0.02875,-0.11925,-0.01238,0.31700
Les Miserables,0.11691,0.02881,-0.11784,-0.01257,0.31700
Les Miserables,0.11709,0.02707,-0.11783,-0.01264,0.31800
Les Miserables,0.11727,0.02651,-0.11898,-0.01283,0.31800
Les Miserables,0.11745,0.02687,-0.11787,-0.01296,0.31800
Les Miserables,0.11763,0.02595,-0.11747,-0.01284,0.31800
Les Miserables,0.11781,0.02408,-0.11614,-0.01316,0.31900
Les Miserables,0.11798,0.02335,-0.11495,-0.01287,0.31900
Les Miserables,0.11816,0.02322,-0.11474,-0.01315,0.32000
Les Miserables,0.11834,0.02333,-0.11534,-0.01339,0.32000
Les Miserables,0.11852,0.02417,-0.11493,-0.01429,0.32000
Les Miserables,0.11870,0.02518,-0.11489,-0.01457,0.32000
Les Miserables,0.11888,0.02455,-0.11477,-0.01532,0.31900
Les Miserables,0.11906,0.02572,-0.11465,-0.01502,0.31900
Les Miserables,0.11924,0.02641,-0.11493,-0.01510,0.31900
Les Miserables,0.11942,0.02516,-0.11437,-0.01541,0.31700
Les Miserables,0.11960,0.02607,-0.11343,-0.01485,0.31700
Les Miserables,0.11978,0.02691,-0.11273,-0.01487,0.31700
Les Miserables,0.11996,0.02685,-0.11261,-0.01476,0.31700
Les Miserables,0.12014,0.02628,-0.11275,-0.01479,0.31700
Les Miserables,0.12032,0.02660,-0.11242,-0.01457,0.31700
Les Miserables,0.12049,0.02574,-0.11339,-0.01471,0.31600
Les Miserables,0.12067,0.02569,-0.11428,-0.01493,0.31500
Les Miserables,0.12085,0.02581,-0.11393,-0.01489,0.31600
Les Miserables,0.12103,0.02586,-0.11461,-0.01546,0.31600
Les Miserables,0.12121,0.02635,-0.11477,-0.01586,0.31600
Les Miserables,0.12139,0.02676,-0.11506,-0.01593,0.31500
Les Miserables,0.12157,0.02577,-0.11513,-0.01592,0.31500
Les Miserables,0.12175,0.02540,-0.11552,-0.01609,0.31600
Les Miserables,0.12193,0.02609,-0.11481,-0.01584,0.31700
Les Miserables,0.12211,0.02636,-0.11443,-0.01627,0.31700
Les Miserables,0.12229,0.02570,-0.11392,-0.01609,0.31700
Les Miserables,0.12247,0.02552,-0.11399,-0.01616,0.31600
Les Miserables,0.12265,0.02566,-0.11411,-0.01628,0.31700
Les Miserables,0.12283,0.02525,-0.11455,-0.01629,0.31700
Les Miserables,0.12301,0.02531,-0.11479,-0.01570,0.31600
Les Miserables,0.12318,0.02481,-0.11472,-0.01583,0.31700
Les Miserables,0.12336,0.02634,-0.11443,-0.01599,0.31600
Les Miserables,0.12354,0.02631,-0.11373,-0.01596,0.31500
Les Miserables,0.12372,0.02544,-0.11288,-0.01547,0.31500
Les Miserables,0.12390,0.02538,-0.11261,-0.01530,0.31500
Les Miserables,0.12408,0.02527,-0.11251,-0.01473,0.31500
Les Miserables,0.12426,0.02462,-0.11248,-0.01453,0.31600
Les Miserables,0.12444,0.02478,-0.11263,-0.01474,0.31600
Les Miserables,0.12462,0.02315,-0.11168,-0.01450,0.31600
Les Miserables,0.12480,0.02209,-0.11149,-0.01408,0.31600
Les Miserables,0.12498,0.02106,-0.11036,-0.01399,0.31600
Les Miserables,0.12516,0.02004,-0.10947,-0.01389,0.31500
Les Miserables,0.12534,0.01870,-0.10964,-0.01368,0.31500
Les Miserables,0.12552,0.01687,-0.10893,-0.01364,0.31500
Les Miserables,0.12569,0.01622,-0.10862,-0.01272,0.31500
Les Miserables,0.12587,0.01600,-0.10772,-0.01246,0.31400
Les Miserables,0.12605,0.01493,-0.10739,-0.01247,0.31500
Les Miserables,0.12623,0.01355,-0.10728,-0.01207,0.31500
Les Miserables,0.12641,0.01193,-0.10661,-0.01188,0.31500
Les Miserables,0.12659,0.01080,-0.10702,-0.01156,0.31500
Les Miserables,0.12677,0.00989,-0.10707,-0.01096,0.31600
Les Miserables,0.12695,0.00913,-0.10617,-0.01054,0.31600
Les Miserables,0.12713,0.00752,-0.10628,-0.01055,0.31600
Les Miserables,0.12731,0.00694,-0.10532,-0.01065,0.31600
Les Miserables,0.12749,0.00641,-0.10617,-0.01099,0.31600
Les Miserables,0.12767,0.00668,-0.10663,-0.01094,0.31600
Les Miserables,0.12785,0.00757,-0.10558,-0.01067,0.31600
Les Miserables,0.12803,0.00869,-0.10453,-0.01073,0.31600
Les Miserables,0.12821,0.00983,-0.10331,-0.01078,0.31700
Les Miserables,0.12838,0.00931,-0.10310,-0.01073,0.31700
Les Miserables,0.12856,0.00903,-0.10268,-0.01085,0.31700
Les Miserables,0.12874,0.00982,-0.10173,-0.01141,0.31700
Les Miserables,0.12892,0.01059,-0.10123,-0.01142,0.31700
Les Miserables,0.12910,0.01082,-0.10089,-0.01104,0.31700
Les Miserables,0.12928,0.01060,-0.10011,-0.01115,0.31700
Les Miserables,0.12946,0.01025,-0.09923,-0.01132,0.31600
Les Miserables,0.12964,0.00881,-0.09905,-0.01139,0.31600
Les Miserables,0.12982,0.00899,-0.09824,-0.01161,0.31700
Les Miserables,0.13000,0.00922,-0.09727,-0.01181,0.31600
Les Miserables,0.13018,0.00900,-0.09624,-0.01150,0.31700
Les Miserables,0.13036,0.00883,-0.09668,-0.01162,0.31800
Les Miserables,0.13054,0.00847,-0.09680,-0.01132,0.31900
Les Miserables,0.13072,0.00842,-0.09532,-0.01093,0.31900
Les Miserables,0.13089,0.00921,-0.09497,-0.01063,0.31900
Les Miserables,0.13107,0.00804,-0.09542,-0.01035,0.32000
Les Miserables,0.13125,0.00827,-0.09458,-0.01040,0.31900
Les Miserables,0.13143,0.00766,-0.09481,-0.01029,0.32000
Les Miserables,0.13161,0.00626,-0.09509,-0.00988,0.32000
Les Miserables,0.13179,0.00524,-0.09457,-0.00949,0.31900
Les Miserables,0.13197,0.00399,-0.09250,-0.00940,0.31900
Les Miserables,0.13215,0.00360,-0.09203,-0.00899,0.31900
Les Miserables,0.13233,0.00278,-0.09177,-0.00827,0.32000
Les Miserables,0.13251,0.00219,-0.09252,-0.00789,0.31900
Les Miserables,0.13269,0.00275,-0.09163,-0.00797,0.32000
Les Miserables,0.13287,0.00303,-0.09359,-0.00756,0.31800
Les Miserables,0.13305,0.00400,-0.09371,-0.00750,0.31800
Les Miserables,0.13323,0.00391,-0.09376,-0.00763,0.31800
Les Miserables,0.13341,0.00278,-0.09322,-0.00739,0.31700
Les Miserables,0.13358,0.00418,-0.09372,-0.00757,0.31800
Les Miserables,0.13376,0.00430,-0.09370,-0.00791,0.31800
Les Miserables,0.13394,0.00467,-0.09298,-0.00851,0.31800
Les Miserables,0.13412,0.00441,-0.09169,-0.00855,0.31900
Les Miserables,0.13430,0.00353,-0.09163,-0.00836,0.31800
Les Miserables,0.13448,0.00444,-0.09104,-0.00822,0.31800
Les Miserables,0.13466,0.00557,-0.09198,-0.00814,0.31700
Les Miserables,0.13484,0.00675,-0.09342,-0.00795,0.31800
Les Miserables,0.13502,0.00793,-0.09370,-0.00774,0.31700
Les Miserables,0.13520,0.00739,-0.09264,-0.00763,0.31700
Les Miserables,0.13538,0.00766,-0.09314,-0.00787,0.31600
Les Miserables,0.13556,0.00817,-0.09299,-0.00793,0.31500
Les Miserables,0.13574,0.00954,-0.09416,-0.00793,0.31400
Les Miserables,0.13592,0.01000,-0.09486,-0.00795,0.31400
Les Miserables,0.13609,0.00898,-0.09508,-0.00783,0.31300
Les Miserables,0.13627,0.00935,-0.09481,-0.00747,0.31300
Les Miserables,0.13645,0.00910,-0.09481,-0.00704,0.31400
Les Miserables,0.13663,0.00764,-0.09518,-0.00674,0.31400
Les Miserables,0.13681,0.00807,-0.09448,-0.00641,0.31400
Les Miserables,0.13699,0.00758,-0.09401,-0.00652,0.31400
Les Miserables,0.13717,0.00679,-0.09369,-0.00674,0.31500
Les Miserables,0.13735,0.00817,-0.09295,-0.00689,0.31600
Les Miserables,0.13753,0.00732,-0.09290,-0.00731,0.31500
Les Miserables,0.13771,0.00669,-0.09218,-0.00782,0.31500
Les Miserables,0.13789,0.00758,-0.09214,-0.00850,0.31500
Les Miserables,0.13807,0.00798,-0.09140,-0.00871,0.31500
Les Miserables,0.13825,0.00772,-0.09161,-0.00910,0.31500
Les Miserables,0.13843,0.00812,-0.09125,-0.00930,0.31500
Les Miserables,0.13860,0.00836,-0.09073,-0.00947,0.31700
Les Miserables,0.13878,0.00849,-0.09033,-0.00999,0.31700
Les Miserables,0.13896,0.00879,-0.08929,-0.00962,0.31700
Les Miserables,0.13914,0.00712,-0.08858,-0.00939,0.31700
Les Miserables,0.13932,0.00728,-0.08861,-0.00934,0.31700
Les Miserables,0.13950,0.00715,-0.08839,-0.00971,0.31600
Les Miserables,0.13968,0.00758,-0.08746,-0.01000,0.31600
Les Miserables,0.13986,0.00745,-0.08758,-0.01025,0.31500
Les Miserables,0.14004,0.00675,-0.08741,-0.00999,0.31300
Les Miserables,0.14022,0.00753,-0.08830,-0.01009,0.31300
Les Miserables,0.14040,0.00823,-0.08864,-0.00990,0.31200
Les Miserables,0.14058,0.00910,-0.08896,-0.01008,0.31100
Les Miserables,0.14076,0.00926,-0.08880,-0.01024,0.31100
Les Miserables,0.14094,0.00999,-0.08721,-0.01076,0.31000
Les Miserables,0.14112,0.01039,-0.08720,-0.01090,0.31100
Les Miserables,0.14129,0.01018,-0.08822,-0.01129,0.31100
Les Miserables,0.14147,0.01040,-0.08831,-0.01162,0.31200
Les Miserables,0.14165,0.01082,-0.08891,-0.01195,0.31100
Les Miserables,0.14183,0.01031,-0.08911,-0.01236,0.31100
Les Miserables,0.14201,0.01035,-0.08880,-0.01294,0.31000
Les Miserables,0.14219,0.01074,-0.08710,-0.01357,0.31000
Les Miserables,0.14237,0.01109,-0.08697,-0.01354,0.30900
Les Miserables,0.14255,0.01259,-0.08782,-0.01404,0.30900
Les Miserables,0.14273,0.01383,-0.08832,-0.01389,0.31000
Les Miserables,0.14291,0.01456,-0.08833,-0.01431,0.31100
Les Miserables,0.14309,0.01565,-0.08775,-0.01466,0.31100
Les Miserables,0.14327,0.01772,-0.08861,-0.01475,0.31100
Les Miserables,0.14345,0.01891,-0.08984,-0.01493,0.31100
Les Miserables,0.14363,0.01824,-0.08903,-0.01526,0.31100
Les Miserables,0.14380,0.01807,-0.09043,-0.01545,0.31200
Les Miserables,0.14398,0.01825,-0.09138,-0.01536,0.31100
Les Miserables,0.14416,0.01929,-0.09216,-0.01549,0.31200
Les Miserables,0.14434,0.01937,-0.09202,-0.01534,0.31300
Les Miserables,0.14452,0.02015,-0.09267,-0.01543,0.31400
Les Miserables,0.14470,0.02136,-0.09437,-0.01588,0.31300
Les Miserables,0.14488,0.02268,-0.09529,-0.01568,0.31200
Les Miserables,0.14506,0.02370,-0.09458,-0.01593,0.31000
Les Miserables,0.14524,0.02428,-0.09518,-0.01622,0.31000
Les Miserables,0.14542,0.02455,-0.09488,-0.01630,0.31000
Les Miserables,0.14560,0.02410,-0.09508,-0.01620,0.31000
Les Miserables,0.14578,0.02341,-0.09646,-0.01660,0.31000
Les Miserables,0.14596,0.02302,-0.09724,-0.01659,0.31000
Les Miserables,0.14614,0.02302,-0.09914,-0.01686,0.31000
Les Miserables,0.14632,0.02322,-0.09991,-0.01680,0.31000
Les Miserables,0.14649,0.02353,-0.10129,-0.01706,0.30900
Les Miserables,0.14667,0.02268,-0.10258,-0.01675,0.30800
Les Miserables,0.14685,0.02172,-0.10316,-0.01676,0.30900
Les Miserables,0.14703,0.02229,-0.10375,-0.01685,0.30900
Les Miserables,0.14721,0.02248,-0.10434,-0.01678,0.30900
Les Miserables,0.14739,0.02173,-0.10480,-0.01668,0.30800
Les Miserables,0.14757,0.02184,-0.10562,-0.01682,0.30700
Les Miserables,0.14775,0.02097,-0.10546,-0.01672,0.30500
Les Miserables,0.14793,0.01972,-0.10556,-0.01709,0.30600
Les Miserables,0.14811,0.02012,-0.10648,-0.01737,0.30500
Les Miserables,0.14829,0.02159,-0.10626,-0.01668,0.30500
Les Miserables,0.14847,0.02208,-0.10541,-0.01670,0.30400
Les Miserables,0.14865,0.02179,-0.10702,-0.01673,0.30400
Les Miserables,0.14883,0.02188,-0.10765,-0.01686,0.30300
Les Miserables,0.14900,0.02274,-0.10789,-0.01732,0.30300
Les Miserables,0.14918,0.02283,-0.10897,-0.01752,0.30300
Les Miserables,0.14936,0.02310,-0.10858,-0.01771,0.30300
Les Miserables,0.14954,0.02358,-0.10748,-0.01776,0.30300
Les Miserables,0.14972,0.02368,-0.10760,-0.01762,0.30400
Les Miserables,0.14990,0.02502,-0.10804,-0.01730,0.30400
Les Miserables,0.15008,0.02474,-0.10794,-0.01744,0.30400
Les Miserables,0.15026,0.02557,-0.10821,-0.01767,0.30400
Les Miserables,0.15044,0.02603,-0.10776,-0.01790,0.30300
Les Miserables,0.15062,0.02541,-0.10986,-0.01792,0.30200
Les Miserables,0.15080,0.02511,-0.10917,-0.01767,0.30200
Les Miserables,0.15098,0.02399,-0.10918,-0.01733,0.30200
Les Miserables,0.15116,0.02370,-0.10981,-0.01703,0.30100
Les Miserables,0.15134,0.02403,-0.10935,-0.01695,0.30300
Les Miserables,0.15152,0.02426,-0.10906,-0.01707,0.30300
Les Miserables,0.15169,0.02286,-0.10834,-0.01636,0.30200
Les Miserables,0.15187,0.02168,-0.10874,-0.01559,0.30100
Les Miserables,0.15205,0.02174,-0.10898,-0.01573,0.30000
Les Miserables,0.15223,0.02195,-0.10846,-0.01569,0.29900
Les Miserables,0.15241,0.02209,-0.10896,-0.01570,0.29900
Les Miserables,0.15259,0.02158,-0.10864,-0.01574,0.29900
Les Miserables,0.15277,0.02127,-0.10880,-0.01582,0.29900
Les Miserables,0.15295,0.02104,-0.10916,-0.01564,0.30000
Les Miserables,0.15313,0.02230,-0.10917,-0.01552,0.30000
Les Miserables,0.15331,0.02289,-0.11006,-0.01566,0.30200
Les Miserables,0.15349,0.02291,-0.11022,-0.01560,0.30200
Les Miserables,0.15367,0.02192,-0.10799,-0.01562,0.30300
Les Miserables,0.15385,0.02242,-0.10794,-0.01606,0.30200
Les Miserables,0.15403,0.02308,-0.10648,-0.01613,0.30200
Les Miserables,0.15420,0.02287,-0.10583,-0.01636,0.30200
Les Miserables,0.15438,0.02221,-0.10532,-0.01686,0.30300
Les Miserables,0.15456,0.02216,-0.10426,-0.01727,0.30300
Les Miserables,0.15474,0.02128,-0.10454,-0.01769,0.30200
Les Miserables,0.15492,0.02030,-0.10489,-0.01795,0.30300
Les Miserables,0.15510,0.02024,-0.10450,-0.01808,0.30300
Les Miserables,0.15528,0.02058,-0.10497,-0.01832,0.30100
Les Miserables,0.15546,0.02121,-0.10415,-0.01808,0.30200
Les Miserables,0.15564,0.02136,-0.10504,-0.01771,0.30200
Les Miserables,0.15582,0.02064,-0.10409,-0.01761,0.30200
Les Miserables,0.15600,0.02095,-0.10467,-0.01737,0.30300
Les Miserables,0.15618,0.02163,-0.10391,-0.01731,0.30300
Les Miserables,0.15636,0.02063,-0.10421,-0.01688,0.30300
Les Miserables,0.15654,0.02100,-0.10430,-0.01633,0.30100
Les Miserables,0.15672,0.02124,-0.10486,-0.01621,0.30100
Les Miserables,0.15689,0.02045,-0.10548,-0.01605,0.30100
Les Miserables,0.15707,0.02094,-0.10578,-0.01531,0.30200
Les Miserables,0.15725,0.02005,-0.10494,-0.01525,0.30200
Les Miserables,0.15743,0.02124,-0.10455,-0.01466,0.30100
Les Miserables,0.15761,0.02091,-0.10385,-0.01416,0.30200
Les Miserables,0.15779,0.02102,-0.10308,-0.01412,0.30300
Les Miserables,0.15797,0.01993,-0.10140,-0.01412,0.30400
Les Miserables,0.15815,0.02027,-0.10162,-0.01429,0.30400
Les Miserables,0.15833,0.02001,-0.10209,-0.01439,0.30500
Les Miserables,0.15851,0.01907,-0.10160,-0.01461,0.30500
Les Miserables,0.15869,0.01860,-0.10082,-0.01468,0.30400
Les Miserables,0.15887,0.01785,-0.10272,-0.01481,0.30500
Les Miserables,0.15905,0.01756,-0.10267,-0.01493,0.30400
Les Miserables,0.15923,0.01589,-0.10179,-0.01494,0.30400
Les Miserables,0.15940,0.01581,-0.10208,-0.01489,0.30300
Les Miserables,0.15958,0.01591,-0.10200,-0.01448,0.30400
Les Miserables,0.15976,0.01703,-0.10227,-0.01434,0.30500
Les Miserables,0.15994,0.01690,-0.10217,-0.01427,0.30600
Les Miserables,0.16012,0.01678,-0.10328,-0.01407,0.30700
Les Miserables,0.16030,0.01565,-0.10336,-0.01375,0.30700
Les Miserables,0.16048,0.01496,-0.10278,-0.01346,0.30600
Les Miserables,0.16066,0.01644,-0.10244,-0.01341,0.30600
Les Miserables,0.16084,0.01588,-0.10364,-0.01282,0.30500
Les Miserables,0.16102,0.01520,-0.10405,-0.01221,0.30500
Les Miserables,0.16120,0.01526,-0.10262,-0.01222,0.30600
Les Miserables,0.16138,0.01553,-0.10132,-0.01213,0.30600
Les Miserables,0.16156,0.01585,-0.10197,-0.01207,0.30600
Les Miserables,0.16174,0.01613,-0.10058,-0.01184,0.30600
Les Miserables,0.16192,0.01553,-0.09910,-0.01204,0.30600
Les Miserables,0.16209,0.01384,-0.09898,-0.01201,0.30500
Les Miserables,0.16227,0.01420,-0.10025,-0.01188,0.30500
Les Miserables,0.16245,0.01354,-0.09943,-0.01179,0.30500
Les Miserables,0.16263,0.01195,-0.09836,-0.01169,0.30500
Les Miserables,0.16281,0.01132,-0.09861,-0.01279,0.30600
Les Miserables,0.16299,0.01166,-0.09950,-0.01293,0.30600
Les Miserables,0.16317,0.01159,-0.09853,-0.01259,0.30600
Les Miserables,0.16335,0.01068,-0.09926,-0.01244,0.30600
Les Miserables,0.16353,0.01037,-0.09896,-0.01245,0.30700
Les Miserables,0.16371,0.01068,-0.09869,-0.01220,0.30700
Les Miserables,0.16389,0.01079,-0.09831,-0.01248,0.30600
Les Miserables,0.16407,0.00947,-0.09759,-0.01231,0.30500
Les Miserables,0.16425,0.00924,-0.09738,-0.01244,0.30400
Les Miserables,0.16443,0.00916,-0.09665,-0.01217,0.30400
Les Miserables,0.16460,0.00964,-0.09576,-0.01217,0.30500
Les Miserables,0.16478,0.01030,-0.09586,-0.01220,0.30400
Les Miserables,0.16496,0.01081,-0.09571,-0.01254,0.30300
Les Miserables,0.16514,0.01030,-0.09572,-0.01264,0.30200
Les Miserables,0.16532,0.01069,-0.09506,-0.01278,0.30300
Les Miserables,0.16550,0.01140,-0.09505,-0.01277,0.30300
Les Miserables,0.16568,0.01188,-0.09503,-0.01281,0.30300
Les Miserables,0.16586,0.01257,-0.09504,-0.01277,0.30300
Les Miserables,0.16604,0.01254,-0.09553,-0.01282,0.30300
Les Miserables,0.16622,0.01076,-0.09486,-0.01305,0.30200
Les Miserables,0.16640,0.01071,-0.09550,-0.01347,0.30400
Les Miserables,0.16658,0.01021,-0.09585,-0.01338,0.30500
Les Miserables,0.16676,0.00914,-0.09524,-0.01297,0.30500
Les Miserables,0.16694,0.00857,-0.09507,-0.01264,0.30400
Les Miserables,0.16711,0.00808,-0.09523,-0.01235,0.30500
Les Miserables,0.16729,0.00868,-0.09623,-0.01171,0.30600
Les Miserables,0.16747,0.00815,-0.09803,-0.01158,0.30700
Les Miserables,0.16765,0.00862,-0.09757,-0.01180,0.30600
Les Miserables,0.16783,0.00811,-0.09744,-0.01188,0.30500
Les Miserables,0.16801,0.00819,-0.09800,-0.01194,0.30400
Les Miserables,0.16819,0.00777,-0.09822,-0.01208,0.30400
Les Miserables,0.16837,0.00836,-0.09865,-0.01120,0.30500
Les Miserables,0.16855,0.00808,-0.09774,-0.01121,0.30500
Les Miserables,0.16873,0.00718,-0.09813,-0.01117,0.30500
Les Miserables,0.16891,0.00785,-0.09828,-0.01067,0.30500
Les Miserables,0.16909,0.00843,-0.09738,-0.01059,0.30600
Les Miserables,0.16927,0.00766,-0.09875,-0.01054,0.30400
Les Miserables,0.16945,0.00734,-0.09906,-0.01001,0.30400
Les Miserables,0.16963,0.00783,-0.09988,-0.00994,0.30400
Les Miserables,0.16980,0.00861,-0.10063,-0.01010,0.30400
Les Miserables,0.16998,0.00870,-0.10067,-0.00948,0.30500
Les Miserables,0.17016,0.00842,-0.10114,-0.00970,0.30500
Les Miserables,0.17034,0.00821,-0.10150,-0.00974,0.30600
Les Miserables,0.17052,0.00778,-0.10246,-0.00989,0.30700
Les Miserables,0.17070,0.00633,-0.10134,-0.01012,0.30700
Les Miserables,0.17088,0.00561,-0.10075,-0.01006,0.30600
Les Miserables,0.17106,0.00462,-0.10117,-0.01019,0.30700
Les Miserables,0.17124,0.00357,-0.10006,-0.01014,0.30500
Les Miserables,0.17142,0.00315,-0.09944,-0.01020,0.30600
Les Miserables,0.17160,0.00321,-0.10175,-0.01013,0.30500
Les Miserables,0.17178,0.00215,-0.10122,-0.00962,0.30600
Les Miserables,0.17196,0.00168,-0.10279,-0.00968,0.30600
Les Miserables,0.17214,0.00071,-0.10408,-0.00961,0.30600
Les Miserables,0.17231,-0.00068,-0.10473,-0.00921,0.30500
Les Miserables,0.17249,-0.00118,-0.10559,-0.00858,0.30500
Les Miserables,0.17267,0.00035,-0.10722,-0.00716,0.30700
Les Miserables,0.17285,0.00066,-0.10783,-0.00664,0.30700
Les Miserables,0.17303,0.00029,-0.10842,-0.00626,0.30700
Les Miserables,0.17321,-0.00169,-0.10881,-0.00606,0.30600
Les Miserables,0.17339,-0.00234,-0.11005,-0.00597,0.30600
Les Miserables,0.17357,-0.00310,-0.11010,-0.00610,0.30700
Les Miserables,0.17375,-0.00380,-0.11107,-0.00595,0.30600
Les Miserables,0.17393,-0.00489,-0.11053,-0.00612,0.30600
Les Miserables,0.17411,-0.00505,-0.11237,-0.00547,0.30700
Les Miserables,0.17429,-0.00478,-0.11308,-0.00516,0.30700
Les Miserables,0.17447,-0.00445,-0.11375,-0.00513,0.30800
Les Miserables,0.17465,-0.00487,-0.11439,-0.00468,0.30800
Les Miserables,0.17483,-0.00475,-0.11532,-0.00456,0.30900
Les Miserables,0.17500,-0.00384,-0.11650,-0.00452,0.31000
Les Miserables,0.17518,-0.00342,-0.11828,-0.00418,0.31100
Les Miserables,0.17536,-0.00467,-0.11972,-0.00471,0.31100
Les Miserables,0.17554,-0.00490,-0.12201,-0.00490,0.31100
Les Miserables,0.17572,-0.00427,-0.12242,-0.00491,0.31200
Les Miserables,0.17590,-0.00276,-0.12404,-0.00471,0.31200
Les Miserables,0.17608,-0.00323,-0.12411,-0.00494,0.31200
Les Miserables,0.17626,-0.00368,-0.12385,-0.00508,0.31300
Les Miserables,0.17644,-0.00384,-0.12424,-0.00499,0.31300
Les Miserables,0.17662,-0.00263,-0.12466,-0.00524,0.31300
Les Miserables,0.17680,-0.00155,-0.12407,-0.00533,0.31200
Les Miserables,0.17698,-0.00097,-0.12443,-0.00542,0.31300
Les Miserables,0.17716,0.00062,-0.12512,-0.00544,0.31300
Les Miserables,0.17734,0.00157,-0.12532,-0.00562,0.31400
Les Miserables,0.17751,0.00169,-0.12481,-0.00639,0.31400
Les Miserables,0.17769,0.00076,-0.12464,-0.00603,0.31300
Les Miserables,0.17787,0.00064,-0.12440,-0.00616,0.31200
Les Miserables,0.17805,-0.00026,-0.12429,-0.00591,0.31100
Les Miserables,0.17823,0.00077,-0.12395,-0.00639,0.31100
Les Miserables,0.17841,0.00059,-0.12513,-0.00701,0.31200
Les Miserables,0.17859,-0.00157,-0.12470,-0.00737,0.31200
Les Miserables,0.17877,-0.00222,-0.12444,-0.00763,0.31100
Les Miserables,0.17895,-0.00112,-0.12501,-0.00826,0.31100
Les Miserables,0.17913,-0.00035,-0.12572,-0.00815,0.31000
Les Miserables,0.17931,-0.00055,-0.12689,-0.00842,0.31000
Les Miserables,0.17949,-0.00020,-0.12721,-0.00878,0.31000
Les Miserables,0.17967,-0.00088,-0.12825,-0.00907,0.31000
Les Miserables,0.17985,-0.00045,-0.12899,-0.00909,0.31000
Les Miserables,0.18003,-0.00051,-0.12856,-0.00926,0.30800
Les Miserables,0.18020,-0.00036,-0.12787,-0.00947,0.30800
Les Miserables,0.18038,-0.00060,-0.12745,-0.00958,0.30900
Les Miserables,0.18056,0.00023,-0.12699,-0.00972,0.30800
Les Miserables,0.18074,-0.00061,-0.12561,-0.00891,0.30700
Les Miserables,0.18092,-0.00115,-0.12461,-0.00866,0.30700
Les Miserables,0.18110,-0.00162,-0.12548,-0.00849,0.30800
Les Miserables,0.18128,-0.00199,-0.12351,-0.00892,0.30800
Les Miserables,0.18146,-0.00218,-0.12308,-0.00932,0.30900
Les Miserables,0.18164,-0.00232,-0.12349,-0.00982,0.30800
Les Miserables,0.18182,-0.00241,-0.12262,-0.00958,0.31000
Les Miserables,0.18200,-0.00164,-0.12220,-0.00950,0.30900
Les Miserables,0.18218,-0.00062,-0.12104,-0.00923,0.30800
Les Miserables,0.18236,0.00004,-0.12043,-0.00943,0.30800
Les Miserables,0.18254,-0.00038,-0.12189,-0.00950,0.30800
Les Miserables,0.18271,-0.00068,-0.12089,-0.00932,0.30900
Les Miserables,0.18289,-0.00107,-0.11938,-0.00914,0.31000
Les Miserables,0.18307,-0.00086,-0.11790,-0.00949,0.31200
Les Miserables,0.18325,-0.00063,-0.11720,-0.00939,0.31200
Les Miserables,0.18343,-0.00119,-0.11542,-0.00968,0.31200
Les Miserables,0.18361,-0.00019,-0.11550,-0.00986,0.31100
Les Miserables,0.18379,0.00177,-0.11504,-0.01017,0.31100
Les Miserables,0.18397,0.00223,-0.11389,-0.01032,0.31100
Les Miserables,0.18415,0.00137,-0.11275,-0.01051,0.31000
Les Miserables,0.18433,0.00093,-0.11161,-0.00982,0.30900
Les Miserables,0.18451,0.00132,-0.11017,-0.01004,0.30800
Les Miserables,0.18469,0.00128,-0.10821,-0.01046,0.30900
Les Miserables,0.18487,0.00200,-0.10741,-0.01075,0.30900
Les Miserables,0.18505,0.00234,-0.10631,-0.01063,0.30800
Les Miserables,0.18523,0.00228,-0.10571,-0.01097,0.30700
Les Miserables,0.18540,0.00257,-0.10352,-0.01143,0.30600
Les Miserables,0.18558,0.00311,-0.10294,-0.01154,0.30700
Les Miserables,0.18576,0.00341,-0.10321,-0.01195,0.30800
Les Miserables,0.18594,0.00392,-0.10266,-0.01217,0.30900
Les Miserables,0.18612,0.00485,-0.10195,-0.01238,0.30900
Les Miserables,0.18630,0.00467,-0.10179,-0.01307,0.30900
Les Miserables,0.18648,0.00555,-0.10202,-0.01303,0.30900
Les Miserables,0.18666,0.00497,-0.10223,-0.01309,0.30800
Les Miserables,0.18684,0.00318,-0.10241,-0.01319,0.30800
Les Miserables,0.18702,0.00316,-0.10291,-0.01323,0.30800
Les Miserables,0.18720,0.00424,-0.10226,-0.01318,0.30800
Les Miserables,0.18738,0.00333,-0.10130,-0.01346,0.30700
Les Miserables,0.18756,0.00361,-0.10033,-0.01359,0.30800
Les Miserables,0.18774,0.00388,-0.09918,-0.01357,0.30800
Les Miserables,0.18791,0.00359,-0.10013,-0.01386,0.30700
Les Miserables,0.18809,0.00338,-0.10026,-0.01400,0.30800
Les Miserables,0.18827,0.00387,-0.10126,-0.01391,0.30800
Les Miserables,0.18845,0.00407,-0.10001,-0.01385,0.30600
Les Miserables,0.18863,0.00502,-0.09946,-0.01411,0.30600
Les Miserables,0.18881,0.00645,-0.09872,-0.01477,0.30500
Les Miserables,0.18899,0.00663,-0.09749,-0.01490,0.30500
Les Miserables,0.18917,0.00799,-0.09695,-0.01491,0.30500
Les Miserables,0.18935,0.00791,-0.09826,-0.01525,0.30500
Les Miserables,0.18953,0.00941,-0.09871,-0.01535,0.30600
Les Miserables,0.18971,0.01066,-0.09882,-0.01574,0.30600
Les Miserables,0.18989,0.01099,-0.09829,-0.01559,0.30600
Les Miserables,0.19007,0.01301,-0.09706,-0.01577,0.30500
Les Miserables,0.19025,0.01392,-0.09631,-0.01574,0.30500
Les Miserables,0.19042,0.01426,-0.09528,-0.01634,0.30400
Les Miserables,0.19060,0.01347,-0.09370,-0.01751,0.30300
Les Miserables,0.19078,0.01439,-0.09190,-0.01804,0.30300
Les Miserables,0.19096,0.01450,-0.09189,-0.01820,0.30300
Les Miserables,0.19114,0.01567,-0.09158,-0.01827,0.30300
Les Miserables,0.19132,0.01662,-0.09121,-0.01855,0.30300
Les Miserables,0.19150,0.01745,-0.09077,-0.01861,0.30300
Les Miserables,0.19168,0.01900,-0.09046,-0.01910,0.30200
Les Miserables,0.19186,0.01962,-0.09035,-0.01912,0.30100
Les Miserables,0.19204,0.02031,-0.08990,-0.01975,0.30000
Les Miserables,0.19222,0.02009,-0.08845,-0.01988,0.30100
Les Miserables,0.19240,0.01908,-0.08750,-0.02003,0.30100
Les Miserables,0.19258,0.01940,-0.08739,-0.01999,0.30100
Les Miserables,0.19276,0.01848,-0.08634,-0.02022,0.30100
Les Miserables,0.19294,0.01816,-0.08542,-0.02037,0.29900
Les Miserables,0.19311,0.01967,-0.08396,-0.02088,0.29800
Les Miserables,0.19329,0.02140,-0.08347,-0.02087,0.29800
Les Miserables,0.19347,0.02155,-0.08163,-0.02105,0.29800
Les Miserables,0.19365,0.02147,-0.08200,-0.02145,0.29600
Les Miserables,0.19383,0.02096,-0.08174,-0.02176,0.29700
Les Miserables,0.19401,0.02086,-0.08082,-0.02149,0.29700
Les Miserables,0.19419,0.02147,-0.08137,-0.02155,0.29600
Les Miserables,0.19437,0.02185,-0.08209,-0.02149,0.29600
Les Miserables,0.19455,0.02148,-0.08310,-0.02094,0.29600
Les Miserables,0.19473,0.02070,-0.08437,-0.02020,0.29700
Les Miserables,0.19491,0.01934,-0.08405,-0.01964,0.29700
Les Miserables,0.19509,0.01933,-0.08448,-0.01945,0.29700
Les Miserables,0.19527,0.01813,-0.08379,-0.01919,0.29600
Les Miserables,0.19545,0.01718,-0.08494,-0.01848,0.29500
Les Miserables,0.19562,0.01777,-0.08569,-0.01868,0.29600
Les Miserables,0.19580,0.01776,-0.08677,-0.01840,0.29500
Les Miserables,0.19598,0.01847,-0.08685,-0.01807,0.29600
Les Miserables,0.19616,0.01872,-0.08748,-0.01752,0.29600
Les Miserables,0.19634,0.01921,-0.08790,-0.01656,0.29600
Les Miserables,0.19652,0.01948,-0.08862,-0.01627,0.29500
Les Miserables,0.19670,0.02016,-0.08914,-0.01568,0.29600
Les Miserables,0.19688,0.02009,-0.08990,-0.01507,0.29600
Les Miserables,0.19706,0.01931,-0.09005,-0.01490,0.29500
Les Miserables,0.19724,0.01902,-0.08973,-0.01482,0.29500
Les Miserables,0.19742,0.01895,-0.08989,-0.01362,0.29500
Les Miserables,0.19760,0.01935,-0.09008,-0.01346,0.29500
Les Miserables,0.19778,0.01969,-0.09185,-0.01314,0.29700
Les Miserables,0.19796,0.02054,-0.09212,-0.01289,0.29800
Les Miserables,0.19814,0.02089,-0.09251,-0.01284,0.29800
Les Miserables,0.19831,0.02191,-0.09259,-0.01292,0.29700
Les Miserables,0.19849,0.02227,-0.09180,-0.01304,0.29800
Les Miserables,0.19867,0.02384,-0.09229,-0.01353,0.29800
Les Miserables,0.19885,0.02622,-0.09253,-0.01354,0.29700
Les Miserables,0.19903,0.02761,-0.09132,-0.01395,0.29600
Les Miserables,0.19921,0.02905,-0.09269,-0.01389,0.29600
Les Miserables,0.19939,0.02908,-0.09256,-0.01383,0.29600
Les Miserables,0.19957,0.02939,-0.09224,-0.01379,0.29600
Les Miserables,0.19975,0.02928,-0.09300,-0.01354,0.29600
Les Miserables,0.19993,0.02942,-0.09309,-0.01348,0.29700
Les Miserables,0.20011,0.03024,-0.09400,-0.01395,0.29800
Les Miserables,0.20029,0.03207,-0.09306,-0.01367,0.30000
Les Miserables,0.20047,0.03374,-0.09030,-0.01348,0.30200
Les Miserables,0.20065,0.03413,-0.09020,-0.01392,0.30100
Les Miserables,0.20082,0.03446,-0.09130,-0.01383,0.30100
Les Miserables,0.20100,0.03507,-0.09144,-0.01341,0.30000
Les Miserables,0.20118,0.03474,-0.09212,-0.01323,0.30000
Les Miserables,0.20136,0.03499,-0.09291,-0.01339,0.30000
Les Miserables,0.20154,0.03425,-0.09250,-0.01325,0.30100
Les Miserables,0.20172,0.03210,-0.09301,-0.01251,0.30200
Les Miserables,0.20190,0.03196,-0.09384,-0.01207,0.30200
Les Miserables,0.20208,0.03273,-0.09509,-0.01180,0.30200
Les Miserables,0.20226,0.03190,-0.09642,-0.01170,0.30200
Les Miserables,0.20244,0.03144,-0.09696,-0.01165,0.30000
Les Miserables,0.20262,0.03104,-0.09882,-0.01158,0.30000
Les Miserables,0.20280,0.02972,-0.09990,-0.01130,0.30100
Les Miserables,0.20298,0.02872,-0.10080,-0.01105,0.30200
Les Miserables,0.20316,0.02731,-0.10181,-0.01102,0.30200
Les Miserables,0.20334,0.02666,-0.10251,-0.01051,0.30200
Les Miserables,0.20351,0.02613,-0.10281,-0.01060,0.30200
Les Miserables,0.20369,0.02519,-0.10320,-0.01041,0.30100
Les Miserables,0.20387,0.02347,-0.10420,-0.01015,0.30200
Les Miserables,0.20405,0.02178,-0.10495,-0.01002,0.30200
Les Miserables,0.20423,0.02121,-0.10448,-0.00952,0.30200
Les Miserables,0.20441,0.02047,-0.10473,-0.00927,0.30200
Les Miserables,0.20459,0.02172,-0.10486,-0.00950,0.30200
Les Miserables,0.20477,0.02153,-0.10521,-0.00975,0.30200
Les Miserables,0.20495,0.02056,-0.10556,-0.00993,0.30200
Les Miserables,0.20513,0.01895,-0.10576,-0.01002,0.30200
Les Miserables,0.20531,0.01890,-0.10672,-0.01008,0.30300
Les Miserables,0.20549,0.01826,-0.10707,-0.00978,0.30300
Les Miserables,0.20567,0.01832,-0.10819,-0.00999,0.30300
Les Miserables,0.20585,0.01841,-0.10859,-0.01016,0.30300
Les Miserables,0.20602,0.01914,-0.10847,-0.01033,0.30300
Les Miserables,0.20620,0.01876,-0.10708,-0.01022,0.30300
Les Miserables,0.20638,0.01828,-0.10770,-0.01034,0.30300
Les Miserables,0.20656,0.01742,-0.10875,-0.01008,0.30300
Les Miserables,0.20674,0.01603,-0.10922,-0.00986,0.30300
Les Miserables,0.20692,0.01574,-0.10991,-0.00991,0.30300
Les Miserables,0.20710,0.01480,-0.11086,-0.00946,0.30300
Les Miserables,0.20728,0.01410,-0.11090,-0.00927,0.30300
Les Miserables,0.20746,0.01259,-0.11042,-0.00893,0.30400
Les Miserables,0.20764,0.01111,-0.11062,-0.00935,0.30400
Les Miserables,0.20782,0.01044,-0.11066,-0.00916,0.30400
Les Miserables,0.20800,0.00947,-0.11120,-0.00903,0.30400
Les Miserables,0.20818,0.01050,-0.11138,-0.00929,0.30400
Les Miserables,0.20836,0.01017,-0.11180,-0.00948,0.30400
Les Miserables,0.20854,0.00976,-0.11191,-0.00951,0.30400
Les Miserables,0.20871,0.00830,-0.11291,-0.00964,0.30400
Les Miserables,0.20889,0.00840,-0.11214,-0.00993,0.30400
Les Miserables,0.20907,0.00730,-0.11130,-0.01013,0.30400
Les Miserables,0.20925,0.00555,-0.10928,-0.00970,0.30400
Les Miserables,0.20943,0.00420,-0.10943,-0.00973,0.30300
Les Miserables,0.20961,0.00236,-0.10892,-0.00954,0.30400
Les Miserables,0.20979,0.00112,-0.10914,-0.00973,0.30400
Les Miserables,0.20997,-0.00090,-0.10856,-0.01005,0.30500
Les Miserables,0.21015,-0.00063,-0.10925,-0.01022,0.30500
Les Miserables,0.21033,-0.00088,-0.10968,-0.01043,0.30300
Les Miserables,0.21051,-0.00177,-0.10970,-0.01089,0.30300
Les Miserables,0.21069,-0.00202,-0.10855,-0.01071,0.30200
Les Miserables,0.21087,-0.00284,-0.10683,-0.01106,0.30300
Les Miserables,0.21105,-0.00499,-0.10725,-0.01137,0.30400
Les Miserables,0.21122,-0.00718,-0.10715,-0.01138,0.30300
Les Miserables,0.21140,-0.00794,-0.10811,-0.01137,0.30400
Les Miserables,0.21158,-0.00927,-0.10816,-0.01133,0.30500
Les Miserables,0.21176,-0.00970,-0.10791,-0.01181,0.30500
Les Miserables,0.21194,-0.01065,-0.10777,-0.01194,0.30500
Les Miserables,0.21212,-0.01151,-0.10735,-0.01192,0.30600
Les Miserables,0.21230,-0.01165,-0.10586,-0.01195,0.30500
Les Miserables,0.21248,-0.01192,-0.10525,-0.01188,0.30500
Les Miserables,0.21266,-0.01281,-0.10321,-0.01227,0.30500
Les Miserables,0.21284,-0.01271,-0.10144,-0.01298,0.30500
Les Miserables,0.21302,-0.01322,-0.10132,-0.01318,0.30500
Les Miserables,0.21320,-0.01219,-0.10152,-0.01366,0.30500
Les Miserables,0.21338,-0.01094,-0.09906,-0.01382,0.30600
Les Miserables,0.21356,-0.01124,-0.09764,-0.01383,0.30700
Les Miserables,0.21373,-0.01135,-0.09589,-0.01399,0.30800
Les Miserables,0.21391,-0.01128,-0.09576,-0.01395,0.30800
Les Miserables,0.21409,-0.01106,-0.09458,-0.01396,0.30700
Les Miserables,0.21427,-0.01076,-0.09234,-0.01430,0.30700
Les Miserables,0.21445,-0.01012,-0.09196,-0.01467,0.30800
Les Miserables,0.21463,-0.00862,-0.09092,-0.01544,0.30800
Les Miserables,0.21481,-0.00909,-0.08998,-0.01588,0.30800
Les Miserables,0.21499,-0.00873,-0.09014,-0.01628,0.30900
Les Miserables,0.21517,-0.00925,-0.08923,-0.01655,0.31000
Les Miserables,0.21535,-0.00935,-0.08898,-0.01756,0.31000
Les Miserables,0.21553,-0.00858,-0.08876,-0.01751,0.31000
Les Miserables,0.21571,-0.00926,-0.08789,-0.01786,0.30800
Les Miserables,0.21589,-0.00871,-0.08858,-0.01816,0.30800
Les Miserables,0.21607,-0.00897,-0.08731,-0.01830,0.30800
Les Miserables,0.21625,-0.01003,-0.08685,-0.01838,0.30800
Les Miserables,0.21642,-0.00946,-0.08757,-0.01831,0.30900
Les Miserables,0.21660,-0.00976,-0.08755,-0.01816,0.30900
Les Miserables,0.21678,-0.01063,-0.08668,-0.01837,0.31000
Les Miserables,0.21696,-0.01127,-0.08631,-0.01811,0.31000
Les Miserables,0.21714,-0.01182,-0.08556,-0.01769,0.31000
Les Miserables,0.21732,-0.01083,-0.08522,-0.01767,0.31000
Les Miserables,0.21750,-0.01104,-0.08434,-0.01704,0.31000
Les Miserables,0.21768,-0.01036,-0.08361,-0.01748,0.31100
Les Miserables,0.21786,-0.00950,-0.08428,-0.01787,0.31100
Les Miserables,0.21804,-0.01051,-0.08407,-0.01793,0.31100
Les Miserables,0.21822,-0.01246,-0.08489,-0.01828,0.30900
Les Miserables,0.21840,-0.01394,-0.08627,-0.01852,0.30700
Les Miserables,0.21858,-0.01513,-0.08568,-0.01832,0.30700
Les Miserables,0.21876,-0.01532,-0.08444,-0.01869,0.30700
Les Miserables,0.21893,-0.01582,-0.08459,-0.01884,0.30600
Les Miserables,0.21911,-0.01597,-0.08414,-0.01893,0.30600
Les Miserables,0.21929,-0.01526,-0.08414,-0.01862,0.30600
Les Miserables,0.21947,-0.01584,-0.08457,-0.01886,0.30600
Les Miserables,0.21965,-0.01629,-0.08441,-0.01933,0.30500
Les Miserables,0.21983,-0.01665,-0.08404,-0.01900,0.30500
Les Miserables,0.22001,-0.01582,-0.08408,-0.01898,0.30600
Les Miserables,0.22019,-0.01495,-0.08419,-0.01915,0.30500
Les Miserables,0.22037,-0.01431,-0.08478,-0.01895,0.30500
Les Miserables,0.22055,-0.01359,-0.08401,-0.01866,0.30400
Les Miserables,0.22073,-0.01232,-0.08300,-0.01877,0.30400
Les Miserables,0.22091,-0.01224,-0.08313,-0.01888,0.30400
Les Miserables,0.22109,-0.01179,-0.08299,-0.01908,0.30300
Les Miserables,0.22127,-0.00987,-0.08365,-0.01907,0.30200
Les Miserables,0.22145,-0.00957,-0.08426,-0.01865,0.30100
Les Miserables,0.22162,-0.00867,-0.08415,-0.01858,0.30200
Les Miserables,0.22180,-0.00695,-0.08351,-0.01850,0.30100
Les Miserables,0.22198,-0.00556,-0.08305,-0.01862,0.30100
Les Miserables,0.22216,-0.00508,-0.08309,-0.01888,0.30100
Les Miserables,0.22234,-0.00499,-0.08169,-0.01931,0.30000
Les Miserables,0.22252,-0.00580,-0.08126,-0.01906,0.30000
Les Miserables,0.22270,-0.00488,-0.08045,-0.01889,0.30000
Les Miserables,0.22288,-0.00482,-0.08041,-0.01877,0.30100
Les Miserables,0.22306,-0.00461,-0.07936,-0.01859,0.30100
Les Miserables,0.22324,-0.00518,-0.07918,-0.01838,0.30000
Les Miserables,0.22342,-0.00522,-0.07915,-0.01875,0.30000
Les Miserables,0.22360,-0.00639,-0.07825,-0.01851,0.29900
Les Miserables,0.22378,-0.00585,-0.07615,-0.01862,0.30000
Les Miserables,0.22396,-0.00735,-0.07478,-0.01805,0.30000
Les Miserables,0.22413,-0.00781,-0.07349,-0.01828,0.30000
Les Miserables,0.22431,-0.00771,-0.07252,-0.01843,0.30000
Les Miserables,0.22449,-0.00737,-0.07160,-0.01848,0.30000
Les Miserables,0.22467,-0.00741,-0.07165,-0.01845,0.30100
Les Miserables,0.22485,-0.00561,-0.07177,-0.01842,0.30000
Les Miserables,0.22503,-0.00586,-0.07119,-0.01895,0.30000
Les Miserables,0.22521,-0.00515,-0.06996,-0.01876,0.29900
Les Miserables,0.22539,-0.00410,-0.06928,-0.01869,0.29900
Les Miserables,0.22557,-0.00286,-0.06930,-0.01863,0.29900
Les Miserables,0.22575,-0.00047,-0.06889,-0.01911,0.29800
Les Miserables,0.22593,-0.00078,-0.06712,-0.01942,0.29800
Les Miserables,0.22611,-0.00107,-0.06735,-0.01948,0.29800
Les Miserables,0.22629,-0.00104,-0.06587,-0.01923,0.29800
Les Miserables,0.22647,-0.00203,-0.06568,-0.01921,0.29900
Les Miserables,0.22665,-0.00179,-0.06454,-0.01912,0.29900
Les Miserables,0.22682,-0.00234,-0.06385,-0.01905,0.29900
Les Miserables,0.22700,-0.00197,-0.06405,-0.01860,0.29900
Les Miserables,0.22718,-0.00133,-0.06573,-0.01927,0.29900
Les Miserables,0.22736,-0.00075,-0.06570,-0.01909,0.30100
Les Miserables,0.22754,0.00086,-0.06631,-0.01940,0.30100
Les Miserables,0.22772,0.00255,-0.06514,-0.01962,0.30100
Les Miserables,0.22790,0.00407,-0.06416,-0.01910,0.30000
Les Miserables,0.22808,0.00405,-0.06334,-0.01942,0.29900
Les Miserables,0.22826,0.00484,-0.06266,-0.01946,0.29900
Les Miserables,0.22844,0.00527,-0.06041,-0.01951,0.29900
Les Miserables,0.22862,0.00571,-0.06041,-0.01972,0.29900
Les Miserables,0.22880,0.00663,-0.06069,-0.02001,0.29800
Les Miserables,0.22898,0.00793,-0.06021,-0.01970,0.29700
Les Miserables,0.22916,0.00856,-0.05906,-0.01933,0.29700
Les Miserables,0.22933,0.00884,-0.05737,-0.01915,0.29600
Les Miserables,0.22951,0.01057,-0.05543,-0.01889,0.29600
Les Miserables,0.22969,0.01068,-0.05515,-0.01834,0.29700
Les Miserables,0.22987,0.01169,-0.05465,-0.01833,0.29600
Les Miserables,0.23005,0.01270,-0.05378,-0.01857,0.29600
Les Miserables,0.23023,0.01282,-0.05329,-0.01874,0.29600
Les Miserables,0.23041,0.01246,-0.05113,-0.01880,0.29500
Les Miserables,0.23059,0.01322,-0.05118,-0.01889,0.29500
Les Miserables,0.23077,0.01416,-0.05254,-0.01868,0.29400
Les Miserables,0.23095,0.01458,-0.05132,-0.01863,0.29400
Les Miserables,0.23113,0.01529,-0.05126,-0.01868,0.29400
Les Miserables,0.23131,0.01432,-0.05229,-0.01850,0.29400
Les Miserables,0.23149,0.01500,-0.05243,-0.01840,0.29300
Les Miserables,0.23167,0.01475,-0.05397,-0.01855,0.29200
Les Miserables,0.23185,0.01452,-0.05370,-0.01911,0.29200
Les Miserables,0.23202,0.01459,-0.05356,-0.01954,0.29200
Les Miserables,0.23220,0.01375,-0.05374,-0.01954,0.29200
Les Miserables,0.23238,0.01396,-0.05318,-0.01952,0.29200
Les Miserables,0.23256,0.01229,-0.05113,-0.01923,0.29100
Les Miserables,0.23274,0.01301,-0.04985,-0.01885,0.29200
Les Miserables,0.23292,0.01264,-0.04779,-0.01875,0.29100
Les Miserables,0.23310,0.01350,-0.04683,-0.01844,0.29000
Les Miserables,0.23328,0.01346,-0.04582,-0.01814,0.28900
Les Miserables,0.23346,0.01321,-0.04511,-0.01810,0.28800
Les Miserables,0.23364,0.01246,-0.04258,-0.01769,0.28800
Les Miserables,0.23382,0.01176,-0.04175,-0.01744,0.28800
Les Miserables,0.23400,0.01243,-0.04065,-0.01752,0.28900
Les Miserables,0.23418,0.01367,-0.03984,-0.01707,0.28900
Les Miserables,0.23436,0.01341,-0.04021,-0.01716,0.28900
Les Miserables,0.23453,0.01226,-0.04022,-0.01714,0.28900
Les Miserables,0.23471,0.01083,-0.03998,-0.01679,0.29000
Les Miserables,0.23489,0.01012,-0.03952,-0.01698,0.29000
Les Miserables,0.23507,0.01015,-0.03964,-0.01717,0.28900
Les Miserables,0.23525,0.01051,-0.03971,-0.01720,0.28800
Les Miserables,0.23543,0.01045,-0.03979,-0.01759,0.28800
Les Miserables,0.23561,0.01107,-0.03901,-0.01717,0.28800
Les Miserables,0.23579,0.01002,-0.03847,-0.01659,0.28800
Les Miserables,0.23597,0.00971,-0.03702,-0.01625,0.28700
Les Miserables,0.23615,0.00998,-0.03648,-0.01598,0.28800
Les Miserables,0.23633,0.01111,-0.03580,-0.01592,0.28800
Les Miserables,0.23651,0.01247,-0.03615,-0.01567,0.28900
Les Miserables,0.23669,0.01212,-0.03666,-0.01543,0.28900
Les Miserables,0.23687,0.01110,-0.03668,-0.01518,0.29000
Les Miserables,0.23705,0.01157,-0.03628,-0.01521,0.28900
Les Miserables,0.23722,0.01181,-0.03554,-0.01487,0.28900
Les Miserables,0.23740,0.01349,-0.03524,-0.01495,0.28800
Les Miserables,0.23758,0.01619,-0.03512,-0.01481,0.28900
Les Miserables,0.23776,0.01757,-0.03516,-0.01510,0.28900
Les Miserables,0.23794,0.01866,-0.03566,-0.01567,0.29100
Les Miserables,0.23812,0.01902,-0.03486,-0.01610,0.29100
Les Miserables,0.23830,0.01846,-0.03339,-0.01596,0.29200
Les Miserables,0.23848,0.01827,-0.03367,-0.01637,0.29200
Les Miserables,0.23866,0.01926,-0.03387,-0.01640,0.29100
Les Miserables,0.23884,0.02053,-0.03273,-0.01692,0.29100
Les Miserables,0.23902,0.02177,-0.03174,-0.01731,0.29100
Les Miserables,0.23920,0.02153,-0.03215,-0.01794,0.29200
Les Miserables,0.23938,0.02255,-0.03220,-0.01850,0.29300
Les Miserables,0.23956,0.02172,-0.03154,-0.01846,0.29300
Les Miserables,0.23973,0.02011,-0.03190,-0.01846,0.29300
Les Miserables,0.23991,0.01991,-0.03009,-0.01824,0.29300
Les Miserables,0.24009,0.02014,-0.02947,-0.01845,0.29300
Les Miserables,0.24027,0.02109,-0.03003,-0.01833,0.29200
Les Miserables,0.24045,0.02311,-0.02965,-0.01876,0.29200
Les Miserables,0.24063,0.02528,-0.03021,-0.01895,0.29200
Les Miserables,0.24081,0.02693,-0.02914,-0.01926,0.29100
Les Miserables,0.24099,0.02817,-0.02971,-0.01954,0.29100
Les Miserables,0.24117,0.02880,-0.02887,-0.01976,0.29100
Les Miserables,0.24135,0.02952,-0.02855,-0.01993,0.29100
Les Miserables,0.24153,0.03159,-0.02914,-0.01985,0.29100
Les Miserables,0.24171,0.03170,-0.03072,-0.02004,0.29100
Les Miserables,0.24189,0.03184,-0.03147,-0.02085,0.29000
Les Miserables,0.24207,0.03171,-0.03231,-0.02094,0.29000
Les Miserables,0.24224,0.03240,-0.03333,-0.02094,0.29100
Les Miserables,0.24242,0.03296,-0.03313,-0.02101,0.29000
Les Miserables,0.24260,0.03501,-0.03396,-0.02089,0.29000
Les Miserables,0.24278,0.03415,-0.03299,-0.02063,0.29100
Les Miserables,0.24296,0.03431,-0.03258,-0.02040,0.29100
Les Miserables,0.24314,0.03468,-0.03128,-0.02038,0.29100
Les Miserables,0.24332,0.03353,-0.03120,-0.02039,0.29000
Les Miserables,0.24350,0.03398,-0.02981,-0.01980,0.29000
Les Miserables,0.24368,0.03326,-0.03033,-0.01923,0.29100
Les Miserables,0.24386,0.03316,-0.03150,-0.01907,0.29100
Les Miserables,0.24404,0.03313,-0.03104,-0.01892,0.29000
Les Miserables,0.24422,0.03439,-0.03156,-0.01897,0.29100
Les Miserables,0.24440,0.03565,-0.03001,-0.01930,0.29000
Les Miserables,0.24458,0.03607,-0.03050,-0.01915,0.29000
Les Miserables,0.24476,0.03629,-0.03111,-0.01885,0.29000
Les Miserables,0.24493,0.03570,-0.03183,-0.01910,0.29000
Les Miserables,0.24511,0.03551,-0.03288,-0.01861,0.29000
Les Miserables,0.24529,0.03770,-0.03308,-0.01830,0.29000
Les Miserables,0.24547,0.03701,-0.03366,-0.01715,0.29100
Les Miserables,0.24565,0.03566,-0.03340,-0.01657,0.29100
Les Miserables,0.24583,0.03476,-0.03392,-0.01677,0.29100
Les Miserables,0.24601,0.03377,-0.03451,-0.01657,0.29200
Les Miserables,0.24619,0.03340,-0.03552,-0.01647,0.29200
Les Miserables,0.24637,0.03331,-0.03763,-0.01613,0.29400
Les Miserables,0.24655,0.03293,-0.03817,-0.01620,0.29500
Les Miserables,0.24673,0.03266,-0.03862,-0.01634,0.29500
Les Miserables,0.24691,0.03231,-0.03944,-0.01636,0.29600
Les Miserables,0.24709,0.03348,-0.03952,-0.01673,0.29600
Les Miserables,0.24727,0.03408,-0.04038,-0.01709,0.29700
Les Miserables,0.24744,0.03352,-0.04230,-0.01750,0.29600
Les Miserables,0.24762,0.03436,-0.04210,-0.01774,0.29500
Les Miserables,0.24780,0.03462,-0.04266,-0.01753,0.29600
Les Miserables,0.24798,0.03521,-0.04238,-0.01739,0.29600
Les Miserables,0.24816,0.03526,-0.04355,-0.01695,0.29700
Les Miserables,0.24834,0.03590,-0.04555,-0.01707,0.29700
Les Miserables,0.24852,0.03605,-0.04434,-0.01684,0.29800
Les Miserables,0.24870,0.03583,-0.04480,-0.01671,0.29900
Les Miserables,0.24888,0.03526,-0.04458,-0.01669,0.29800
Les Miserables,0.24906,0.03430,-0.04359,-0.01627,0.29800
Les Miserables,0.24924,0.03450,-0.04407,-0.01669,0.29800
Les Miserables,0.24942,0.03387,-0.04450,-0.01680,0.29700
Les Miserables,0.24960,0.03375,-0.04462,-0.01646,0.29800
Les Miserables,0.24978,0.03313,-0.04575,-0.01642,0.29800
Les Miserables,0.24996,0.03234,-0.04694,-0.01586,0.29800
Les Miserables,0.25013,0.03280,-0.04763,-0.01622,0.29800
Les Miserables,0.25031,0.03194,-0.04760,-0.01617,0.29800
Les Miserables,0.25049,0.03161,-0.04920,-0.01613,0.29700
Les Miserables,0.25067,0.03075,-0.05003,-0.01638,0.29700
Les Miserables,0.25085,0.03112,-0.05102,-0.01623,0.29700
Les Miserables,0.25103,0.03083,-0.05232,-0.01611,0.29600
Les Miserables,0.25121,0.03132,-0.05232,-0.01619,0.29700
Les Miserables,0.25139,0.03176,-0.05333,-0.01634,0.29700
Les Miserables,0.25157,0.03261,-0.05491,-0.01650,0.29800
Les Miserables,0.25175,0.03228,-0.05504,-0.01651,0.29700
Les Miserables,0.25193,0.03120,-0.05760,-0.01640,0.29700
Les Miserables,0.25211,0.03081,-0.05920,-0.01667,0.29700
Les Miserables,0.25229,0.02980,-0.05905,-0.01641,0.29600
Les Miserables,0.25247,0.03086,-0.05968,-0.01619,0.29600
Les Miserables,0.25264,0.03170,-0.06042,-0.01646,0.29500
Les Miserables,0.25282,0.03170,-0.06188,-0.01655,0.29600
Les Miserables,0.25300,0.03131,-0.06150,-0.01710,0.29600
Les Miserables,0.25318,0.03156,-0.06087,-0.01733,0.29700
Les Miserables,0.25336,0.03241,-0.06198,-0.01744,0.29700
Les Miserables,0.25354,0.03213,-0.06166,-0.01779,0.29700
Les Miserables,0.25372,0.03279,-0.06058,-0.01824,0.29600
Les Miserables,0.25390,0.03346,-0.06137,-0.01855,0.29700
Les Miserables,0.25408,0.03360,-0.06155,-0.01895,0.29700
Les Miserables,0.25426,0.03406,-0.06106,-0.01911,0.29600
Les Miserables,0.25444,0.03456,-0.06117,-0.01950,0.29600
Les Miserables,0.25462,0.03604,-0.06216,-0.01941,0.29600
Les Miserables,0.25480,0.03664,-0.06239,-0.01953,0.29700
Les Miserables,0.25498,0.03636,-0.06425,-0.01984,0.29700
Les Miserables,0.25516,0.03556,-0.06603,-0.02016,0.29700
Les Miserables,0.25533,0.03362,-0.06678,-0.02005,0.29900
Les Miserables,0.25551,0.03188,-0.06702,-0.02021,0.29900
Les Miserables,0.25569,0.03169,-0.06624,-0.02056,0.30000
Les Miserables,0.25587,0.03008,-0.06579,-0.02035,0.29700
Les Miserables,0.25605,0.02938,-0.06550,-0.02044,0.29700
Les Miserables,0.25623,0.02970,-0.06558,-0.02050,0.29700
Les Miserables,0.25641,0.02876,-0.06512,-0.02028,0.29900
Les Miserables,0.25659,0.02702,-0.06434,-0.01968,0.29900
Les Miserables,0.25677,0.02622,-0.06511,-0.01926,0.30000
Les Miserables,0.25695,0.02513,-0.06466,-0.01897,0.30000
Les Miserables,0.25713,0.02365,-0.06404,-0.01855,0.30000
Les Miserables,0.25731,0.02061,-0.06315,-0.01825,0.30100
Les Miserables,0.25749,0.01966,-0.06270,-0.01789,0.30100
Les Miserables,0.25767,0.02077,-0.06159,-0.01786,0.30100
Les Miserables,0.25784,0.01991,-0.06180,-0.01773,0.30200
Les Miserables,0.25802,0.01945,-0.06188,-0.01750,0.30200
Les Miserables,0.25820,0.01873,-0.06293,-0.01762,0.30300
Les Miserables,0.25838,0.01720,-0.06378,-0.01745,0.30300
Les Miserables,0.25856,0.01469,-0.06440,-0.01744,0.30300
Les Miserables,0.25874,0.01381,-0.06623,-0.01731,0.30400
Les Miserables,0.25892,0.01361,-0.06737,-0.01722,0.30400
Les Miserables,0.25910,0.01431,-0.06860,-0.01695,0.30500
Les Miserables,0.25928,0.01418,-0.06955,-0.01655,0.30500
Les Miserables,0.25946,0.01352,-0.07022,-0.01645,0.30500
Les Miserables,0.25964,0.01321,-0.06960,-0.01607,0.30600
Les Miserables,0.25982,0.01428,-0.07113,-0.01509,0.30600
Les Miserables,0.26000,0.01350,-0.07143,-0.01479,0.30700
Les Miserables,0.26018,0.01212,-0.07164,-0.01450,0.30700
Les Miserables,0.26036,0.01152,-0.07268,-0.01357,0.30700
Les Miserables,0.26053,0.01032,-0.07240,-0.01340,0.30700
Les Miserables,0.26071,0.01125,-0.07379,-0.01343,0.30700
Les Miserables,0.26089,0.01085,-0.07442,-0.01296,0.30700
Les Miserables,0.26107,0.00956,-0.07616,-0.01292,0.30800
Les Miserables,0.26125,0.00999,-0.07653,-0.01305,0.30800
Les Miserables,0.26143,0.01022,-0.07778,-0.01369,0.30800
Les Miserables,0.26161,0.01000,-0.07734,-0.01432,0.30800
Les Miserables,0.26179,0.01131,-0.07773,-0.01408,0.30800
Les Miserables,0.26197,0.01218,-0.07788,-0.01418,0.30800
Les Miserables,0.26215,0.01159,-0.07873,-0.01439,0.30800
Les Miserables,0.26233,0.01220,-0.07907,-0.01428,0.30800
Les Miserables,0.26251,0.01244,-0.07936,-0.01425,0.30900
Les Miserables,0.26269,0.01415,-0.07990,-0.01450,0.30800
Les Miserables,0.26287,0.01508,-0.07912,-0.01452,0.30800
Les Miserables,0.26304,0.01669,-0.07891,-0.01453,0.30900
Les Miserables,0.26322,0.01558,-0.07926,-0.01477,0.30900
Les Miserables,0.26340,0.01631,-0.07818,-0.01530,0.30800
Les Miserables,0.26358,0.01609,-0.07965,-0.01538,0.30900
Les Miserables,0.26376,0.01639,-0.07935,-0.01504,0.31000
Les Miserables,0.26394,0.01733,-0.07901,-0.01512,0.30900
Les Miserables,0.26412,0.01731,-0.07934,-0.01484,0.31000
Les Miserables,0.26430,0.01665,-0.07901,-0.01509,0.30900
Les Miserables,0.26448,0.01669,-0.07966,-0.01483,0.30800
Les Miserables,0.26466,0.01628,-0.08119,-0.01457,0.30800
Les Miserables,0.26484,0.01584,-0.08108,-0.01451,0.30700
Les Miserables,0.26502,0.01471,-0.08177,-0.01439,0.30800
Les Miserables,0.26520,0.01374,-0.08212,-0.01423,0.30800
Les Miserables,0.26538,0.01313,-0.08142,-0.01390,0.30700
Les Miserables,0.26555,0.01155,-0.08245,-0.01399,0.30800
Les Miserables,0.26573,0.01198,-0.08348,-0.01401,0.30800
Les Miserables,0.26591,0.01224,-0.08554,-0.01352,0.30900
Les Miserables,0.26609,0.01197,-0.08580,-0.01322,0.30900
Les Miserables,0.26627,0.01242,-0.08685,-0.01261,0.30900
Les Miserables,0.26645,0.01242,-0.08880,-0.01259,0.30900
Les Miserables,0.26663,0.01157,-0.08941,-0.01236,0.30900
Les Miserables,0.26681,0.01252,-0.09037,-0.01183,0.30800
Les Miserables,0.26699,0.01250,-0.09160,-0.01191,0.30800
Les Miserables,0.26717,0.01189,-0.09111,-0.01153,0.30900
Les Miserables,0.26735,0.01140,-0.09049,-0.01116,0.30900
Les Miserables,0.26753,0.01138,-0.08976,-0.01094,0.30700
Les Miserables,0.26771,0.01053,-0.08927,-0.01064,0.30700
Les Miserables,0.26789,0.00965,-0.09006,-0.01085,0.30800
Les Miserables,0.26807,0.00855,-0.09018,-0.01051,0.30700
Les Miserables,0.26824,0.00790,-0.09038,-0.01006,0.30800
Les Miserables,0.26842,0.00795,-0.09047,-0.00980,0.30900
Les Miserables,0.26860,0.00787,-0.09035,-0.00965,0.30900
Les Miserables,0.26878,0.00686,-0.09069,-0.00951,0.31000
Les Miserables,0.26896,0.00645,-0.08915,-0.00931,0.31100
Les Miserables,0.26914,0.00653,-0.08894,-0.00931,0.31100
Les Miserables,0.26932,0.00531,-0.08851,-0.00905,0.31200
Les Miserables,0.26950,0.00513,-0.08862,-0.00899,0.31200
Les Miserables,0.26968,0.00381,-0.08819,-0.00929,0.31200
Les Miserables,0.26986,0.00369,-0.08769,-0.00912,0.31300
Les Miserables,0.27004,0.00273,-0.08704,-0.00891,0.31400
Les Miserables,0.27022,0.00337,-0.08693,-0.00915,0.31400
Les Miserables,0.27040,0.00322,-0.08687,-0.00927,0.31400
Les Miserables,0.27058,0.00304,-0.08795,-0.00919,0.31500
Les Miserables,0.27075,0.00286,-0.08814,-0.00900,0.31600
Les Miserables,0.27093,0.00285,-0.08906,-0.00867,0.31600
Les Miserables,0.27111,0.00202,-0.09021,-0.00855,0.31500
Les Miserables,0.27129,0.00198,-0.08929,-0.00838,0.31500
Les Miserables,0.27147,0.00197,-0.09119,-0.00844,0.31700
Les Miserables,0.27165,0.00199,-0.09327,-0.00846,0.31700
Les Miserables,0.27183,0.00160,-0.09410,-0.00830,0.31600
Les Miserables,0.27201,0.00143,-0.09519,-0.00830,0.31600
Les Miserables,0.27219,-0.00009,-0.09670,-0.00833,0.31600
Les Miserables,0.27237,-0.00089,-0.09740,-0.00821,0.31600
Les Miserables,0.27255,-0.00245,-0.09715,-0.00832,0.31600
Les Miserables,0.27273,-0.00233,-0.09778,-0.00834,0.31500
Les Miserables,0.27291,-0.00216,-0.09769,-0.00824,0.31400
Les Miserables,0.27309,-0.00233,-0.09765,-0.00804,0.31400
Les Miserables,0.27327,-0.00238,-0.09729,-0.00785,0.31300
Les Miserables,0.27344,-0.00326,-0.09730,-0.00800,0.31200
Les Miserables,0.27362,-0.00464,-0.09821,-0.00805,0.31000
Les Miserables,0.27380,-0.00532,-0.09825,-0.00777,0.31100
Les Miserables,0.27398,-0.00468,-0.09986,-0.00777,0.31200
Les Miserables,0.27416,-0.00482,-0.10133,-0.00808,0.31200
Les Miserables,0.27434,-0.00407,-0.10246,-0.00809,0.31100
Les Miserables,0.27452,-0.00291,-0.10423,-0.00866,0.31100
Les Miserables,0.27470,-0.00265,-0.10511,-0.00875,0.31000
Les Miserables,0.27488,-0.00213,-0.10664,-0.00818,0.31100
Les Miserables,0.27506,-0.00244,-0.10713,-0.00822,0.31000
Les Miserables,0.27524,-0.00114,-0.10847,-0.00824,0.31000
Les Miserables,0.27542,0.00013,-0.11002,-0.00834,0.31000
Les Miserables,0.27560,-0.00004,-0.11081,-0.00809,0.31000
Les Miserables,0.27578,-0.00003,-0.11252,-0.00856,0.31000
Les Miserables,0.27595,-0.00072,-0.11374,-0.00867,0.31100
Les Miserables,0.27613,-0.00137,-0.11363,-0.00812,0.31100
Les Miserables,0.27631,-0.00156,-0.11302,-0.00780,0.31100
Les Miserables,0.27649,-0.00229,-0.11176,-0.00755,0.31100
Les Miserables,0.27667,-0.00224,-0.11024,-0.00711,0.31200
Les Miserables,0.27685,-0.00290,-0.11006,-0.00709,0.31200
Les Miserables,0.27703,-0.00408,-0.10915,-0.00701,0.31200
Les Miserables,0.27721,-0.00369,-0.10856,-0.00694,0.31200
Les Miserables,0.27739,-0.00535,-0.10771,-0.00694,0.31200
Les Miserables,0.27757,-0.00543,-0.10782,-0.00654,0.31100
Les Miserables,0.27775,-0.00539,-0.10693,-0.00695,0.31100
Les Miserables,0.27793,-0.00436,-0.10787,-0.00705,0.31100
Les Miserables,0.27811,-0.00374,-0.10777,-0.00688,0.31000
Les Miserables,0.27829,-0.00403,-0.10797,-0.00753,0.31000
Les Miserables,0.27847,-0.00373,-0.10742,-0.00732,0.30900
Les Miserables,0.27864,-0.00464,-0.10791,-0.00711,0.30900
Les Miserables,0.27882,-0.00486,-0.10824,-0.00736,0.31000
Les Miserables,0.27900,-0.00342,-0.10871,-0.00761,0.31000
Les Miserables,0.27918,-0.00367,-0.10836,-0.00738,0.31000
Les Miserables,0.27936,-0.00473,-0.10866,-0.00645,0.31100
Les Miserables,0.27954,-0.00574,-0.10896,-0.00635,0.31100
Les Miserables,0.27972,-0.00613,-0.11082,-0.00573,0.31300
Les Miserables,0.27990,-0.00699,-0.11144,-0.00513,0.31300
Les Miserables,0.28008,-0.00779,-0.11223,-0.00439,0.31300
Les Miserables,0.28026,-0.00736,-0.11376,-0.00361,0.31400
Les Miserables,0.28044,-0.00713,-0.11418,-0.00343,0.31400
Les Miserables,0.28062,-0.00792,-0.11468,-0.00330,0.31500
Les Miserables,0.28080,-0.00824,-0.11572,-0.00267,0.31400
Les Miserables,0.28098,-0.00962,-0.11581,-0.00221,0.31400
Les Miserables,0.28115,-0.01049,-0.11623,-0.00187,0.31300
Les Miserables,0.28133,-0.01170,-0.11669,-0.00157,0.31200
Les Miserables,0.28151,-0.01039,-0.11726,-0.00116,0.31100
Les Miserables,0.28169,-0.01046,-0.11694,-0.00113,0.31100
Les Miserables,0.28187,-0.01076,-0.11737,-0.00071,0.31100
Les Miserables,0.28205,-0.01099,-0.11688,-0.00062,0.31000
Les Miserables,0.28223,-0.01028,-0.11761,-0.00063,0.31000
Les Miserables,0.28241,-0.01025,-0.11792,-0.00049,0.31000
Les Miserables,0.28259,-0.00961,-0.11646,-0.00054,0.30900
Les Miserables,0.28277,-0.00924,-0.11623,-0.00048,0.31100
Les Miserables,0.28295,-0.00869,-0.11664,0.00010,0.31100
Les Miserables,0.28313,-0.00765,-0.11615,0.00032,0.31100
Les Miserables,0.28331,-0.00720,-0.11590,0.00041,0.31100
Les Miserables,0.28349,-0.00697,-0.11566,0.00108,0.31100
Les Miserables,0.28367,-0.00724,-0.11518,0.00095,0.31000
Les Miserables,0.28384,-0.00842,-0.11376,0.00052,0.31000
Les Miserables,0.28402,-0.00833,-0.11339,0.00024,0.30900
Les Miserables,0.28420,-0.00898,-0.11253,-0.00041,0.30900
Les Miserables,0.28438,-0.00980,-0.11280,-0.00039,0.30800
Les Miserables,0.28456,-0.00938,-0.11322,-0.00059,0.30800
Les Miserables,0.28474,-0.00965,-0.11424,-0.00136,0.30900
Les Miserables,0.28492,-0.00995,-0.11434,-0.00127,0.31000
Les Miserables,0.28510,-0.00934,-0.11520,-0.00092,0.31000
Les Miserables,0.28528,-0.00923,-0.11627,-0.00083,0.31100
Les Miserables,0.28546,-0.00988,-0.11710,-0.00112,0.31100
Les Miserables,0.28564,-0.00967,-0.11737,-0.00097,0.31100
Les Miserables,0.28582,-0.00925,-0.11703,-0.00106,0.31100
Les Miserables,0.28600,-0.01005,-0.11756,-0.00099,0.31200
Les Miserables,0.28618,-0.01011,-0.11762,-0.00102,0.31100
Les Miserables,0.28635,-0.00991,-0.11868,-0.00112,0.31000
Les Miserables,0.28653,-0.01082,-0.11900,-0.00081,0.31100
Les Miserables,0.28671,-0.01031,-0.12026,-0.00083,0.31100
Les Miserables,0.28689,-0.00955,-0.12202,-0.00107,0.30900
Les Miserables,0.28707,-0.00940,-0.12317,-0.00095,0.30800
Les Miserables,0.28725,-0.00876,-0.12367,-0.00112,0.30800
Les Miserables,0.28743,-0.00880,-0.12396,-0.00137,0.30800
Les Miserables,0.28761,-0.00795,-0.12398,-0.00128,0.30700
Les Miserables,0.28779,-0.00685,-0.12397,-0.00167,0.30700
Les Miserables,0.28797,-0.00521,-0.12464,-0.00190,0.30700
Les Miserables,0.28815,-0.00534,-0.12549,-0.00140,0.30700
Les Miserables,0.28833,-0.00459,-0.12493,-0.00096,0.30800
Les Miserables,0.28851,-0.00425,-0.12439,-0.00045,0.30800
Les Miserables,0.28869,-0.00431,-0.12528,-0.00012,0.30700
Les Miserables,0.28886,-0.00275,-0.12595,0.00025,0.30700
Les Miserables,0.28904,-0.00192,-0.12659,0.00085,0.30800
Les Miserables,0.28922,-0.00186,-0.12783,0.00104,0.30800
Les Miserables,0.28940,-0.00323,-0.12790,0.00117,0.30700
Les Miserables,0.28958,-0.00343,-0.12809,0.00134,0.30700
Les Miserables,0.28976,-0.00329,-0.12853,0.00160,0.30700
Les Miserables,0.28994,-0.00306,-0.12856,0.00214,0.30700
Les Miserables,0.29012,-0.00290,-0.12874,0.00242,0.30600
Les Miserables,0.29030,-0.00324,-0.12890,0.00264,0.30700
Les Miserables,0.29048,-0.00331,-0.12963,0.00303,0.30700
Les Miserables,0.29066,-0.00239,-0.12909,0.00374,0.30700
Les Miserables,0.29084,-0.00338,-0.12910,0.00409,0.30800
Les Miserables,0.29102,-0.00397,-0.12818,0.00419,0.30800
Les Miserables,0.29120,-0.00393,-0.12796,0.00410,0.30800
Les Miserables,0.29138,-0.00388,-0.12809,0.00485,0.31000
Les Miserables,0.29155,-0.00388,-0.12786,0.00479,0.31000
Les Miserables,0.29173,-0.00282,-0.12883,0.00468,0.31100
Les Miserables,0.29191,-0.00346,-0.12773,0.00482,0.31000
Les Miserables,0.29209,-0.00310,-0.12793,0.00494,0.31000
Les Miserables,0.29227,-0.00285,-0.12836,0.00485,0.31100
Les Miserables,0.29245,-0.00373,-0.12814,0.00489,0.31000
Les Miserables,0.29263,-0.00333,-0.12748,0.00465,0.31100
Les Miserables,0.29281,-0.00380,-0.12685,0.00416,0.31100
Les Miserables,0.29299,-0.00320,-0.12738,0.00396,0.31100
Les Miserables,0.29317,-0.00380,-0.12722,0.00418,0.31000
Les Miserables,0.29335,-0.00353,-0.12792,0.00398,0.31000
Les Miserables,0.29353,-0.00350,-0.12828,0.00389,0.31100
Les Miserables,0.29371,-0.00279,-0.12960,0.00362,0.31000
Les Miserables,0.29389,-0.00165,-0.12877,0.00336,0.31100
Les Miserables,0.29406,-0.00182,-0.12939,0.00307,0.31100
Les Miserables,0.29424,-0.00069,-0.12926,0.00276,0.31100
Les Miserables,0.29442,-0.00018,-0.12933,0.00230,0.31000
Les Miserables,0.29460,-0.00075,-0.12999,0.00181,0.31000
Les Miserables,0.29478,-0.00093,-0.12950,0.00192,0.30900
Les Miserables,0.29496,-0.00079,-0.12984,0.00170,0.30900
Les Miserables,0.29514,-0.00166,-0.12993,0.00159,0.30800
Les Miserables,0.29532,-0.00054,-0.13007,0.00154,0.30700
Les Miserables,0.29550,-0.00088,-0.13033,0.00119,0.30800
Les Miserables,0.29568,-0.00165,-0.13023,0.00138,0.30700
Les Miserables,0.29586,-0.00329,-0.12956,0.00136,0.30600
Les Miserables,0.29604,-0.00377,-0.12994,0.00107,0.30600
Les Miserables,0.29622,-0.00355,-0.12937,0.00114,0.30600
Les Miserables,0.29640,-0.00489,-0.12937,0.00030,0.30700
Les Miserables,0.29658,-0.00551,-0.12913,-0.00046,0.30700
Les Miserables,0.29675,-0.00622,-0.12856,-0.00060,0.30800
Les Miserables,0.29693,-0.00735,-0.12789,-0.00049,0.30700
Les Miserables,0.29711,-0.00846,-0.12766,-0.00101,0.30600
Les Miserables,0.29729,-0.00911,-0.12678,-0.00141,0.30600
Les Miserables,0.29747,-0.00870,-0.12714,-0.00146,0.30700
Les Miserables,0.29765,-0.00981,-0.12576,-0.00247,0.30500
Les Miserables,0.29783,-0.00946,-0.12543,-0.00281,0.30500
Les Miserables,0.29801,-0.00887,-0.12466,-0.00314,0.30400
Les Miserables,0.29819,-0.00973,-0.12481,-0.00413,0.30300
Les Miserables,0.29837,-0.01112,-0.12436,-0.00452,0.30300
Les Miserables,0.29855,-0.01131,-0.12177,-0.00440,0.30200
Les Miserables,0.29873,-0.01177,-0.12045,-0.00490,0.30300
Les Miserables,0.29891,-0.01241,-0.12031,-0.00545,0.30300
Les Miserables,0.29909,-0.01345,-0.11859,-0.00615,0.30400
Les Miserables,0.29926,-0.01388,-0.11845,-0.00633,0.30500
Les Miserables,0.29944,-0.01559,-0.11702,-0.00654,0.30500
Les Miserables,0.29962,-0.01505,-0.11776,-0.00652,0.30400
Les Miserables,0.29980,-0.01478,-0.11704,-0.00675,0.30500
Les Miserables,0.29998,-0.01373,-0.11773,-0.00719,0.30500
Les Miserables,0.30016,-0.01414,-0.11775,-0.00724,0.30600
Les Miserables,0.30034,-0.01501,-0.11738,-0.00740,0.30600
Les Miserables,0.30052,-0.01554,-0.11828,-0.00715,0.30700
Les Miserables,0.30070,-0.01595,-0.11838,-0.00701,0.30700
Les Miserables,0.30088,-0.01560,-0.11890,-0.00722,0.30700
Les Miserables,0.30106,-0.01562,-0.11987,-0.00687,0.30700
Les Miserables,0.30124,-0.01563,-0.12023,-0.00697,0.30800
Les Miserables,0.30142,-0.01395,-0.12027,-0.00700,0.30700
Les Miserables,0.30160,-0.01328,-0.12109,-0.00690,0.30900
Les Miserables,0.30178,-0.01383,-0.12179,-0.00627,0.30900
Les Miserables,0.30195,-0.01273,-0.12263,-0.00615,0.31000
Les Miserables,0.30213,-0.01137,-0.12306,-0.00567,0.31100
Les Miserables,0.30231,-0.01091,-0.12323,-0.00572,0.31200
Les Miserables,0.30249,-0.01020,-0.12277,-0.00598,0.31200
Les Miserables,0.30267,-0.01032,-0.12232,-0.00580,0.31100
Les Miserables,0.30285,-0.00955,-0.12279,-0.00535,0.31200
Les Miserables,0.30303,-0.01028,-0.12210,-0.00545,0.31200
Les Miserables,0.30321,-0.00915,-0.12224,-0.00580,0.31100
Les Miserables,0.30339,-0.00730,-0.12216,-0.00569,0.31200
Les Miserables,0.30357,-0.00602,-0.12195,-0.00609,0.31100
Les Miserables,0.30375,-0.00522,-0.12157,-0.00576,0.31200
Les Miserables,0.30393,-0.00399,-0.12155,-0.00593,0.31100
Les Miserables,0.30411,-0.00323,-0.12226,-0.00586,0.31100
Les Miserables,0.30429,-0.00393,-0.12157,-0.00615,0.31100
Les Miserables,0.30446,-0.00319,-0.12152,-0.00631,0.31100
Les Miserables,0.30464,-0.00423,-0.12046,-0.00650,0.31100
Les Miserables,0.30482,-0.00465,-0.12002,-0.00636,0.31200
Les Miserables,0.30500,-0.00531,-0.11975,-0.00649,0.31400
Les Miserables,0.30518,-0.00633,-0.11967,-0.00614,0.31300
Les Miserables,0.30536,-0.00616,-0.11958,-0.00612,0.31200
Les Miserables,0.30554,-0.00574,-0.11996,-0.00571,0.31300
Les Miserables,0.30572,-0.00604,-0.11998,-0.00524,0.31300
Les Miserables,0.30590,-0.00678,-0.11945,-0.00499,0.31300
Les Miserables,0.30608,-0.00704,-0.11982,-0.00501,0.31300
Les Miserables,0.30626,-0.00837,-0.12053,-0.00544,0.31300
Les Miserables,0.30644,-0.00940,-0.12086,-0.00589,0.31300
Les Miserables,0.30662,-0.00938,-0.12058,-0.00620,0.31200
Les Miserables,0.30680,-0.01144,-0.12009,-0.00637,0.31200
Les Miserables,0.30698,-0.01184,-0.11979,-0.00698,0.31200
Les Miserables,0.30715,-0.01212,-0.11965,-0.00710,0.31300
Les Miserables,0.30733,-0.01195,-0.12029,-0.00714,0.31300
Les Miserables,0.30751,-0.01313,-0.11941,-0.00706,0.31200
Les Miserables,0.30769,-0.01356,-0.11969,-0.00758,0.31200
Les Miserables,0.30787,-0.01416,-0.12022,-0.00764,0.31200
Les Miserables,0.30805,-0.01427,-0.12043,-0.00732,0.31100
Les Miserables,0.30823,-0.01389,-0.12054,-0.00732,0.30900
Les Miserables,0.30841,-0.01340,-0.12053,-0.00745,0.31000
Les Miserables,0.30859,-0.01438,-0.12135,-0.00807,0.31000
Les Miserables,0.30877,-0.01457,-0.12043,-0.00835,0.31000
Les Miserables,0.30895,-0.01360,-0.12134,-0.00863,0.31000
Les Miserables,0.30913,-0.01279,-0.12157,-0.00869,0.31000
Les Miserables,0.30931,-0.01275,-0.12082,-0.00915,0.30900
Les Miserables,0.30949,-0.01301,-0.12086,-0.00896,0.30900
Les Miserables,0.30966,-0.01413,-0.11983,-0.00918,0.30900
Les Miserables,0.30984,-0.01423,-0.12018,-0.00891,0.30900
Les Miserables,0.31002,-0.01477,-0.11935,-0.00886,0.31000
Les Miserables,0.31020,-0.01503,-0.11885,-0.00904,0.31000
Les Miserables,0.31038,-0.01567,-0.11883,-0.00898,0.30900
Les Miserables,0.31056,-0.01710,-0.11839,-0.00891,0.30800
Les Miserables,0.31074,-0.01740,-0.11847,-0.00916,0.30900
Les Miserables,0.31092,-0.01793,-0.11732,-0.00892,0.30900
Les Miserables,0.31110,-0.01759,-0.11742,-0.00927,0.30800
Les Miserables,0.31128,-0.01887,-0.11653,-0.00932,0.30800
Les Miserables,0.31146,-0.01955,-0.11615,-0.00964,0.30700
Les Miserables,0.31164,-0.02012,-0.11502,-0.00906,0.30700
Les Miserables,0.31182,-0.02095,-0.11481,-0.00919,0.30700
Les Miserables,0.31200,-0.02090,-0.11390,-0.00949,0.30700
Les Miserables,0.31218,-0.02138,-0.11454,-0.00945,0.30600
Les Miserables,0.31235,-0.02076,-0.11513,-0.00921,0.30400
Les Miserables,0.31253,-0.02050,-0.11489,-0.00906,0.30500
Les Miserables,0.31271,-0.02045,-0.11532,-0.00927,0.30500
Les Miserables,0.31289,-0.02050,-0.11452,-0.00925,0.30600
Les Miserables,0.31307,-0.02096,-0.11415,-0.00926,0.30500
Les Miserables,0.31325,-0.02148,-0.11370,-0.00921,0.30600
Les Miserables,0.31343,-0.02172,-0.11306,-0.00967,0.30700
Les Miserables,0.31361,-0.02234,-0.11354,-0.01013,0.30800
Les Miserables,0.31379,-0.02125,-0.11409,-0.01069,0.30800
Les Miserables,0.31397,-0.02145,-0.11300,-0.01075,0.31000
Les Miserables,0.31415,-0.02140,-0.11359,-0.01119,0.31000
Les Miserables,0.31433,-0.02174,-0.11364,-0.01115,0.30900
Les Miserables,0.31451,-0.02175,-0.11357,-0.01096,0.30800
Les Miserables,0.31469,-0.02122,-0.11372,-0.01091,0.30800
Les Miserables,0.31486,-0.02107,-0.11400,-0.01128,0.30800
Les Miserables,0.31504,-0.02042,-0.11483,-0.01142,0.30900
Les Miserables,0.31522,-0.01971,-0.11536,-0.01144,0.30800
Les Miserables,0.31540,-0.02017,-0.11480,-0.01110,0.30700
Les Miserables,0.31558,-0.01978,-0.11490,-0.01081,0.30700
Les Miserables,0.31576,-0.02078,-0.11476,-0.01131,0.30800
Les Miserables,0.31594,-0.02171,-0.11416,-0.01164,0.30900
Les Miserables,0.31612,-0.02158,-0.11260,-0.01113,0.31000
Les Miserables,0.31630,-0.02173,-0.11274,-0.01117,0.31000
Les Miserables,0.31648,-0.02299,-0.11451,-0.01132,0.31000
Les Miserables,0.31666,-0.02286,-0.11488,-0.01095,0.31000
Les Miserables,0.31684,-0.02284,-0.11425,-0.01081,0.31000
Les Miserables,0.31702,-0.02240,-0.11517,-0.01054,0.30900
Les Miserables,0.31720,-0.02241,-0.11569,-0.01101,0.31000
Les Miserables,0.31737,-0.02178,-0.11563,-0.01126,0.31000
Les Miserables,0.31755,-0.02268,-0.11574,-0.01122,0.31000
Les Miserables,0.31773,-0.02403,-0.11705,-0.01131,0.31000
Les Miserables,0.31791,-0.02540,-0.11652,-0.01155,0.31100
Les Miserables,0.31809,-0.02586,-0.11617,-0.01137,0.31100
Les Miserables,0.31827,-0.02482,-0.11688,-0.01137,0.31000
Les Miserables,0.31845,-0.02523,-0.11523,-0.01161,0.31000
Les Miserables,0.31863,-0.02467,-0.11468,-0.01154,0.30900
Les Miserables,0.31881,-0.02548,-0.11414,-0.01159,0.30800
Les Miserables,0.31899,-0.02608,-0.11380,-0.01174,0.30800
Les Miserables,0.31917,-0.02735,-0.11385,-0.01175,0.30800
Les Miserables,0.31935,-0.02901,-0.11327,-0.01166,0.30900
Les Miserables,0.31953,-0.03052,-0.11249,-0.01195,0.30700
Les Miserables,0.31971,-0.03045,-0.11207,-0.01262,0.30800
Les Miserables,0.31989,-0.03262,-0.10991,-0.01310,0.30700
Les Miserables,0.32006,-0.03375,-0.10829,-0.01341,0.30600
Les Miserables,0.32024,-0.03346,-0.10722,-0.01359,0.30600
Les Miserables,0.32042,-0.03383,-0.10669,-0.01323,0.30600
Les Miserables,0.32060,-0.03395,-0.10631,-0.01292,0.30500
Les Miserables,0.32078,-0.03519,-0.10452,-0.01325,0.30500
Les Miserables,0.32096,-0.03495,-0.10500,-0.01326,0.30400
Les Miserables,0.32114,-0.03633,-0.10403,-0.01289,0.30400
Les Miserables,0.32132,-0.03803,-0.10267,-0.01288,0.30400
Les Miserables,0.32150,-0.03853,-0.10231,-0.01304,0.30400
Les Miserables,0.32168,-0.03965,-0.10232,-0.01321,0.30400
Les Miserables,0.32186,-0.03928,-0.10210,-0.01315,0.30600
Les Miserables,0.32204,-0.03909,-0.10178,-0.01348,0.30600
Les Miserables,0.32222,-0.03850,-0.10169,-0.01345,0.30500
Les Miserables,0.32240,-0.03794,-0.10220,-0.01351,0.30500
Les Miserables,0.32257,-0.03699,-0.10230,-0.01366,0.30400
Les Miserables,0.32275,-0.03663,-0.10237,-0.01384,0.30400
Les Miserables,0.32293,-0.03679,-0.10284,-0.01418,0.30400
Les Miserables,0.32311,-0.03564,-0.10280,-0.01481,0.30300
Les Miserables,0.32329,-0.03465,-0.10280,-0.01462,0.30500
Les Miserables,0.32347,-0.03540,-0.10299,-0.01482,0.30500
Les Miserables,0.32365,-0.03489,-0.10382,-0.01491,0.30400
Les Miserables,0.32383,-0.03592,-0.10463,-0.01493,0.30400
Les Miserables,0.32401,-0.03633,-0.10348,-0.01514,0.30400
Les Miserables,0.32419,-0.03553,-0.10259,-0.01513,0.30300
Les Miserables,0.32437,-0.03371,-0.10184,-0.01509,0.30200
Les Miserables,0.32455,-0.03312,-0.10169,-0.01517,0.30200
Les Miserables,0.32473,-0.03220,-0.10151,-0.01506,0.30200
Les Miserables,0.32491,-0.03254,-0.10058,-0.01481,0.30100
Les Miserables,0.32509,-0.03299,-0.10013,-0.01450,0.30000
Les Miserables,0.32526,-0.03128,-0.09851,-0.01391,0.30000
Les Miserables,0.32544,-0.02978,-0.09830,-0.01363,0.30100
Les Miserables,0.32562,-0.02960,-0.09832,-0.01335,0.30100
Les Miserables,0.32580,-0.02933,-0.09830,-0.01365,0.30200
Les Miserables,0.32598,-0.03038,-0.09788,-0.01384,0.30200
Les Miserables,0.32616,-0.03014,-0.09744,-0.01386,0.30400
Les Miserables,0.32634,-0.03062,-0.09668,-0.01413,0.30400
Les Miserables,0.32652,-0.03144,-0.09548,-0.01375,0.30400
Les Miserables,0.32670,-0.03013,-0.09503,-0.01379,0.30300
Les Miserables,0.32688,-0.03060,-0.09405,-0.01371,0.30400
Les Miserables,0.32706,-0.03113,-0.09320,-0.01353,0.30500
Les Miserables,0.32724,-0.03169,-0.09292,-0.01361,0.30500
Les Miserables,0.32742,-0.03110,-0.09202,-0.01325,0.30600
Les Miserables,0.32760,-0.02992,-0.09169,-0.01304,0.30600
Les Miserables,0.32777,-0.02924,-0.09138,-0.01334,0.30600
Les Miserables,0.32795,-0.02857,-0.09107,-0.01315,0.30500
Les Miserables,0.32813,-0.02832,-0.09151,-0.01290,0.30500
Les Miserables,0.32831,-0.02818,-0.09073,-0.01298,0.30700
Les Miserables,0.32849,-0.02622,-0.09057,-0.01273,0.30800
Les Miserables,0.32867,-0.02535,-0.08952,-0.01203,0.30700
Les Miserables,0.32885,-0.02434,-0.08938,-0.01191,0.30700
Les Miserables,0.32903,-0.02460,-0.08734,-0.01202,0.30700
Les Miserables,0.32921,-0.02317,-0.08715,-0.01226,0.30800
Les Miserables,0.32939,-0.02224,-0.08597,-0.01231,0.30800
Les Miserables,0.32957,-0.02066,-0.08566,-0.01234,0.30800
Les Miserables,0.32975,-0.02128,-0.08555,-0.01171,0.30800
Les Miserables,0.32993,-0.02133,-0.08502,-0.01151,0.30800
Les Miserables,0.33011,-0.02196,-0.08419,-0.01150,0.30900
Les Miserables,0.33029,-0.02179,-0.08496,-0.01128,0.31100
Les Miserables,0.33046,-0.02216,-0.08541,-0.01135,0.31100
Les Miserables,0.33064,-0.02257,-0.08555,-0.01122,0.31200
Les Miserables,0.33082,-0.02395,-0.08658,-0.01129,0.31300
Les Miserables,0.33100,-0.02359,-0.08784,-0.01114,0.31400
Les Miserables,0.33118,-0.02427,-0.08862,-0.01127,0.31400
Les Miserables,0.33136,-0.02434,-0.08939,-0.01105,0.31400
Les Miserables,0.33154,-0.02444,-0.08914,-0.01081,0.31500
Les Miserables,0.33172,-0.02483,-0.08852,-0.01052,0.31400
Les Miserables,0.33190,-0.02409,-0.08928,-0.01019,0.31400
Les Miserables,0.33208,-0.02450,-0.08927,-0.01002,0.31400
Les Miserables,0.33226,-0.02474,-0.08881,-0.00996,0.31400
Les Miserables,0.33244,-0.02521,-0.08879,-0.01012,0.31500
Les Miserables,0.33262,-0.02487,-0.08916,-0.01026,0.31500
Les Miserables,0.33280,-0.02422,-0.08972,-0.01010,0.31400
Les Miserables,0.33297,-0.02396,-0.08975,-0.01013,0.31100
Les Miserables,0.33315,-0.02477,-0.08932,-0.01034,0.31200
Les Miserables,0.33333,-0.02449,-0.09031,-0.01043,0.31200
Les Miserables,0.33351,-0.02426,-0.09111,-0.01088,0.31200
Les Miserables,0.33369,-0.02291,-0.09162,-0.01080,0.31100
Les Miserables,0.33387,-0.02252,-0.09250,-0.01046,0.31100
Les Miserables,0.33405,-0.02351,-0.09301,-0.01048,0.31000
Les Miserables,0.33423,-0.02302,-0.09336,-0.01032,0.31000
Les Miserables,0.33441,-0.02214,-0.09419,-0.01080,0.31100
Les Miserables,0.33459,-0.02044,-0.09482,-0.01115,0.31000
Les Miserables,0.33477,-0.02040,-0.09581,-0.01178,0.31000
Les Miserables,0.33495,-0.01897,-0.09646,-0.01178,0.31100
Les Miserables,0.33513,-0.01749,-0.09690,-0.01123,0.31100
Les Miserables,0.33531,-0.01623,-0.09862,-0.01132,0.31000
Les Miserables,0.33549,-0.01554,-0.09956,-0.01180,0.31000
Les Miserables,0.33566,-0.01433,-0.10034,-0.01195,0.31100
Les Miserables,0.33584,-0.01382,-0.10120,-0.01178,0.31000
Les Miserables,0.33602,-0.01309,-0.10111,-0.01174,0.31000
Les Miserables,0.33620,-0.01314,-0.09976,-0.01210,0.31000
Les Miserables,0.33638,-0.01297,-0.10103,-0.01235,0.31000
Les Miserables,0.33656,-0.01309,-0.10099,-0.01265,0.31000
Les Miserables,0.33674,-0.01414,-0.10034,-0.01294,0.31000
Les Miserables,0.33692,-0.01373,-0.10085,-0.01330,0.31000
Les Miserables,0.33710,-0.01226,-0.10173,-0.01344,0.31000
Les Miserables,0.33728,-0.01219,-0.10187,-0.01384,0.31000
Les Miserables,0.33746,-0.01191,-0.10186,-0.01368,0.31100
Les Miserables,0.33764,-0.01126,-0.10272,-0.01352,0.31000
Les Miserables,0.33782,-0.00901,-0.10488,-0.01314,0.31100
Les Miserables,0.33800,-0.00746,-0.10679,-0.01308,0.31100
Les Miserables,0.33817,-0.00687,-0.10833,-0.01265,0.31100
Les Miserables,0.33835,-0.00639,-0.10949,-0.01234,0.31200
Les Miserables,0.33853,-0.00660,-0.10918,-0.01217,0.31200
Les Miserables,0.33871,-0.00596,-0.11055,-0.01153,0.31200
Les Miserables,0.33889,-0.00455,-0.11125,-0.01154,0.31200
Les Miserables,0.33907,-0.00378,-0.11228,-0.01164,0.31300
Les Miserables,0.33925,-0.00334,-0.11322,-0.01181,0.31200
Les Miserables,0.33943,-0.00377,-0.11402,-0.01177,0.31200
Les Miserables,0.33961,-0.00326,-0.11407,-0.01150,0.31200
Les Miserables,0.33979,-0.00276,-0.11436,-0.01148,0.31000
Les Miserables,0.33997,-0.00345,-0.11436,-0.01148,0.31000
Les Miserables,0.34015,-0.00346,-0.11501,-0.01107,0.31100
Les Miserables,0.34033,-0.00272,-0.11560,-0.01135,0.31100
Les Miserables,0.34051,-0.00294,-0.11620,-0.01127,0.31200
Les Miserables,0.34068,-0.00298,-0.11726,-0.01128,0.31300
Les Miserables,0.34086,-0.00270,-0.11774,-0.01119,0.31400
Les Miserables,0.34104,-0.00410,-0.11791,-0.01105,0.31500
Les Miserables,0.34122,-0.00532,-0.11812,-0.01134,0.31500
Les Miserables,0.34140,-0.00555,-0.11738,-0.01128,0.31500
Les Miserables,0.34158,-0.00597,-0.11627,-0.01133,0.31500
Les Miserables,0.34176,-0.00530,-0.11580,-0.01141,0.31500
Les Miserables,0.34194,-0.00512,-0.11668,-0.01123,0.31600
Les Miserables,0.34212,-0.00556,-0.11715,-0.01116,0.31700
Les Miserables,0.34230,-0.00587,-0.11783,-0.01112,0.31700
Les Miserables,0.34248,-0.00568,-0.11769,-0.01096,0.31800
Les Miserables,0.34266,-0.00570,-0.11774,-0.01051,0.31800
Les Miserables,0.34284,-0.00577,-0.11804,-0.01125,0.31900
Les Miserables,0.34302,-0.00505,-0.11853,-0.01187,0.31900
Les Miserables,0.34320,-0.00562,-0.11907,-0.01217,0.31900
Les Miserables,0.34337,-0.00675,-0.11937,-0.01256,0.31800
Les Miserables,0.34355,-0.00698,-0.11920,-0.01243,0.31700
Les Miserables,0.34373,-0.00741,-0.11948,-0.01217,0.31800
Les Miserables,0.34391,-0.00671,-0.11956,-0.01176,0.31700
Les Miserables,0.34409,-0.00768,-0.11993,-0.01181,0.31700
Les Miserables,0.34427,-0.00798,-0.12042,-0.01197,0.31700
Les Miserables,0.34445,-0.00634,-0.12180,-0.01219,0.31600
Les Miserables,0.34463,-0.00710,-0.12311,-0.01249,0.31700
Les Miserables,0.34481,-0.00707,-0.12399,-0.01280,0.31700
Les Miserables,0.34499,-0.00673,-0.12455,-0.01286,0.31600
Les Miserables,0.34517,-0.00645,-0.12553,-0.01309,0.31500
Les Miserables,0.34535,-0.00620,-0.12642,-0.01393,0.31400
Les Miserables,0.34553,-0.00659,-0.12769,-0.01435,0.31500
Les Miserables,0.34571,-0.00717,-0.12867,-0.01437,0.31500
Les Miserables,0.34588,-0.00757,-0.12955,-0.01471,0.31400
Les Miserables,0.34606,-0.00652,-0.12996,-0.01482,0.31500
Les Miserables,0.34624,-0.00452,-0.13145,-0.01452,0.31500
Les Miserables,0.34642,-0.00505,-0.13261,-0.01420,0.31400
Les Miserables,0.34660,-0.00545,-0.13462,-0.01425,0.31400
Les Miserables,0.34678,-0.00607,-0.13548,-0.01448,0.31400
Les Miserables,0.34696,-0.00596,-0.13757,-0.01421,0.31300
Les Miserables,0.34714,-0.00678,-0.13759,-0.01411,0.31400
Les Miserables,0.34732,-0.00795,-0.13863,-0.01441,0.31400
Les Miserables,0.34750,-0.01011,-0.13869,-0.01491,0.31500
Les Miserables,0.34768,-0.01019,-0.13941,-0.01544,0.31400
Les Miserables,0.34786,-0.00961,-0.14037,-0.01564,0.31300
Les Miserables,0.34804,-0.01015,-0.14091,-0.01593,0.31200
Les Miserables,0.34822,-0.01080,-0.14094,-0.01684,0.31200
Les Miserables,0.34840,-0.01056,-0.14096,-0.01699,0.31200
Les Miserables,0.34857,-0.00932,-0.14071,-0.01689,0.31100
Les Miserables,0.34875,-0.00705,-0.14072,-0.01666,0.30900
Les Miserables,0.34893,-0.00545,-0.14059,-0.01711,0.30700
Les Miserables,0.34911,-0.00458,-0.14000,-0.01659,0.30900
Les Miserables,0.34929,-0.00452,-0.13973,-0.01654,0.30700
Les Miserables,0.34947,-0.00317,-0.13956,-0.01633,0.30700
Les Miserables,0.34965,-0.00138,-0.13990,-0.01560,0.30700
Les Miserables,0.34983,-0.00181,-0.14041,-0.01628,0.30700
Les Miserables,0.35001,-0.00062,-0.14072,-0.01671,0.30700
Les Miserables,0.35019,0.00142,-0.14131,-0.01676,0.30700
Les Miserables,0.35037,0.00317,-0.14215,-0.01670,0.30700
Les Miserables,0.35055,0.00432,-0.14261,-0.01704,0.30700
Les Miserables,0.35073,0.00495,-0.14259,-0.01700,0.30800
Les Miserables,0.35091,0.00595,-0.14211,-0.01704,0.30900
Les Miserables,0.35108,0.00606,-0.14260,-0.01709,0.30900
Les Miserables,0.35126,0.00586,-0.14140,-0.01753,0.31000
Les Miserables,0.35144,0.00586,-0.14133,-0.01708,0.31000
Les Miserables,0.35162,0.00550,-0.14035,-0.01679,0.31100
Les Miserables,0.35180,0.00548,-0.13944,-0.01679,0.31100
Les Miserables,0.35198,0.00681,-0.14015,-0.01749,0.31100
Les Miserables,0.35216,0.00757,-0.14031,-0.01770,0.31100
Les Miserables,0.35234,0.00900,-0.14050,-0.01781,0.31100
Les Miserables,0.35252,0.00899,-0.14042,-0.01799,0.31200
Les Miserables,0.35270,0.00973,-0.14025,-0.01774,0.31200
Les Miserables,0.35288,0.00852,-0.13865,-0.01778,0.31200
Les Miserables,0.35306,0.00796,-0.13801,-0.01763,0.31200
Les Miserables,0.35324,0.00762,-0.13674,-0.01797,0.31200
Les Miserables,0.35342,0.00839,-0.13541,-0.01754,0.31200
Les Miserables,0.35360,0.00813,-0.13386,-0.01701,0.31100
Les Miserables,0.35377,0.00732,-0.13336,-0.01703,0.31200
Les Miserables,0.35395,0.00591,-0.13364,-0.01759,0.31200
Les Miserables,0.35413,0.00483,-0.13421,-0.01780,0.31300
Les Miserables,0.35431,0.00536,-0.13348,-0.01782,0.31400
Les Miserables,0.35449,0.00549,-0.13351,-0.01807,0.31400
Les Miserables,0.35467,0.00741,-0.13462,-0.01784,0.31500
Les Miserables,0.35485,0.00757,-0.13396,-0.01810,0.31500
Les Miserables,0.35503,0.00901,-0.13359,-0.01841,0.31500
Les Miserables,0.35521,0.01030,-0.13311,-0.01881,0.31600
Les Miserables,0.35539,0.01061,-0.13245,-0.01881,0.31600
Les Miserables,0.35557,0.01078,-0.13082,-0.01921,0.31500
Les Miserables,0.35575,0.01089,-0.13122,-0.02003,0.31600
Les Miserables,0.35593,0.00981,-0.13084,-0.02037,0.31600
Les Miserables,0.35611,0.00842,-0.13047,-0.02041,0.31600
Les Miserables,0.35628,0.00857,-0.13007,-0.02103,0.31600
Les Miserables,0.35646,0.01049,-0.13093,-0.02198,0.31700
Les Miserables,0.35664,0.01121,-0.13084,-0.02297,0.31700
Les Miserables,0.35682,0.01096,-0.13010,-0.02332,0.31700
Les Miserables,0.35700,0.01145,-0.12966,-0.02400,0.31700
Les Miserables,0.35718,0.01247,-0.12950,-0.02396,0.31900
Les Miserables,0.35736,0.01438,-0.12964,-0.02422,0.31900
Les Miserables,0.35754,0.01485,-0.12977,-0.02466,0.32000
Les Miserables,0.35772,0.01564,-0.12978,-0.02492,0.32100
Les Miserables,0.35790,0.01692,-0.12997,-0.02532,0.32000
Les Miserables,0.35808,0.01696,-0.12907,-0.02602,0.32100
Les Miserables,0.35826,0.01685,-0.12890,-0.02612,0.32100
Les Miserables,0.35844,0.01851,-0.12822,-0.02646,0.32100
Les Miserables,0.35862,0.01944,-0.12825,-0.02667,0.32100
Les Miserables,0.35880,0.02122,-0.12796,-0.02710,0.32100
Les Miserables,0.35897,0.02262,-0.12670,-0.02711,0.32000
Les Miserables,0.35915,0.02323,-0.12498,-0.02698,0.32000
Les Miserables,0.35933,0.02498,-0.12541,-0.02718,0.32200
Les Miserables,0.35951,0.02541,-0.12632,-0.02756,0.32200
Les Miserables,0.35969,0.02693,-0.12614,-0.02746,0.32200
Les Miserables,0.35987,0.02745,-0.12634,-0.02800,0.32100
Les Miserables,0.36005,0.02786,-0.12560,-0.02834,0.32100
Les Miserables,0.36023,0.02691,-0.12497,-0.02844,0.32100
Les Miserables,0.36041,0.02684,-0.12426,-0.02842,0.32200
Les Miserables,0.36059,0.02653,-0.12458,-0.02896,0.32200
Les Miserables,0.36077,0.02602,-0.12471,-0.02811,0.32200
Les Miserables,0.36095,0.02527,-0.12377,-0.02773,0.32200
Les Miserables,0.36113,0.02457,-0.12302,-0.02808,0.32200
Les Miserables,0.36131,0.02480,-0.12354,-0.02813,0.32200
Les Miserables,0.36148,0.02440,-0.12267,-0.02826,0.32200
Les Miserables,0.36166,0.02455,-0.12244,-0.02838,0.32200
Les Miserables,0.36184,0.02525,-0.12214,-0.02901,0.32100
Les Miserables,0.36202,0.02579,-0.12175,-0.02928,0.32100
Les Miserables,0.36220,0.02679,-0.12168,-0.02873,0.32200
Les Miserables,0.36238,0.02598,-0.12053,-0.02910,0.32100
Les Miserables,0.36256,0.02600,-0.12000,-0.02879,0.32100
Les Miserables,0.36274,0.02622,-0.11911,-0.02859,0.32100
Les Miserables,0.36292,0.02644,-0.11976,-0.02860,0.32100
Les Miserables,0.36310,0.02683,-0.11960,-0.02870,0.32100
Les Miserables,0.36328,0.02585,-0.11987,-0.02839,0.32100
Les Miserables,0.36346,0.02533,-0.11880,-0.02753,0.32100
Les Miserables,0.36364,0.02625,-0.11827,-0.02734,0.32200
Les Miserables,0.36382,0.02664,-0.11710,-0.02731,0.32200
Les Miserables,0.36399,0.02528,-0.11600,-0.02700,0.32200
Les Miserables,0.36417,0.02389,-0.11459,-0.02719,0.32200
Les Miserables,0.36435,0.02368,-0.11440,-0.02759,0.32200
Les Miserables,0.36453,0.02378,-0.11435,-0.02800,0.32300
Les Miserables,0.36471,0.02352,-0.11501,-0.02805,0.32400
Les Miserables,0.36489,0.02339,-0.11456,-0.02801,0.32500
Les Miserables,0.36507,0.02321,-0.11475,-0.02784,0.32400
Les Miserables,0.36525,0.02356,-0.11540,-0.02714,0.32400
Les Miserables,0.36543,0.02428,-0.11464,-0.02685,0.32300
Les Miserables,0.36561,0.02501,-0.11434,-0.02653,0.32400
Les Miserables,0.36579,0.02439,-0.11462,-0.02613,0.32500
Les Miserables,0.36597,0.02567,-0.11498,-0.02568,0.32600
Les Miserables,0.36615,0.02701,-0.11466,-0.02526,0.32500
Les Miserables,0.36633,0.02761,-0.11422,-0.02491,0.32400
Les Miserables,0.36651,0.02732,-0.11444,-0.02509,0.32500
Les Miserables,0.36668,0.02641,-0.11393,-0.02554,0.32600
Les Miserables,0.36686,0.02563,-0.11383,-0.02549,0.32700
Les Miserables,0.36704,0.02662,-0.11438,-0.02568,0.32600
Les Miserables,0.36722,0.02688,-0.11499,-0.02554,0.32700
Les Miserables,0.36740,0.02649,-0.11587,-0.02602,0.32700
Les Miserables,0.36758,0.02589,-0.11634,-0.02638,0.32700
Les Miserables,0.36776,0.02716,-0.11618,-0.02634,0.32800
Les Miserables,0.36794,0.02705,-0.11640,-0.02611,0.32900
Les Miserables,0.36812,0.02692,-0.11683,-0.02592,0.33000
Les Miserables,0.36830,0.02659,-0.11714,-0.02566,0.33000
Les Miserables,0.36848,0.02623,-0.11641,-0.02535,0.33000
Les Miserables,0.36866,0.02611,-0.11639,-0.02508,0.33000
Les Miserables,0.36884,0.02637,-0.11665,-0.02469,0.33000
Les Miserables,0.36902,0.02747,-0.11770,-0.02500,0.33100
Les Miserables,0.36919,0.02771,-0.11806,-0.02490,0.33000
Les Miserables,0.36937,0.02744,-0.11725,-0.02523,0.33000
Les Miserables,0.36955,0.02705,-0.11741,-0.02570,0.33000
Les Miserables,0.36973,0.02862,-0.11805,-0.02609,0.33000
Les Miserables,0.36991,0.02902,-0.11793,-0.02615,0.33000
Les Miserables,0.37009,0.02861,-0.11763,-0.02600,0.32900
Les Miserables,0.37027,0.02771,-0.11747,-0.02575,0.32800
Les Miserables,0.37045,0.02737,-0.11709,-0.02568,0.32700
Les Miserables,0.37063,0.02666,-0.11753,-0.02566,0.32900
Les Miserables,0.37081,0.02743,-0.11856,-0.02569,0.32900
Les Miserables,0.37099,0.02739,-0.11834,-0.02634,0.32800
Les Miserables,0.37117,0.02795,-0.11957,-0.02628,0.32800
Les Miserables,0.37135,0.02724,-0.11946,-0.02675,0.32700
Les Miserables,0.37153,0.02790,-0.11934,-0.02746,0.32700
Les Miserables,0.37171,0.02899,-0.11901,-0.02748,0.32700
Les Miserables,0.37188,0.03059,-0.11908,-0.02747,0.32700
Les Miserables,0.37206,0.03288,-0.11975,-0.02719,0.32600
Les Miserables,0.37224,0.03249,-0.12083,-0.02717,0.32700
Les Miserables,0.37242,0.03282,-0.12129,-0.02705,0.32700
Les Miserables,0.37260,0.03255,-0.12112,-0.02782,0.32800
Les Miserables,0.37278,0.03150,-0.12093,-0.02810,0.32900
Les Miserables,0.37296,0.02989,-0.12021,-0.02804,0.32900
Les Miserables,0.37314,0.02935,-0.12097,-0.02780,0.32900
Les Miserables,0.37332,0.02920,-0.12175,-0.02776,0.32800
Les Miserables,0.37350,0.02907,-0.12284,-0.02741,0.32900
Les Miserables,0.37368,0.02787,-0.12170,-0.02700,0.32800
Les Miserables,0.37386,0.02786,-0.12139,-0.02690,0.32800
Les Miserables,0.37404,0.02787,-0.12058,-0.02732,0.32700
Les Miserables,0.37422,0.02694,-0.11950,-0.02718,0.32600
Les Miserables,0.37439,0.02419,-0.11772,-0.02734,0.32500
Les Miserables,0.37457,0.02411,-0.11730,-0.02694,0.32600
Les Miserables,0.37475,0.02287,-0.11791,-0.02705,0.32600
Les Miserables,0.37493,0.02098,-0.11737,-0.02683,0.32600
Les Miserables,0.37511,0.01942,-0.11807,-0.02749,0.32500
Les Miserables,0.37529,0.01706,-0.11738,-0.02744,0.32400
Les Miserables,0.37547,0.01568,-0.11681,-0.02732,0.32500
Les Miserables,0.37565,0.01439,-0.11575,-0.02705,0.32500
Les Miserables,0.37583,0.01379,-0.11572,-0.02675,0.32500
Les Miserables,0.37601,0.01368,-0.11604,-0.02630,0.32400
Les Miserables,0.37619,0.01280,-0.11428,-0.02601,0.32400
Les Miserables,0.37637,0.01110,-0.11423,-0.02586,0.32300
Les Miserables,0.37655,0.00923,-0.11322,-0.02620,0.32400
Les Miserables,0.37673,0.00756,-0.11259,-0.02525,0.32300
Les Miserables,0.37691,0.00722,-0.11317,-0.02514,0.32400
Les Miserables,0.37708,0.00628,-0.11398,-0.02553,0.32300
Les Miserables,0.37726,0.00488,-0.11400,-0.02557,0.32200
Les Miserables,0.37744,0.00401,-0.11341,-0.02549,0.32200
Les Miserables,0.37762,0.00237,-0.11394,-0.02594,0.32100
Les Miserables,0.37780,0.00131,-0.11266,-0.02586,0.32100
Les Miserables,0.37798,-0.00022,-0.11301,-0.02566,0.32100
Les Miserables,0.37816,-0.00049,-0.11232,-0.02595,0.32200
Les Miserables,0.37834,-0.00011,-0.11260,-0.02610,0.32000
Les Miserables,0.37852,0.00033,-0.11235,-0.02602,0.31900
Les Miserables,0.37870,0.00055,-0.11162,-0.02649,0.32000
Les Miserables,0.37888,0.00121,-0.11140,-0.02685,0.31900
Les Miserables,0.37906,0.00144,-0.11209,-0.02656,0.31900
Les Miserables,0.37924,0.00179,-0.11165,-0.02621,0.32100
Les Miserables,0.37942,0.00286,-0.11182,-0.02620,0.32200
Les Miserables,0.37959,0.00402,-0.11202,-0.02640,0.32300
Les Miserables,0.37977,0.00288,-0.11170,-0.02598,0.32500
Les Miserables,0.37995,0.00313,-0.11205,-0.02575,0.32500
Les Miserables,0.38013,0.00295,-0.11204,-0.02598,0.32400
Les Miserables,0.38031,0.00322,-0.11263,-0.02576,0.32500
Les Miserables,0.38049,0.00339,-0.11254,-0.02570,0.32600
Les Miserables,0.38067,0.00309,-0.11320,-0.02550,0.32700
Les Miserables,0.38085,0.00243,-0.11215,-0.02574,0.32700
Les Miserables,0.38103,0.00193,-0.11135,-0.02579,0.32700
Les Miserables,0.38121,0.00234,-0.11151,-0.02583,0.32700
Les Miserables,0.38139,0.00278,-0.11282,-0.02636,0.32800
Les Miserables,0.38157,0.00164,-0.11256,-0.02637,0.32600
Les Miserables,0.38175,0.00080,-0.11304,-0.02617,0.32600
Les Miserables,0.38193,0.00037,-0.11269,-0.02614,0.32600
Les Miserables,0.38211,0.00071,-0.11281,-0.02599,0.32600
Les Miserables,0.38228,-0.00001,-0.11270,-0.02601,0.32500
Les Miserables,0.38246,-0.00102,-0.11163,-0.02574,0.32500
Les Miserables,0.38264,-0.00069,-0.11110,-0.02583,0.32400
Les Miserables,0.38282,-0.00113,-0.11158,-0.02580,0.32400
Les Miserables,0.38300,-0.00115,-0.11165,-0.02594,0.32500
Les Miserables,0.38318,-0.00073,-0.11105,-0.02646,0.32600
Les Miserables,0.38336,-0.00063,-0.11078,-0.02628,0.32600
Les Miserables,0.38354,-0.00167,-0.11033,-0.02652,0.32600
Les Miserables,0.38372,-0.00189,-0.10850,-0.02665,0.32600
Les Miserables,0.38390,-0.00249,-0.10788,-0.02656,0.32500
Les Miserables,0.38408,-0.00343,-0.10799,-0.02637,0.32500
Les Miserables,0.38426,-0.00403,-0.10831,-0.02633,0.32600
Les Miserables,0.38444,-0.00437,-0.10787,-0.02581,0.32700
Les Miserables,0.38462,-0.00474,-0.10742,-0.02506,0.32700
Les Miserables,0.38479,-0.00485,-0.10683,-0.02467,0.32700
Les Miserables,0.38497,-0.00562,-0.10648,-0.02501,0.32600
Les Miserables,0.38515,-0.00653,-0.10469,-0.02501,0.32700
Les Miserables,0.38533,-0.00693,-0.10387,-0.02479,0.32600
Les Miserables,0.38551,-0.00752,-0.10321,-0.02493,0.32500
Les Miserables,0.38569,-0.00953,-0.10259,-0.02473,0.32300
Les Miserables,0.38587,-0.01067,-0.10107,-0.02401,0.32300
Les Miserables,0.38605,-0.01139,-0.10027,-0.02367,0.32200
Les Miserables,0.38623,-0.01152,-0.09903,-0.02355,0.32300
Les Miserables,0.38641,-0.01286,-0.09892,-0.02351,0.32100
Les Miserables,0.38659,-0.01319,-0.09791,-0.02341,0.32200
Les Miserables,0.38677,-0.01437,-0.09763,-0.02372,0.32200
Les Miserables,0.38695,-0.01526,-0.09702,-0.02330,0.32100
Les Miserables,0.38713,-0.01501,-0.09792,-0.02291,0.32200
Les Miserables,0.38731,-0.01478,-0.09802,-0.02271,0.32300
Les Miserables,0.38748,-0.01415,-0.09846,-0.02223,0.32200
Les Miserables,0.38766,-0.01431,-0.09882,-0.02170,0.32200
Les Miserables,0.38784,-0.01464,-0.09835,-0.02116,0.32100
Les Miserables,0.38802,-0.01410,-0.09898,-0.02162,0.32200
Les Miserables,0.38820,-0.01371,-0.09873,-0.02120,0.32200
Les Miserables,0.38838,-0.01440,-0.09908,-0.02103,0.32200
Les Miserables,0.38856,-0.01422,-0.09836,-0.02089,0.32000
Les Miserables,0.38874,-0.01396,-0.09932,-0.02064,0.31900
Les Miserables,0.38892,-0.01408,-0.09984,-0.02049,0.31800
Les Miserables,0.38910,-0.01461,-0.09967,-0.02007,0.31900
Les Miserables,0.38928,-0.01499,-0.10018,-0.02012,0.31900
Les Miserables,0.38946,-0.01538,-0.10145,-0.01984,0.31900
Les Miserables,0.38964,-0.01397,-0.10235,-0.01922,0.31900
Les Miserables,0.38982,-0.01339,-0.10271,-0.01839,0.31800
Les Miserables,0.38999,-0.01394,-0.10231,-0.01849,0.31700
Les Miserables,0.39017,-0.01401,-0.10106,-0.01836,0.31600
Les Miserables,0.39035,-0.01488,-0.10084,-0.01820,0.31600
Les Miserables,0.39053,-0.01652,-0.09984,-0.01764,0.31400
Les Miserables,0.39071,-0.01643,-0.09999,-0.01707,0.31200
Les Miserables,0.39089,-0.01666,-0.09994,-0.01677,0.31200
Les Miserables,0.39107,-0.01733,-0.09802,-0.01669,0.31100
Les Miserables,0.39125,-0.01690,-0.09809,-0.01669,0.31200
Les Miserables,0.39143,-0.01691,-0.09649,-0.01685,0.31300
Les Miserables,0.39161,-0.01676,-0.09693,-0.01673,0.31300
Les Miserables,0.39179,-0.01657,-0.09702,-0.01661,0.31200
Les Miserables,0.39197,-0.01628,-0.09702,-0.01612,0.31300
Les Miserables,0.39215,-0.01587,-0.09689,-0.01625,0.31300
Les Miserables,0.39233,-0.01520,-0.09752,-0.01569,0.31200
Les Miserables,0.39250,-0.01580,-0.09804,-0.01585,0.31100
Les Miserables,0.39268,-0.01558,-0.09856,-0.01534,0.31100
Les Miserables,0.39286,-0.01390,-0.09881,-0.01523,0.31100
Les Miserables,0.39304,-0.01350,-0.09879,-0.01420,0.31100
Les Miserables,0.39322,-0.01350,-0.09992,-0.01351,0.31100
Les Miserables,0.39340,-0.01273,-0.10039,-0.01350,0.31100
Les Miserables,0.39358,-0.01274,-0.10082,-0.01331,0.31000
Les Miserables,0.39376,-0.01300,-0.10071,-0.01325,0.31000
Les Miserables,0.39394,-0.01394,-0.09916,-0.01329,0.31000
Les Miserables,0.39412,-0.01278,-0.10016,-0.01310,0.30900
Les Miserables,0.39430,-0.01155,-0.10012,-0.01277,0.30900
Les Miserables,0.39448,-0.00968,-0.10007,-0.01185,0.30800
Les Miserables,0.39466,-0.00947,-0.09953,-0.01214,0.30800
Les Miserables,0.39484,-0.00981,-0.09912,-0.01195,0.30700
Les Miserables,0.39502,-0.00889,-0.09989,-0.01131,0.30600
Les Miserables,0.39519,-0.00829,-0.10050,-0.01098,0.30600
Les Miserables,0.39537,-0.00853,-0.09938,-0.01075,0.30700
Les Miserables,0.39555,-0.00793,-0.09882,-0.01034,0.30700
Les Miserables,0.39573,-0.00652,-0.09927,-0.01001,0.30800
Les Miserables,0.39591,-0.00549,-0.09925,-0.01003,0.30800
Les Miserables,0.39609,-0.00502,-0.10040,-0.00977,0.30700
Les Miserables,0.39627,-0.00596,-0.10066,-0.01005,0.30700
Les Miserables,0.39645,-0.00694,-0.10046,-0.00991,0.30700
Les Miserables,0.39663,-0.00653,-0.10110,-0.00916,0.30700
Les Miserables,0.39681,-0.00707,-0.10191,-0.00900,0.30800
Les Miserables,0.39699,-0.00706,-0.10256,-0.00898,0.30700
Les Miserables,0.39717,-0.00659,-0.10243,-0.00908,0.30700
Les Miserables,0.39735,-0.00736,-0.10248,-0.00861,0.30700
Les Miserables,0.39753,-0.00820,-0.10244,-0.00819,0.30700
Les Miserables,0.39770,-0.00830,-0.10246,-0.00822,0.30500
Les Miserables,0.39788,-0.00775,-0.10232,-0.00781,0.30600
Les Miserables,0.39806,-0.00748,-0.10236,-0.00779,0.30400
Les Miserables,0.39824,-0.00716,-0.10208,-0.00767,0.30300
Les Miserables,0.39842,-0.00687,-0.10218,-0.00764,0.30200
Les Miserables,0.39860,-0.00628,-0.10205,-0.00784,0.30100
Les Miserables,0.39878,-0.00546,-0.10232,-0.00732,0.30100
Les Miserables,0.39896,-0.00431,-0.10291,-0.00712,0.30100
Les Miserables,0.39914,-0.00377,-0.10266,-0.00676,0.30100
Les Miserables,0.39932,-0.00359,-0.10143,-0.00623,0.30000
Les Miserables,0.39950,-0.00312,-0.10181,-0.00615,0.30000
Les Miserables,0.39968,-0.00230,-0.10224,-0.00612,0.30000
Les Miserables,0.39986,-0.00114,-0.10245,-0.00628,0.30000
Les Miserables,0.40004,-0.00208,-0.10273,-0.00638,0.29800
Les Miserables,0.40022,-0.00217,-0.10282,-0.00635,0.29900
Les Miserables,0.40039,-0.00183,-0.10345,-0.00652,0.29800
Les Miserables,0.40057,-0.00148,-0.10302,-0.00628,0.29700
Les Miserables,0.40075,-0.00097,-0.10247,-0.00593,0.29700
Les Miserables,0.40093,-0.00028,-0.10266,-0.00550,0.29600
Les Miserables,0.40111,0.00015,-0.10245,-0.00492,0.29500
Les Miserables,0.40129,-0.00040,-0.10384,-0.00498,0.29400
Les Miserables,0.40147,0.00330,-0.10595,-0.00491,0.29400
Les Miserables,0.40165,0.00473,-0.10739,-0.00523,0.29300
Les Miserables,0.40183,0.00523,-0.10729,-0.00506,0.29300
Les Miserables,0.40201,0.00500,-0.10650,-0.00508,0.29100
Les Miserables,0.40219,0.00459,-0.10639,-0.00506,0.29100
Les Miserables,0.40237,0.00506,-0.10628,-0.00539,0.28900
Les Miserables,0.40255,0.00572,-0.10703,-0.00607,0.28700
Les Miserables,0.40273,0.00644,-0.10674,-0.00600,0.28800
Les Miserables,0.40290,0.00675,-0.10648,-0.00581,0.28700
Les Miserables,0.40308,0.00825,-0.10730,-0.00555,0.28600
Les Miserables,0.40326,0.00986,-0.10763,-0.00525,0.28600
Les Miserables,0.40344,0.01062,-0.10714,-0.00482,0.28700
Les Miserables,0.40362,0.01346,-0.10696,-0.00453,0.28700
Les Miserables,0.40380,0.01490,-0.10796,-0.00515,0.28600
Les Miserables,0.40398,0.01517,-0.10864,-0.00540,0.28500
Les Miserables,0.40416,0.01602,-0.10932,-0.00547,0.28300
Les Miserables,0.40434,0.01770,-0.10861,-0.00542,0.28400
Les Miserables,0.40452,0.01949,-0.10927,-0.00536,0.28300
Les Miserables,0.40470,0.02049,-0.10802,-0.00476,0.28400
Les Miserables,0.40488,0.02154,-0.10694,-0.00473,0.28400
Les Miserables,0.40506,0.02242,-0.10559,-0.00467,0.28500
Les Miserables,0.40524,0.02316,-0.10504,-0.00388,0.28600
Les Miserables,0.40542,0.02225,-0.10555,-0.00377,0.28700
Les Miserables,0.40559,0.02187,-0.10616,-0.00392,0.28600
Les Miserables,0.40577,0.02147,-0.10534,-0.00341,0.28600
Les Miserables,0.40595,0.02083,-0.10457,-0.00248,0.28600
Les Miserables,0.40613,0.01816,-0.10374,-0.00304,0.28700
Les Miserables,0.40631,0.01822,-0.10454,-0.00313,0.28700
Les Miserables,0.40649,0.01916,-0.10508,-0.00321,0.28800
Les Miserables,0.40667,0.01859,-0.10447,-0.00285,0.28800
Les Miserables,0.40685,0.01807,-0.10458,-0.00272,0.28800
Les Miserables,0.40703,0.01789,-0.10420,-0.00283,0.28800
Les Miserables,0.40721,0.01891,-0.10485,-0.00254,0.28800
Les Miserables,0.40739,0.01971,-0.10423,-0.00268,0.28800
Les Miserables,0.40757,0.01837,-0.10416,-0.00308,0.28900
Les Miserables,0.40775,0.01781,-0.10277,-0.00356,0.28900
Les Miserables,0.40793,0.01807,-0.10246,-0.00303,0.28900
Les Miserables,0.40810,0.01836,-0.10339,-0.00263,0.28900
Les Miserables,0.40828,0.01864,-0.10306,-0.00289,0.28900
Les Miserables,0.40846,0.02014,-0.10413,-0.00293,0.29000
Les Miserables,0.40864,0.02077,-0.10374,-0.00271,0.29000
Les Miserables,0.40882,0.02160,-0.10437,-0.00257,0.28900
Les Miserables,0.40900,0.02226,-0.10606,-0.00241,0.28900
Les Miserables,0.40918,0.02233,-0.10612,-0.00167,0.28800
Les Miserables,0.40936,0.02266,-0.10654,-0.00140,0.28600
Les Miserables,0.40954,0.02241,-0.10607,-0.00165,0.28700
Les Miserables,0.40972,0.02263,-0.10614,-0.00160,0.28600
Les Miserables,0.40990,0.02429,-0.10674,-0.00177,0.28600
Les Miserables,0.41008,0.02537,-0.10693,-0.00153,0.28600
Les Miserables,0.41026,0.02588,-0.10813,-0.00115,0.28600
Les Miserables,0.41044,0.02751,-0.10806,-0.00091,0.28500
Les Miserables,0.41062,0.02852,-0.10710,-0.00135,0.28500
Les Miserables,0.41079,0.02816,-0.10756,-0.00121,0.28400
Les Miserables,0.41097,0.02834,-0.10668,-0.00133,0.28300
Les Miserables,0.41115,0.03001,-0.10566,-0.00157,0.28300
Les Miserables,0.41133,0.03072,-0.10465,-0.00160,0.28200
Les Miserables,0.41151,0.03139,-0.10555,-0.00199,0.28300
Les Miserables,0.41169,0.03175,-0.10609,-0.00191,0.28400
Les Miserables,0.41187,0.03256,-0.10738,-0.00202,0.28300
Les Miserables,0.41205,0.03219,-0.10717,-0.00235,0.28400
Les Miserables,0.41223,0.03181,-0.10723,-0.00258,0.28300
Les Miserables,0.41241,0.03027,-0.10725,-0.00294,0.28300
Les Miserables,0.41259,0.02980,-0.10845,-0.00334,0.28200
Les Miserables,0.41277,0.02974,-0.10945,-0.00366,0.28300
Les Miserables,0.41295,0.03069,-0.10965,-0.00376,0.28400
Les Miserables,0.41313,0.03149,-0.10970,-0.00375,0.28400
Les Miserables,0.41330,0.03207,-0.11147,-0.00389,0.28400
Les Miserables,0.41348,0.03273,-0.11204,-0.00428,0.28400
Les Miserables,0.41366,0.03261,-0.11300,-0.00468,0.28400
Les Miserables,0.41384,0.03268,-0.11359,-0.00435,0.28400
Les Miserables,0.41402,0.03240,-0.11375,-0.00437,0.28500
Les Miserables,0.41420,0.03188,-0.11390,-0.00388,0.28500
Les Miserables,0.41438,0.03381,-0.11417,-0.00452,0.28500
Les Miserables,0.41456,0.03371,-0.11370,-0.00543,0.28400
Les Miserables,0.41474,0.03395,-0.11327,-0.00551,0.28400
Les Miserables,0.41492,0.03396,-0.11281,-0.00541,0.28300
Les Miserables,0.41510,0.03295,-0.11291,-0.00559,0.28200
Les Miserables,0.41528,0.03321,-0.11300,-0.00596,0.28100
Les Miserables,0.41546,0.03226,-0.11210,-0.00623,0.28100
Les Miserables,0.41564,0.03400,-0.11311,-0.00677,0.28100
Les Miserables,0.41581,0.03297,-0.11373,-0.00745,0.28100
Les Miserables,0.41599,0.03320,-0.11365,-0.00756,0.28200
Les Miserables,0.41617,0.03296,-0.11403,-0.00774,0.28200
Les Miserables,0.41635,0.03262,-0.11463,-0.00705,0.28300
Les Miserables,0.41653,0.03168,-0.11495,-0.00735,0.28400
Les Miserables,0.41671,0.02977,-0.11560,-0.00758,0.28400
Les Miserables,0.41689,0.02837,-0.11649,-0.00743,0.28500
Les Miserables,0.41707,0.02878,-0.11743,-0.00760,0.28600
Les Miserables,0.41725,0.02733,-0.11917,-0.00755,0.28700
Les Miserables,0.41743,0.02747,-0.11919,-0.00774,0.28700
Les Miserables,0.41761,0.02730,-0.11822,-0.00834,0.28600
Les Miserables,0.41779,0.02655,-0.11811,-0.00848,0.28500
Les Miserables,0.41797,0.02724,-0.11770,-0.00846,0.28600
Les Miserables,0.41815,0.02786,-0.11651,-0.00852,0.28500
Les Miserables,0.41833,0.02916,-0.11532,-0.00881,0.28600
Les Miserables,0.41850,0.02949,-0.11486,-0.00909,0.28500
Les Miserables,0.41868,0.03041,-0.11444,-0.00998,0.28500
Les Miserables,0.41886,0.03158,-0.11360,-0.01074,0.28500
Les Miserables,0.41904,0.03201,-0.11352,-0.01125,0.28500
Les Miserables,0.41922,0.03368,-0.11327,-0.01197,0.28500
Les Miserables,0.41940,0.03230,-0.11125,-0.01188,0.28500
Les Miserables,0.41958,0.03191,-0.11161,-0.01180,0.28500
Les Miserables,0.41976,0.03247,-0.11208,-0.01220,0.28600
Les Miserables,0.41994,0.03300,-0.11283,-0.01163,0.28700
Les Miserables,0.42012,0.03395,-0.11197,-0.01182,0.28700
Les Miserables,0.42030,0.03453,-0.11348,-0.01206,0.28800
Les Miserables,0.42048,0.03454,-0.11304,-0.01195,0.28800
Les Miserables,0.42066,0.03401,-0.11386,-0.01232,0.28800
Les Miserables,0.42084,0.03532,-0.11401,-0.01275,0.29000
Les Miserables,0.42101,0.03515,-0.11493,-0.01304,0.29100
Les Miserables,0.42119,0.03506,-0.11518,-0.01307,0.29100
Les Miserables,0.42137,0.03498,-0.11509,-0.01363,0.29100
Les Miserables,0.42155,0.03345,-0.11551,-0.01373,0.29100
Les Miserables,0.42173,0.03272,-0.11533,-0.01361,0.29200
Les Miserables,0.42191,0.03217,-0.11443,-0.01375,0.29200
Les Miserables,0.42209,0.03105,-0.11347,-0.01380,0.29200
Les Miserables,0.42227,0.03027,-0.11449,-0.01430,0.29100
Les Miserables,0.42245,0.02914,-0.11503,-0.01496,0.29100
Les Miserables,0.42263,0.02896,-0.11556,-0.01546,0.29000
Les Miserables,0.42281,0.02824,-0.11683,-0.01539,0.29000
Les Miserables,0.42299,0.02808,-0.11755,-0.01571,0.28800
Les Miserables,0.42317,0.02821,-0.11775,-0.01686,0.28600
Les Miserables,0.42335,0.02909,-0.11733,-0.01679,0.28600
Les Miserables,0.42353,0.02939,-0.11602,-0.01719,0.28500
Les Miserables,0.42370,0.02897,-0.11757,-0.01770,0.28500
Les Miserables,0.42388,0.02910,-0.11804,-0.01817,0.28500
Les Miserables,0.42406,0.03089,-0.11893,-0.01794,0.28400
Les Miserables,0.42424,0.03144,-0.11808,-0.01784,0.28400
Les Miserables,0.42442,0.03159,-0.11797,-0.01813,0.28500
Les Miserables,0.42460,0.03151,-0.11804,-0.01830,0.28500
Les Miserables,0.42478,0.03253,-0.11684,-0.01827,0.28500
Les Miserables,0.42496,0.03303,-0.11636,-0.01824,0.28400
Les Miserables,0.42514,0.03239,-0.11530,-0.01865,0.28400
Les Miserables,0.42532,0.03202,-0.11466,-0.01835,0.28400
Les Miserables,0.42550,0.03377,-0.11374,-0.01853,0.28500
Les Miserables,0.42568,0.03490,-0.11353,-0.01857,0.28400
Les Miserables,0.42586,0.03411,-0.11333,-0.01883,0.28300
Les Miserables,0.42604,0.03461,-0.11313,-0.01935,0.28400
Les Miserables,0.42621,0.03520,-0.11394,-0.01870,0.28400
Les Miserables,0.42639,0.03612,-0.11282,-0.01894,0.28400
Les Miserables,0.42657,0.03574,-0.11351,-0.01928,0.28500
Les Miserables,0.42675,0.03595,-0.11309,-0.01918,0.28500
Les Miserables,0.42693,0.03554,-0.11332,-0.01917,0.28500
Les Miserables,0.42711,0.03597,-0.11369,-0.02005,0.28500
Les Miserables,0.42729,0.03502,-0.11521,-0.01976,0.28500
Les Miserables,0.42747,0.03431,-0.11386,-0.01982,0.28600
Les Miserables,0.42765,0.03204,-0.11288,-0.01981,0.28800
Les Miserables,0.42783,0.03179,-0.11308,-0.02035,0.28800
Les Miserables,0.42801,0.03002,-0.11251,-0.02034,0.28800
Les Miserables,0.42819,0.02971,-0.11139,-0.02060,0.28900
Les Miserables,0.42837,0.02911,-0.11108,-0.02113,0.29000
Les Miserables,0.42855,0.02886,-0.11048,-0.02118,0.29000
Les Miserables,0.42873,0.02795,-0.11082,-0.02127,0.29000
Les Miserables,0.42890,0.02770,-0.11066,-0.02184,0.29000
Les Miserables,0.42908,0.02704,-0.11113,-0.02196,0.29100
Les Miserables,0.42926,0.02593,-0.11297,-0.02211,0.29100
Les Miserables,0.42944,0.02682,-0.11223,-0.02222,0.29100
Les Miserables,0.42962,0.02713,-0.11243,-0.02236,0.29100
Les Miserables,0.42980,0.02753,-0.11353,-0.02225,0.29100
Les Miserables,0.42998,0.02745,-0.11412,-0.02260,0.29000
Les Miserables,0.43016,0.02761,-0.11477,-0.02274,0.29000
Les Miserables,0.43034,0.02979,-0.11512,-0.02278,0.29100
Les Miserables,0.43052,0.03147,-0.11392,-0.02227,0.29200
Les Miserables,0.43070,0.03375,-0.11300,-0.02233,0.29100
Les Miserables,0.43088,0.03341,-0.11308,-0.02274,0.29000
Les Miserables,0.43106,0.03294,-0.11260,-0.02289,0.29000
Les Miserables,0.43124,0.03321,-0.11263,-0.02296,0.29000
Les Miserables,0.43141,0.03405,-0.11353,-0.02314,0.28900
Les Miserables,0.43159,0.03439,-0.11236,-0.02282,0.28700
Les Miserables,0.43177,0.03554,-0.11122,-0.02279,0.28700
Les Miserables,0.43195,0.03589,-0.11089,-0.02268,0.28700
Les Miserables,0.43213,0.03621,-0.11088,-0.02249,0.28700
Les Miserables,0.43231,0.03670,-0.11059,-0.02190,0.28900
Les Miserables,0.43249,0.03646,-0.11109,-0.02168,0.28900
Les Miserables,0.43267,0.03680,-0.11038,-0.02150,0.28900
Les Miserables,0.43285,0.03770,-0.10968,-0.02212,0.29000
Les Miserables,0.43303,0.04018,-0.10894,-0.02240,0.29000
Les Miserables,0.43321,0.04071,-0.10830,-0.02253,0.29100
Les Miserables,0.43339,0.04155,-0.10768,-0.02259,0.29000
Les Miserables,0.43357,0.04109,-0.10713,-0.02235,0.29100
Les Miserables,0.43375,0.04173,-0.10698,-0.02238,0.29000
Les Miserables,0.43393,0.04073,-0.10588,-0.02264,0.28900
Les Miserables,0.43410,0.04072,-0.10579,-0.02268,0.28900
Les Miserables,0.43428,0.04086,-0.10556,-0.02362,0.28800
Les Miserables,0.43446,0.04187,-0.10551,-0.02329,0.28800
Les Miserables,0.43464,0.04325,-0.10589,-0.02318,0.28700
Les Miserables,0.43482,0.04509,-0.10373,-0.02261,0.28700
Les Miserables,0.43500,0.04434,-0.10248,-0.02259,0.28800
Les Miserables,0.43518,0.04471,-0.10231,-0.02298,0.28800
Les Miserables,0.43536,0.04527,-0.10256,-0.02280,0.28800
Les Miserables,0.43554,0.04613,-0.10329,-0.02190,0.28900
Les Miserables,0.43572,0.04668,-0.10443,-0.02188,0.28900
Les Miserables,0.43590,0.04720,-0.10460,-0.02163,0.29000
Les Miserables,0.43608,0.04825,-0.10595,-0.02147,0.29000
Les Miserables,0.43626,0.04787,-0.10747,-0.02091,0.29000
Les Miserables,0.43644,0.04770,-0.10801,-0.02051,0.29200
Les Miserables,0.43661,0.04748,-0.10899,-0.01968,0.29100
Les Miserables,0.43679,0.04599,-0.10908,-0.01894,0.29100
Les Miserables,0.43697,0.04505,-0.10940,-0.01808,0.29200
Les Miserables,0.43715,0.04484,-0.11026,-0.01721,0.29200
Les Miserables,0.43733,0.04335,-0.11053,-0.01734,0.29200
Les Miserables,0.43751,0.04375,-0.10934,-0.01734,0.29200
Les Miserables,0.43769,0.04295,-0.10989,-0.01719,0.29100
Les Miserables,0.43787,0.04291,-0.10990,-0.01729,0.29200
Les Miserables,0.43805,0.04270,-0.11096,-0.01708,0.29200
Les Miserables,0.43823,0.04178,-0.10975,-0.01685,0.29300
Les Miserables,0.43841,0.04133,-0.11037,-0.01653,0.29400
Les Miserables,0.43859,0.04169,-0.11073,-0.01674,0.29300
Les Miserables,0.43877,0.03882,-0.11151,-0.01647,0.29300
Les Miserables,0.43895,0.03812,-0.11132,-0.01668,0.29300
Les Miserables,0.43912,0.03857,-0.11130,-0.01725,0.29200
Les Miserables,0.43930,0.03708,-0.11175,-0.01690,0.29300
Les Miserables,0.43948,0.03712,-0.11191,-0.01672,0.29300
Les Miserables,0.43966,0.03747,-0.11109,-0.01667,0.29300
Les Miserables,0.43984,0.03810,-0.11151,-0.01667,0.29300
Les Miserables,0.44002,0.03771,-0.11099,-0.01640,0.29400
Les Miserables,0.44020,0.03733,-0.11151,-0.01590,0.29500
Les Miserables,0.44038,0.03671,-0.11065,-0.01552,0.29600
Les Miserables,0.44056,0.03560,-0.11003,-0.01553,0.29700
Les Miserables,0.44074,0.03606,-0.10971,-0.01557,0.29600
Les Miserables,0.44092,0.03573,-0.11009,-0.01558,0.29700
Les Miserables,0.44110,0.03550,-0.10999,-0.01509,0.29700
Les Miserables,0.44128,0.03642,-0.11003,-0.01516,0.29800
Les Miserables,0.44146,0.03579,-0.11039,-0.01508,0.29700
Les Miserables,0.44164,0.03751,-0.10977,-0.01506,0.29700
Les Miserables,0.44181,0.03682,-0.10930,-0.01519,0.29700
Les Miserables,0.44199,0.03748,-0.10896,-0.01510,0.29700
Les Miserables,0.44217,0.03776,-0.10934,-0.01520,0.29700
Les Miserables,0.44235,0.03789,-0.10842,-0.01466,0.29700
Les Miserables,0.44253,0.03876,-0.10848,-0.01523,0.29900
Les Miserables,0.44271,0.03866,-0.10962,-0.01511,0.29900
Les Miserables,0.44289,0.03898,-0.11010,-0.01472,0.30000
Les Miserables,0.44307,0.03982,-0.11083,-0.01397,0.30100
Les Miserables,0.44325,0.04023,-0.11168,-0.01452,0.30200
Les Miserables,0.44343,0.03895,-0.11302,-0.01466,0.30100
Les Miserables,0.44361,0.03784,-0.11396,-0.01468,0.30100
Les Miserables,0.44379,0.03887,-0.11433,-0.01506,0.30300
Les Miserables,0.44397,0.03814,-0.11368,-0.01505,0.30200
Les Miserables,0.44415,0.03891,-0.11301,-0.01565,0.30300
Les Miserables,0.44432,0.03803,-0.11230,-0.01527,0.30300
Les Miserables,0.44450,0.03953,-0.11181,-0.01492,0.30400
Les Miserables,0.44468,0.03997,-0.11124,-0.01497,0.30500
Les Miserables,0.44486,0.04122,-0.11179,-0.01471,0.30500
Les Miserables,0.44504,0.04122,-0.11139,-0.01489,0.30500
Les Miserables,0.44522,0.04188,-0.11067,-0.01509,0.30600
Les Miserables,0.44540,0.04371,-0.11226,-0.01488,0.30600
Les Miserables,0.44558,0.04635,-0.11202,-0.01512,0.30500
Les Miserables,0.44576,0.04688,-0.11121,-0.01513,0.30500
Les Miserables,0.44594,0.04832,-0.11194,-0.01538,0.30500
Les Miserables,0.44612,0.04869,-0.11259,-0.01589,0.30500
Les Miserables,0.44630,0.04801,-0.11286,-0.01562,0.30400
Les Miserables,0.44648,0.04822,-0.11386,-0.01527,0.30400
Les Miserables,0.44666,0.04962,-0.11303,-0.01551,0.30400
Les Miserables,0.44684,0.05103,-0.11206,-0.01502,0.30400
Les Miserables,0.44701,0.05149,-0.11199,-0.01540,0.30300
Les Miserables,0.44719,0.05267,-0.11114,-0.01537,0.30200
Les Miserables,0.44737,0.05176,-0.11133,-0.01498,0.30200
Les Miserables,0.44755,0.05203,-0.11020,-0.01509,0.30200
Les Miserables,0.44773,0.05152,-0.10881,-0.01526,0.30100
Les Miserables,0.44791,0.05133,-0.10754,-0.01430,0.30300
Les Miserables,0.44809,0.05141,-0.10699,-0.01369,0.30400
Les Miserables,0.44827,0.04992,-0.10712,-0.01382,0.30300
Les Miserables,0.44845,0.04924,-0.10777,-0.01359,0.30300
Les Miserables,0.44863,0.04790,-0.10844,-0.01327,0.30300
Les Miserables,0.44881,0.04789,-0.10830,-0.01302,0.30300
Les Miserables,0.44899,0.04842,-0.10847,-0.01267,0.30200
Les Miserables,0.44917,0.04931,-0.10800,-0.01292,0.30100
Les Miserables,0.44935,0.04852,-0.10624,-0.01261,0.30100
Les Miserables,0.44952,0.04861,-0.10675,-0.01282,0.30200
Les Miserables,0.44970,0.04785,-0.10796,-0.01304,0.30300
Les Miserables,0.44988,0.04858,-0.10841,-0.01311,0.30300
Les Miserables,0.45006,0.04949,-0.10880,-0.01351,0.30300
Les Miserables,0.45024,0.04794,-0.10893,-0.01367,0.30200
Les Miserables,0.45042,0.04765,-0.10905,-0.01342,0.30100
Les Miserables,0.45060,0.04677,-0.11018,-0.01352,0.30200
Les Miserables,0.45078,0.04583,-0.11097,-0.01309,0.30200
Les Miserables,0.45096,0.04430,-0.11278,-0.01254,0.30200
Les Miserables,0.45114,0.04296,-0.11339,-0.01227,0.30200
Les Miserables,0.45132,0.04359,-0.11422,-0.01226,0.30200
Les Miserables,0.45150,0.04308,-0.11430,-0.01196,0.30300
Les Miserables,0.45168,0.04278,-0.11442,-0.01192,0.30300
Les Miserables,0.45186,0.04310,-0.11493,-0.01174,0.30300
Les Miserables,0.45204,0.04327,-0.11418,-0.01162,0.30400
Les Miserables,0.45221,0.04332,-0.11298,-0.01112,0.30400
Les Miserables,0.45239,0.04309,-0.11307,-0.01122,0.30400
Les Miserables,0.45257,0.04329,-0.11315,-0.01118,0.30500
Les Miserables,0.45275,0.04253,-0.11435,-0.01164,0.30400
Les Miserables,0.45293,0.04259,-0.11421,-0.01183,0.30300
Les Miserables,0.45311,0.04385,-0.11250,-0.01205,0.30200
Les Miserables,0.45329,0.04281,-0.11134,-0.01257,0.30200
Les Miserables,0.45347,0.04224,-0.11098,-0.01281,0.30200
Les Miserables,0.45365,0.04171,-0.11089,-0.01261,0.30300
Les Miserables,0.45383,0.04085,-0.11151,-0.01266,0.30200
Les Miserables,0.45401,0.03967,-0.11062,-0.01233,0.30300
Les Miserables,0.45419,0.04031,-0.10974,-0.01237,0.30300
Les Miserables,0.45437,0.04024,-0.10893,-0.01234,0.30300
Les Miserables,0.45455,0.04000,-0.10867,-0.01268,0.30300
Les Miserables,0.45472,0.03955,-0.10864,-0.01251,0.30400
Les Miserables,0.45490,0.04069,-0.10803,-0.01319,0.30300
Les Miserables,0.45508,0.03996,-0.10767,-0.01345,0.30300
Les Miserables,0.45526,0.04222,-0.10719,-0.01306,0.30400
Les Miserables,0.45544,0.04163,-0.10803,-0.01282,0.30300
Les Miserables,0.45562,0.04251,-0.10750,-0.01257,0.30300
Les Miserables,0.45580,0.04289,-0.10733,-0.01257,0.30400
Les Miserables,0.45598,0.04353,-0.10600,-0.01288,0.30400
Les Miserables,0.45616,0.04395,-0.10590,-0.01252,0.30300
Les Miserables,0.45634,0.04479,-0.10626,-0.01275,0.30100
Les Miserables,0.45652,0.04366,-0.10500,-0.01214,0.30100
Les Miserables,0.45670,0.04429,-0.10220,-0.01228,0.30100
Les Miserables,0.45688,0.04532,-0.10219,-0.01232,0.30000
Les Miserables,0.45706,0.04399,-0.10225,-0.01213,0.30100
Les Miserables,0.45724,0.04492,-0.10166,-0.01180,0.30100
Les Miserables,0.45741,0.04507,-0.10076,-0.01167,0.30100
Les Miserables,0.45759,0.04445,-0.10192,-0.01140,0.30200
Les Miserables,0.45777,0.04507,-0.10250,-0.01105,0.30300
Les Miserables,0.45795,0.04610,-0.10345,-0.01070,0.30300
Les Miserables,0.45813,0.04606,-0.10247,-0.01066,0.30200
Les Miserables,0.45831,0.04530,-0.10294,-0.01066,0.30200
Les Miserables,0.45849,0.04629,-0.10404,-0.01080,0.30300
Les Miserables,0.45867,0.04609,-0.10295,-0.01061,0.30300
Les Miserables,0.45885,0.04714,-0.10221,-0.01019,0.30400
Les Miserables,0.45903,0.04731,-0.10198,-0.00965,0.30400
Les Miserables,0.45921,0.04458,-0.10134,-0.00968,0.30300
Les Miserables,0.45939,0.04383,-0.10056,-0.00988,0.30400
Les Miserables,0.45957,0.04237,-0.10149,-0.00977,0.30400
Les Miserables,0.45975,0.04352,-0.10072,-0.00947,0.30500
Les Miserables,0.45992,0.04497,-0.10131,-0.00913,0.30500
Les Miserables,0.46010,0.04460,-0.10164,-0.00935,0.30400
Les Miserables,0.46028,0.04402,-0.10142,-0.00915,0.30300
Les Miserables,0.46046,0.04454,-0.10053,-0.00906,0.30200
Les Miserables,0.46064,0.04581,-0.09989,-0.00914,0.30200
Les Miserables,0.46082,0.04702,-0.09939,-0.00963,0.30200
Les Miserables,0.46100,0.04746,-0.09912,-0.00977,0.30200
Les Miserables,0.46118,0.04628,-0.09841,-0.00890,0.30000
Les Miserables,0.46136,0.04584,-0.09743,-0.00862,0.30000
Les Miserables,0.46154,0.04497,-0.09688,-0.00848,0.29900
Les Miserables,0.46172,0.04417,-0.09632,-0.00818,0.29900
Les Miserables,0.46190,0.04461,-0.09775,-0.00793,0.29900
Les Miserables,0.46208,0.04402,-0.09818,-0.00777,0.29800
Les Miserables,0.46226,0.04469,-0.10057,-0.00763,0.29800
Les Miserables,0.46244,0.04406,-0.10104,-0.00798,0.29700
Les Miserables,0.46261,0.04271,-0.10194,-0.00833,0.29700
Les Miserables,0.46279,0.04103,-0.10203,-0.00847,0.29700
Les Miserables,0.46297,0.04058,-0.10078,-0.00782,0.29800
Les Miserables,0.46315,0.04063,-0.10126,-0.00782,0.29600
Les Miserables,0.46333,0.04018,-0.10010,-0.00770,0.29600
Les Miserables,0.46351,0.03898,-0.09893,-0.00734,0.29700
Les Miserables,0.46369,0.03803,-0.09947,-0.00666,0.29600
Les Miserables,0.46387,0.03694,-0.10012,-0.00640,0.29600
Les Miserables,0.46405,0.03629,-0.10022,-0.00587,0.29500
Les Miserables,0.46423,0.03601,-0.10014,-0.00576,0.29600
Les Miserables,0.46441,0.03575,-0.09986,-0.00625,0.29700
Les Miserables,0.46459,0.03496,-0.10019,-0.00622,0.29700
Les Miserables,0.46477,0.03407,-0.10216,-0.00660,0.29700
Les Miserables,0.46495,0.03229,-0.10250,-0.00580,0.29900
Les Miserables,0.46512,0.03145,-0.10331,-0.00532,0.29900
Les Miserables,0.46530,0.03006,-0.10412,-0.00489,0.30000
Les Miserables,0.46548,0.02900,-0.10487,-0.00456,0.30000
Les Miserables,0.46566,0.02949,-0.10479,-0.00442,0.30000
Les Miserables,0.46584,0.02935,-0.10576,-0.00511,0.30000
Les Miserables,0.46602,0.02937,-0.10559,-0.00556,0.29900
Les Miserables,0.46620,0.02957,-0.10511,-0.00543,0.29900
Les Miserables,0.46638,0.02860,-0.10487,-0.00560,0.29900
Les Miserables,0.46656,0.02806,-0.10343,-0.00584,0.29800
Les Miserables,0.46674,0.02758,-0.10341,-0.00571,0.29900
Les Miserables,0.46692,0.02656,-0.10313,-0.00598,0.30000
Les Miserables,0.46710,0.02560,-0.10331,-0.00518,0.30000
Les Miserables,0.46728,0.02486,-0.10355,-0.00487,0.30000
Les Miserables,0.46746,0.02409,-0.10312,-0.00468,0.30000
Les Miserables,0.46763,0.02332,-0.10274,-0.00463,0.29900
Les Miserables,0.46781,0.02212,-0.10193,-0.00478,0.29900
Les Miserables,0.46799,0.02255,-0.10103,-0.00462,0.29800
Les Miserables,0.46817,0.02342,-0.10119,-0.00479,0.29800
Les Miserables,0.46835,0.02515,-0.10094,-0.00458,0.29900
Les Miserables,0.46853,0.02635,-0.10130,-0.00416,0.29900
Les Miserables,0.46871,0.02628,-0.10116,-0.00411,0.29900
Les Miserables,0.46889,0.02607,-0.10032,-0.00428,0.30100
Les Miserables,0.46907,0.02759,-0.10158,-0.00456,0.30100
Les Miserables,0.46925,0.02762,-0.10205,-0.00443,0.30200
Les Miserables,0.46943,0.02887,-0.10229,-0.00485,0.30100
Les Miserables,0.46961,0.03004,-0.10167,-0.00479,0.30200
Les Miserables,0.46979,0.02913,-0.10171,-0.00503,0.30400
Les Miserables,0.46997,0.02871,-0.10257,-0.00489,0.30300
Les Miserables,0.47015,0.02917,-0.10377,-0.00532,0.30200
Les Miserables,0.47032,0.03041,-0.10359,-0.00521,0.30200
Les Miserables,0.47050,0.03018,-0.10314,-0.00568,0.30200
Les Miserables,0.47068,0.03081,-0.10386,-0.00537,0.30200
Les Miserables,0.47086,0.03143,-0.10511,-0.00522,0.30200
Les Miserables,0.47104,0.03023,-0.10610,-0.00509,0.30300
Les Miserables,0.47122,0.03073,-0.10703,-0.00498,0.30200
Les Miserables,0.47140,0.02939,-0.10838,-0.00475,0.30300
Les Miserables,0.47158,0.03004,-0.10876,-0.00483,0.30200
Les Miserables,0.47176,0.03149,-0.10830,-0.00460,0.30200
Les Miserables,0.47194,0.03124,-0.10812,-0.00508,0.30300
Les Miserables,0.47212,0.02886,-0.10850,-0.00536,0.30200
Les Miserables,0.47230,0.02832,-0.10983,-0.00524,0.30100
Les Miserables,0.47248,0.02818,-0.11027,-0.00507,0.30100
Les Miserables,0.47266,0.02905,-0.11067,-0.00529,0.30100
Les Miserables,0.47283,0.02777,-0.11186,-0.00485,0.30100
Les Miserables,0.47301,0.02898,-0.11253,-0.00485,0.30200
Les Miserables,0.47319,0.02831,-0.11287,-0.00477,0.30100
Les Miserables,0.47337,0.02782,-0.11280,-0.00450,0.30100
Les Miserables,0.47355,0.02669,-0.11268,-0.00470,0.30100
Les Miserables,0.47373,0.02647,-0.11271,-0.00489,0.30000
Les Miserables,0.47391,0.02610,-0.11358,-0.00462,0.30000
Les Miserables,0.47409,0.02647,-0.11444,-0.00487,0.30000
Les Miserables,0.47427,0.02661,-0.11465,-0.00472,0.30100
Les Miserables,0.47445,0.02837,-0.11655,-0.00534,0.30100
Les Miserables,0.47463,0.02932,-0.11919,-0.00517,0.30000
Les Miserables,0.47481,0.02870,-0.11880,-0.00460,0.30100
Les Miserables,0.47499,0.02899,-0.11897,-0.00407,0.30100
Les Miserables,0.47517,0.02919,-0.12039,-0.00444,0.30000
Les Miserables,0.47535,0.02965,-0.11963,-0.00479,0.29900
Les Miserables,0.47552,0.03010,-0.11937,-0.00503,0.29900
Les Miserables,0.47570,0.02953,-0.11881,-0.00526,0.29900
Les Miserables,0.47588,0.02916,-0.11840,-0.00558,0.29900
Les Miserables,0.47606,0.02896,-0.11817,-0.00567,0.30000
Les Miserables,0.47624,0.03009,-0.11776,-0.00523,0.30000
Les Miserables,0.47642,0.02984,-0.11780,-0.00484,0.29900
Les Miserables,0.47660,0.03019,-0.11891,-0.00482,0.29900
Les Miserables,0.47678,0.02766,-0.11894,-0.00482,0.29800
Les Miserables,0.47696,0.02787,-0.11890,-0.00575,0.29800
Les Miserables,0.47714,0.02823,-0.11819,-0.00550,0.29800
Les Miserables,0.47732,0.02923,-0.11918,-0.00500,0.29800
Les Miserables,0.47750,0.02920,-0.11886,-0.00553,0.29800
Les Miserables,0.47768,0.02936,-0.11882,-0.00541,0.29800
Les Miserables,0.47786,0.02839,-0.11859,-0.00564,0.29800
Les Miserables,0.47803,0.02878,-0.11881,-0.00553,0.30000
Les Miserables,0.47821,0.02880,-0.11997,-0.00603,0.30100
Les Miserables,0.47839,0.02703,-0.12023,-0.00559,0.29900
Les Miserables,0.47857,0.02560,-0.12140,-0.00564,0.29900
Les Miserables,0.47875,0.02314,-0.12191,-0.00533,0.29900
Les Miserables,0.47893,0.02141,-0.12186,-0.00529,0.29800
Les Miserables,0.47911,0.02100,-0.12291,-0.00570,0.30000
Les Miserables,0.47929,0.02037,-0.12364,-0.00554,0.30100
Les Miserables,0.47947,0.02077,-0.12437,-0.00565,0.30200
Les Miserables,0.47965,0.01977,-0.12506,-0.00554,0.30200
Les Miserables,0.47983,0.01932,-0.12469,-0.00503,0.30100
Les Miserables,0.48001,0.01893,-0.12538,-0.00494,0.30300
Les Miserables,0.48019,0.01766,-0.12502,-0.00522,0.30200
Les Miserables,0.48037,0.01743,-0.12499,-0.00484,0.30100
Les Miserables,0.48055,0.01799,-0.12526,-0.00432,0.30200
Les Miserables,0.48072,0.01862,-0.12501,-0.00393,0.30200
Les Miserables,0.48090,0.01849,-0.12678,-0.00396,0.30100
Les Miserables,0.48108,0.01895,-0.12703,-0.00345,0.30200
Les Miserables,0.48126,0.01777,-0.12907,-0.00333,0.30200
Les Miserables,0.48144,0.01721,-0.13155,-0.00319,0.30200
Les Miserables,0.48162,0.01685,-0.13283,-0.00336,0.30300
Les Miserables,0.48180,0.01753,-0.13337,-0.00337,0.30200
Les Miserables,0.48198,0.01824,-0.13329,-0.00270,0.30300
Les Miserables,0.48216,0.01913,-0.13357,-0.00211,0.30300
Les Miserables,0.48234,0.01874,-0.13314,-0.00160,0.30300
Les Miserables,0.48252,0.01881,-0.13384,-0.00087,0.30400
Les Miserables,0.48270,0.01785,-0.13252,-0.00108,0.30400
Les Miserables,0.48288,0.01885,-0.13154,-0.00147,0.30300
Les Miserables,0.48306,0.01919,-0.13034,-0.00179,0.30300
Les Miserables,0.48323,0.01955,-0.12993,-0.00225,0.30200
Les Miserables,0.48341,0.01944,-0.12968,-0.00247,0.30100
Les Miserables,0.48359,0.02030,-0.12953,-0.00267,0.30200
Les Miserables,0.48377,0.02029,-0.13009,-0.00269,0.30100
Les Miserables,0.48395,0.01909,-0.13016,-0.00238,0.30100
Les Miserables,0.48413,0.01869,-0.13090,-0.00252,0.30200
Les Miserables,0.48431,0.01883,-0.13115,-0.00272,0.30200
Les Miserables,0.48449,0.01836,-0.13247,-0.00251,0.30200
Les Miserables,0.48467,0.01730,-0.13259,-0.00254,0.30100
Les Miserables,0.48485,0.01757,-0.13248,-0.00226,0.30000
Les Miserables,0.48503,0.01750,-0.13274,-0.00231,0.30000
Les Miserables,0.48521,0.01835,-0.13274,-0.00243,0.30000
Les Miserables,0.48539,0.01796,-0.13374,-0.00258,0.30100
Les Miserables,0.48557,0.01887,-0.13387,-0.00265,0.30200
Les Miserables,0.48575,0.01979,-0.13466,-0.00235,0.30100
Les Miserables,0.48592,0.01977,-0.13537,-0.00220,0.30100
Les Miserables,0.48610,0.01904,-0.13549,-0.00176,0.30000
Les Miserables,0.48628,0.01781,-0.13591,-0.00173,0.29900
Les Miserables,0.48646,0.01709,-0.13569,-0.00192,0.29900
Les Miserables,0.48664,0.01779,-0.13514,-0.00176,0.29900
Les Miserables,0.48682,0.01692,-0.13530,-0.00130,0.29800
Les Miserables,0.48700,0.01689,-0.13200,-0.00109,0.29800
Les Miserables,0.48718,0.01750,-0.13206,-0.00105,0.29700
Les Miserables,0.48736,0.01715,-0.13287,-0.00072,0.29800
Les Miserables,0.48754,0.01647,-0.13420,-0.00033,0.29800
Les Miserables,0.48772,0.01663,-0.13465,0.00024,0.29700
Les Miserables,0.48790,0.01589,-0.13482,0.00048,0.29700
Les Miserables,0.48808,0.01569,-0.13506,0.00096,0.29800
Les Miserables,0.48826,0.01454,-0.13535,0.00135,0.29800
Les Miserables,0.48843,0.01408,-0.13491,0.00170,0.29800
Les Miserables,0.48861,0.01388,-0.13381,0.00189,0.29900
Les Miserables,0.48879,0.01306,-0.13239,0.00196,0.29900
Les Miserables,0.48897,0.01424,-0.13187,0.00222,0.29800
Les Miserables,0.48915,0.01382,-0.13160,0.00222,0.29900
Les Miserables,0.48933,0.01515,-0.13109,0.00216,0.29700
Les Miserables,0.48951,0.01539,-0.13022,0.00224,0.29700
Les Miserables,0.48969,0.01414,-0.13015,0.00190,0.29700
Les Miserables,0.48987,0.01471,-0.13129,0.00170,0.29700
Les Miserables,0.49005,0.01673,-0.13152,0.00162,0.29700
Les Miserables,0.49023,0.01652,-0.13143,0.00160,0.29700
Les Miserables,0.49041,0.01600,-0.13114,0.00163,0.29600
Les Miserables,0.49059,0.01496,-0.13137,0.00137,0.29600
Les Miserables,0.49077,0.01479,-0.13145,0.00096,0.29600
Les Miserables,0.49094,0.01306,-0.13045,0.00081,0.29600
Les Miserables,0.49112,0.01262,-0.13094,0.00041,0.29700
Les Miserables,0.49130,0.01372,-0.13060,0.00003,0.29700
Les Miserables,0.49148,0.01461,-0.13079,-0.00015,0.29700
Les Miserables,0.49166,0.01428,-0.13048,-0.00054,0.29800
Les Miserables,0.49184,0.01379,-0.13076,-0.00076,0.29700
Les Miserables,0.49202,0.01301,-0.12992,-0.00095,0.29800
Les Miserables,0.49220,0.01225,-0.12958,-0.00141,0.29900
Les Miserables,0.49238,0.01066,-0.12807,-0.00142,0.29800
Les Miserables,0.49256,0.01057,-0.12712,-0.00135,0.29900
Les Miserables,0.49274,0.01064,-0.12542,-0.00178,0.30000
Les Miserables,0.49292,0.01181,-0.12449,-0.00235,0.30100
Les Miserables,0.49310,0.01153,-0.12240,-0.00258,0.30200
Les Miserables,0.49328,0.01119,-0.12189,-0.00302,0.30300
Les Miserables,0.49346,0.01042,-0.12117,-0.00327,0.30200
Les Miserables,0.49363,0.00920,-0.12202,-0.00322,0.30300
Les Miserables,0.49381,0.00884,-0.12162,-0.00352,0.30400
Les Miserables,0.49399,0.00954,-0.12235,-0.00341,0.30300
Les Miserables,0.49417,0.00936,-0.12299,-0.00331,0.30400
Les Miserables,0.49435,0.00996,-0.12360,-0.00270,0.30300
Les Miserables,0.49453,0.00904,-0.12312,-0.00317,0.30300
Les Miserables,0.49471,0.01016,-0.12342,-0.00310,0.30300
Les Miserables,0.49489,0.00927,-0.12347,-0.00258,0.30300
Les Miserables,0.49507,0.00994,-0.12387,-0.00288,0.30300
Les Miserables,0.49525,0.00858,-0.12297,-0.00308,0.30400
Les Miserables,0.49543,0.00895,-0.12215,-0.00281,0.30300
Les Miserables,0.49561,0.00882,-0.12281,-0.00311,0.30300
Les Miserables,0.49579,0.00783,-0.12273,-0.00322,0.30200
Les Miserables,0.49597,0.00739,-0.12170,-0.00319,0.30100
Les Miserables,0.49614,0.00661,-0.12120,-0.00304,0.30000
Les Miserables,0.49632,0.00677,-0.12149,-0.00347,0.30000
Les Miserables,0.49650,0.00749,-0.12060,-0.00346,0.29900
Les Miserables,0.49668,0.00812,-0.12015,-0.00385,0.30000
Les Miserables,0.49686,0.00873,-0.12064,-0.00386,0.30100
Les Miserables,0.49704,0.01049,-0.11938,-0.00359,0.30000
Les Miserables,0.49722,0.01090,-0.11851,-0.00350,0.29800
Les Miserables,0.49740,0.01124,-0.11865,-0.00312,0.29800
Les Miserables,0.49758,0.01138,-0.11780,-0.00260,0.29800
Les Miserables,0.49776,0.01121,-0.11761,-0.00298,0.29900
Les Miserables,0.49794,0.01145,-0.11682,-0.00301,0.29800
Les Miserables,0.49812,0.01170,-0.11651,-0.00321,0.29800
Les Miserables,0.49830,0.01082,-0.11615,-0.00319,0.29900
Les Miserables,0.49848,0.01062,-0.11522,-0.00362,0.29800
Les Miserables,0.49866,0.00983,-0.11405,-0.00394,0.29800
Les Miserables,0.49883,0.00920,-0.11279,-0.00437,0.29700
Les Miserables,0.49901,0.00737,-0.11232,-0.00496,0.29700
Les Miserables,0.49919,0.00787,-0.11099,-0.00487,0.29600
Les Miserables,0.49937,0.00757,-0.11033,-0.00529,0.29600
Les Miserables,0.49955,0.00811,-0.10936,-0.00561,0.29700
Les Miserables,0.49973,0.01068,-0.10882,-0.00632,0.29800
Les Miserables,0.49991,0.00986,-0.10869,-0.00682,0.29800
Les Miserables,0.50009,0.00971,-0.10840,-0.00767,0.29900
Les Miserables,0.50027,0.01105,-0.10868,-0.00775,0.29900
Les Miserables,0.50045,0.01136,-0.10735,-0.00792,0.29900
Les Miserables,0.50063,0.01368,-0.10813,-0.00716,0.29800
Les Miserables,0.50081,0.01451,-0.10886,-0.00702,0.29900
Les Miserables,0.50099,0.01498,-0.10872,-0.00663,0.30000
Les Miserables,0.50117,0.01595,-0.10917,-0.00675,0.30100
Les Miserables,0.50134,0.01653,-0.10862,-0.00682,0.30100
Les Miserables,0.50152,0.01556,-0.10960,-0.00614,0.30000
Les Miserables,0.50170,0.01460,-0.10951,-0.00622,0.30000
Les Miserables,0.50188,0.01488,-0.10979,-0.00617,0.30200
Les Miserables,0.50206,0.01340,-0.10876,-0.00578,0.30300
Les Miserables,0.50224,0.01326,-0.10850,-0.00536,0.30400
Les Miserables,0.50242,0.01304,-0.10804,-0.00511,0.30500
Les Miserables,0.50260,0.01358,-0.10787,-0.00515,0.30600
Les Miserables,0.50278,0.01461,-0.10925,-0.00538,0.30700
Les Miserables,0.50296,0.01423,-0.10932,-0.00577,0.30900
Les Miserables,0.50314,0.01355,-0.10942,-0.00581,0.30800
Les Miserables,0.50332,0.01341,-0.10809,-0.00567,0.30700
Les Miserables,0.50350,0.01306,-0.10719,-0.00572,0.30700
Les Miserables,0.50368,0.01172,-0.10640,-0.00556,0.30800
Les Miserables,0.50386,0.01033,-0.10581,-0.00540,0.30800
Les Miserables,0.50403,0.01018,-0.10546,-0.00535,0.30900
Les Miserables,0.50421,0.01047,-0.10615,-0.00574,0.31000
Les Miserables,0.50439,0.01042,-0.10632,-0.00624,0.31000
Les Miserables,0.50457,0.00890,-0.10688,-0.00629,0.31000
Les Miserables,0.50475,0.00923,-0.10651,-0.00620,0.31100
Les Miserables,0.50493,0.00910,-0.10936,-0.00616,0.31000
Les Miserables,0.50511,0.00734,-0.10917,-0.00583,0.30900
Les Miserables,0.50529,0.00594,-0.10799,-0.00548,0.30800
Les Miserables,0.50547,0.00581,-0.10761,-0.00561,0.30600
Les Miserables,0.50565,0.00621,-0.10817,-0.00546,0.30700
Les Miserables,0.50583,0.00642,-0.10845,-0.00564,0.30700
Les Miserables,0.50601,0.00614,-0.10836,-0.00565,0.30600
Les Miserables,0.50619,0.00634,-0.10832,-0.00543,0.30600
Les Miserables,0.50637,0.00685,-0.10942,-0.00539,0.30700
Les Miserables,0.50654,0.00566,-0.10962,-0.00580,0.30700
Les Miserables,0.50672,0.00621,-0.10969,-0.00550,0.30700
Les Miserables,0.50690,0.00622,-0.10940,-0.00556,0.30800
Les Miserables,0.50708,0.00684,-0.10939,-0.00510,0.30700
Les Miserables,0.50726,0.00551,-0.10909,-0.00550,0.30700
Les Miserables,0.50744,0.00473,-0.10907,-0.00560,0.30700
Les Miserables,0.50762,0.00365,-0.10794,-0.00551,0.30800
Les Miserables,0.50780,0.00346,-0.10778,-0.00553,0.30800
Les Miserables,0.50798,0.00260,-0.10772,-0.00517,0.30800
Les Miserables,0.50816,0.00279,-0.10569,-0.00533,0.30900
Les Miserables,0.50834,0.00197,-0.10550,-0.00536,0.31000
Les Miserables,0.50852,0.00189,-0.10408,-0.00531,0.31100
Les Miserables,0.50870,0.00001,-0.10260,-0.00524,0.31200
Les Miserables,0.50888,-0.00057,-0.10177,-0.00505,0.31100
Les Miserables,0.50906,-0.00096,-0.10247,-0.00485,0.31200
Les Miserables,0.50923,-0.00258,-0.10231,-0.00485,0.31300
Les Miserables,0.50941,-0.00469,-0.10221,-0.00462,0.31400
Les Miserables,0.50959,-0.00404,-0.10218,-0.00457,0.31400
Les Miserables,0.50977,-0.00462,-0.10199,-0.00451,0.31600
Les Miserables,0.50995,-0.00523,-0.10209,-0.00449,0.31700
Les Miserables,0.51013,-0.00540,-0.10242,-0.00394,0.31600
Les Miserables,0.51031,-0.00506,-0.10383,-0.00345,0.31800
Les Miserables,0.51049,-0.00551,-0.10367,-0.00373,0.31800
Les Miserables,0.51067,-0.00531,-0.10590,-0.00318,0.31800
Les Miserables,0.51085,-0.00633,-0.10609,-0.00274,0.31600
Les Miserables,0.51103,-0.00612,-0.10690,-0.00272,0.31700
Les Miserables,0.51121,-0.00565,-0.10921,-0.00205,0.31600
Les Miserables,0.51139,-0.00483,-0.11039,-0.00198,0.31500
Les Miserables,0.51157,-0.00304,-0.11066,-0.00164,0.31400
Les Miserables,0.51174,-0.00278,-0.11151,-0.00155,0.31400
Les Miserables,0.51192,-0.00295,-0.11162,-0.00126,0.31500
Les Miserables,0.51210,-0.00237,-0.11114,-0.00154,0.31500
Les Miserables,0.51228,-0.00328,-0.11094,-0.00164,0.31600
Les Miserables,0.51246,-0.00347,-0.11050,-0.00101,0.31700
Les Miserables,0.51264,-0.00351,-0.11042,-0.00142,0.31800
Les Miserables,0.51282,-0.00352,-0.11089,-0.00146,0.31700
Les Miserables,0.51300,-0.00449,-0.11167,-0.00130,0.31800
Les Miserables,0.51318,-0.00410,-0.11231,-0.00104,0.31800
Les Miserables,0.51336,-0.00491,-0.11226,-0.00093,0.31900
Les Miserables,0.51354,-0.00521,-0.11174,-0.00079,0.32000
Les Miserables,0.51372,-0.00486,-0.11195,-0.00075,0.32000
Les Miserables,0.51390,-0.00540,-0.11224,-0.00098,0.32100
Les Miserables,0.51408,-0.00382,-0.11290,-0.00065,0.32200
Les Miserables,0.51425,-0.00406,-0.11261,-0.00031,0.32300
Les Miserables,0.51443,-0.00621,-0.11299,-0.00025,0.32300
Les Miserables,0.51461,-0.00690,-0.11357,-0.00008,0.32300
Les Miserables,0.51479,-0.00670,-0.11372,-0.00019,0.32300
Les Miserables,0.51497,-0.00697,-0.11435,-0.00042,0.32200
Les Miserables,0.51515,-0.00722,-0.11391,-0.00004,0.32400
Les Miserables,0.51533,-0.00676,-0.11292,0.00047,0.32600
Les Miserables,0.51551,-0.00616,-0.11320,0.00038,0.32500
Les Miserables,0.51569,-0.00604,-0.11357,0.00022,0.32400
Les Miserables,0.51587,-0.00572,-0.11319,0.00037,0.32500
Les Miserables,0.51605,-0.00498,-0.11318,0.00090,0.32600
Les Miserables,0.51623,-0.00380,-0.11417,0.00067,0.32700
Les Miserables,0.51641,-0.00474,-0.11495,0.00073,0.32700
Les Miserables,0.51659,-0.00446,-0.11589,0.00039,0.32800
Les Miserables,0.51677,-0.00400,-0.11699,0.00060,0.32900
Les Miserables,0.51694,-0.00331,-0.11684,0.00070,0.32900
Les Miserables,0.51712,-0.00280,-0.11770,0.00060,0.32900
Les Miserables,0.51730,-0.00184,-0.11821,0.00091,0.32900
Les Miserables,0.51748,-0.00206,-0.11746,0.00125,0.32900
Les Miserables,0.51766,-0.00519,-0.11678,0.00198,0.32700
Les Miserables,0.51784,-0.00548,-0.11587,0.00213,0.32700
Les Miserables,0.51802,-0.00589,-0.11566,0.00238,0.32700
Les Miserables,0.51820,-0.00721,-0.11507,0.00234,0.32600
Les Miserables,0.51838,-0.00796,-0.11498,0.00236,0.32600
Les Miserables,0.51856,-0.00984,-0.11457,0.00219,0.32700
Les Miserables,0.51874,-0.01096,-0.11412,0.00196,0.32600
Les Miserables,0.51892,-0.01183,-0.11406,0.00160,0.32500
Les Miserables,0.51910,-0.01223,-0.11283,0.00156,0.32500
Les Miserables,0.51928,-0.01299,-0.11316,0.00166,0.32500
Les Miserables,0.51945,-0.01325,-0.11308,0.00120,0.32500
Les Miserables,0.51963,-0.01289,-0.11302,0.00133,0.32500
Les Miserables,0.51981,-0.01327,-0.11290,0.00092,0.32300
Les Miserables,0.51999,-0.01193,-0.11402,0.00083,0.32300
Les Miserables,0.52017,-0.01144,-0.11467,0.00086,0.32200
Les Miserables,0.52035,-0.01011,-0.11526,0.00073,0.32200
Les Miserables,0.52053,-0.01011,-0.11565,0.00065,0.32100
Les Miserables,0.52071,-0.00955,-0.11403,0.00067,0.32000
Les Miserables,0.52089,-0.00943,-0.11386,0.00059,0.31900
Les Miserables,0.52107,-0.00977,-0.11387,0.00081,0.31900
Les Miserables,0.52125,-0.00850,-0.11470,0.00065,0.32000
Les Miserables,0.52143,-0.00859,-0.11584,0.00054,0.32000
Les Miserables,0.52161,-0.00815,-0.11669,0.00069,0.31900
Les Miserables,0.52179,-0.00696,-0.11570,0.00072,0.32100
Les Miserables,0.52197,-0.00695,-0.11616,0.00046,0.32100
Les Miserables,0.52214,-0.00783,-0.11493,0.00098,0.32100
Les Miserables,0.52232,-0.00793,-0.11416,0.00136,0.32000
Les Miserables,0.52250,-0.00671,-0.11438,0.00164,0.32100
Les Miserables,0.52268,-0.00670,-0.11440,0.00108,0.32200
Les Miserables,0.52286,-0.00712,-0.11410,0.00113,0.32300
Les Miserables,0.52304,-0.00672,-0.11416,0.00106,0.32400
Les Miserables,0.52322,-0.00610,-0.11483,0.00079,0.32500
Les Miserables,0.52340,-0.00601,-0.11456,0.00088,0.32600
Les Miserables,0.52358,-0.00708,-0.11380,0.00060,0.32600
Les Miserables,0.52376,-0.00710,-0.11332,0.00093,0.32700
Les Miserables,0.52394,-0.00771,-0.11296,0.00079,0.32800
Les Miserables,0.52412,-0.00850,-0.11195,0.00010,0.32700
Les Miserables,0.52430,-0.00837,-0.11061,0.00005,0.32500
Les Miserables,0.52448,-0.00735,-0.11037,-0.00005,0.32600
Les Miserables,0.52465,-0.00829,-0.11083,-0.00035,0.32500
Les Miserables,0.52483,-0.00961,-0.11098,-0.00043,0.32600
Les Miserables,0.52501,-0.01052,-0.11108,-0.00047,0.32600
Les Miserables,0.52519,-0.01087,-0.11142,-0.00032,0.32700
Les Miserables,0.52537,-0.01129,-0.11163,-0.00063,0.32800
Les Miserables,0.52555,-0.01056,-0.11223,-0.00070,0.32700
Les Miserables,0.52573,-0.01082,-0.11155,-0.00056,0.32700
Les Miserables,0.52591,-0.01079,-0.11072,-0.00091,0.32700
Les Miserables,0.52609,-0.01046,-0.11116,-0.00091,0.32700
Les Miserables,0.52627,-0.00941,-0.11078,-0.00115,0.32700
Les Miserables,0.52645,-0.00909,-0.11187,-0.00148,0.32700
Les Miserables,0.52663,-0.00710,-0.11268,-0.00186,0.32600
Les Miserables,0.52681,-0.00667,-0.11320,-0.00208,0.32500
Les Miserables,0.52699,-0.00627,-0.11258,-0.00184,0.32500
Les Miserables,0.52717,-0.00385,-0.11228,-0.00187,0.32300
Les Miserables,0.52734,-0.00158,-0.11270,-0.00247,0.32300
Les Miserables,0.52752,-0.00288,-0.11257,-0.00253,0.32300
Les Miserables,0.52770,-0.00243,-0.11298,-0.00302,0.32300
Les Miserables,0.52788,-0.00158,-0.11296,-0.00333,0.32200
Les Miserables,0.52806,-0.00172,-0.11271,-0.00364,0.32100
Les Miserables,0.52824,-0.00163,-0.11243,-0.00385,0.32100
Les Miserables,0.52842,-0.00115,-0.11284,-0.00355,0.32000
Les Miserables,0.52860,-0.00187,-0.11166,-0.00389,0.31900
Les Miserables,0.52878,-0.00269,-0.11171,-0.00401,0.31900
Les Miserables,0.52896,-0.00365,-0.11240,-0.00442,0.31800
Les Miserables,0.52914,-0.00417,-0.11201,-0.00465,0.31800
Les Miserables,0.52932,-0.00514,-0.11119,-0.00440,0.31800
Les Miserables,0.52950,-0.00625,-0.11103,-0.00465,0.31900
Les Miserables,0.52968,-0.00637,-0.11046,-0.00425,0.31900
Les Miserables,0.52985,-0.00621,-0.11063,-0.00448,0.31800
Les Miserables,0.53003,-0.00774,-0.11072,-0.00475,0.31700
Les Miserables,0.53021,-0.00692,-0.11128,-0.00505,0.31700
Les Miserables,0.53039,-0.00679,-0.11152,-0.00532,0.31600
Les Miserables,0.53057,-0.00727,-0.11217,-0.00518,0.31500
Les Miserables,0.53075,-0.00725,-0.11261,-0.00542,0.31600
Les Miserables,0.53093,-0.00677,-0.11248,-0.00554,0.31400
Les Miserables,0.53111,-0.00727,-0.11259,-0.00572,0.31300
Les Miserables,0.53129,-0.00759,-0.11279,-0.00564,0.31300
Les Miserables,0.53147,-0.00826,-0.11396,-0.00547,0.31400
Les Miserables,0.53165,-0.00865,-0.11379,-0.00564,0.31400
Les Miserables,0.53183,-0.00860,-0.11362,-0.00534,0.31300
Les Miserables,0.53201,-0.01023,-0.11266,-0.00571,0.31300
Les Miserables,0.53219,-0.00988,-0.11338,-0.00581,0.31400
Les Miserables,0.53237,-0.00913,-0.11244,-0.00610,0.31300
Les Miserables,0.53254,-0.00895,-0.11193,-0.00589,0.31300
Les Miserables,0.53272,-0.00865,-0.11194,-0.00560,0.31200
Les Miserables,0.53290,-0.00863,-0.11211,-0.00568,0.31300
Les Miserables,0.53308,-0.00817,-0.11290,-0.00642,0.31300
Les Miserables,0.53326,-0.00958,-0.11323,-0.00722,0.31300
Les Miserables,0.53344,-0.01100,-0.11281,-0.00776,0.31300
Les Miserables,0.53362,-0.01148,-0.11272,-0.00804,0.31300
Les Miserables,0.53380,-0.01255,-0.11267,-0.00824,0.31200
Les Miserables,0.53398,-0.01352,-0.11167,-0.00877,0.31100
Les Miserables,0.53416,-0.01540,-0.10948,-0.00871,0.31100
Les Miserables,0.53434,-0.01457,-0.10913,-0.00873,0.30900
Les Miserables,0.53452,-0.01363,-0.10913,-0.00843,0.31000
Les Miserables,0.53470,-0.01352,-0.10889,-0.00846,0.30900
Les Miserables,0.53488,-0.01410,-0.10798,-0.00840,0.30900
Les Miserables,0.53505,-0.01387,-0.10627,-0.00840,0.31000
Les Miserables,0.53523,-0.01476,-0.10540,-0.00851,0.31000
Les Miserables,0.53541,-0.01419,-0.10557,-0.00864,0.31000
Les Miserables,0.53559,-0.01215,-0.10616,-0.00910,0.31000
Les Miserables,0.53577,-0.01105,-0.10726,-0.00925,0.31100
Les Miserables,0.53595,-0.01269,-0.10770,-0.00910,0.31100
Les Miserables,0.53613,-0.01239,-0.10831,-0.00904,0.31100
Les Miserables,0.53631,-0.01132,-0.10928,-0.00928,0.31000
Les Miserables,0.53649,-0.01043,-0.10994,-0.00959,0.31000
Les Miserables,0.53667,-0.00929,-0.11029,-0.00942,0.31000
Les Miserables,0.53685,-0.00986,-0.11101,-0.00912,0.31000
Les Miserables,0.53703,-0.01087,-0.11190,-0.00898,0.31100
Les Miserables,0.53721,-0.00998,-0.11233,-0.00911,0.31100
Les Miserables,0.53739,-0.01010,-0.11235,-0.00896,0.31200
Les Miserables,0.53756,-0.01029,-0.11238,-0.00891,0.31300
Les Miserables,0.53774,-0.00983,-0.11264,-0.00867,0.31400
Les Miserables,0.53792,-0.01077,-0.11156,-0.00892,0.31400
Les Miserables,0.53810,-0.01154,-0.11073,-0.00932,0.31400
Les Miserables,0.53828,-0.01186,-0.11060,-0.00963,0.31400
Les Miserables,0.53846,-0.01163,-0.10986,-0.00950,0.31400
Les Miserables,0.53864,-0.01252,-0.11051,-0.00964,0.31500
Les Miserables,0.53882,-0.01215,-0.11006,-0.00960,0.31500
Les Miserables,0.53900,-0.01178,-0.11016,-0.01014,0.31500
Les Miserables,0.53918,-0.01290,-0.10947,-0.01017,0.31500
Les Miserables,0.53936,-0.01317,-0.10876,-0.01014,0.31500
Les Miserables,0.53954,-0.01198,-0.10894,-0.01065,0.31500
Les Miserables,0.53972,-0.01214,-0.10907,-0.01129,0.31400
Les Miserables,0.53990,-0.01130,-0.10843,-0.01125,0.31200
Les Miserables,0.54008,-0.01075,-0.10768,-0.01170,0.31300
Les Miserables,0.54025,-0.01144,-0.10654,-0.01156,0.31300
Les Miserables,0.54043,-0.01243,-0.10578,-0.01226,0.31200
Les Miserables,0.54061,-0.01200,-0.10516,-0.01214,0.31100
Les Miserables,0.54079,-0.01254,-0.10409,-0.01266,0.31100
Les Miserables,0.54097,-0.01263,-0.10419,-0.01279,0.31000
Les Miserables,0.54115,-0.01305,-0.10351,-0.01254,0.31000
Les Miserables,0.54133,-0.01364,-0.10292,-0.01265,0.30900
Les Miserables,0.54151,-0.01228,-0.10296,-0.01247,0.30800
Les Miserables,0.54169,-0.01219,-0.10253,-0.01261,0.30700
Les Miserables,0.54187,-0.01228,-0.10119,-0.01267,0.30700
Les Miserables,0.54205,-0.01152,-0.10094,-0.01221,0.30700
Les Miserables,0.54223,-0.01163,-0.10083,-0.01179,0.30800
Les Miserables,0.54241,-0.01137,-0.10104,-0.01156,0.30800
Les Miserables,0.54259,-0.01082,-0.10106,-0.01138,0.30800
Les Miserables,0.54276,-0.00958,-0.10116,-0.01166,0.30700
Les Miserables,0.54294,-0.00834,-0.10073,-0.01170,0.30700
Les Miserables,0.54312,-0.00640,-0.10099,-0.01153,0.30600
Les Miserables,0.54330,-0.00506,-0.10024,-0.01124,0.30600
Les Miserables,0.54348,-0.00453,-0.09906,-0.01136,0.30600
Les Miserables,0.54366,-0.00383,-0.09906,-0.01130,0.30600
Les Miserables,0.54384,-0.00276,-0.09851,-0.01124,0.30500
Les Miserables,0.54402,-0.00334,-0.09918,-0.01117,0.30500
Les Miserables,0.54420,-0.00295,-0.09881,-0.01118,0.30400
Les Miserables,0.54438,-0.00299,-0.09890,-0.01078,0.30400
Les Miserables,0.54456,-0.00342,-0.09870,-0.01039,0.30400
Les Miserables,0.54474,-0.00245,-0.09726,-0.01038,0.30400
Les Miserables,0.54492,-0.00253,-0.09535,-0.01079,0.30500
Les Miserables,0.54510,-0.00469,-0.09602,-0.01099,0.30500
Les Miserables,0.54528,-0.00584,-0.09508,-0.01030,0.30400
Les Miserables,0.54545,-0.00541,-0.09508,-0.01032,0.30400
Les Miserables,0.54563,-0.00572,-0.09415,-0.00970,0.30400
Les Miserables,0.54581,-0.00635,-0.09418,-0.00938,0.30400
Les Miserables,0.54599,-0.00455,-0.09366,-0.00923,0.30400
Les Miserables,0.54617,-0.00465,-0.09325,-0.00960,0.30500
Les Miserables,0.54635,-0.00500,-0.09301,-0.00951,0.30500
Les Miserables,0.54653,-0.00388,-0.09312,-0.00943,0.30600
Les Miserables,0.54671,-0.00190,-0.09301,-0.00985,0.30600
Les Miserables,0.54689,-0.00107,-0.09178,-0.00966,0.30700
Les Miserables,0.54707,-0.00164,-0.09047,-0.00991,0.30600
Les Miserables,0.54725,-0.00061,-0.08938,-0.00983,0.30700
Les Miserables,0.54743,-0.00037,-0.08893,-0.00985,0.30700
Les Miserables,0.54761,0.00011,-0.08901,-0.01009,0.30800
Les Miserables,0.54779,0.00069,-0.08949,-0.01018,0.30800
Les Miserables,0.54796,0.00093,-0.08965,-0.01012,0.30800
Les Miserables,0.54814,0.00000,-0.08863,-0.01033,0.30800
Les Miserables,0.54832,0.00085,-0.08886,-0.01049,0.30800
Les Miserables,0.54850,0.00114,-0.08848,-0.01043,0.30900
Les Miserables,0.54868,0.00128,-0.08821,-0.01076,0.30900
Les Miserables,0.54886,0.00142,-0.08855,-0.01070,0.31000
Les Miserables,0.54904,0.00150,-0.08830,-0.01084,0.31000
Les Miserables,0.54922,0.00207,-0.08870,-0.01064,0.31000
Les Miserables,0.54940,0.00275,-0.08848,-0.01084,0.31000
Les Miserables,0.54958,0.00192,-0.08761,-0.01038,0.31000
Les Miserables,0.54976,0.00159,-0.08716,-0.01037,0.31000
Les Miserables,0.54994,0.00104,-0.08698,-0.01039,0.31000
Les Miserables,0.55012,0.00147,-0.08596,-0.01074,0.31000
Les Miserables,0.55030,0.00134,-0.08596,-0.01057,0.31000
Les Miserables,0.55048,0.00188,-0.08644,-0.01047,0.31000
Les Miserables,0.55065,0.00187,-0.08635,-0.01106,0.31200
Les Miserables,0.55083,0.00074,-0.08616,-0.01091,0.31100
Les Miserables,0.55101,0.00108,-0.08516,-0.01084,0.31100
Les Miserables,0.55119,0.00271,-0.08537,-0.01077,0.31100
Les Miserables,0.55137,0.00332,-0.08496,-0.01063,0.31100
Les Miserables,0.55155,0.00396,-0.08455,-0.01025,0.31100
Les Miserables,0.55173,0.00494,-0.08505,-0.01024,0.31000
Les Miserables,0.55191,0.00462,-0.08487,-0.01008,0.31200
Les Miserables,0.55209,0.00634,-0.08532,-0.01008,0.31100
Les Miserables,0.55227,0.00618,-0.08473,-0.01009,0.31200
Les Miserables,0.55245,0.00555,-0.08386,-0.01042,0.31100
Les Miserables,0.55263,0.00466,-0.08271,-0.01047,0.31200
Les Miserables,0.55281,0.00617,-0.08363,-0.01015,0.31200
Les Miserables,0.55299,0.00442,-0.08345,-0.01033,0.31200
Les Miserables,0.55316,0.00523,-0.08286,-0.01021,0.31200
Les Miserables,0.55334,0.00409,-0.08300,-0.01032,0.31200
Les Miserables,0.55352,0.00281,-0.08196,-0.00981,0.31300
Les Miserables,0.55370,0.00189,-0.08110,-0.01002,0.31200
Les Miserables,0.55388,0.00227,-0.08001,-0.01035,0.31200
Les Miserables,0.55406,0.00209,-0.07943,-0.01015,0.31200
Les Miserables,0.55424,0.00046,-0.07906,-0.01057,0.31200
Les Miserables,0.55442,-0.00018,-0.07834,-0.01031,0.31200
Les Miserables,0.55460,-0.00161,-0.07738,-0.01002,0.31400
Les Miserables,0.55478,-0.00104,-0.07721,-0.01041,0.31300
Les Miserables,0.55496,0.00038,-0.07688,-0.01060,0.31200
Les Miserables,0.55514,-0.00022,-0.07604,-0.01033,0.31200
Les Miserables,0.55532,-0.00106,-0.07547,-0.01063,0.31100
Les Miserables,0.55550,0.00021,-0.07397,-0.01052,0.31000
Les Miserables,0.55568,0.00010,-0.07296,-0.01062,0.31000
Les Miserables,0.55585,0.00082,-0.07283,-0.01045,0.30900
Les Miserables,0.55603,0.00177,-0.07324,-0.01036,0.30800
Les Miserables,0.55621,0.00094,-0.07304,-0.01049,0.30700
Les Miserables,0.55639,0.00008,-0.07310,-0.01040,0.30700
Les Miserables,0.55657,-0.00028,-0.07369,-0.01010,0.30700
Les Miserables,0.55675,-0.00059,-0.07431,-0.00983,0.30700
Les Miserables,0.55693,-0.00087,-0.07400,-0.00959,0.30700
Les Miserables,0.55711,-0.00097,-0.07503,-0.00925,0.30700
Les Miserables,0.55729,-0.00013,-0.07487,-0.00895,0.30800
Les Miserables,0.55747,-0.00091,-0.07429,-0.00850,0.30800
Les Miserables,0.55765,-0.00167,-0.07474,-0.00836,0.30800
Les Miserables,0.55783,-0.00227,-0.07504,-0.00830,0.30900
Les Miserables,0.55801,-0.00251,-0.07621,-0.00820,0.30800
Les Miserables,0.55819,-0.00062,-0.07772,-0.00852,0.31000
Les Miserables,0.55836,0.00081,-0.07865,-0.00844,0.31100
Les Miserables,0.55854,0.00186,-0.08038,-0.00817,0.31200
Les Miserables,0.55872,0.00291,-0.08142,-0.00779,0.31300
Les Miserables,0.55890,0.00356,-0.08101,-0.00850,0.31200
Les Miserables,0.55908,0.00500,-0.08111,-0.00899,0.31200
Les Miserables,0.55926,0.00548,-0.08177,-0.00940,0.31300
Les Miserables,0.55944,0.00567,-0.08172,-0.00942,0.31200
Les Miserables,0.55962,0.00646,-0.08203,-0.01018,0.31300
Les Miserables,0.55980,0.00771,-0.08289,-0.01064,0.31200
Les Miserables,0.55998,0.00855,-0.08393,-0.01132,0.31200
Les Miserables,0.56016,0.00995,-0.08460,-0.01172,0.31300
Les Miserables,0.56034,0.01164,-0.08617,-0.01232,0.31300
Les Miserables,0.56052,0.01242,-0.08552,-0.01269,0.31300
Les Miserables,0.56070,0.01285,-0.08566,-0.01262,0.31400
Les Miserables,0.56088,0.01304,-0.08552,-0.01292,0.31400
Les Miserables,0.56105,0.01281,-0.08525,-0.01299,0.31500
Les Miserables,0.56123,0.01311,-0.08484,-0.01276,0.31500
Les Miserables,0.56141,0.01376,-0.08582,-0.01243,0.31500
Les Miserables,0.56159,0.01449,-0.08638,-0.01272,0.31500
Les Miserables,0.56177,0.01408,-0.08687,-0.01287,0.31600
Les Miserables,0.56195,0.01481,-0.08682,-0.01330,0.31600
Les Miserables,0.56213,0.01538,-0.08781,-0.01351,0.31700
Les Miserables,0.56231,0.01690,-0.08788,-0.01380,0.31700
Les Miserables,0.56249,0.01896,-0.08812,-0.01436,0.31800
Les Miserables,0.56267,0.01987,-0.08974,-0.01415,0.31800
Les Miserables,0.56285,0.02022,-0.09251,-0.01428,0.31800
Les Miserables,0.56303,0.02159,-0.09222,-0.01376,0.31800
Les Miserables,0.56321,0.02281,-0.09269,-0.01378,0.31900
Les Miserables,0.56339,0.02277,-0.09277,-0.01378,0.31900
Les Miserables,0.56356,0.02254,-0.09264,-0.01414,0.32000
Les Miserables,0.56374,0.02362,-0.09211,-0.01480,0.32000
Les Miserables,0.56392,0.02376,-0.09228,-0.01525,0.32000
Les Miserables,0.56410,0.02363,-0.09020,-0.01517,0.32100
Les Miserables,0.56428,0.02537,-0.09138,-0.01552,0.32100
Les Miserables,0.56446,0.02559,-0.09242,-0.01564,0.32100
Les Miserables,0.56464,0.02533,-0.09289,-0.01543,0.32100
Les Miserables,0.56482,0.02658,-0.09308,-0.01518,0.32200
Les Miserables,0.56500,0.02791,-0.09347,-0.01507,0.32200
Les Miserables,0.56518,0.02965,-0.09392,-0.01535,0.32200
Les Miserables,0.56536,0.02998,-0.09408,-0.01568,0.32300
Les Miserables,0.56554,0.03132,-0.09388,-0.01643,0.32300
Les Miserables,0.56572,0.03208,-0.09362,-0.01649,0.32200
Les Miserables,0.56590,0.03324,-0.09376,-0.01656,0.32200
Les Miserables,0.56607,0.03373,-0.09370,-0.01656,0.32100
Les Miserables,0.56625,0.03427,-0.09336,-0.01681,0.32100
Les Miserables,0.56643,0.03550,-0.09281,-0.01736,0.32100
Les Miserables,0.56661,0.03617,-0.09306,-0.01693,0.32000
Les Miserables,0.56679,0.03776,-0.09276,-0.01732,0.32000
Les Miserables,0.56697,0.03956,-0.09297,-0.01729,0.32100
Les Miserables,0.56715,0.04008,-0.09224,-0.01765,0.32000
Les Miserables,0.56733,0.04046,-0.09063,-0.01778,0.31900
Les Miserables,0.56751,0.04257,-0.09169,-0.01805,0.32000
Les Miserables,0.56769,0.04455,-0.09294,-0.01826,0.32000
Les Miserables,0.56787,0.04624,-0.09361,-0.01900,0.32000
Les Miserables,0.56805,0.04662,-0.09515,-0.01912,0.32100
Les Miserables,0.56823,0.04756,-0.09534,-0.01919,0.32100
Les Miserables,0.56841,0.04717,-0.09420,-0.01954,0.32000
Les Miserables,0.56859,0.04680,-0.09264,-0.01974,0.31900
Les Miserables,0.56876,0.04854,-0.09280,-0.02008,0.31800
Les Miserables,0.56894,0.04767,-0.09355,-0.02018,0.31900
Les Miserables,0.56912,0.04961,-0.09321,-0.02049,0.31900
Les Miserables,0.56930,0.05216,-0.09430,-0.02076,0.31900
Les Miserables,0.56948,0.05273,-0.09433,-0.02139,0.31900
Les Miserables,0.56966,0.05178,-0.09310,-0.02146,0.32000
Les Miserables,0.56984,0.05292,-0.09354,-0.02154,0.32000
Les Miserables,0.57002,0.05237,-0.09452,-0.02165,0.32000
Les Miserables,0.57020,0.05255,-0.09347,-0.02174,0.32100
Les Miserables,0.57038,0.05330,-0.09250,-0.02190,0.32000
Les Miserables,0.57056,0.05510,-0.09230,-0.02172,0.32100
Les Miserables,0.57074,0.05559,-0.09154,-0.02223,0.32000
Les Miserables,0.57092,0.05708,-0.09157,-0.02234,0.31900
Les Miserables,0.57110,0.05813,-0.09234,-0.02313,0.31900
Les Miserables,0.57127,0.05930,-0.09256,-0.02333,0.32000
Les Miserables,0.57145,0.05957,-0.09322,-0.02361,0.32100
Les Miserables,0.57163,0.06254,-0.09422,-0.02384,0.32200
Les Miserables,0.57181,0.06384,-0.09406,-0.02408,0.32300
Les Miserables,0.57199,0.06417,-0.09399,-0.02494,0.32500
Les Miserables,0.57217,0.06661,-0.09384,-0.02473,0.32500
Les Miserables,0.57235,0.06760,-0.09402,-0.02506,0.32600
Les Miserables,0.57253,0.07002,-0.09509,-0.02568,0.32500
Les Miserables,0.57271,0.07121,-0.09531,-0.02575,0.32700
Les Miserables,0.57289,0.07033,-0.09472,-0.02553,0.32800
Les Miserables,0.57307,0.07077,-0.09452,-0.02587,0.32900
Les Miserables,0.57325,0.07259,-0.09410,-0.02579,0.32800
Les Miserables,0.57343,0.07158,-0.09427,-0.02580,0.32900
Les Miserables,0.57361,0.07170,-0.09326,-0.02590,0.32900
Les Miserables,0.57379,0.07172,-0.09304,-0.02619,0.33000
Les Miserables,0.57396,0.07190,-0.09262,-0.02633,0.33000
Les Miserables,0.57414,0.07181,-0.09292,-0.02626,0.33100
Les Miserables,0.57432,0.07209,-0.09308,-0.02647,0.33200
Les Miserables,0.57450,0.07232,-0.09268,-0.02675,0.33100
Les Miserables,0.57468,0.07327,-0.09228,-0.02685,0.33200
Les Miserables,0.57486,0.07367,-0.09257,-0.02707,0.33100
Les Miserables,0.57504,0.07442,-0.09227,-0.02763,0.33100
Les Miserables,0.57522,0.07439,-0.09238,-0.02803,0.33000
Les Miserables,0.57540,0.07401,-0.09206,-0.02839,0.33000
Les Miserables,0.57558,0.07445,-0.09187,-0.02847,0.33100
Les Miserables,0.57576,0.07486,-0.09125,-0.02882,0.33000
Les Miserables,0.57594,0.07467,-0.09093,-0.02892,0.33000
Les Miserables,0.57612,0.07464,-0.09069,-0.02925,0.32900
Les Miserables,0.57630,0.07282,-0.09015,-0.02924,0.32900
Les Miserables,0.57647,0.07264,-0.08900,-0.02959,0.32800
Les Miserables,0.57665,0.07279,-0.08911,-0.02967,0.32600
Les Miserables,0.57683,0.07226,-0.08845,-0.02949,0.32600
Les Miserables,0.57701,0.07169,-0.08917,-0.02963,0.32600
Les Miserables,0.57719,0.07054,-0.08877,-0.02956,0.32500
Les Miserables,0.57737,0.06995,-0.08905,-0.02966,0.32500
Les Miserables,0.57755,0.06807,-0.08913,-0.02925,0.32600
Les Miserables,0.57773,0.06732,-0.08946,-0.02896,0.32600
Les Miserables,0.57791,0.06538,-0.08901,-0.02867,0.32600
Les Miserables,0.57809,0.06357,-0.08896,-0.02883,0.32600
Les Miserables,0.57827,0.06223,-0.08730,-0.02848,0.32600
Les Miserables,0.57845,0.06239,-0.08757,-0.02848,0.32600
Les Miserables,0.57863,0.06313,-0.08737,-0.02847,0.32500
Les Miserables,0.57881,0.06328,-0.08782,-0.02858,0.32600
Les Miserables,0.57899,0.06357,-0.08742,-0.02892,0.32400
Les Miserables,0.57916,0.06319,-0.08854,-0.02912,0.32300
Les Miserables,0.57934,0.06243,-0.08917,-0.02986,0.32300
Les Miserables,0.57952,0.06134,-0.08830,-0.02948,0.32300
Les Miserables,0.57970,0.06136,-0.08752,-0.02923,0.32300
Les Miserables,0.57988,0.06200,-0.08725,-0.02874,0.32300
Les Miserables,0.58006,0.06237,-0.08677,-0.02809,0.32300
Les Miserables,0.58024,0.06171,-0.08533,-0.02746,0.32300
Les Miserables,0.58042,0.06144,-0.08419,-0.02671,0.32300
Les Miserables,0.58060,0.06005,-0.08357,-0.02657,0.32400
Les Miserables,0.58078,0.06000,-0.08209,-0.02632,0.32400
Les Miserables,0.58096,0.05995,-0.08266,-0.02652,0.32400
Les Miserables,0.58114,0.05876,-0.08285,-0.02658,0.32400
Les Miserables,0.58132,0.05991,-0.08305,-0.02638,0.32400
Les Miserables,0.58150,0.06134,-0.08410,-0.02603,0.32300
Les Miserables,0.58167,0.06135,-0.08519,-0.02521,0.32200
Les Miserables,0.58185,0.05910,-0.08445,-0.02477,0.32100
Les Miserables,0.58203,0.06033,-0.08688,-0.02492,0.32000
Les Miserables,0.58221,0.05947,-0.08636,-0.02481,0.31900
Les Miserables,0.58239,0.05785,-0.08600,-0.02473,0.31900
Les Miserables,0.58257,0.05688,-0.08547,-0.02483,0.31700
Les Miserables,0.58275,0.05692,-0.08595,-0.02466,0.31700
Les Miserables,0.58293,0.05649,-0.08639,-0.02424,0.31700
Les Miserables,0.58311,0.05357,-0.08634,-0.02426,0.31700
Les Miserables,0.58329,0.05258,-0.08632,-0.02355,0.31700
Les Miserables,0.58347,0.05045,-0.08639,-0.02318,0.31600
Les Miserables,0.58365,0.04828,-0.08609,-0.02332,0.31500
Les Miserables,0.58383,0.04775,-0.08541,-0.02320,0.31500
Les Miserables,0.58401,0.04822,-0.08475,-0.02322,0.31600
Les Miserables,0.58419,0.04760,-0.08477,-0.02318,0.31500
Les Miserables,0.58436,0.04708,-0.08489,-0.02276,0.31400
Les Miserables,0.58454,0.04673,-0.08448,-0.02266,0.31400
Les Miserables,0.58472,0.04623,-0.08415,-0.02192,0.31400
Les Miserables,0.58490,0.04514,-0.08390,-0.02188,0.31300
Les Miserables,0.58508,0.04486,-0.08420,-0.02173,0.31400
Les Miserables,0.58526,0.04433,-0.08608,-0.02121,0.31400
Les Miserables,0.58544,0.04362,-0.08594,-0.02126,0.31400
Les Miserables,0.58562,0.04153,-0.08471,-0.02104,0.31400
Les Miserables,0.58580,0.04028,-0.08457,-0.02021,0.31400
Les Miserables,0.58598,0.03977,-0.08380,-0.01973,0.31300
Les Miserables,0.58616,0.03958,-0.08398,-0.01965,0.31300
Les Miserables,0.58634,0.04023,-0.08515,-0.01976,0.31300
Les Miserables,0.58652,0.04086,-0.08647,-0.01942,0.31300
Les Miserables,0.58670,0.03877,-0.08597,-0.01911,0.31300
Les Miserables,0.58687,0.03871,-0.08623,-0.01884,0.31300
Les Miserables,0.58705,0.03573,-0.08662,-0.01858,0.31200
Les Miserables,0.58723,0.03397,-0.08612,-0.01823,0.31200
Les Miserables,0.58741,0.03364,-0.08545,-0.01775,0.31100
Les Miserables,0.58759,0.03402,-0.08640,-0.01765,0.31000
Les Miserables,0.58777,0.03391,-0.08645,-0.01765,0.30800
Les Miserables,0.58795,0.03442,-0.08532,-0.01747,0.30800
Les Miserables,0.58813,0.03441,-0.08653,-0.01730,0.30800
Les Miserables,0.58831,0.03359,-0.08781,-0.01724,0.30900
Les Miserables,0.58849,0.03240,-0.08859,-0.01787,0.30800
Les Miserables,0.58867,0.03195,-0.08914,-0.01797,0.30900
Les Miserables,0.58885,0.03016,-0.08965,-0.01781,0.30900
Les Miserables,0.58903,0.02839,-0.08983,-0.01743,0.30800
Les Miserables,0.58921,0.02764,-0.08952,-0.01749,0.30600
Les Miserables,0.58938,0.02648,-0.09040,-0.01750,0.30500
Les Miserables,0.58956,0.02360,-0.08995,-0.01729,0.30200
Les Miserables,0.58974,0.02267,-0.09087,-0.01724,0.30000
Les Miserables,0.58992,0.02162,-0.09147,-0.01676,0.29900
Les Miserables,0.59010,0.02066,-0.09172,-0.01684,0.29800
Les Miserables,0.59028,0.01926,-0.09218,-0.01659,0.29600
Les Miserables,0.59046,0.01722,-0.09193,-0.01630,0.29500
Les Miserables,0.59064,0.01605,-0.09141,-0.01580,0.29400
Les Miserables,0.59082,0.01581,-0.09252,-0.01549,0.29300
Les Miserables,0.59100,0.01573,-0.09366,-0.01505,0.29300
Les Miserables,0.59118,0.01593,-0.09562,-0.01512,0.29500
Les Miserables,0.59136,0.01513,-0.09691,-0.01533,0.29400
Les Miserables,0.59154,0.01551,-0.09953,-0.01527,0.29400
Les Miserables,0.59172,0.01555,-0.10020,-0.01502,0.29400
Les Miserables,0.59190,0.01457,-0.10060,-0.01461,0.29400
Les Miserables,0.59207,0.01402,-0.10108,-0.01435,0.29400
Les Miserables,0.59225,0.01455,-0.10064,-0.01418,0.29300
Les Miserables,0.59243,0.01416,-0.10020,-0.01384,0.29300
Les Miserables,0.59261,0.01280,-0.10038,-0.01375,0.29300
Les Miserables,0.59279,0.01278,-0.10082,-0.01398,0.29300
Les Miserables,0.59297,0.01195,-0.10092,-0.01336,0.29200
Les Miserables,0.59315,0.01127,-0.10193,-0.01300,0.29300
Les Miserables,0.59333,0.01141,-0.10242,-0.01283,0.29300
Les Miserables,0.59351,0.01096,-0.10382,-0.01258,0.29200
Les Miserables,0.59369,0.01004,-0.10460,-0.01227,0.29200
Les Miserables,0.59387,0.01046,-0.10447,-0.01158,0.29200
Les Miserables,0.59405,0.00953,-0.10495,-0.01112,0.29200
Les Miserables,0.59423,0.00993,-0.10396,-0.01090,0.29200
Les Miserables,0.59441,0.00957,-0.10468,-0.01068,0.29100
Les Miserables,0.59458,0.00925,-0.10462,-0.01109,0.29300
Les Miserables,0.59476,0.00928,-0.10586,-0.01059,0.29300
Les Miserables,0.59494,0.00909,-0.10515,-0.01002,0.29400
Les Miserables,0.59512,0.01034,-0.10529,-0.00989,0.29400
Les Miserables,0.59530,0.01077,-0.10551,-0.01008,0.29500
Les Miserables,0.59548,0.01336,-0.10629,-0.01036,0.29400
Les Miserables,0.59566,0.01471,-0.10646,-0.01022,0.29400
Les Miserables,0.59584,0.01606,-0.10724,-0.00977,0.29400
Les Miserables,0.59602,0.01658,-0.10714,-0.01013,0.29400
Les Miserables,0.59620,0.01503,-0.10822,-0.01066,0.29400
Les Miserables,0.59638,0.01333,-0.10869,-0.01039,0.29500
Les Miserables,0.59656,0.01205,-0.10853,-0.01055,0.29500
Les Miserables,0.59674,0.01128,-0.10866,-0.00996,0.29500
Les Miserables,0.59692,0.01051,-0.10870,-0.01002,0.29600
Les Miserables,0.59710,0.00979,-0.10877,-0.01037,0.29700
Les Miserables,0.59727,0.00892,-0.10922,-0.01004,0.29700
Les Miserables,0.59745,0.00840,-0.10997,-0.00974,0.29700
Les Miserables,0.59763,0.00820,-0.11211,-0.00962,0.29600
Les Miserables,0.59781,0.00741,-0.11318,-0.00950,0.29600
Les Miserables,0.59799,0.00731,-0.11312,-0.00949,0.29500
Les Miserables,0.59817,0.00702,-0.11420,-0.01014,0.29600
Les Miserables,0.59835,0.00539,-0.11456,-0.01055,0.29500
Les Miserables,0.59853,0.00595,-0.11558,-0.01047,0.29400
Les Miserables,0.59871,0.00453,-0.11618,-0.01071,0.29300
Les Miserables,0.59889,0.00421,-0.11593,-0.01080,0.29200
Les Miserables,0.59907,0.00311,-0.11584,-0.01099,0.29100
Les Miserables,0.59925,0.00262,-0.11576,-0.01097,0.29100
Les Miserables,0.59943,0.00219,-0.11637,-0.01075,0.29100
Les Miserables,0.59961,-0.00012,-0.11671,-0.01117,0.29300
Les Miserables,0.59978,0.00096,-0.11796,-0.01137,0.29300
Les Miserables,0.59996,-0.00116,-0.11766,-0.01103,0.29300
Les Miserables,0.60014,-0.00203,-0.11760,-0.01103,0.29300
Les Miserables,0.60032,-0.00020,-0.11811,-0.01169,0.29300
Les Miserables,0.60050,0.00037,-0.11807,-0.01162,0.29500
Les Miserables,0.60068,-0.00156,-0.11912,-0.01202,0.29400
Les Miserables,0.60086,-0.00297,-0.11942,-0.01215,0.29400
Les Miserables,0.60104,-0.00232,-0.12039,-0.01231,0.29400
Les Miserables,0.60122,-0.00144,-0.12073,-0.01265,0.29400
Les Miserables,0.60140,-0.00118,-0.12140,-0.01228,0.29500
Les Miserables,0.60158,0.00040,-0.12069,-0.01159,0.29600
Les Miserables,0.60176,0.00034,-0.12208,-0.01101,0.29800
Les Miserables,0.60194,-0.00041,-0.12320,-0.01073,0.29800
Les Miserables,0.60212,-0.00107,-0.12403,-0.01062,0.29900
Les Miserables,0.60230,-0.00268,-0.12356,-0.01067,0.29900
Les Miserables,0.60247,-0.00212,-0.12338,-0.01070,0.30100
Les Miserables,0.60265,-0.00232,-0.12364,-0.01108,0.30100
Les Miserables,0.60283,-0.00149,-0.12386,-0.01097,0.30200
Les Miserables,0.60301,-0.00172,-0.12406,-0.01052,0.30200
Les Miserables,0.60319,-0.00106,-0.12326,-0.01107,0.30300
Les Miserables,0.60337,-0.00124,-0.12279,-0.01122,0.30200
Les Miserables,0.60355,-0.00074,-0.12349,-0.01122,0.30200
Les Miserables,0.60373,0.00058,-0.12393,-0.01123,0.30100
Les Miserables,0.60391,0.00015,-0.12406,-0.01141,0.30200
Les Miserables,0.60409,0.00044,-0.12443,-0.01123,0.30300
Les Miserables,0.60427,0.00138,-0.12525,-0.01090,0.30300
Les Miserables,0.60445,0.00166,-0.12481,-0.01092,0.30300
Les Miserables,0.60463,0.00381,-0.12515,-0.01109,0.30400
Les Miserables,0.60481,0.00406,-0.12557,-0.01061,0.30300
Les Miserables,0.60498,0.00629,-0.12659,-0.01030,0.30400
Les Miserables,0.60516,0.00653,-0.12724,-0.01018,0.30300
Les Miserables,0.60534,0.00680,-0.12858,-0.00970,0.30300
Les Miserables,0.60552,0.00709,-0.12864,-0.00940,0.30500
Les Miserables,0.60570,0.00639,-0.12982,-0.00886,0.30600
Les Miserables,0.60588,0.00589,-0.13127,-0.00875,0.30600
Les Miserables,0.60606,0.00556,-0.13167,-0.00854,0.30500
Les Miserables,0.60624,0.00605,-0.13196,-0.00813,0.30500
Les Miserables,0.60642,0.00578,-0.13147,-0.00773,0.30400
Les Miserables,0.60660,0.00639,-0.13189,-0.00728,0.30400
Les Miserables,0.60678,0.00865,-0.13306,-0.00713,0.30400
Les Miserables,0.60696,0.00871,-0.13370,-0.00687,0.30400
Les Miserables,0.60714,0.00876,-0.13423,-0.00632,0.30400
Les Miserables,0.60732,0.00941,-0.13430,-0.00609,0.30500
Les Miserables,0.60750,0.00895,-0.13448,-0.00564,0.30500
Les Miserables,0.60767,0.00998,-0.13484,-0.00503,0.30600
Les Miserables,0.60785,0.01147,-0.13471,-0.00460,0.30700
Les Miserables,0.60803,0.01178,-0.13453,-0.00406,0.30800
Les Miserables,0.60821,0.01287,-0.13377,-0.00457,0.30900
Les Miserables,0.60839,0.01463,-0.13418,-0.00415,0.30800
Les Miserables,0.60857,0.01530,-0.13425,-0.00403,0.30800
Les Miserables,0.60875,0.01638,-0.13381,-0.00413,0.30900
Les Miserables,0.60893,0.01698,-0.13353,-0.00404,0.30900
Les Miserables,0.60911,0.01695,-0.13271,-0.00353,0.30800
Les Miserables,0.60929,0.01877,-0.13307,-0.00311,0.30900
Les Miserables,0.60947,0.01843,-0.13198,-0.00280,0.31000
Les Miserables,0.60965,0.01853,-0.13248,-0.00260,0.31000
Les Miserables,0.60983,0.01982,-0.13330,-0.00229,0.31000
Les Miserables,0.61001,0.02066,-0.13184,-0.00203,0.31100
Les Miserables,0.61018,0.02013,-0.13204,-0.00155,0.31100
Les Miserables,0.61036,0.02063,-0.13196,-0.00149,0.31100
Les Miserables,0.61054,0.02048,-0.13236,-0.00147,0.31200
Les Miserables,0.61072,0.02125,-0.13160,-0.00093,0.31200
Les Miserables,0.61090,0.02214,-0.13076,-0.00094,0.31300
Les Miserables,0.61108,0.02273,-0.13043,-0.00090,0.31300
Les Miserables,0.61126,0.02340,-0.13066,-0.00062,0.31300
Les Miserables,0.61144,0.02366,-0.12992,-0.00037,0.31400
Les Miserables,0.61162,0.02412,-0.12990,-0.00064,0.31500
Les Miserables,0.61180,0.02400,-0.12967,-0.00101,0.31600
Les Miserables,0.61198,0.02505,-0.12947,-0.00088,0.31600
Les Miserables,0.61216,0.02590,-0.13122,-0.00055,0.31600
Les Miserables,0.61234,0.02453,-0.13017,-0.00080,0.31700
Les Miserables,0.61252,0.02449,-0.13033,-0.00070,0.31600
Les Miserables,0.61269,0.02376,-0.12953,-0.00069,0.31600
Les Miserables,0.61287,0.02320,-0.12942,-0.00047,0.31600
Les Miserables,0.61305,0.02396,-0.12931,-0.00015,0.31600
Les Miserables,0.61323,0.02348,-0.12868,0.00010,0.31600
Les Miserables,0.61341,0.02227,-0.12738,0.00061,0.31600
Les Miserables,0.61359,0.02164,-0.12635,0.00058,0.31500
Les Miserables,0.61377,0.02222,-0.12531,0.00080,0.31500
Les Miserables,0.61395,0.02285,-0.12567,0.00136,0.31600
Les Miserables,0.61413,0.02446,-0.12513,0.00200,0.31500
Les Miserables,0.61431,0.02554,-0.12509,0.00211,0.31500
Les Miserables,0.61449,0.02517,-0.12509,0.00258,0.31300
Les Miserables,0.61467,0.02446,-0.12479,0.00250,0.31300
Les Miserables,0.61485,0.02397,-0.12514,0.00269,0.31200
Les Miserables,0.61503,0.02396,-0.12442,0.00286,0.31200
Les Miserables,0.61521,0.02498,-0.12453,0.00329,0.31200
Les Miserables,0.61538,0.02506,-0.12480,0.00317,0.31200
Les Miserables,0.61556,0.02439,-0.12408,0.00341,0.31100
Les Miserables,0.61574,0.02366,-0.12381,0.00327,0.31000
Les Miserables,0.61592,0.02278,-0.12361,0.00297,0.31100
Les Miserables,0.61610,0.02335,-0.12456,0.00306,0.31000
Les Miserables,0.61628,0.02376,-0.12525,0.00336,0.31100
Les Miserables,0.61646,0.02324,-0.12547,0.00354,0.31100
Les Miserables,0.61664,0.02323,-0.12539,0.00419,0.31100
Les Miserables,0.61682,0.02353,-0.12638,0.00472,0.31100
Les Miserables,0.61700,0.02469,-0.12724,0.00478,0.31200
Les Miserables,0.61718,0.02394,-0.12747,0.00473,0.31300
Les Miserables,0.61736,0.02413,-0.12696,0.00453,0.31200
Les Miserables,0.61754,0.02581,-0.12654,0.00481,0.31100
Les Miserables,0.61772,0.02589,-0.12609,0.00505,0.31100
Les Miserables,0.61789,0.02670,-0.12560,0.00540,0.31100
Les Miserables,0.61807,0.02659,-0.12577,0.00544,0.31100
Les Miserables,0.61825,0.02518,-0.12500,0.00608,0.31000
Les Miserables,0.61843,0.02448,-0.12461,0.00609,0.31000
Les Miserables,0.61861,0.02413,-0.12369,0.00616,0.31000
Les Miserables,0.61879,0.02467,-0.12285,0.00583,0.31000
Les Miserables,0.61897,0.02460,-0.12297,0.00626,0.31000
Les Miserables,0.61915,0.02283,-0.12193,0.00632,0.31000
Les Miserables,0.61933,0.02260,-0.12138,0.00618,0.31000
Les Miserables,0.61951,0.02117,-0.12103,0.00613,0.30800
Les Miserables,0.61969,0.02001,-0.11990,0.00575,0.30900
Les Miserables,0.61987,0.01970,-0.11907,0.00536,0.30900
Les Miserables,0.62005,0.01997,-0.11726,0.00557,0.30800
Les Miserables,0.62023,0.02127,-0.11700,0.00586,0.30700
Les Miserables,0.62041,0.01909,-0.11550,0.00591,0.30700
Les Miserables,0.62058,0.01817,-0.11534,0.00591,0.30700
Les Miserables,0.62076,0.01686,-0.11443,0.00567,0.30700
Les Miserables,0.62094,0.01628,-0.11340,0.00514,0.30700
Les Miserables,0.62112,0.01577,-0.11313,0.00569,0.30600
Les Miserables,0.62130,0.01488,-0.11290,0.00612,0.30700
Les Miserables,0.62148,0.01477,-0.11189,0.00620,0.30600
Les Miserables,0.62166,0.01413,-0.11135,0.00613,0.30600
Les Miserables,0.62184,0.01355,-0.11086,0.00636,0.30500
Les Miserables,0.62202,0.01368,-0.11035,0.00649,0.30400
Les Miserables,0.62220,0.01339,-0.10989,0.00667,0.30500
Les Miserables,0.62238,0.01281,-0.11011,0.00712,0.30400
Les Miserables,0.62256,0.01204,-0.11066,0.00785,0.30400
Les Miserables,0.62274,0.01220,-0.11085,0.00748,0.30500
Les Miserables,0.62292,0.01052,-0.10989,0.00761,0.30400
Les Miserables,0.62309,0.00981,-0.10928,0.00756,0.30500
Les Miserables,0.62327,0.00916,-0.10813,0.00749,0.30500
Les Miserables,0.62345,0.00909,-0.10808,0.00783,0.30400
Les Miserables,0.62363,0.00931,-0.10657,0.00743,0.30300
Les Miserables,0.62381,0.00889,-0.10582,0.00755,0.30400
Les Miserables,0.62399,0.00923,-0.10712,0.00766,0.30400
Les Miserables,0.62417,0.00958,-0.10743,0.00766,0.30500
Les Miserables,0.62435,0.00991,-0.10791,0.00813,0.30500
Les Miserables,0.62453,0.00861,-0.10793,0.00789,0.30400
Les Miserables,0.62471,0.00781,-0.10805,0.00798,0.30500
Les Miserables,0.62489,0.00746,-0.10743,0.00782,0.30600
Les Miserables,0.62507,0.00751,-0.10798,0.00730,0.30700
Les Miserables,0.62525,0.00804,-0.10773,0.00700,0.30900
Les Miserables,0.62543,0.00854,-0.10788,0.00669,0.30900
Les Miserables,0.62561,0.00725,-0.10808,0.00624,0.30900
Les Miserables,0.62578,0.00620,-0.10865,0.00563,0.31000
Les Miserables,0.62596,0.00510,-0.10924,0.00527,0.31000
Les Miserables,0.62614,0.00428,-0.10948,0.00580,0.31100
Les Miserables,0.62632,0.00314,-0.10780,0.00553,0.31100
Les Miserables,0.62650,0.00237,-0.10707,0.00532,0.31100
Les Miserables,0.62668,0.00237,-0.10627,0.00523,0.31100
Les Miserables,0.62686,0.00201,-0.10522,0.00509,0.31100
Les Miserables,0.62704,0.00121,-0.10458,0.00452,0.31100
Les Miserables,0.62722,0.00056,-0.10366,0.00364,0.31000
Les Miserables,0.62740,0.00098,-0.10380,0.00361,0.31100
Les Miserables,0.62758,0.00188,-0.10227,0.00364,0.31300
Les Miserables,0.62776,0.00160,-0.10138,0.00291,0.31400
Les Miserables,0.62794,0.00085,-0.10183,0.00240,0.31400
Les Miserables,0.62812,0.00034,-0.10103,0.00206,0.31400
Les Miserables,0.62829,0.00049,-0.10144,0.00156,0.31600
Les Miserables,0.62847,0.00017,-0.10077,0.00084,0.31700
Les Miserables,0.62865,0.00079,-0.10117,0.00047,0.31800
Les Miserables,0.62883,0.00039,-0.10232,0.00033,0.31900
Les Miserables,0.62901,-0.00064,-0.10218,0.00049,0.31900
Les Miserables,0.62919,-0.00107,-0.10251,0.00020,0.32200
Les Miserables,0.62937,-0.00157,-0.10273,-0.00020,0.32200
Les Miserables,0.62955,-0.00194,-0.10268,-0.00003,0.32000
Les Miserables,0.62973,-0.00211,-0.10378,-0.00056,0.32000
Les Miserables,0.62991,-0.00355,-0.10415,-0.00063,0.32000
Les Miserables,0.63009,-0.00377,-0.10382,-0.00090,0.32100
Les Miserables,0.63027,-0.00327,-0.10464,-0.00083,0.32100
Les Miserables,0.63045,-0.00349,-0.10436,-0.00054,0.32100
Les Miserables,0.63063,-0.00354,-0.10334,-0.00086,0.32100
Les Miserables,0.63081,-0.00242,-0.10304,-0.00140,0.32100
Les Miserables,0.63098,-0.00273,-0.10268,-0.00179,0.32200
Les Miserables,0.63116,-0.00256,-0.10319,-0.00194,0.32200
Les Miserables,0.63134,-0.00336,-0.10370,-0.00197,0.32200
Les Miserables,0.63152,-0.00442,-0.10478,-0.00219,0.32100
Les Miserables,0.63170,-0.00607,-0.10507,-0.00245,0.32200
Les Miserables,0.63188,-0.00724,-0.10526,-0.00231,0.32100
Les Miserables,0.63206,-0.00875,-0.10577,-0.00260,0.32100
Les Miserables,0.63224,-0.00955,-0.10507,-0.00255,0.32100
Les Miserables,0.63242,-0.00986,-0.10543,-0.00262,0.32200
Les Miserables,0.63260,-0.00970,-0.10597,-0.00293,0.32300
Les Miserables,0.63278,-0.00920,-0.10554,-0.00293,0.32300
Les Miserables,0.63296,-0.00927,-0.10670,-0.00285,0.32300
Les Miserables,0.63314,-0.00949,-0.10633,-0.00306,0.32300
Les Miserables,0.63332,-0.00932,-0.10651,-0.00351,0.32400
Les Miserables,0.63349,-0.01054,-0.10688,-0.00390,0.32400
Les Miserables,0.63367,-0.01090,-0.10726,-0.00439,0.32500
Les Miserables,0.63385,-0.01126,-0.10733,-0.00466,0.32500
Les Miserables,0.63403,-0.01224,-0.10678,-0.00445,0.32500
Les Miserables,0.63421,-0.01330,-0.10606,-0.00455,0.32600
Les Miserables,0.63439,-0.01332,-0.10532,-0.00477,0.32600
Les Miserables,0.63457,-0.01260,-0.10535,-0.00521,0.32600
Les Miserables,0.63475,-0.01362,-0.10501,-0.00592,0.32600
Les Miserables,0.63493,-0.01458,-0.10436,-0.00612,0.32500
Les Miserables,0.63511,-0.01425,-0.10409,-0.00600,0.32500
Les Miserables,0.63529,-0.01447,-0.10422,-0.00589,0.32500
Les Miserables,0.63547,-0.01364,-0.10484,-0.00605,0.32600
Les Miserables,0.63565,-0.01310,-0.10551,-0.00603,0.32600
Les Miserables,0.63583,-0.01088,-0.10679,-0.00613,0.32700
Les Miserables,0.63601,-0.00983,-0.10657,-0.00605,0.32800
Les Miserables,0.63618,-0.00678,-0.10730,-0.00610,0.32900
Les Miserables,0.63636,-0.00616,-0.10739,-0.00586,0.32900
Les Miserables,0.63654,-0.00425,-0.10812,-0.00542,0.32900
Les Miserables,0.63672,-0.00258,-0.11013,-0.00498,0.33000
Les Miserables,0.63690,-0.00289,-0.11017,-0.00523,0.33000
Les Miserables,0.63708,0.00040,-0.11046,-0.00477,0.33100
Les Miserables,0.63726,0.00116,-0.11059,-0.00458,0.33200
Les Miserables,0.63744,0.00264,-0.11150,-0.00480,0.33200
Les Miserables,0.63762,0.00385,-0.11198,-0.00505,0.33100
Les Miserables,0.63780,0.00406,-0.11288,-0.00484,0.33100
Les Miserables,0.63798,0.00550,-0.11468,-0.00484,0.33200
Les Miserables,0.63816,0.00565,-0.11551,-0.00490,0.33300
Les Miserables,0.63834,0.00648,-0.11740,-0.00495,0.33300
Les Miserables,0.63852,0.00671,-0.11746,-0.00498,0.33300
Les Miserables,0.63869,0.00677,-0.11720,-0.00488,0.33300
Les Miserables,0.63887,0.00717,-0.11796,-0.00475,0.33200
Les Miserables,0.63905,0.00750,-0.11887,-0.00496,0.33200
Les Miserables,0.63923,0.00793,-0.11917,-0.00500,0.33100
Les Miserables,0.63941,0.00718,-0.11992,-0.00478,0.33100
Les Miserables,0.63959,0.00627,-0.12036,-0.00488,0.33100
Les Miserables,0.63977,0.00648,-0.12048,-0.00506,0.33200
Les Miserables,0.63995,0.00606,-0.12094,-0.00517,0.33200
Les Miserables,0.64013,0.00516,-0.12067,-0.00560,0.33200
Les Miserables,0.64031,0.00430,-0.12091,-0.00574,0.33100
Les Miserables,0.64049,0.00391,-0.11988,-0.00577,0.33000
Les Miserables,0.64067,0.00437,-0.11884,-0.00611,0.32900
Les Miserables,0.64085,0.00440,-0.11902,-0.00620,0.33000
Les Miserables,0.64103,0.00451,-0.11972,-0.00614,0.33000
Les Miserables,0.64120,0.00357,-0.12104,-0.00635,0.33000
Les Miserables,0.64138,0.00359,-0.12145,-0.00663,0.33000
Les Miserables,0.64156,0.00329,-0.12164,-0.00645,0.33000
Les Miserables,0.64174,0.00289,-0.12185,-0.00683,0.33000
Les Miserables,0.64192,0.00285,-0.12039,-0.00721,0.33000
Les Miserables,0.64210,0.00301,-0.12014,-0.00754,0.33000
Les Miserables,0.64228,0.00258,-0.12001,-0.00797,0.33000
Les Miserables,0.64246,0.00243,-0.12035,-0.00799,0.33000
Les Miserables,0.64264,0.00219,-0.11997,-0.00811,0.33000
Les Miserables,0.64282,0.00246,-0.12000,-0.00809,0.32900
Les Miserables,0.64300,0.00269,-0.11918,-0.00760,0.32800
Les Miserables,0.64318,0.00265,-0.11868,-0.00736,0.32700
Les Miserables,0.64336,0.00312,-0.11803,-0.00739,0.32700
Les Miserables,0.64354,0.00370,-0.11626,-0.00751,0.32600
Les Miserables,0.64372,0.00289,-0.11573,-0.00744,0.32500
Les Miserables,0.64389,0.00291,-0.11538,-0.00733,0.32500
Les Miserables,0.64407,0.00315,-0.11517,-0.00767,0.32500
Les Miserables,0.64425,0.00305,-0.11521,-0.00792,0.32500
Les Miserables,0.64443,0.00350,-0.11659,-0.00761,0.32500
Les Miserables,0.64461,0.00260,-0.11742,-0.00740,0.32500
Les Miserables,0.64479,0.00167,-0.11832,-0.00741,0.32500
Les Miserables,0.64497,0.00104,-0.11843,-0.00709,0.32600
Les Miserables,0.64515,0.00089,-0.11897,-0.00681,0.32500
Les Miserables,0.64533,0.00084,-0.11906,-0.00676,0.32300
Les Miserables,0.64551,-0.00083,-0.11935,-0.00721,0.32200
Les Miserables,0.64569,-0.00252,-0.11945,-0.00656,0.32100
Les Miserables,0.64587,-0.00273,-0.11879,-0.00598,0.32000
Les Miserables,0.64605,-0.00216,-0.12015,-0.00612,0.31900
Les Miserables,0.64623,-0.00231,-0.12077,-0.00616,0.31800
Les Miserables,0.64640,-0.00233,-0.12127,-0.00526,0.31700
Les Miserables,0.64658,-0.00353,-0.12203,-0.00503,0.31500
Les Miserables,0.64676,-0.00408,-0.12134,-0.00493,0.31400
Les Miserables,0.64694,-0.00350,-0.12163,-0.00551,0.31200
Les Miserables,0.64712,-0.00485,-0.12110,-0.00529,0.31100
Les Miserables,0.64730,-0.00444,-0.12143,-0.00469,0.31100
Les Miserables,0.64748,-0.00429,-0.12158,-0.00463,0.31000
Les Miserables,0.64766,-0.00472,-0.12051,-0.00433,0.31000
Les Miserables,0.64784,-0.00445,-0.12043,-0.00449,0.31000
Les Miserables,0.64802,-0.00426,-0.11983,-0.00456,0.30800
Les Miserables,0.64820,-0.00460,-0.11904,-0.00474,0.30700
Les Miserables,0.64838,-0.00474,-0.11906,-0.00488,0.30800
Les Miserables,0.64856,-0.00377,-0.12075,-0.00464,0.30700
Les Miserables,0.64874,-0.00424,-0.12102,-0.00426,0.30600
Les Miserables,0.64892,-0.00524,-0.12192,-0.00400,0.30500
Les Miserables,0.64909,-0.00510,-0.12158,-0.00351,0.30500
Les Miserables,0.64927,-0.00420,-0.12097,-0.00358,0.30500
Les Miserables,0.64945,-0.00406,-0.12067,-0.00357,0.30600
Les Miserables,0.64963,-0.00302,-0.12132,-0.00350,0.30600
Les Miserables,0.64981,-0.00157,-0.12094,-0.00394,0.30700
Les Miserables,0.64999,-0.00046,-0.12031,-0.00408,0.30800
Les Miserables,0.65017,-0.00141,-0.11956,-0.00398,0.30800
Les Miserables,0.65035,-0.00118,-0.11937,-0.00426,0.30800
Les Miserables,0.65053,0.00052,-0.11898,-0.00440,0.30900
Les Miserables,0.65071,0.00123,-0.11938,-0.00475,0.31000
Les Miserables,0.65089,0.00173,-0.11874,-0.00491,0.30900
Les Miserables,0.65107,0.00201,-0.11894,-0.00507,0.31000
Les Miserables,0.65125,0.00151,-0.11849,-0.00480,0.31000
Les Miserables,0.65143,0.00240,-0.11763,-0.00444,0.31000
Les Miserables,0.65160,0.00250,-0.11679,-0.00412,0.31100
Les Miserables,0.65178,0.00229,-0.11736,-0.00356,0.31000
Les Miserables,0.65196,0.00245,-0.11738,-0.00309,0.31000
Les Miserables,0.65214,0.00393,-0.11818,-0.00310,0.31000
Les Miserables,0.65232,0.00350,-0.11844,-0.00309,0.31000
Les Miserables,0.65250,0.00197,-0.11801,-0.00303,0.31000
Les Miserables,0.65268,0.00391,-0.11745,-0.00313,0.31000
Les Miserables,0.65286,0.00489,-0.11716,-0.00315,0.31000
Les Miserables,0.65304,0.00498,-0.11686,-0.00340,0.31100
Les Miserables,0.65322,0.00457,-0.11577,-0.00358,0.31100
Les Miserables,0.65340,0.00366,-0.11438,-0.00331,0.31000
Les Miserables,0.65358,0.00257,-0.11337,-0.00361,0.31000
Les Miserables,0.65376,-0.00017,-0.11310,-0.00401,0.31000
Les Miserables,0.65394,-0.00213,-0.11316,-0.00438,0.31000
Les Miserables,0.65412,-0.00580,-0.11260,-0.00454,0.30900
Les Miserables,0.65429,-0.00598,-0.11302,-0.00462,0.30900
Les Miserables,0.65447,-0.00768,-0.11263,-0.00489,0.30700
Les Miserables,0.65465,-0.00907,-0.11081,-0.00484,0.30700
Les Miserables,0.65483,-0.00922,-0.11138,-0.00465,0.30700
Les Miserables,0.65501,-0.01144,-0.11192,-0.00485,0.30600
Les Miserables,0.65519,-0.01218,-0.11096,-0.00407,0.30600
Les Miserables,0.65537,-0.01302,-0.11097,-0.00380,0.30500
Les Miserables,0.65555,-0.01335,-0.11027,-0.00353,0.30500
Les Miserables,0.65573,-0.01395,-0.10876,-0.00352,0.30500
Les Miserables,0.65591,-0.01509,-0.10711,-0.00351,0.30500
Les Miserables,0.65609,-0.01515,-0.10671,-0.00340,0.30400
Les Miserables,0.65627,-0.01483,-0.10633,-0.00352,0.30500
Les Miserables,0.65645,-0.01576,-0.10635,-0.00352,0.30600
Les Miserables,0.65663,-0.01637,-0.10691,-0.00364,0.30500
Les Miserables,0.65680,-0.01655,-0.10705,-0.00355,0.30500
Les Miserables,0.65698,-0.01677,-0.10699,-0.00380,0.30500
Les Miserables,0.65716,-0.01688,-0.10691,-0.00382,0.30600
Les Miserables,0.65734,-0.01674,-0.10566,-0.00378,0.30600
Les Miserables,0.65752,-0.01586,-0.10563,-0.00378,0.30700
Les Miserables,0.65770,-0.01580,-0.10529,-0.00364,0.30600
Les Miserables,0.65788,-0.01610,-0.10490,-0.00379,0.30700
Les Miserables,0.65806,-0.01715,-0.10444,-0.00350,0.30700
Les Miserables,0.65824,-0.01676,-0.10402,-0.00381,0.30700
Les Miserables,0.65842,-0.01795,-0.10335,-0.00525,0.30900
Les Miserables,0.65860,-0.01767,-0.10388,-0.00517,0.31000
Les Miserables,0.65878,-0.01650,-0.10293,-0.00536,0.31000
Les Miserables,0.65896,-0.01708,-0.10205,-0.00584,0.31000
Les Miserables,0.65914,-0.01651,-0.10069,-0.00614,0.31000
Les Miserables,0.65932,-0.01741,-0.10087,-0.00649,0.31000
Les Miserables,0.65949,-0.01747,-0.10134,-0.00669,0.31000
Les Miserables,0.65967,-0.01734,-0.10163,-0.00692,0.31000
Les Miserables,0.65985,-0.01732,-0.10141,-0.00663,0.31000
Les Miserables,0.66003,-0.01916,-0.09994,-0.00605,0.31000
Les Miserables,0.66021,-0.01932,-0.09973,-0.00609,0.31000
Les Miserables,0.66039,-0.02054,-0.09856,-0.00601,0.31000
Les Miserables,0.66057,-0.02145,-0.09804,-0.00615,0.31000
Les Miserables,0.66075,-0.02129,-0.09755,-0.00640,0.31000
Les Miserables,0.66093,-0.02303,-0.09776,-0.00678,0.31000
Les Miserables,0.66111,-0.02355,-0.09801,-0.00727,0.31000
Les Miserables,0.66129,-0.02484,-0.09837,-0.00711,0.31000
Les Miserables,0.66147,-0.02441,-0.09917,-0.00691,0.31000
Les Miserables,0.66165,-0.02428,-0.09890,-0.00712,0.31000
Les Miserables,0.66183,-0.02590,-0.09817,-0.00763,0.31100
Les Miserables,0.66200,-0.02623,-0.09823,-0.00757,0.31000
Les Miserables,0.66218,-0.02710,-0.09918,-0.00761,0.31000
Les Miserables,0.66236,-0.02707,-0.09833,-0.00804,0.31000
Les Miserables,0.66254,-0.02640,-0.09715,-0.00814,0.31100
Les Miserables,0.66272,-0.02669,-0.09598,-0.00824,0.31100
Les Miserables,0.66290,-0.02600,-0.09583,-0.00840,0.31000
Les Miserables,0.66308,-0.02641,-0.09388,-0.00786,0.31000
Les Miserables,0.66326,-0.02683,-0.09432,-0.00836,0.31000
Les Miserables,0.66344,-0.02702,-0.09404,-0.00808,0.31000
Les Miserables,0.66362,-0.02592,-0.09439,-0.00900,0.30900
Les Miserables,0.66380,-0.02510,-0.09460,-0.00962,0.31000
Les Miserables,0.66398,-0.02458,-0.09472,-0.01011,0.30900
Les Miserables,0.66416,-0.02557,-0.09367,-0.00973,0.30800
Les Miserables,0.66434,-0.02509,-0.09317,-0.00991,0.30900
Les Miserables,0.66451,-0.02506,-0.09201,-0.00956,0.31000
Les Miserables,0.66469,-0.02439,-0.09203,-0.00968,0.31000
Les Miserables,0.66487,-0.02439,-0.09063,-0.00941,0.31000
Les Miserables,0.66505,-0.02401,-0.09039,-0.00968,0.30900
Les Miserables,0.66523,-0.02496,-0.08935,-0.01026,0.30900
Les Miserables,0.66541,-0.02575,-0.08882,-0.01012,0.31000
Les Miserables,0.66559,-0.02617,-0.08960,-0.01029,0.31000
Les Miserables,0.66577,-0.02620,-0.08968,-0.01008,0.31000
Les Miserables,0.66595,-0.02701,-0.08965,-0.01023,0.31000
Les Miserables,0.66613,-0.02658,-0.08998,-0.01010,0.31200
Les Miserables,0.66631,-0.02633,-0.08863,-0.01013,0.31200
Les Miserables,0.66649,-0.02717,-0.08772,-0.01017,0.31300
Les Miserables,0.66667,-0.02789,-0.08798,-0.01047,0.31200
Les Miserables,0.66685,-0.02766,-0.08780,-0.01064,0.31300
Les Miserables,0.66703,-0.02775,-0.08710,-0.01129,0.31400
Les Miserables,0.66720,-0.02690,-0.08755,-0.01162,0.31400
Les Miserables,0.66738,-0.02598,-0.08720,-0.01175,0.31400
Les Miserables,0.66756,-0.02674,-0.08573,-0.01184,0.31400
Les Miserables,0.66774,-0.02816,-0.08449,-0.01164,0.31400
Les Miserables,0.66792,-0.02920,-0.08309,-0.01185,0.31400
Les Miserables,0.66810,-0.02684,-0.08534,-0.01238,0.31500
Les Miserables,0.66828,-0.02554,-0.08483,-0.01233,0.31500
Les Miserables,0.66846,-0.02624,-0.08472,-0.01197,0.31400
Les Miserables,0.66864,-0.02659,-0.08459,-0.01146,0.31300
Les Miserables,0.66882,-0.02624,-0.08553,-0.01138,0.31400
Les Miserables,0.66900,-0.02583,-0.08494,-0.01117,0.31400
Les Miserables,0.66918,-0.02521,-0.08411,-0.01183,0.31500
Les Miserables,0.66936,-0.02407,-0.08322,-0.01221,0.31600
Les Miserables,0.66954,-0.02293,-0.08421,-0.01209,0.31500
Les Miserables,0.66971,-0.02199,-0.08455,-0.01278,0.31600
Les Miserables,0.66989,-0.02141,-0.08416,-0.01333,0.31700
Les Miserables,0.67007,-0.02173,-0.08227,-0.01337,0.31600
Les Miserables,0.67025,-0.02130,-0.08272,-0.01373,0.31600
Les Miserables,0.67043,-0.01912,-0.08404,-0.01419,0.31700
Les Miserables,0.67061,-0.02016,-0.08385,-0.01398,0.31600
Les Miserables,0.67079,-0.02001,-0.08325,-0.01392,0.31600
Les Miserables,0.67097,-0.02055,-0.08280,-0.01393,0.31600
Les Miserables,0.67115,-0.02076,-0.08158,-0.01404,0.31600
Les Miserables,0.67133,-0.01984,-0.08162,-0.01389,0.31700
Les Miserables,0.67151,-0.01901,-0.08201,-0.01346,0.31700
Les Miserables,0.67169,-0.01796,-0.08095,-0.01338,0.31700
Les Miserables,0.67187,-0.01618,-0.08023,-0.01297,0.31800
Les Miserables,0.67205,-0.01575,-0.07893,-0.01275,0.31800
Les Miserables,0.67223,-0.01505,-0.07937,-0.01299,0.31800
Les Miserables,0.67240,-0.01450,-0.07942,-0.01321,0.31900
Les Miserables,0.67258,-0.01454,-0.07970,-0.01365,0.31900
Les Miserables,0.67276,-0.01368,-0.07902,-0.01420,0.32000
Les Miserables,0.67294,-0.01374,-0.07781,-0.01476,0.32000
Les Miserables,0.67312,-0.01337,-0.07802,-0.01557,0.31900
Les Miserables,0.67330,-0.01251,-0.07751,-0.01614,0.32000
Les Miserables,0.67348,-0.01210,-0.07821,-0.01629,0.32000
Les Miserables,0.67366,-0.01115,-0.07888,-0.01650,0.32000
Les Miserables,0.67384,-0.01152,-0.07883,-0.01642,0.32000
Les Miserables,0.67402,-0.01209,-0.07870,-0.01672,0.32000
Les Miserables,0.67420,-0.01186,-0.07852,-0.01662,0.31900
Les Miserables,0.67438,-0.01093,-0.07871,-0.01668,0.31900
Les Miserables,0.67456,-0.00979,-0.07882,-0.01646,0.32000
Les Miserables,0.67474,-0.00971,-0.07878,-0.01669,0.32000
Les Miserables,0.67491,-0.00978,-0.07795,-0.01670,0.31900
Les Miserables,0.67509,-0.00896,-0.07827,-0.01739,0.31900
Les Miserables,0.67527,-0.00708,-0.07930,-0.01799,0.31900
Les Miserables,0.67545,-0.00714,-0.07793,-0.01793,0.31900
Les Miserables,0.67563,-0.00651,-0.07765,-0.01802,0.31900
Les Miserables,0.67581,-0.00629,-0.07664,-0.01809,0.31900
Les Miserables,0.67599,-0.00552,-0.07748,-0.01865,0.31900
Les Miserables,0.67617,-0.00678,-0.07740,-0.01854,0.31900
Les Miserables,0.67635,-0.00740,-0.07718,-0.01774,0.31900
Les Miserables,0.67653,-0.00829,-0.07680,-0.01766,0.31800
Les Miserables,0.67671,-0.00963,-0.07715,-0.01762,0.31700
Les Miserables,0.67689,-0.00830,-0.07721,-0.01756,0.31800
Les Miserables,0.67707,-0.00809,-0.07782,-0.01730,0.31800
Les Miserables,0.67725,-0.00738,-0.07654,-0.01772,0.31900
Les Miserables,0.67743,-0.00650,-0.07596,-0.01763,0.32000
Les Miserables,0.67760,-0.00619,-0.07478,-0.01724,0.32000
Les Miserables,0.67778,-0.00620,-0.07559,-0.01763,0.32200
Les Miserables,0.67796,-0.00539,-0.07619,-0.01800,0.32200
Les Miserables,0.67814,-0.00516,-0.07599,-0.01768,0.32100
Les Miserables,0.67832,-0.00415,-0.07619,-0.01778,0.32100
Les Miserables,0.67850,-0.00298,-0.07596,-0.01782,0.32100
Les Miserables,0.67868,-0.00286,-0.07493,-0.01749,0.32000
Les Miserables,0.67886,-0.00045,-0.07517,-0.01772,0.32100
Les Miserables,0.67904,0.00022,-0.07489,-0.01753,0.32100
Les Miserables,0.67922,0.00127,-0.07367,-0.01774,0.32100
Les Miserables,0.67940,0.00032,-0.07319,-0.01775,0.32100
Les Miserables,0.67958,0.00117,-0.07146,-0.01724,0.32100
Les Miserables,0.67976,0.00353,-0.07123,-0.01730,0.32100
Les Miserables,0.67994,0.00327,-0.07023,-0.01723,0.32200
Les Miserables,0.68011,0.00576,-0.07070,-0.01728,0.32200
Les Miserables,0.68029,0.00613,-0.07045,-0.01728,0.32000
Les Miserables,0.68047,0.00666,-0.07110,-0.01743,0.32000
Les Miserables,0.68065,0.00739,-0.07192,-0.01732,0.32100
Les Miserables,0.68083,0.00848,-0.07213,-0.01758,0.32100
Les Miserables,0.68101,0.00976,-0.07345,-0.01779,0.32200
Les Miserables,0.68119,0.01085,-0.07401,-0.01796,0.32300
Les Miserables,0.68137,0.01201,-0.07467,-0.01781,0.32500
Les Miserables,0.68155,0.01213,-0.07357,-0.01726,0.32400
Les Miserables,0.68173,0.01238,-0.07404,-0.01691,0.32400
Les Miserables,0.68191,0.01339,-0.07370,-0.01696,0.32600
Les Miserables,0.68209,0.01469,-0.07398,-0.01701,0.32600
Les Miserables,0.68227,0.01515,-0.07441,-0.01762,0.32600
Les Miserables,0.68245,0.01534,-0.07382,-0.01815,0.32500
Les Miserables,0.68263,0.01545,-0.07349,-0.01817,0.32400
Les Miserables,0.68280,0.01672,-0.07481,-0.01844,0.32500
Les Miserables,0.68298,0.01779,-0.07419,-0.01839,0.32600
Les Miserables,0.68316,0.01836,-0.07271,-0.01838,0.32600
Les Miserables,0.68334,0.01906,-0.07314,-0.01837,0.32700
Les Miserables,0.68352,0.01992,-0.07273,-0.01840,0.32600
Les Miserables,0.68370,0.02027,-0.07267,-0.01832,0.32700
Les Miserables,0.68388,0.02151,-0.07277,-0.01797,0.32800
Les Miserables,0.68406,0.02149,-0.07345,-0.01789,0.32700
Les Miserables,0.68424,0.02193,-0.07473,-0.01777,0.32600
Les Miserables,0.68442,0.02311,-0.07582,-0.01745,0.32600
Les Miserables,0.68460,0.02311,-0.07640,-0.01716,0.32700
Les Miserables,0.68478,0.02360,-0.07631,-0.01696,0.32800
Les Miserables,0.68496,0.02366,-0.07721,-0.01662,0.32700
Les Miserables,0.68514,0.02271,-0.07735,-0.01641,0.32600
Les Miserables,0.68531,0.02329,-0.07787,-0.01595,0.32500
Les Miserables,0.68549,0.02388,-0.07879,-0.01605,0.32500
Les Miserables,0.68567,0.02379,-0.08002,-0.01607,0.32500
Les Miserables,0.68585,0.02473,-0.08193,-0.01565,0.32400
Les Miserables,0.68603,0.02437,-0.08151,-0.01492,0.32300
Les Miserables,0.68621,0.02456,-0.08293,-0.01462,0.32300
Les Miserables,0.68639,0.02457,-0.08415,-0.01428,0.32300
Les Miserables,0.68657,0.02500,-0.08498,-0.01430,0.32400
Les Miserables,0.68675,0.02496,-0.08416,-0.01365,0.32400
Les Miserables,0.68693,0.02440,-0.08472,-0.01332,0.32400
Les Miserables,0.68711,0.02496,-0.08575,-0.01224,0.32300
Les Miserables,0.68729,0.02525,-0.08702,-0.01219,0.32100
Les Miserables,0.68747,0.02507,-0.08646,-0.01233,0.32100
Les Miserables,0.68765,0.02448,-0.08525,-0.01178,0.32000
Les Miserables,0.68782,0.02378,-0.08584,-0.01176,0.31900
Les Miserables,0.68800,0.02480,-0.08842,-0.01178,0.31900
Les Miserables,0.68818,0.02501,-0.08772,-0.01143,0.31800
Les Miserables,0.68836,0.02457,-0.08764,-0.01107,0.31800
Les Miserables,0.68854,0.02459,-0.08790,-0.01074,0.31900
Les Miserables,0.68872,0.02498,-0.08901,-0.01026,0.31900
Les Miserables,0.68890,0.02543,-0.09023,-0.00995,0.31900
Les Miserables,0.68908,0.02536,-0.09241,-0.00980,0.31900
Les Miserables,0.68926,0.02419,-0.09303,-0.01023,0.31800
Les Miserables,0.68944,0.02368,-0.09400,-0.01061,0.31800
Les Miserables,0.68962,0.02377,-0.09464,-0.01069,0.31700
Les Miserables,0.68980,0.02380,-0.09593,-0.01090,0.31700
Les Miserables,0.68998,0.02535,-0.09782,-0.01081,0.31800
Les Miserables,0.69016,0.02383,-0.09752,-0.01074,0.31800
Les Miserables,0.69034,0.02492,-0.09781,-0.01059,0.32000
Les Miserables,0.69051,0.02532,-0.09797,-0.01037,0.31800
Les Miserables,0.69069,0.02517,-0.09784,-0.00971,0.31600
Les Miserables,0.69087,0.02558,-0.09872,-0.00986,0.31500
Les Miserables,0.69105,0.02488,-0.09940,-0.00987,0.31500
Les Miserables,0.69123,0.02275,-0.09923,-0.00973,0.31500
Les Miserables,0.69141,0.02169,-0.09794,-0.00995,0.31500
Les Miserables,0.69159,0.02083,-0.09900,-0.00969,0.31400
Les Miserables,0.69177,0.02015,-0.09872,-0.00993,0.31500
Les Miserables,0.69195,0.02022,-0.09802,-0.00973,0.31400
Les Miserables,0.69213,0.02024,-0.09777,-0.00954,0.31400
Les Miserables,0.69231,0.02067,-0.09835,-0.00953,0.31300
Les Miserables,0.69249,0.02001,-0.09896,-0.00935,0.31300
Les Miserables,0.69267,0.02007,-0.10021,-0.00912,0.31400
Les Miserables,0.69285,0.02003,-0.10057,-0.00920,0.31600
Les Miserables,0.69302,0.01878,-0.10033,-0.00881,0.31500
Les Miserables,0.69320,0.01777,-0.10096,-0.00832,0.31400
Les Miserables,0.69338,0.01698,-0.10112,-0.00837,0.31400
Les Miserables,0.69356,0.01687,-0.10095,-0.00808,0.31500
Les Miserables,0.69374,0.01647,-0.10124,-0.00789,0.31500
Les Miserables,0.69392,0.01649,-0.10009,-0.00700,0.31500
Les Miserables,0.69410,0.01702,-0.09955,-0.00703,0.31500
Les Miserables,0.69428,0.01917,-0.10030,-0.00696,0.31400
Les Miserables,0.69446,0.01860,-0.10058,-0.00688,0.31500
Les Miserables,0.69464,0.01823,-0.10104,-0.00684,0.31600
Les Miserables,0.69482,0.01818,-0.10151,-0.00674,0.31600
Les Miserables,0.69500,0.01784,-0.10127,-0.00669,0.31500
Les Miserables,0.69518,0.01731,-0.10172,-0.00595,0.31400
Les Miserables,0.69536,0.01732,-0.10101,-0.00622,0.31300
Les Miserables,0.69554,0.01697,-0.09905,-0.00608,0.31400
Les Miserables,0.69571,0.01734,-0.09938,-0.00568,0.31300
Les Miserables,0.69589,0.01759,-0.10036,-0.00556,0.31300
Les Miserables,0.69607,0.01788,-0.10086,-0.00571,0.31300
Les Miserables,0.69625,0.01887,-0.10135,-0.00531,0.31300
Les Miserables,0.69643,0.01822,-0.10217,-0.00520,0.31300
Les Miserables,0.69661,0.01831,-0.10363,-0.00532,0.31200
Les Miserables,0.69679,0.01754,-0.10317,-0.00517,0.31200
Les Miserables,0.69697,0.01671,-0.10364,-0.00505,0.31200
Les Miserables,0.69715,0.01692,-0.10402,-0.00497,0.31100
Les Miserables,0.69733,0.01791,-0.10503,-0.00480,0.31100
Les Miserables,0.69751,0.01812,-0.10730,-0.00474,0.31100
Les Miserables,0.69769,0.01719,-0.10848,-0.00414,0.31100
Les Miserables,0.69787,0.01700,-0.10964,-0.00366,0.31000
Les Miserables,0.69805,0.01426,-0.10909,-0.00337,0.31000
Les Miserables,0.69822,0.01399,-0.10979,-0.00323,0.31100
Les Miserables,0.69840,0.01292,-0.11031,-0.00319,0.31200
Les Miserables,0.69858,0.01314,-0.11103,-0.00337,0.31100
Les Miserables,0.69876,0.01235,-0.11196,-0.00290,0.31000
Les Miserables,0.69894,0.01131,-0.11286,-0.00307,0.31100
Les Miserables,0.69912,0.01015,-0.11290,-0.00240,0.31000
Les Miserables,0.69930,0.00965,-0.11269,-0.00251,0.30900
Les Miserables,0.69948,0.00920,-0.11347,-0.00275,0.30900
Les Miserables,0.69966,0.00861,-0.11396,-0.00317,0.30900
Les Miserables,0.69984,0.00672,-0.11406,-0.00286,0.30800
Les Miserables,0.70002,0.00505,-0.11401,-0.00259,0.30800
Les Miserables,0.70020,0.00386,-0.11325,-0.00204,0.30800
Les Miserables,0.70038,0.00349,-0.11410,-0.00188,0.30800
Les Miserables,0.70056,0.00280,-0.11321,-0.00175,0.31000
Les Miserables,0.70074,0.00258,-0.11271,-0.00145,0.30900
Les Miserables,0.70091,0.00252,-0.11297,-0.00142,0.30900
Les Miserables,0.70109,0.00257,-0.11498,-0.00125,0.30800
Les Miserables,0.70127,0.00315,-0.11555,-0.00121,0.30600
Les Miserables,0.70145,0.00197,-0.11646,-0.00093,0.30700
Les Miserables,0.70163,0.00162,-0.11637,-0.00118,0.30700
Les Miserables,0.70181,0.00038,-0.11645,-0.00161,0.30700
Les Miserables,0.70199,0.00108,-0.11541,-0.00164,0.30600
Les Miserables,0.70217,0.00076,-0.11546,-0.00168,0.30700
Les Miserables,0.70235,0.00124,-0.11564,-0.00184,0.30700
Les Miserables,0.70253,0.00133,-0.11394,-0.00196,0.30700
Les Miserables,0.70271,0.00111,-0.11361,-0.00241,0.30700
Les Miserables,0.70289,0.00126,-0.11382,-0.00251,0.30700
Les Miserables,0.70307,0.00117,-0.11323,-0.00223,0.30900
Les Miserables,0.70325,0.00088,-0.11285,-0.00251,0.31000
Les Miserables,0.70342,0.00056,-0.11270,-0.00263,0.30900
Les Miserables,0.70360,0.00166,-0.11191,-0.00252,0.30900
Les Miserables,0.70378,0.00143,-0.11140,-0.00251,0.30900
Les Miserables,0.70396,0.00068,-0.11114,-0.00291,0.31000
Les Miserables,0.70414,-0.00027,-0.11011,-0.00289,0.31000
Les Miserables,0.70432,-0.00042,-0.10918,-0.00342,0.31000
Les Miserables,0.70450,0.00037,-0.10817,-0.00343,0.31000
Les Miserables,0.70468,0.00080,-0.10858,-0.00417,0.31100
Les Miserables,0.70486,0.00050,-0.10723,-0.00440,0.31100
Les Miserables,0.70504,0.00118,-0.10716,-0.00411,0.31100
Les Miserables,0.70522,0.00020,-0.10745,-0.00401,0.31100
Les Miserables,0.70540,0.00023,-0.10745,-0.00389,0.31300
Les Miserables,0.70558,0.00009,-0.10836,-0.00380,0.31200
Les Miserables,0.70576,0.00146,-0.10874,-0.00352,0.31300
Les Miserables,0.70594,-0.00038,-0.10748,-0.00331,0.31300
Les Miserables,0.70611,-0.00106,-0.10702,-0.00309,0.31400
Les Miserables,0.70629,-0.00129,-0.10689,-0.00308,0.31400
Les Miserables,0.70647,-0.00104,-0.10767,-0.00325,0.31300
Les Miserables,0.70665,-0.00156,-0.10814,-0.00341,0.31400
Les Miserables,0.70683,-0.00223,-0.10714,-0.00370,0.31400
Les Miserables,0.70701,-0.00135,-0.10670,-0.00343,0.31400
Les Miserables,0.70719,-0.00040,-0.10685,-0.00363,0.31600
Les Miserables,0.70737,0.00008,-0.10544,-0.00337,0.31500
Les Miserables,0.70755,-0.00155,-0.10465,-0.00310,0.31500
Les Miserables,0.70773,-0.00271,-0.10444,-0.00307,0.31400
Les Miserables,0.70791,-0.00388,-0.10426,-0.00307,0.31400
Les Miserables,0.70809,-0.00318,-0.10325,-0.00302,0.31300
Les Miserables,0.70827,-0.00433,-0.10247,-0.00277,0.31200
Les Miserables,0.70845,-0.00532,-0.10281,-0.00301,0.31300
Les Miserables,0.70862,-0.00602,-0.10246,-0.00328,0.31400
Les Miserables,0.70880,-0.00621,-0.10278,-0.00286,0.31500
Les Miserables,0.70898,-0.00584,-0.10231,-0.00279,0.31500
Les Miserables,0.70916,-0.00442,-0.10261,-0.00277,0.31500
Les Miserables,0.70934,-0.00372,-0.10361,-0.00259,0.31400
Les Miserables,0.70952,-0.00319,-0.10284,-0.00259,0.31300
Les Miserables,0.70970,-0.00257,-0.10380,-0.00233,0.31100
Les Miserables,0.70988,-0.00251,-0.10526,-0.00267,0.31100
Les Miserables,0.71006,-0.00304,-0.10442,-0.00255,0.31200
Les Miserables,0.71024,-0.00393,-0.10374,-0.00255,0.31200
Les Miserables,0.71042,-0.00382,-0.10285,-0.00286,0.31200
Les Miserables,0.71060,-0.00390,-0.10173,-0.00282,0.31100
Les Miserables,0.71078,-0.00436,-0.10186,-0.00275,0.30900
Les Miserables,0.71096,-0.00452,-0.10184,-0.00271,0.31000
Les Miserables,0.71114,-0.00366,-0.10185,-0.00285,0.30900
Les Miserables,0.71131,-0.00272,-0.10279,-0.00296,0.30700
Les Miserables,0.71149,-0.00248,-0.10456,-0.00292,0.30700
Les Miserables,0.71167,-0.00207,-0.10615,-0.00277,0.30700
Les Miserables,0.71185,-0.00223,-0.10710,-0.00310,0.30600
Les Miserables,0.71203,-0.00167,-0.10808,-0.00295,0.30500
Les Miserables,0.71221,-0.00126,-0.10878,-0.00317,0.30500
Les Miserables,0.71239,-0.00068,-0.10896,-0.00310,0.30500
Les Miserables,0.71257,-0.00026,-0.10807,-0.00314,0.30400
Les Miserables,0.71275,-0.00152,-0.10867,-0.00325,0.30400
Les Miserables,0.71293,-0.00041,-0.10814,-0.00350,0.30500
Les Miserables,0.71311,0.00011,-0.10812,-0.00370,0.30500
Les Miserables,0.71329,-0.00009,-0.10809,-0.00250,0.30600
Les Miserables,0.71347,-0.00006,-0.11058,-0.00265,0.30500
Les Miserables,0.71365,-0.00028,-0.10979,-0.00278,0.30400
Les Miserables,0.71382,0.00161,-0.10806,-0.00361,0.30500
Les Miserables,0.71400,0.00268,-0.10772,-0.00381,0.30500
Les Miserables,0.71418,0.00309,-0.10703,-0.00389,0.30600
Les Miserables,0.71436,0.00479,-0.10442,-0.00396,0.30800
Les Miserables,0.71454,0.00429,-0.10326,-0.00407,0.31000
Les Miserables,0.71472,0.00457,-0.10324,-0.00388,0.31000
Les Miserables,0.71490,0.00573,-0.10160,-0.00373,0.31100
Les Miserables,0.71508,0.00676,-0.10165,-0.00383,0.31200
Les Miserables,0.71526,0.00644,-0.10025,-0.00405,0.31100
Les Miserables,0.71544,0.00652,-0.09916,-0.00459,0.31100
Les Miserables,0.71562,0.00793,-0.09832,-0.00511,0.31100
Les Miserables,0.71580,0.00890,-0.09668,-0.00528,0.31100
Les Miserables,0.71598,0.01104,-0.09609,-0.00555,0.31100
Les Miserables,0.71616,0.01097,-0.09498,-0.00583,0.31000
Les Miserables,0.71633,0.01212,-0.09347,-0.00543,0.31000
Les Miserables,0.71651,0.01302,-0.09147,-0.00546,0.31100
Les Miserables,0.71669,0.01395,-0.09069,-0.00581,0.31000
Les Miserables,0.71687,0.01456,-0.08955,-0.00585,0.30900
Les Miserables,0.71705,0.01440,-0.08905,-0.00650,0.30900
Les Miserables,0.71723,0.01574,-0.08940,-0.00693,0.30900
Les Miserables,0.71741,0.01723,-0.08891,-0.00693,0.30800
Les Miserables,0.71759,0.01823,-0.08760,-0.00681,0.30800
Les Miserables,0.71777,0.01845,-0.08682,-0.00666,0.30800
Les Miserables,0.71795,0.01962,-0.08439,-0.00757,0.30800
Les Miserables,0.71813,0.02039,-0.08415,-0.00781,0.30800
Les Miserables,0.71831,0.02213,-0.08424,-0.00790,0.31000
Les Miserables,0.71849,0.02289,-0.08485,-0.00827,0.30900
Les Miserables,0.71867,0.02270,-0.08411,-0.00826,0.31000
Les Miserables,0.71885,0.02303,-0.08380,-0.00839,0.31000
Les Miserables,0.71902,0.02353,-0.08380,-0.00866,0.31100
Les Miserables,0.71920,0.02385,-0.08341,-0.00894,0.31300
Les Miserables,0.71938,0.02563,-0.08352,-0.00923,0.31300
Les Miserables,0.71956,0.02603,-0.08213,-0.00889,0.31300
Les Miserables,0.71974,0.02897,-0.08176,-0.00876,0.31300
Les Miserables,0.71992,0.02871,-0.08115,-0.00899,0.31300
Les Miserables,0.72010,0.02821,-0.07958,-0.00918,0.31300
Les Miserables,0.72028,0.02774,-0.07847,-0.00948,0.31200
Les Miserables,0.72046,0.02754,-0.07982,-0.00963,0.31200
Les Miserables,0.72064,0.02747,-0.07917,-0.00937,0.31000
Les Miserables,0.72082,0.02807,-0.07846,-0.00959,0.31100
Les Miserables,0.72100,0.02809,-0.07894,-0.01029,0.31000
Les Miserables,0.72118,0.02788,-0.07833,-0.01051,0.30900
Les Miserables,0.72136,0.02820,-0.07767,-0.01055,0.30900
Les Miserables,0.72153,0.02818,-0.07796,-0.01077,0.30800
Les Miserables,0.72171,0.02787,-0.07726,-0.01095,0.30800
Les Miserables,0.72189,0.02940,-0.07579,-0.01135,0.30800
Les Miserables,0.72207,0.02920,-0.07587,-0.01172,0.30800
Les Miserables,0.72225,0.02850,-0.07525,-0.01165,0.30800
Les Miserables,0.72243,0.02724,-0.07432,-0.01183,0.30600
Les Miserables,0.72261,0.02658,-0.07380,-0.01198,0.30500
Les Miserables,0.72279,0.02645,-0.07399,-0.01231,0.30500
Les Miserables,0.72297,0.02560,-0.07345,-0.01320,0.30300
Les Miserables,0.72315,0.02541,-0.07198,-0.01315,0.30400
Les Miserables,0.72333,0.02596,-0.07010,-0.01320,0.30300
Les Miserables,0.72351,0.02531,-0.06995,-0.01349,0.30400
Les Miserables,0.72369,0.02307,-0.06848,-0.01401,0.30600
Les Miserables,0.72387,0.02300,-0.06937,-0.01439,0.30600
Les Miserables,0.72405,0.02363,-0.06870,-0.01473,0.30500
Les Miserables,0.72422,0.02330,-0.06755,-0.01491,0.30400
Les Miserables,0.72440,0.02278,-0.06612,-0.01532,0.30300
Les Miserables,0.72458,0.02189,-0.06440,-0.01592,0.30200
Les Miserables,0.72476,0.02196,-0.06387,-0.01587,0.30100
Les Miserables,0.72494,0.02067,-0.06366,-0.01623,0.30100
Les Miserables,0.72512,0.02005,-0.06228,-0.01613,0.29900
Les Miserables,0.72530,0.02032,-0.06157,-0.01649,0.29900
Les Miserables,0.72548,0.02177,-0.06147,-0.01664,0.29900
Les Miserables,0.72566,0.02196,-0.06089,-0.01677,0.29800
Les Miserables,0.72584,0.02235,-0.05978,-0.01699,0.29800
Les Miserables,0.72602,0.02210,-0.05940,-0.01684,0.29800
Les Miserables,0.72620,0.02179,-0.05886,-0.01711,0.29900
Les Miserables,0.72638,0.02306,-0.05777,-0.01717,0.29900
Les Miserables,0.72656,0.02450,-0.05749,-0.01770,0.29800
Les Miserables,0.72673,0.02468,-0.05643,-0.01794,0.29800
Les Miserables,0.72691,0.02535,-0.05575,-0.01818,0.29800
Les Miserables,0.72709,0.02554,-0.05439,-0.01823,0.29900
Les Miserables,0.72727,0.02596,-0.05358,-0.01792,0.29900
Les Miserables,0.72745,0.02564,-0.05332,-0.01841,0.30000
Les Miserables,0.72763,0.02506,-0.05324,-0.01866,0.30100
Les Miserables,0.72781,0.02522,-0.05270,-0.01884,0.30100
Les Miserables,0.72799,0.02591,-0.05350,-0.01927,0.30000
Les Miserables,0.72817,0.02615,-0.05281,-0.01934,0.30000
Les Miserables,0.72835,0.02610,-0.05293,-0.01932,0.30000
Les Miserables,0.72853,0.02680,-0.05192,-0.01949,0.30000
Les Miserables,0.72871,0.02756,-0.05036,-0.01950,0.30100
Les Miserables,0.72889,0.02802,-0.05006,-0.01932,0.30100
Les Miserables,0.72907,0.02671,-0.04859,-0.01930,0.30100
Les Miserables,0.72925,0.02677,-0.04867,-0.01884,0.30200
Les Miserables,0.72942,0.02647,-0.04770,-0.01917,0.30100
Les Miserables,0.72960,0.02577,-0.04679,-0.01943,0.30100
Les Miserables,0.72978,0.02563,-0.04596,-0.01955,0.30200
Les Miserables,0.72996,0.02538,-0.04552,-0.01920,0.30200
Les Miserables,0.73014,0.02492,-0.04470,-0.01872,0.30200
Les Miserables,0.73032,0.02513,-0.04323,-0.01876,0.30300
Les Miserables,0.73050,0.02584,-0.04327,-0.01891,0.30300
Les Miserables,0.73068,0.02610,-0.04234,-0.01892,0.30300
Les Miserables,0.73086,0.02448,-0.04311,-0.01870,0.30300
Les Miserables,0.73104,0.02456,-0.04363,-0.01855,0.30300
Les Miserables,0.73122,0.02475,-0.04416,-0.01947,0.30100
Les Miserables,0.73140,0.02396,-0.04508,-0.01943,0.30200
Les Miserables,0.73158,0.02325,-0.04481,-0.01963,0.30200
Les Miserables,0.73176,0.02106,-0.04569,-0.01904,0.30300
Les Miserables,0.73193,0.02016,-0.04558,-0.01893,0.30200
Les Miserables,0.73211,0.01890,-0.04488,-0.01904,0.30000
Les Miserables,0.73229,0.01713,-0.04647,-0.01884,0.30000
Les Miserables,0.73247,0.01864,-0.04705,-0.01897,0.29900
Les Miserables,0.73265,0.01839,-0.04733,-0.01928,0.30000
Les Miserables,0.73283,0.01772,-0.04818,-0.01962,0.29900
Les Miserables,0.73301,0.01567,-0.04797,-0.01948,0.29800
Les Miserables,0.73319,0.01534,-0.04814,-0.01904,0.29900
Les Miserables,0.73337,0.01524,-0.04928,-0.01848,0.29900
Les Miserables,0.73355,0.01435,-0.04872,-0.01811,0.29900
Les Miserables,0.73373,0.01336,-0.04994,-0.01788,0.29900
Les Miserables,0.73391,0.01189,-0.05060,-0.01798,0.30000
Les Miserables,0.73409,0.01181,-0.05075,-0.01748,0.30000
Les Miserables,0.73427,0.01179,-0.05165,-0.01808,0.29900
Les Miserables,0.73445,0.01087,-0.05336,-0.01820,0.29800
Les Miserables,0.73462,0.00979,-0.05379,-0.01809,0.29800
Les Miserables,0.73480,0.00944,-0.05354,-0.01774,0.29700
Les Miserables,0.73498,0.01025,-0.05299,-0.01762,0.29700
Les Miserables,0.73516,0.00931,-0.05264,-0.01697,0.29600
Les Miserables,0.73534,0.00797,-0.05283,-0.01690,0.29500
Les Miserables,0.73552,0.00732,-0.05343,-0.01660,0.29500
Les Miserables,0.73570,0.00772,-0.05421,-0.01633,0.29600
Les Miserables,0.73588,0.00690,-0.05719,-0.01602,0.29500
Les Miserables,0.73606,0.00748,-0.05819,-0.01552,0.29400
Les Miserables,0.73624,0.00574,-0.05820,-0.01546,0.29300
Les Miserables,0.73642,0.00528,-0.05817,-0.01557,0.29300
Les Miserables,0.73660,0.00447,-0.06027,-0.01565,0.29200
Les Miserables,0.73678,0.00201,-0.06078,-0.01541,0.29100
Les Miserables,0.73696,0.00032,-0.06053,-0.01555,0.29100
Les Miserables,0.73713,-0.00176,-0.05965,-0.01552,0.29000
Les Miserables,0.73731,-0.00319,-0.05869,-0.01547,0.29000
Les Miserables,0.73749,-0.00365,-0.06016,-0.01572,0.28900
Les Miserables,0.73767,-0.00646,-0.06133,-0.01543,0.29000
Les Miserables,0.73785,-0.00735,-0.06325,-0.01521,0.29100
Les Miserables,0.73803,-0.00725,-0.06487,-0.01535,0.29000
Les Miserables,0.73821,-0.00846,-0.06559,-0.01512,0.29000
Les Miserables,0.73839,-0.00781,-0.06578,-0.01512,0.29000
Les Miserables,0.73857,-0.00797,-0.06639,-0.01510,0.29000
Les Miserables,0.73875,-0.00798,-0.06650,-0.01476,0.28900
Les Miserables,0.73893,-0.00697,-0.06555,-0.01422,0.28900
Les Miserables,0.73911,-0.00782,-0.06554,-0.01348,0.28900
Les Miserables,0.73929,-0.00923,-0.06651,-0.01330,0.29000
Les Miserables,0.73947,-0.01012,-0.06714,-0.01301,0.28900
Les Miserables,0.73964,-0.01073,-0.06738,-0.01263,0.29000
Les Miserables,0.73982,-0.01304,-0.06992,-0.01208,0.28900
Les Miserables,0.74000,-0.01351,-0.07061,-0.01178,0.28800
Les Miserables,0.74018,-0.01394,-0.07167,-0.01167,0.28700
Les Miserables,0.74036,-0.01462,-0.07284,-0.01163,0.28800
Les Miserables,0.74054,-0.01440,-0.07304,-0.01143,0.28900
Les Miserables,0.74072,-0.01506,-0.07377,-0.01128,0.28800
Les Miserables,0.74090,-0.01486,-0.07424,-0.01102,0.28800
Les Miserables,0.74108,-0.01399,-0.07546,-0.01044,0.28800
Les Miserables,0.74126,-0.01452,-0.07813,-0.01048,0.28800
Les Miserables,0.74144,-0.01391,-0.07706,-0.01036,0.28700
Les Miserables,0.74162,-0.01288,-0.07821,-0.00977,0.28500
Les Miserables,0.74180,-0.01210,-0.07780,-0.00965,0.28600
Les Miserables,0.74198,-0.01173,-0.07960,-0.00971,0.28700
Les Miserables,0.74216,-0.01009,-0.07988,-0.00946,0.28900
Les Miserables,0.74233,-0.00881,-0.07970,-0.00882,0.29000
Les Miserables,0.74251,-0.00787,-0.08120,-0.00842,0.29100
Les Miserables,0.74269,-0.00664,-0.08162,-0.00859,0.29000
Les Miserables,0.74287,-0.00532,-0.08139,-0.00844,0.29100
Les Miserables,0.74305,-0.00439,-0.08197,-0.00849,0.29100
Les Miserables,0.74323,-0.00448,-0.08359,-0.00823,0.29100
Les Miserables,0.74341,-0.00409,-0.08393,-0.00812,0.29100
Les Miserables,0.74359,-0.00364,-0.08284,-0.00822,0.29300
Les Miserables,0.74377,-0.00361,-0.08373,-0.00771,0.29300
Les Miserables,0.74395,-0.00377,-0.08503,-0.00735,0.29400
Les Miserables,0.74413,-0.00376,-0.08643,-0.00696,0.29300
Les Miserables,0.74431,-0.00447,-0.08711,-0.00649,0.29200
Les Miserables,0.74449,-0.00461,-0.08729,-0.00573,0.29100
Les Miserables,0.74467,-0.00456,-0.08690,-0.00566,0.29200
Les Miserables,0.74484,-0.00581,-0.08874,-0.00555,0.29200
Les Miserables,0.74502,-0.00793,-0.08945,-0.00552,0.29200
Les Miserables,0.74520,-0.00829,-0.08989,-0.00526,0.29300
Les Miserables,0.74538,-0.00834,-0.08935,-0.00486,0.29300
Les Miserables,0.74556,-0.00709,-0.09059,-0.00512,0.29400
Les Miserables,0.74574,-0.00730,-0.09084,-0.00438,0.29400
Les Miserables,0.74592,-0.00772,-0.08871,-0.00435,0.29400
Les Miserables,0.74610,-0.00739,-0.08929,-0.00403,0.29400
Les Miserables,0.74628,-0.00712,-0.08935,-0.00400,0.29400
Les Miserables,0.74646,-0.00789,-0.09080,-0.00421,0.29500
Les Miserables,0.74664,-0.00942,-0.09252,-0.00417,0.29500
Les Miserables,0.74682,-0.00944,-0.09259,-0.00429,0.29400
Les Miserables,0.74700,-0.00920,-0.09385,-0.00428,0.29500
Les Miserables,0.74718,-0.01015,-0.09297,-0.00435,0.29600
Les Miserables,0.74736,-0.00900,-0.09312,-0.00381,0.29700
Les Miserables,0.74753,-0.00688,-0.09297,-0.00416,0.29700
Les Miserables,0.74771,-0.00529,-0.09395,-0.00352,0.29700
Les Miserables,0.74789,-0.00480,-0.09357,-0.00390,0.29800
Les Miserables,0.74807,-0.00617,-0.09415,-0.00419,0.29800
Les Miserables,0.74825,-0.00678,-0.09494,-0.00429,0.29800
Les Miserables,0.74843,-0.00721,-0.09568,-0.00440,0.29700
Les Miserables,0.74861,-0.00607,-0.09574,-0.00420,0.29800
Les Miserables,0.74879,-0.00570,-0.09573,-0.00397,0.29800
Les Miserables,0.74897,-0.00628,-0.09497,-0.00448,0.29800
Les Miserables,0.74915,-0.00701,-0.09477,-0.00498,0.29800
Les Miserables,0.74933,-0.00564,-0.09420,-0.00516,0.29800
Les Miserables,0.74951,-0.00556,-0.09511,-0.00486,0.29700
Les Miserables,0.74969,-0.00499,-0.09534,-0.00469,0.29600
Les Miserables,0.74987,-0.00374,-0.09535,-0.00484,0.29500
Les Miserables,0.75004,-0.00228,-0.09544,-0.00480,0.29600
Les Miserables,0.75022,-0.00247,-0.09550,-0.00517,0.29600
Les Miserables,0.75040,-0.00325,-0.09400,-0.00518,0.29600
Les Miserables,0.75058,-0.00393,-0.09381,-0.00463,0.29500
Les Miserables,0.75076,-0.00437,-0.09396,-0.00464,0.29500
Les Miserables,0.75094,-0.00415,-0.09417,-0.00508,0.29500
Les Miserables,0.75112,-0.00392,-0.09455,-0.00529,0.29500
Les Miserables,0.75130,-0.00514,-0.09371,-0.00585,0.29600
Les Miserables,0.75148,-0.00616,-0.09389,-0.00569,0.29600
Les Miserables,0.75166,-0.00607,-0.09399,-0.00610,0.29500
Les Miserables,0.75184,-0.00705,-0.09421,-0.00579,0.29400
Les Miserables,0.75202,-0.00781,-0.09383,-0.00654,0.29400
Les Miserables,0.75220,-0.00843,-0.09439,-0.00654,0.29300
Les Miserables,0.75238,-0.00902,-0.09430,-0.00616,0.29200
Les Miserables,0.75256,-0.00911,-0.09422,-0.00590,0.29100
Les Miserables,0.75273,-0.00918,-0.09493,-0.00609,0.29000
Les Miserables,0.75291,-0.01042,-0.09520,-0.00571,0.28800
Les Miserables,0.75309,-0.01109,-0.09565,-0.00569,0.28800
Les Miserables,0.75327,-0.01142,-0.09640,-0.00582,0.28900
Les Miserables,0.75345,-0.01194,-0.09607,-0.00628,0.28900
Les Miserables,0.75363,-0.01233,-0.09594,-0.00637,0.29000
Les Miserables,0.75381,-0.01204,-0.09516,-0.00601,0.28900
Les Miserables,0.75399,-0.01241,-0.09468,-0.00651,0.28900
Les Miserables,0.75417,-0.01294,-0.09419,-0.00644,0.28900
Les Miserables,0.75435,-0.01270,-0.09426,-0.00610,0.28900
Les Miserables,0.75453,-0.01279,-0.09312,-0.00613,0.28900
Les Miserables,0.75471,-0.01060,-0.09351,-0.00644,0.28900
Les Miserables,0.75489,-0.00944,-0.09384,-0.00616,0.28900
Les Miserables,0.75507,-0.00849,-0.09468,-0.00648,0.28900
Les Miserables,0.75524,-0.00663,-0.09469,-0.00673,0.29000
Les Miserables,0.75542,-0.00672,-0.09401,-0.00672,0.28900
Les Miserables,0.75560,-0.00627,-0.09264,-0.00707,0.28800
Les Miserables,0.75578,-0.00399,-0.09152,-0.00707,0.28900
Les Miserables,0.75596,-0.00384,-0.09045,-0.00655,0.28900
Les Miserables,0.75614,-0.00381,-0.08989,-0.00663,0.28900
Les Miserables,0.75632,-0.00563,-0.08923,-0.00716,0.29000
Les Miserables,0.75650,-0.00587,-0.08853,-0.00748,0.29200
Les Miserables,0.75668,-0.00749,-0.08810,-0.00789,0.29200
Les Miserables,0.75686,-0.00924,-0.08770,-0.00811,0.29200
Les Miserables,0.75704,-0.00920,-0.08812,-0.00840,0.29300
Les Miserables,0.75722,-0.00790,-0.08795,-0.00875,0.29300
Les Miserables,0.75740,-0.00784,-0.08662,-0.00876,0.29300
Les Miserables,0.75758,-0.00721,-0.08596,-0.00898,0.29300
Les Miserables,0.75776,-0.00576,-0.08359,-0.00961,0.29300
Les Miserables,0.75793,-0.00437,-0.08170,-0.01000,0.29500
Les Miserables,0.75811,-0.00300,-0.08158,-0.01064,0.29700
Les Miserables,0.75829,-0.00237,-0.08143,-0.01070,0.29700
Les Miserables,0.75847,-0.00203,-0.08012,-0.01085,0.29700
Les Miserables,0.75865,-0.00122,-0.08004,-0.01069,0.29800
Les Miserables,0.75883,-0.00183,-0.07905,-0.01067,0.29800
Les Miserables,0.75901,-0.00228,-0.07880,-0.01122,0.29700
Les Miserables,0.75919,-0.00303,-0.07781,-0.01118,0.29600
Les Miserables,0.75937,-0.00317,-0.07818,-0.01123,0.29700
Les Miserables,0.75955,-0.00375,-0.07723,-0.01170,0.29700
Les Miserables,0.75973,-0.00454,-0.07626,-0.01181,0.29700
Les Miserables,0.75991,-0.00474,-0.07493,-0.01179,0.29500
Les Miserables,0.76009,-0.00650,-0.07523,-0.01199,0.29500
Les Miserables,0.76027,-0.00860,-0.07591,-0.01236,0.29400
Les Miserables,0.76044,-0.00900,-0.07487,-0.01256,0.29300
Les Miserables,0.76062,-0.01000,-0.07527,-0.01214,0.29300
Les Miserables,0.76080,-0.00950,-0.07481,-0.01213,0.29400
Les Miserables,0.76098,-0.01088,-0.07401,-0.01167,0.29400
Les Miserables,0.76116,-0.01205,-0.07344,-0.01200,0.29400
Les Miserables,0.76134,-0.01335,-0.07248,-0.01244,0.29500
Les Miserables,0.76152,-0.01291,-0.07240,-0.01231,0.29400
Les Miserables,0.76170,-0.01181,-0.07044,-0.01290,0.29400
Les Miserables,0.76188,-0.01155,-0.06924,-0.01360,0.29300
Les Miserables,0.76206,-0.01153,-0.06825,-0.01339,0.29400
Les Miserables,0.76224,-0.01067,-0.06781,-0.01365,0.29500
Les Miserables,0.76242,-0.01066,-0.06775,-0.01408,0.29700
Les Miserables,0.76260,-0.01119,-0.06819,-0.01421,0.29600
Les Miserables,0.76278,-0.01150,-0.06766,-0.01439,0.29600
Les Miserables,0.76295,-0.01072,-0.06795,-0.01444,0.29600
Les Miserables,0.76313,-0.00993,-0.06759,-0.01523,0.29500
Les Miserables,0.76331,-0.00843,-0.06891,-0.01484,0.29400
Les Miserables,0.76349,-0.00875,-0.06618,-0.01450,0.29300
Les Miserables,0.76367,-0.00816,-0.06473,-0.01494,0.29300
Les Miserables,0.76385,-0.00677,-0.06708,-0.01495,0.29200
Les Miserables,0.76403,-0.00713,-0.06580,-0.01490,0.29200
Les Miserables,0.76421,-0.00666,-0.06511,-0.01459,0.29100
Les Miserables,0.76439,-0.00695,-0.06344,-0.01424,0.29100
Les Miserables,0.76457,-0.00527,-0.06336,-0.01424,0.29100
Les Miserables,0.76475,-0.00454,-0.06363,-0.01460,0.29200
Les Miserables,0.76493,-0.00329,-0.06193,-0.01488,0.29200
Les Miserables,0.76511,-0.00203,-0.06106,-0.01530,0.29300
Les Miserables,0.76529,-0.00304,-0.05890,-0.01628,0.29200
Les Miserables,0.76547,-0.00307,-0.05869,-0.01625,0.29200
Les Miserables,0.76564,-0.00296,-0.05738,-0.01718,0.29200
Les Miserables,0.76582,-0.00180,-0.05824,-0.01770,0.29200
Les Miserables,0.76600,0.00044,-0.05813,-0.01827,0.29100
Les Miserables,0.76618,0.00267,-0.05800,-0.01850,0.29200
Les Miserables,0.76636,0.00235,-0.05633,-0.01836,0.29200
Les Miserables,0.76654,0.00173,-0.05666,-0.01828,0.29300
Les Miserables,0.76672,0.00192,-0.05601,-0.01847,0.29400
Les Miserables,0.76690,0.00177,-0.05631,-0.01775,0.29400
Les Miserables,0.76708,0.00248,-0.05494,-0.01712,0.29400
Les Miserables,0.76726,0.00186,-0.05466,-0.01726,0.29300
Les Miserables,0.76744,0.00221,-0.05399,-0.01750,0.29200
Les Miserables,0.76762,0.00222,-0.05402,-0.01788,0.29400
Les Miserables,0.76780,0.00026,-0.05451,-0.01827,0.29400
Les Miserables,0.76798,-0.00107,-0.05368,-0.01888,0.29400
Les Miserables,0.76815,-0.00030,-0.05312,-0.01890,0.29300
Les Miserables,0.76833,-0.00032,-0.05456,-0.01892,0.29300
Les Miserables,0.76851,0.00017,-0.05439,-0.01913,0.29300
Les Miserables,0.76869,0.00090,-0.05422,-0.01883,0.29200
Les Miserables,0.76887,0.00172,-0.05335,-0.01815,0.29300
Les Miserables,0.76905,0.00236,-0.05374,-0.01832,0.29200
Les Miserables,0.76923,0.00271,-0.05279,-0.01767,0.29200
Les Miserables,0.76941,0.00352,-0.05301,-0.01793,0.29300
Les Miserables,0.76959,0.00337,-0.05273,-0.01818,0.29500
Les Miserables,0.76977,0.00439,-0.05286,-0.01814,0.29600
Les Miserables,0.76995,0.00507,-0.05370,-0.01779,0.29600
Les Miserables,0.77013,0.00414,-0.05266,-0.01777,0.29900
Les Miserables,0.77031,0.00430,-0.05280,-0.01813,0.30100
Les Miserables,0.77049,0.00427,-0.05245,-0.01837,0.30200
Les Miserables,0.77067,0.00382,-0.05161,-0.01859,0.30400
Les Miserables,0.77084,0.00499,-0.05031,-0.01870,0.30600
Les Miserables,0.77102,0.00579,-0.04907,-0.01885,0.30700
Les Miserables,0.77120,0.00616,-0.04773,-0.01884,0.30700
Les Miserables,0.77138,0.00627,-0.04726,-0.01875,0.30700
Les Miserables,0.77156,0.00604,-0.04657,-0.01876,0.30600
Les Miserables,0.77174,0.00574,-0.04608,-0.01875,0.30600
Les Miserables,0.77192,0.00581,-0.04515,-0.01887,0.30600
Les Miserables,0.77210,0.00525,-0.04452,-0.01923,0.30600
Les Miserables,0.77228,0.00493,-0.04395,-0.01962,0.30600
Les Miserables,0.77246,0.00504,-0.04240,-0.01984,0.30600
Les Miserables,0.77264,0.00421,-0.04138,-0.01954,0.30600
Les Miserables,0.77282,0.00541,-0.04037,-0.01955,0.30500
Les Miserables,0.77300,0.00644,-0.03962,-0.01921,0.30500
Les Miserables,0.77318,0.00600,-0.03806,-0.01889,0.30300
Les Miserables,0.77335,0.00557,-0.03821,-0.01891,0.30400
Les Miserables,0.77353,0.00499,-0.03839,-0.01865,0.30400
Les Miserables,0.77371,0.00424,-0.03801,-0.01841,0.30300
Les Miserables,0.77389,0.00447,-0.03701,-0.01867,0.30300
Les Miserables,0.77407,0.00449,-0.03702,-0.01868,0.30300
Les Miserables,0.77425,0.00504,-0.03638,-0.01841,0.30300
Les Miserables,0.77443,0.00490,-0.03654,-0.01822,0.30300
Les Miserables,0.77461,0.00503,-0.03630,-0.01813,0.30300
Les Miserables,0.77479,0.00520,-0.03654,-0.01814,0.30200
Les Miserables,0.77497,0.00595,-0.03681,-0.01821,0.30100
Les Miserables,0.77515,0.00528,-0.03541,-0.01781,0.30100
Les Miserables,0.77533,0.00577,-0.03687,-0.01779,0.30000
Les Miserables,0.77551,0.00628,-0.03699,-0.01741,0.30100
Les Miserables,0.77569,0.00510,-0.03729,-0.01659,0.30100
Les Miserables,0.77587,0.00388,-0.03834,-0.01641,0.30000
Les Miserables,0.77604,0.00336,-0.03798,-0.01541,0.29800
Les Miserables,0.77622,0.00340,-0.03795,-0.01499,0.29800
Les Miserables,0.77640,0.00309,-0.03857,-0.01467,0.29800
Les Miserables,0.77658,0.00243,-0.03936,-0.01494,0.29800
Les Miserables,0.77676,0.00249,-0.04097,-0.01517,0.29700
Les Miserables,0.77694,0.00250,-0.04171,-0.01497,0.29800
Les Miserables,0.77712,0.00284,-0.04186,-0.01458,0.29900
Les Miserables,0.77730,0.00349,-0.04236,-0.01448,0.29900
Les Miserables,0.77748,0.00388,-0.04218,-0.01406,0.29800
Les Miserables,0.77766,0.00511,-0.04238,-0.01353,0.29800
Les Miserables,0.77784,0.00495,-0.04288,-0.01345,0.29800
Les Miserables,0.77802,0.00530,-0.04308,-0.01320,0.29800
Les Miserables,0.77820,0.00600,-0.04401,-0.01282,0.29900
Les Miserables,0.77838,0.00685,-0.04472,-0.01294,0.30000
Les Miserables,0.77855,0.00733,-0.04476,-0.01334,0.30000
Les Miserables,0.77873,0.00726,-0.04543,-0.01346,0.29900
Les Miserables,0.77891,0.00782,-0.04606,-0.01376,0.29900
Les Miserables,0.77909,0.00849,-0.04578,-0.01389,0.29900
Les Miserables,0.77927,0.00817,-0.04601,-0.01342,0.29800
Les Miserables,0.77945,0.00805,-0.04708,-0.01295,0.29900
Les Miserables,0.77963,0.00622,-0.04859,-0.01283,0.29800
Les Miserables,0.77981,0.00549,-0.05016,-0.01285,0.29800
Les Miserables,0.77999,0.00482,-0.05037,-0.01338,0.29800
Les Miserables,0.78017,0.00337,-0.05149,-0.01295,0.29800
Les Miserables,0.78035,0.00252,-0.05252,-0.01255,0.29800
Les Miserables,0.78053,0.00284,-0.05295,-0.01220,0.29800
Les Miserables,0.78071,0.00322,-0.05303,-0.01172,0.29800
Les Miserables,0.78089,0.00447,-0.05378,-0.01156,0.29800
Les Miserables,0.78107,0.00423,-0.05465,-0.01125,0.29900
Les Miserables,0.78124,0.00372,-0.05438,-0.01156,0.29900
Les Miserables,0.78142,0.00280,-0.05630,-0.01162,0.30000
Les Miserables,0.78160,0.00172,-0.05837,-0.01154,0.30100
Les Miserables,0.78178,0.00033,-0.05837,-0.01166,0.30100
Les Miserables,0.78196,0.00027,-0.05930,-0.01159,0.30100
Les Miserables,0.78214,-0.00017,-0.06013,-0.01191,0.30200
Les Miserables,0.78232,0.00030,-0.06000,-0.01188,0.30200
Les Miserables,0.78250,-0.00041,-0.06006,-0.01177,0.30200
Les Miserables,0.78268,-0.00012,-0.05993,-0.01101,0.30200
Les Miserables,0.78286,-0.00043,-0.06245,-0.01014,0.30300
Les Miserables,0.78304,-0.00052,-0.06467,-0.00958,0.30300
Les Miserables,0.78322,0.00068,-0.06752,-0.00929,0.30400
Les Miserables,0.78340,-0.00025,-0.06841,-0.00890,0.30300
Les Miserables,0.78358,-0.00129,-0.06895,-0.00869,0.30100
Les Miserables,0.78375,-0.00236,-0.06837,-0.00824,0.30200
Les Miserables,0.78393,-0.00403,-0.06755,-0.00773,0.30100
Les Miserables,0.78411,-0.00492,-0.06775,-0.00740,0.30100
Les Miserables,0.78429,-0.00433,-0.06932,-0.00734,0.30100
Les Miserables,0.78447,-0.00407,-0.06857,-0.00732,0.30100
Les Miserables,0.78465,-0.00313,-0.06934,-0.00741,0.30000
Les Miserables,0.78483,-0.00238,-0.06964,-0.00813,0.30000
Les Miserables,0.78501,-0.00244,-0.07169,-0.00860,0.30100
Les Miserables,0.78519,-0.00261,-0.07071,-0.00838,0.30200
Les Miserables,0.78537,-0.00300,-0.07008,-0.00827,0.30300
Les Miserables,0.78555,-0.00379,-0.07067,-0.00781,0.30200
Les Miserables,0.78573,-0.00352,-0.07106,-0.00749,0.30200
Les Miserables,0.78591,-0.00428,-0.07193,-0.00725,0.30200
Les Miserables,0.78609,-0.00457,-0.07271,-0.00687,0.30300
Les Miserables,0.78627,-0.00453,-0.07206,-0.00640,0.30300
Les Miserables,0.78644,-0.00400,-0.07347,-0.00646,0.30300
Les Miserables,0.78662,-0.00423,-0.07371,-0.00604,0.30300
Les Miserables,0.78680,-0.00447,-0.07528,-0.00630,0.30300
Les Miserables,0.78698,-0.00397,-0.07626,-0.00625,0.30300
Les Miserables,0.78716,-0.00378,-0.07706,-0.00644,0.30200
Les Miserables,0.78734,-0.00519,-0.07650,-0.00597,0.30100
Les Miserables,0.78752,-0.00547,-0.07751,-0.00553,0.30000
Les Miserables,0.78770,-0.00578,-0.07735,-0.00544,0.30000
Les Miserables,0.78788,-0.00573,-0.07682,-0.00528,0.30000
Les Miserables,0.78806,-0.00572,-0.07723,-0.00536,0.29800
Les Miserables,0.78824,-0.00546,-0.07688,-0.00493,0.29800
Les Miserables,0.78842,-0.00517,-0.07664,-0.00479,0.29800
Les Miserables,0.78860,-0.00480,-0.07719,-0.00414,0.29700
Les Miserables,0.78878,-0.00566,-0.07847,-0.00384,0.29400
Les Miserables,0.78895,-0.00603,-0.07949,-0.00374,0.29400
Les Miserables,0.78913,-0.00600,-0.08086,-0.00363,0.29400
Les Miserables,0.78931,-0.00592,-0.08219,-0.00344,0.29400
Les Miserables,0.78949,-0.00624,-0.08277,-0.00357,0.29400
Les Miserables,0.78967,-0.00524,-0.08340,-0.00338,0.29600
Les Miserables,0.78985,-0.00519,-0.08373,-0.00301,0.29600
Les Miserables,0.79003,-0.00398,-0.08425,-0.00307,0.29600
Les Miserables,0.79021,-0.00412,-0.08484,-0.00270,0.29700
Les Miserables,0.79039,-0.00365,-0.08609,-0.00267,0.29600
Les Miserables,0.79057,-0.00374,-0.08600,-0.00332,0.29700
Les Miserables,0.79075,-0.00442,-0.08670,-0.00319,0.29700
Les Miserables,0.79093,-0.00542,-0.08678,-0.00305,0.29600
Les Miserables,0.79111,-0.00599,-0.08736,-0.00321,0.29600
Les Miserables,0.79129,-0.00460,-0.08765,-0.00357,0.29700
Les Miserables,0.79146,-0.00332,-0.08782,-0.00418,0.29800
Les Miserables,0.79164,-0.00439,-0.08704,-0.00436,0.29700
Les Miserables,0.79182,-0.00444,-0.08840,-0.00431,0.29700
Les Miserables,0.79200,-0.00309,-0.08820,-0.00438,0.29600
Les Miserables,0.79218,-0.00180,-0.08872,-0.00431,0.29600
Les Miserables,0.79236,-0.00071,-0.08860,-0.00429,0.29600
Les Miserables,0.79254,-0.00008,-0.08921,-0.00442,0.29700
Les Miserables,0.79272,0.00061,-0.08886,-0.00436,0.29700
Les Miserables,0.79290,-0.00121,-0.08709,-0.00444,0.29800
Les Miserables,0.79308,-0.00095,-0.08702,-0.00479,0.29900
Les Miserables,0.79326,-0.00102,-0.08588,-0.00481,0.29900
Les Miserables,0.79344,-0.00089,-0.08572,-0.00543,0.29800
Les Miserables,0.79362,-0.00121,-0.08605,-0.00629,0.29800
Les Miserables,0.79380,-0.00070,-0.08446,-0.00690,0.29800
Les Miserables,0.79398,-0.00046,-0.08199,-0.00738,0.29800
Les Miserables,0.79415,0.00030,-0.08039,-0.00811,0.29900
Les Miserables,0.79433,0.00047,-0.07979,-0.00829,0.29900
Les Miserables,0.79451,0.00083,-0.07841,-0.00867,0.29900
Les Miserables,0.79469,0.00028,-0.07779,-0.00930,0.29900
Les Miserables,0.79487,-0.00074,-0.07753,-0.00959,0.30000
Les Miserables,0.79505,-0.00123,-0.07641,-0.01027,0.30000
Les Miserables,0.79523,-0.00312,-0.07607,-0.01065,0.30000
Les Miserables,0.79541,-0.00348,-0.07674,-0.01103,0.30100
Les Miserables,0.79559,-0.00385,-0.07690,-0.01139,0.30000
Les Miserables,0.79577,-0.00355,-0.07594,-0.01168,0.30100
Les Miserables,0.79595,-0.00262,-0.07520,-0.01196,0.30200
Les Miserables,0.79613,-0.00239,-0.07323,-0.01251,0.30100
Les Miserables,0.79631,-0.00162,-0.07160,-0.01227,0.30100
Les Miserables,0.79649,-0.00161,-0.07155,-0.01223,0.30100
Les Miserables,0.79666,-0.00259,-0.07130,-0.01237,0.30100
Les Miserables,0.79684,-0.00347,-0.07137,-0.01242,0.30000
Les Miserables,0.79702,-0.00338,-0.07204,-0.01220,0.30100
Les Miserables,0.79720,-0.00363,-0.07222,-0.01245,0.30100
Les Miserables,0.79738,-0.00383,-0.07171,-0.01278,0.30100
Les Miserables,0.79756,-0.00358,-0.07165,-0.01260,0.30100
Les Miserables,0.79774,-0.00278,-0.07147,-0.01240,0.30100
Les Miserables,0.79792,-0.00294,-0.07188,-0.01208,0.30000
Les Miserables,0.79810,-0.00263,-0.07147,-0.01235,0.30000
Les Miserables,0.79828,-0.00221,-0.07071,-0.01224,0.30000
Les Miserables,0.79846,-0.00150,-0.07005,-0.01248,0.29900
Les Miserables,0.79864,-0.00077,-0.06878,-0.01290,0.29800
Les Miserables,0.79882,-0.00018,-0.06754,-0.01313,0.29800
Les Miserables,0.79900,-0.00047,-0.06679,-0.01344,0.29700
Les Miserables,0.79918,-0.00021,-0.06625,-0.01342,0.29700
Les Miserables,0.79935,0.00100,-0.06543,-0.01321,0.29700
Les Miserables,0.79953,0.00187,-0.06521,-0.01336,0.29700
Les Miserables,0.79971,0.00202,-0.06428,-0.01303,0.29800
Les Miserables,0.79989,0.00287,-0.06474,-0.01334,0.29800
Les Miserables,0.80007,0.00331,-0.06518,-0.01360,0.29800
Les Miserables,0.80025,0.00397,-0.06557,-0.01378,0.29800
Les Miserables,0.80043,0.00451,-0.06514,-0.01376,0.29800
Les Miserables,0.80061,0.00341,-0.06555,-0.01422,0.29900
Les Miserables,0.80079,0.00213,-0.06450,-0.01499,0.29700
Les Miserables,0.80097,0.00185,-0.06318,-0.01500,0.29600
Les Miserables,0.80115,-0.00042,-0.06144,-0.01480,0.29600
Les Miserables,0.80133,0.00028,-0.06198,-0.01449,0.29700
Les Miserables,0.80151,0.00133,-0.06278,-0.01424,0.29800
Les Miserables,0.80169,0.00166,-0.06364,-0.01412,0.29800
Les Miserables,0.80186,0.00268,-0.06465,-0.01427,0.29900
Les Miserables,0.80204,0.00226,-0.06521,-0.01401,0.29900
Les Miserables,0.80222,0.00087,-0.06449,-0.01396,0.29800
Les Miserables,0.80240,-0.00034,-0.06515,-0.01364,0.29800
Les Miserables,0.80258,0.00063,-0.06488,-0.01323,0.29800
Les Miserables,0.80276,0.00023,-0.06444,-0.01296,0.29800
Les Miserables,0.80294,0.00043,-0.06360,-0.01270,0.29600
Les Miserables,0.80312,0.00108,-0.06386,-0.01291,0.29600
Les Miserables,0.80330,0.00238,-0.06499,-0.01299,0.29600
Les Miserables,0.80348,0.00301,-0.06469,-0.01352,0.29600
Les Miserables,0.80366,0.00453,-0.06468,-0.01331,0.29700
Les Miserables,0.80384,0.00665,-0.06549,-0.01317,0.29700
Les Miserables,0.80402,0.00690,-0.06589,-0.01342,0.29600
Les Miserables,0.80420,0.00662,-0.06660,-0.01398,0.29600
Les Miserables,0.80438,0.00635,-0.06585,-0.01408,0.29700
Les Miserables,0.80455,0.00624,-0.06549,-0.01505,0.29700
Les Miserables,0.80473,0.00775,-0.06500,-0.01521,0.29800
Les Miserables,0.80491,0.00670,-0.06397,-0.01485,0.29800
Les Miserables,0.80509,0.00959,-0.06531,-0.01516,0.30000
Les Miserables,0.80527,0.01166,-0.06595,-0.01560,0.30000
Les Miserables,0.80545,0.01408,-0.06643,-0.01604,0.30100
Les Miserables,0.80563,0.01602,-0.06745,-0.01641,0.30000
Les Miserables,0.80581,0.01731,-0.06870,-0.01679,0.30000
Les Miserables,0.80599,0.01947,-0.06975,-0.01722,0.30100
Les Miserables,0.80617,0.02058,-0.07119,-0.01780,0.30200
Les Miserables,0.80635,0.02129,-0.07216,-0.01805,0.30300
Les Miserables,0.80653,0.02218,-0.07251,-0.01856,0.30500
Les Miserables,0.80671,0.02259,-0.07296,-0.01862,0.30900
Les Miserables,0.80689,0.02324,-0.07290,-0.01890,0.30900
Les Miserables,0.80706,0.02384,-0.07202,-0.01899,0.30800
Les Miserables,0.80724,0.02423,-0.07188,-0.01895,0.30900
Les Miserables,0.80742,0.02437,-0.07122,-0.01915,0.30800
Les Miserables,0.80760,0.02417,-0.07146,-0.01971,0.30700
Les Miserables,0.80778,0.02407,-0.07214,-0.02014,0.30700
Les Miserables,0.80796,0.02381,-0.07232,-0.01963,0.30600
Les Miserables,0.80814,0.02369,-0.07284,-0.01955,0.30600
Les Miserables,0.80832,0.02263,-0.07325,-0.01936,0.30600
Les Miserables,0.80850,0.02277,-0.07426,-0.01923,0.30700
Les Miserables,0.80868,0.02250,-0.07424,-0.01933,0.30600
Les Miserables,0.80886,0.02284,-0.07430,-0.01959,0.30800
Les Miserables,0.80904,0.02255,-0.07480,-0.01937,0.30800
Les Miserables,0.80922,0.02219,-0.07440,-0.01910,0.30800
Les Miserables,0.80940,0.02209,-0.07396,-0.01874,0.30700
Les Miserables,0.80958,0.02260,-0.07414,-0.01903,0.30700
Les Miserables,0.80975,0.02267,-0.07337,-0.01928,0.30800
Les Miserables,0.80993,0.02223,-0.07205,-0.01928,0.30900
Les Miserables,0.81011,0.02164,-0.07081,-0.01931,0.30800
Les Miserables,0.81029,0.02150,-0.07039,-0.01935,0.30900
Les Miserables,0.81047,0.02194,-0.07012,-0.01934,0.30800
Les Miserables,0.81065,0.02281,-0.06999,-0.01977,0.30900
Les Miserables,0.81083,0.02514,-0.06956,-0.02017,0.30800
Les Miserables,0.81101,0.02636,-0.07012,-0.02015,0.30900
Les Miserables,0.81119,0.02581,-0.06932,-0.02014,0.30900
Les Miserables,0.81137,0.02608,-0.07058,-0.01975,0.30900
Les Miserables,0.81155,0.02703,-0.07099,-0.01973,0.30800
Les Miserables,0.81173,0.02716,-0.07244,-0.01914,0.30800
Les Miserables,0.81191,0.02651,-0.07328,-0.01941,0.30700
Les Miserables,0.81209,0.02547,-0.07373,-0.01932,0.30700
Les Miserables,0.81226,0.02527,-0.07420,-0.01928,0.30700
Les Miserables,0.81244,0.02540,-0.07388,-0.01919,0.30700
Les Miserables,0.81262,0.02657,-0.07163,-0.01887,0.30700
Les Miserables,0.81280,0.02862,-0.07199,-0.01882,0.30600
Les Miserables,0.81298,0.02839,-0.07234,-0.01875,0.30600
Les Miserables,0.81316,0.03000,-0.07195,-0.01882,0.30600
Les Miserables,0.81334,0.03051,-0.07164,-0.01853,0.30600
Les Miserables,0.81352,0.02903,-0.07279,-0.01854,0.30700
Les Miserables,0.81370,0.02762,-0.07333,-0.01845,0.30700
Les Miserables,0.81388,0.02692,-0.07295,-0.01841,0.30600
Les Miserables,0.81406,0.02720,-0.07379,-0.01823,0.30600
Les Miserables,0.81424,0.02589,-0.07517,-0.01847,0.30500
Les Miserables,0.81442,0.02618,-0.07623,-0.01825,0.30500
Les Miserables,0.81460,0.02742,-0.07731,-0.01794,0.30500
Les Miserables,0.81477,0.02862,-0.07738,-0.01749,0.30600
Les Miserables,0.81495,0.02887,-0.07729,-0.01737,0.30500
Les Miserables,0.81513,0.02946,-0.07787,-0.01704,0.30500
Les Miserables,0.81531,0.02855,-0.07873,-0.01689,0.30500
Les Miserables,0.81549,0.02987,-0.07895,-0.01660,0.30600
Les Miserables,0.81567,0.02964,-0.07907,-0.01619,0.30700
Les Miserables,0.81585,0.03055,-0.07927,-0.01618,0.30600
Les Miserables,0.81603,0.03057,-0.07967,-0.01609,0.30600
Les Miserables,0.81621,0.03101,-0.08014,-0.01636,0.30700
Les Miserables,0.81639,0.03038,-0.08112,-0.01680,0.30700
Les Miserables,0.81657,0.02970,-0.08247,-0.01668,0.30900
Les Miserables,0.81675,0.02999,-0.08399,-0.01604,0.30900
Les Miserables,0.81693,0.02908,-0.08345,-0.01563,0.31000
Les Miserables,0.81711,0.02832,-0.08326,-0.01558,0.31000
Les Miserables,0.81729,0.02775,-0.08369,-0.01543,0.31000
Les Miserables,0.81746,0.02773,-0.08183,-0.01540,0.31100
Les Miserables,0.81764,0.02871,-0.08288,-0.01578,0.31100
Les Miserables,0.81782,0.02922,-0.08257,-0.01584,0.31000
Les Miserables,0.81800,0.03035,-0.08193,-0.01560,0.31100
Les Miserables,0.81818,0.03084,-0.08229,-0.01610,0.31000
Les Miserables,0.81836,0.03164,-0.08131,-0.01630,0.31100
Les Miserables,0.81854,0.03256,-0.08073,-0.01641,0.31000
Les Miserables,0.81872,0.03348,-0.07927,-0.01656,0.31100
Les Miserables,0.81890,0.03390,-0.07895,-0.01686,0.31100
Les Miserables,0.81908,0.03570,-0.07840,-0.01705,0.31200
Les Miserables,0.81926,0.03474,-0.07664,-0.01748,0.31200
Les Miserables,0.81944,0.03403,-0.07484,-0.01796,0.31100
Les Miserables,0.81962,0.03477,-0.07376,-0.01804,0.31100
Les Miserables,0.81980,0.03510,-0.07297,-0.01763,0.31000
Les Miserables,0.81997,0.03525,-0.07153,-0.01846,0.31000
Les Miserables,0.82015,0.03591,-0.07164,-0.01858,0.31000
Les Miserables,0.82033,0.03681,-0.07035,-0.01917,0.30900
Les Miserables,0.82051,0.03583,-0.06948,-0.01971,0.31000
Les Miserables,0.82069,0.03593,-0.06855,-0.01961,0.31000
Les Miserables,0.82087,0.03571,-0.06840,-0.01974,0.31100
Les Miserables,0.82105,0.03568,-0.06765,-0.01948,0.31100
Les Miserables,0.82123,0.03525,-0.06720,-0.01911,0.31100
Les Miserables,0.82141,0.03582,-0.06718,-0.01850,0.31100
Les Miserables,0.82159,0.03520,-0.06634,-0.01872,0.31100
Les Miserables,0.82177,0.03318,-0.06508,-0.01904,0.31000
Les Miserables,0.82195,0.03341,-0.06362,-0.01921,0.31000
Les Miserables,0.82213,0.03294,-0.06298,-0.01898,0.31000
Les Miserables,0.82231,0.03226,-0.06237,-0.01894,0.31000
Les Miserables,0.82249,0.03159,-0.06314,-0.01875,0.31000
Les Miserables,0.82266,0.02889,-0.06361,-0.01871,0.31100
Les Miserables,0.82284,0.02816,-0.06332,-0.01912,0.31000
Les Miserables,0.82302,0.02572,-0.06185,-0.01876,0.30800
Les Miserables,0.82320,0.02480,-0.06137,-0.01875,0.30800
Les Miserables,0.82338,0.02272,-0.05998,-0.01829,0.30500
Les Miserables,0.82356,0.02121,-0.05821,-0.01788,0.30500
Les Miserables,0.82374,0.01911,-0.05738,-0.01763,0.30300
Les Miserables,0.82392,0.01740,-0.05589,-0.01680,0.30300
Les Miserables,0.82410,0.01597,-0.05486,-0.01653,0.30200
Les Miserables,0.82428,0.01428,-0.05467,-0.01629,0.30200
Les Miserables,0.82446,0.01244,-0.05415,-0.01648,0.30100
Les Miserables,0.82464,0.01149,-0.05381,-0.01644,0.29900
Les Miserables,0.82482,0.01043,-0.05429,-0.01614,0.29900
Les Miserables,0.82500,0.00939,-0.05532,-0.01546,0.30000
Les Miserables,0.82517,0.00895,-0.05516,-0.01541,0.30000
Les Miserables,0.82535,0.00936,-0.05687,-0.01490,0.30100
Les Miserables,0.82553,0.00952,-0.05722,-0.01444,0.30200
Les Miserables,0.82571,0.00943,-0.05728,-0.01377,0.30300
Les Miserables,0.82589,0.01098,-0.05844,-0.01379,0.30400
Les Miserables,0.82607,0.01158,-0.05887,-0.01365,0.30400
Les Miserables,0.82625,0.01234,-0.05820,-0.01327,0.30400
Les Miserables,0.82643,0.01209,-0.05868,-0.01292,0.30500
Les Miserables,0.82661,0.01186,-0.05924,-0.01308,0.30500
Les Miserables,0.82679,0.01257,-0.06003,-0.01266,0.30500
Les Miserables,0.82697,0.01368,-0.06058,-0.01219,0.30600
Les Miserables,0.82715,0.01308,-0.06177,-0.01193,0.30600
Les Miserables,0.82733,0.01319,-0.06317,-0.01157,0.30600
Les Miserables,0.82751,0.01394,-0.06594,-0.01109,0.30800
Les Miserables,0.82769,0.01472,-0.06842,-0.01083,0.30800
Les Miserables,0.82786,0.01366,-0.06996,-0.00992,0.30800
Les Miserables,0.82804,0.01356,-0.07065,-0.00984,0.30800
Les Miserables,0.82822,0.01299,-0.07243,-0.00991,0.30800
Les Miserables,0.82840,0.01299,-0.07333,-0.00929,0.30700
Les Miserables,0.82858,0.01338,-0.07532,-0.00907,0.30800
Les Miserables,0.82876,0.01298,-0.07746,-0.00857,0.30800
Les Miserables,0.82894,0.01209,-0.07762,-0.00788,0.30700
Les Miserables,0.82912,0.01224,-0.07883,-0.00772,0.30700
Les Miserables,0.82930,0.01224,-0.07798,-0.00788,0.30800
Les Miserables,0.82948,0.01182,-0.07856,-0.00735,0.30900
Les Miserables,0.82966,0.01133,-0.07874,-0.00734,0.30900
Les Miserables,0.82984,0.01077,-0.07993,-0.00709,0.31000
Les Miserables,0.83002,0.00980,-0.08107,-0.00609,0.31000
Les Miserables,0.83020,0.00940,-0.08138,-0.00602,0.30900
Les Miserables,0.83037,0.00874,-0.08222,-0.00583,0.30900
Les Miserables,0.83055,0.00890,-0.08352,-0.00564,0.30900
Les Miserables,0.83073,0.00844,-0.08184,-0.00561,0.30900
Les Miserables,0.83091,0.00922,-0.08271,-0.00532,0.30900
Les Miserables,0.83109,0.00894,-0.08309,-0.00494,0.30900
Les Miserables,0.83127,0.00909,-0.08296,-0.00524,0.30900
Les Miserables,0.83145,0.01038,-0.08116,-0.00516,0.30800
Les Miserables,0.83163,0.00992,-0.08150,-0.00487,0.30800
Les Miserables,0.83181,0.00978,-0.08106,-0.00507,0.30900
Les Miserables,0.83199,0.00854,-0.08069,-0.00535,0.30900
Les Miserables,0.83217,0.00901,-0.08040,-0.00554,0.30900
Les Miserables,0.83235,0.00890,-0.07868,-0.00595,0.30900
Les Miserables,0.83253,0.00924,-0.07764,-0.00589,0.31000
Les Miserables,0.83271,0.00850,-0.07814,-0.00604,0.30900
Les Miserables,0.83289,0.00796,-0.07730,-0.00616,0.31000
Les Miserables,0.83306,0.00819,-0.07664,-0.00657,0.30900
Les Miserables,0.83324,0.00955,-0.07598,-0.00642,0.30900
Les Miserables,0.83342,0.00869,-0.07573,-0.00649,0.30800
Les Miserables,0.83360,0.00852,-0.07474,-0.00676,0.30700
Les Miserables,0.83378,0.00779,-0.07339,-0.00710,0.30800
Les Miserables,0.83396,0.00747,-0.07228,-0.00708,0.30800
Les Miserables,0.83414,0.00732,-0.07180,-0.00680,0.30800
Les Miserables,0.83432,0.00668,-0.07159,-0.00603,0.30800
Les Miserables,0.83450,0.00665,-0.07047,-0.00597,0.30800
Les Miserables,0.83468,0.00565,-0.06951,-0.00669,0.30700
Les Miserables,0.83486,0.00627,-0.07014,-0.00718,0.30600
Les Miserables,0.83504,0.00663,-0.06956,-0.00756,0.30600
Les Miserables,0.83522,0.00752,-0.06879,-0.00768,0.30600
Les Miserables,0.83540,0.00709,-0.06982,-0.00812,0.30500
Les Miserables,0.83557,0.00718,-0.06927,-0.00786,0.30500
Les Miserables,0.83575,0.00583,-0.06866,-0.00804,0.30600
Les Miserables,0.83593,0.00381,-0.06758,-0.00766,0.30600
Les Miserables,0.83611,0.00246,-0.06696,-0.00695,0.30600
Les Miserables,0.83629,0.00132,-0.06693,-0.00692,0.30600
Les Miserables,0.83647,0.00169,-0.06753,-0.00692,0.30600
Les Miserables,0.83665,0.00275,-0.06927,-0.00677,0.30500
Les Miserables,0.83683,0.00255,-0.06972,-0.00659,0.30500
Les Miserables,0.83701,0.00358,-0.07124,-0.00674,0.30500
Les Miserables,0.83719,0.00498,-0.07273,-0.00645,0.30500
Les Miserables,0.83737,0.00616,-0.07357,-0.00605,0.30700
Les Miserables,0.83755,0.00521,-0.07253,-0.00632,0.30700
Les Miserables,0.83773,0.00635,-0.07301,-0.00614,0.30700
Les Miserables,0.83791,0.00624,-0.07299,-0.00550,0.30700
Les Miserables,0.83808,0.00722,-0.07324,-0.00581,0.30700
Les Miserables,0.83826,0.00885,-0.07497,-0.00585,0.30800
Les Miserables,0.83844,0.00967,-0.07521,-0.00569,0.30800
Les Miserables,0.83862,0.00954,-0.07560,-0.00595,0.30800
Les Miserables,0.83880,0.01082,-0.07586,-0.00593,0.30800
Les Miserables,0.83898,0.01135,-0.07740,-0.00622,0.30600
Les Miserables,0.83916,0.01194,-0.07765,-0.00647,0.30700
Les Miserables,0.83934,0.01270,-0.07718,-0.00647,0.30800
Les Miserables,0.83952,0.01269,-0.07819,-0.00646,0.30800
Les Miserables,0.83970,0.01560,-0.08011,-0.00637,0.30700
Les Miserables,0.83988,0.01640,-0.08207,-0.00677,0.30800
Les Miserables,0.84006,0.01904,-0.08322,-0.00693,0.30900
Les Miserables,0.84024,0.02056,-0.08416,-0.00701,0.30800
Les Miserables,0.84042,0.02175,-0.08325,-0.00669,0.30800
Les Miserables,0.84060,0.02293,-0.08280,-0.00664,0.30800
Les Miserables,0.84077,0.02405,-0.08364,-0.00660,0.30900
Les Miserables,0.84095,0.02458,-0.08334,-0.00676,0.30900
Les Miserables,0.84113,0.02533,-0.08443,-0.00667,0.31000
Les Miserables,0.84131,0.02591,-0.08444,-0.00700,0.31300
Les Miserables,0.84149,0.02734,-0.08365,-0.00754,0.31400
Les Miserables,0.84167,0.02747,-0.08222,-0.00792,0.31600
Les Miserables,0.84185,0.02781,-0.08260,-0.00813,0.31600
Les Miserables,0.84203,0.02810,-0.08170,-0.00799,0.31700
Les Miserables,0.84221,0.02990,-0.08038,-0.00800,0.31600
Les Miserables,0.84239,0.03083,-0.08076,-0.00745,0.31500
Les Miserables,0.84257,0.03083,-0.07976,-0.00760,0.31500
Les Miserables,0.84275,0.03051,-0.07830,-0.00790,0.31500
Les Miserables,0.84293,0.03130,-0.07653,-0.00872,0.31400
Les Miserables,0.84311,0.03204,-0.07601,-0.00888,0.31500
Les Miserables,0.84328,0.03148,-0.07458,-0.00909,0.31400
Les Miserables,0.84346,0.03034,-0.07292,-0.00959,0.31400
Les Miserables,0.84364,0.03125,-0.07310,-0.00969,0.31100
Les Miserables,0.84382,0.03038,-0.07171,-0.01005,0.31000
Les Miserables,0.84400,0.03071,-0.07195,-0.01030,0.31100
Les Miserables,0.84418,0.03117,-0.07227,-0.01055,0.31200
Les Miserables,0.84436,0.03174,-0.07144,-0.01073,0.31000
Les Miserables,0.84454,0.03220,-0.07015,-0.01094,0.31100
Les Miserables,0.84472,0.03169,-0.07004,-0.01144,0.31000
Les Miserables,0.84490,0.03012,-0.06976,-0.01206,0.31000
Les Miserables,0.84508,0.03051,-0.06869,-0.01288,0.31000
Les Miserables,0.84526,0.02941,-0.06751,-0.01314,0.30900
Les Miserables,0.84544,0.02805,-0.06542,-0.01349,0.30900
Les Miserables,0.84562,0.02729,-0.06245,-0.01369,0.30700
Les Miserables,0.84580,0.02669,-0.06218,-0.01467,0.30800
Les Miserables,0.84597,0.02653,-0.06264,-0.01489,0.30800
Les Miserables,0.84615,0.02640,-0.05913,-0.01473,0.30700
Les Miserables,0.84633,0.02566,-0.05798,-0.01532,0.30700
Les Miserables,0.84651,0.02429,-0.05542,-0.01511,0.30600
Les Miserables,0.84669,0.02372,-0.05312,-0.01524,0.30600
Les Miserables,0.84687,0.02364,-0.05240,-0.01603,0.30600
Les Miserables,0.84705,0.02352,-0.05152,-0.01640,0.30600
Les Miserables,0.84723,0.02341,-0.05029,-0.01667,0.30700
Les Miserables,0.84741,0.02385,-0.04880,-0.01699,0.30700
Les Miserables,0.84759,0.02362,-0.04844,-0.01724,0.30700
Les Miserables,0.84777,0.02402,-0.04742,-0.01722,0.30600
Les Miserables,0.84795,0.02502,-0.04578,-0.01788,0.30600
Les Miserables,0.84813,0.02471,-0.04580,-0.01767,0.30600
Les Miserables,0.84831,0.02604,-0.04572,-0.01772,0.30600
Les Miserables,0.84848,0.02574,-0.04634,-0.01740,0.30600
Les Miserables,0.84866,0.02456,-0.04731,-0.01761,0.30600
Les Miserables,0.84884,0.02423,-0.04623,-0.01745,0.30600
Les Miserables,0.84902,0.02482,-0.04607,-0.01745,0.30600
Les Miserables,0.84920,0.02493,-0.04578,-0.01702,0.30600
Les Miserables,0.84938,0.02421,-0.04655,-0.01720,0.30700
Les Miserables,0.84956,0.02470,-0.04631,-0.01740,0.30600
Les Miserables,0.84974,0.02376,-0.04700,-0.01718,0.30700
Les Miserables,0.84992,0.02498,-0.04676,-0.01692,0.30800
Les Miserables,0.85010,0.02426,-0.04573,-0.01693,0.30800
Les Miserables,0.85028,0.02251,-0.04608,-0.01670,0.30900
Les Miserables,0.85046,0.02136,-0.04613,-0.01682,0.30900
Les Miserables,0.85064,0.02238,-0.04591,-0.01681,0.30900
Les Miserables,0.85082,0.02218,-0.04662,-0.01679,0.31000
Les Miserables,0.85100,0.02209,-0.04711,-0.01663,0.31000
Les Miserables,0.85117,0.02212,-0.04721,-0.01643,0.31000
Les Miserables,0.85135,0.02159,-0.04778,-0.01650,0.31200
Les Miserables,0.85153,0.02343,-0.04890,-0.01644,0.31300
Les Miserables,0.85171,0.02396,-0.05009,-0.01642,0.31200
Les Miserables,0.85189,0.02395,-0.05034,-0.01712,0.31200
Les Miserables,0.85207,0.02370,-0.05098,-0.01741,0.31400
Les Miserables,0.85225,0.02439,-0.05104,-0.01805,0.31400
Les Miserables,0.85243,0.02582,-0.05153,-0.01766,0.31500
Les Miserables,0.85261,0.02692,-0.05162,-0.01745,0.31600
Les Miserables,0.85279,0.02570,-0.05121,-0.01692,0.31600
Les Miserables,0.85297,0.02552,-0.05214,-0.01685,0.31500
Les Miserables,0.85315,0.02547,-0.05359,-0.01672,0.31400
Les Miserables,0.85333,0.02549,-0.05395,-0.01649,0.31500
Les Miserables,0.85351,0.02398,-0.05547,-0.01689,0.31600
Les Miserables,0.85368,0.02415,-0.05668,-0.01687,0.31600
Les Miserables,0.85386,0.02392,-0.05695,-0.01738,0.31500
Les Miserables,0.85404,0.02437,-0.05689,-0.01776,0.31500
Les Miserables,0.85422,0.02395,-0.05764,-0.01766,0.31500
Les Miserables,0.85440,0.02276,-0.05767,-0.01773,0.31500
Les Miserables,0.85458,0.02063,-0.05683,-0.01747,0.31500
Les Miserables,0.85476,0.01983,-0.05659,-0.01749,0.31400
Les Miserables,0.85494,0.01822,-0.05622,-0.01753,0.31400
Les Miserables,0.85512,0.01722,-0.05569,-0.01791,0.31300
Les Miserables,0.85530,0.01540,-0.05573,-0.01804,0.31100
Les Miserables,0.85548,0.01352,-0.05695,-0.01771,0.31100
Les Miserables,0.85566,0.01188,-0.05623,-0.01798,0.31100
Les Miserables,0.85584,0.01115,-0.05689,-0.01864,0.31000
Les Miserables,0.85602,0.00929,-0.05585,-0.01839,0.31000
Les Miserables,0.85620,0.00722,-0.05453,-0.01817,0.31000
Les Miserables,0.85637,0.00423,-0.05438,-0.01803,0.30900
Les Miserables,0.85655,0.00487,-0.05514,-0.01792,0.31000
Les Miserables,0.85673,0.00339,-0.05514,-0.01813,0.30900
Les Miserables,0.85691,0.00196,-0.05429,-0.01786,0.31000
Les Miserables,0.85709,0.00096,-0.05363,-0.01775,0.31000
Les Miserables,0.85727,-0.00010,-0.05395,-0.01789,0.30900
Les Miserables,0.85745,-0.00058,-0.05257,-0.01796,0.30700
Les Miserables,0.85763,-0.00137,-0.05189,-0.01810,0.30700
Les Miserables,0.85781,-0.00155,-0.05033,-0.01783,0.30700
Les Miserables,0.85799,-0.00370,-0.05042,-0.01784,0.30700
Les Miserables,0.85817,-0.00506,-0.04986,-0.01799,0.30700
Les Miserables,0.85835,-0.00643,-0.05021,-0.01905,0.30800
Les Miserables,0.85853,-0.00718,-0.05044,-0.01910,0.30700
Les Miserables,0.85871,-0.00765,-0.04950,-0.01926,0.30500
Les Miserables,0.85888,-0.00776,-0.04997,-0.01925,0.30600
Les Miserables,0.85906,-0.00980,-0.04925,-0.01925,0.30500
Les Miserables,0.85924,-0.00932,-0.05077,-0.01893,0.30400
Les Miserables,0.85942,-0.01107,-0.05183,-0.01850,0.30300
Les Miserables,0.85960,-0.01167,-0.05352,-0.01857,0.30300
Les Miserables,0.85978,-0.01260,-0.05404,-0.01865,0.30200
Les Miserables,0.85996,-0.01313,-0.05394,-0.01891,0.30100
Les Miserables,0.86014,-0.01457,-0.05478,-0.01908,0.30200
Les Miserables,0.86032,-0.01531,-0.05587,-0.01932,0.30300
Les Miserables,0.86050,-0.01497,-0.05732,-0.01928,0.30300
Les Miserables,0.86068,-0.01451,-0.05866,-0.01940,0.30500
Les Miserables,0.86086,-0.01478,-0.05906,-0.01906,0.30500
Les Miserables,0.86104,-0.01454,-0.05970,-0.01926,0.30400
Les Miserables,0.86122,-0.01318,-0.06093,-0.01930,0.30500
Les Miserables,0.86140,-0.01288,-0.06336,-0.01897,0.30600
Les Miserables,0.86157,-0.01310,-0.06274,-0.01948,0.30700
Les Miserables,0.86175,-0.01291,-0.06267,-0.01957,0.30800
Les Miserables,0.86193,-0.01386,-0.06150,-0.01954,0.30700
Les Miserables,0.86211,-0.01439,-0.06132,-0.01964,0.30600
Les Miserables,0.86229,-0.01424,-0.06174,-0.01965,0.30600
Les Miserables,0.86247,-0.01581,-0.06281,-0.01929,0.30600
Les Miserables,0.86265,-0.01571,-0.06178,-0.01896,0.30600
Les Miserables,0.86283,-0.01554,-0.06179,-0.01875,0.30600
Les Miserables,0.86301,-0.01615,-0.06102,-0.01872,0.30600
Les Miserables,0.86319,-0.01733,-0.06091,-0.01870,0.30600
Les Miserables,0.86337,-0.01786,-0.06235,-0.01893,0.30500
Les Miserables,0.86355,-0.01821,-0.06501,-0.01881,0.30700
Les Miserables,0.86373,-0.01762,-0.06560,-0.01853,0.30600
Les Miserables,0.86391,-0.01718,-0.06662,-0.01844,0.30700
Les Miserables,0.86408,-0.01707,-0.06769,-0.01865,0.30700
Les Miserables,0.86426,-0.01694,-0.06754,-0.01840,0.30700
Les Miserables,0.86444,-0.01632,-0.06920,-0.01833,0.30700
Les Miserables,0.86462,-0.01605,-0.06959,-0.01828,0.30800
Les Miserables,0.86480,-0.01623,-0.07018,-0.01773,0.30800
Les Miserables,0.86498,-0.01736,-0.07110,-0.01783,0.30800
Les Miserables,0.86516,-0.01867,-0.07295,-0.01770,0.30800
Les Miserables,0.86534,-0.01893,-0.07354,-0.01753,0.30700
Les Miserables,0.86552,-0.01914,-0.07262,-0.01741,0.30700
Les Miserables,0.86570,-0.01899,-0.07342,-0.01704,0.30800
Les Miserables,0.86588,-0.01869,-0.07435,-0.01723,0.30800
Les Miserables,0.86606,-0.01878,-0.07449,-0.01753,0.30900
Les Miserables,0.86624,-0.01977,-0.07495,-0.01733,0.30900
Les Miserables,0.86642,-0.02177,-0.07460,-0.01757,0.30900
Les Miserables,0.86659,-0.02148,-0.07551,-0.01762,0.31000
Les Miserables,0.86677,-0.02256,-0.07634,-0.01794,0.31000
Les Miserables,0.86695,-0.02366,-0.07636,-0.01774,0.31100
Les Miserables,0.86713,-0.02440,-0.07639,-0.01804,0.31100
Les Miserables,0.86731,-0.02461,-0.07652,-0.01808,0.31100
Les Miserables,0.86749,-0.02346,-0.07716,-0.01826,0.31100
Les Miserables,0.86767,-0.02262,-0.07737,-0.01800,0.31100
Les Miserables,0.86785,-0.02371,-0.07683,-0.01764,0.31000
Les Miserables,0.86803,-0.02300,-0.07768,-0.01740,0.31000
Les Miserables,0.86821,-0.02275,-0.07780,-0.01748,0.30800
Les Miserables,0.86839,-0.02311,-0.07735,-0.01772,0.30800
Les Miserables,0.86857,-0.02401,-0.07694,-0.01780,0.30700
Les Miserables,0.86875,-0.02399,-0.07640,-0.01791,0.30700
Les Miserables,0.86893,-0.02285,-0.07603,-0.01814,0.30800
Les Miserables,0.86911,-0.02421,-0.07597,-0.01877,0.30700
Les Miserables,0.86928,-0.02397,-0.07527,-0.01887,0.30600
Les Miserables,0.86946,-0.02556,-0.07469,-0.01911,0.30500
Les Miserables,0.86964,-0.02589,-0.07436,-0.01908,0.30600
Les Miserables,0.86982,-0.02578,-0.07449,-0.01890,0.30500
Les Miserables,0.87000,-0.02512,-0.07357,-0.01888,0.30400
Les Miserables,0.87018,-0.02604,-0.07296,-0.01877,0.30400
Les Miserables,0.87036,-0.02654,-0.07213,-0.01933,0.30400
Les Miserables,0.87054,-0.02780,-0.07150,-0.01946,0.30400
Les Miserables,0.87072,-0.02726,-0.07233,-0.01950,0.30400
Les Miserables,0.87090,-0.02705,-0.07168,-0.01918,0.30600
Les Miserables,0.87108,-0.02851,-0.07058,-0.01943,0.30600
Les Miserables,0.87126,-0.02825,-0.07156,-0.01935,0.30500
Les Miserables,0.87144,-0.02726,-0.07023,-0.01909,0.30400
Les Miserables,0.87162,-0.02683,-0.06986,-0.01911,0.30300
Les Miserables,0.87179,-0.02646,-0.07149,-0.01879,0.30400
Les Miserables,0.87197,-0.02607,-0.07253,-0.01896,0.30400
Les Miserables,0.87215,-0.02655,-0.07331,-0.01892,0.30500
Les Miserables,0.87233,-0.02656,-0.07348,-0.01861,0.30600
Les Miserables,0.87251,-0.02615,-0.07394,-0.01870,0.30600
Les Miserables,0.87269,-0.02609,-0.07461,-0.01916,0.30700
Les Miserables,0.87287,-0.02674,-0.07375,-0.01907,0.30600
Les Miserables,0.87305,-0.02670,-0.07358,-0.01940,0.30700
Les Miserables,0.87323,-0.02740,-0.07366,-0.01953,0.30700
Les Miserables,0.87341,-0.02608,-0.07439,-0.01988,0.30700
Les Miserables,0.87359,-0.02711,-0.07503,-0.01994,0.30800
Les Miserables,0.87377,-0.02669,-0.07522,-0.01952,0.30900
Les Miserables,0.87395,-0.02606,-0.07711,-0.01947,0.30900
Les Miserables,0.87413,-0.02626,-0.07728,-0.01938,0.31000
Les Miserables,0.87431,-0.02519,-0.07864,-0.01961,0.31000
Les Miserables,0.87448,-0.02725,-0.07818,-0.01968,0.31000
Les Miserables,0.87466,-0.02712,-0.07848,-0.01940,0.31000
Les Miserables,0.87484,-0.02688,-0.07917,-0.01951,0.31000
Les Miserables,0.87502,-0.02792,-0.07943,-0.01943,0.31100
Les Miserables,0.87520,-0.02888,-0.07899,-0.01928,0.31000
Les Miserables,0.87538,-0.02936,-0.08026,-0.01897,0.31200
Les Miserables,0.87556,-0.03067,-0.08031,-0.01873,0.31300
Les Miserables,0.87574,-0.03175,-0.08135,-0.01858,0.31100
Les Miserables,0.87592,-0.03237,-0.08054,-0.01851,0.31100
Les Miserables,0.87610,-0.03306,-0.08102,-0.01780,0.31100
Les Miserables,0.87628,-0.03244,-0.08153,-0.01700,0.31100
Les Miserables,0.87646,-0.03276,-0.08128,-0.01687,0.31000
Les Miserables,0.87664,-0.03307,-0.08148,-0.01664,0.31100
Les Miserables,0.87682,-0.03324,-0.08144,-0.01678,0.31100
Les Miserables,0.87699,-0.03227,-0.08166,-0.01647,0.31100
Les Miserables,0.87717,-0.03330,-0.08100,-0.01624,0.31100
Les Miserables,0.87735,-0.03275,-0.08138,-0.01631,0.31200
Les Miserables,0.87753,-0.03241,-0.08147,-0.01597,0.31200
Les Miserables,0.87771,-0.03177,-0.08162,-0.01598,0.31300
Les Miserables,0.87789,-0.03219,-0.08188,-0.01597,0.31400
Les Miserables,0.87807,-0.03169,-0.08071,-0.01585,0.31400
Les Miserables,0.87825,-0.03253,-0.07700,-0.01553,0.31400
Les Miserables,0.87843,-0.03374,-0.07647,-0.01555,0.31400
Les Miserables,0.87861,-0.03309,-0.07640,-0.01561,0.31400
Les Miserables,0.87879,-0.03399,-0.07615,-0.01594,0.31400
Les Miserables,0.87897,-0.03563,-0.07562,-0.01588,0.31400
Les Miserables,0.87915,-0.03611,-0.07459,-0.01591,0.31300
Les Miserables,0.87933,-0.03589,-0.07312,-0.01575,0.31200
Les Miserables,0.87951,-0.03705,-0.07343,-0.01564,0.31200
Les Miserables,0.87968,-0.03825,-0.07332,-0.01529,0.31100
Les Miserables,0.87986,-0.03978,-0.07255,-0.01536,0.31200
Les Miserables,0.88004,-0.04038,-0.07330,-0.01533,0.31200
Les Miserables,0.88022,-0.04009,-0.07248,-0.01521,0.31300
Les Miserables,0.88040,-0.03850,-0.07256,-0.01554,0.31300
Les Miserables,0.88058,-0.03913,-0.07388,-0.01585,0.31400
Les Miserables,0.88076,-0.03958,-0.07376,-0.01620,0.31400
Les Miserables,0.88094,-0.03856,-0.07496,-0.01565,0.31400
Les Miserables,0.88112,-0.03718,-0.07581,-0.01564,0.31600
Les Miserables,0.88130,-0.03711,-0.07457,-0.01559,0.31600
Les Miserables,0.88148,-0.03785,-0.07295,-0.01568,0.31500
Les Miserables,0.88166,-0.03800,-0.07323,-0.01562,0.31600
Les Miserables,0.88184,-0.03861,-0.07248,-0.01529,0.31600
Les Miserables,0.88202,-0.03761,-0.07334,-0.01512,0.31600
Les Miserables,0.88219,-0.03800,-0.07342,-0.01498,0.31600
Les Miserables,0.88237,-0.03905,-0.07229,-0.01493,0.31500
Les Miserables,0.88255,-0.03976,-0.07423,-0.01464,0.31500
Les Miserables,0.88273,-0.03901,-0.07522,-0.01500,0.31600
Les Miserables,0.88291,-0.03667,-0.07550,-0.01462,0.31600
Les Miserables,0.88309,-0.03574,-0.07573,-0.01436,0.31600
Les Miserables,0.88327,-0.03503,-0.07611,-0.01454,0.31600
Les Miserables,0.88345,-0.03448,-0.07763,-0.01448,0.31700
Les Miserables,0.88363,-0.03488,-0.07765,-0.01483,0.31800
Les Miserables,0.88381,-0.03532,-0.07761,-0.01472,0.31700
Les Miserables,0.88399,-0.03423,-0.07743,-0.01437,0.31700
Les Miserables,0.88417,-0.03426,-0.07769,-0.01438,0.31700
Les Miserables,0.88435,-0.03270,-0.07800,-0.01434,0.31600
Les Miserables,0.88453,-0.03234,-0.07744,-0.01417,0.31700
Les Miserables,0.88471,-0.03093,-0.07804,-0.01405,0.31600
Les Miserables,0.88488,-0.03022,-0.07850,-0.01418,0.31700
Les Miserables,0.88506,-0.02952,-0.07966,-0.01391,0.31700
Les Miserables,0.88524,-0.02876,-0.08015,-0.01339,0.31700
Les Miserables,0.88542,-0.02959,-0.07953,-0.01330,0.31600
Les Miserables,0.88560,-0.02999,-0.07966,-0.01343,0.31700
Les Miserables,0.88578,-0.02952,-0.08179,-0.01319,0.31800
Les Miserables,0.88596,-0.02995,-0.08280,-0.01263,0.31900
Les Miserables,0.88614,-0.02906,-0.08317,-0.01214,0.32100
Les Miserables,0.88632,-0.02873,-0.08409,-0.01190,0.32000
Les Miserables,0.88650,-0.02854,-0.08435,-0.01220,0.32100
Les Miserables,0.88668,-0.02748,-0.08461,-0.01232,0.32100
Les Miserables,0.88686,-0.02759,-0.08510,-0.01191,0.32100
Les Miserables,0.88704,-0.02690,-0.08455,-0.01151,0.32000
Les Miserables,0.88722,-0.02653,-0.08443,-0.01156,0.32000
Les Miserables,0.88739,-0.02635,-0.08474,-0.01115,0.32100
Les Miserables,0.88757,-0.02577,-0.08545,-0.01091,0.32000
Les Miserables,0.88775,-0.02571,-0.08472,-0.01065,0.32000
Les Miserables,0.88793,-0.02637,-0.08524,-0.01035,0.32000
Les Miserables,0.88811,-0.02622,-0.08600,-0.01002,0.31900
Les Miserables,0.88829,-0.02768,-0.08676,-0.01017,0.31900
Les Miserables,0.88847,-0.02812,-0.08743,-0.01006,0.32000
Les Miserables,0.88865,-0.02835,-0.08693,-0.01018,0.32000
Les Miserables,0.88883,-0.02835,-0.08767,-0.01018,0.32000
Les Miserables,0.88901,-0.02754,-0.08805,-0.01024,0.32000
Les Miserables,0.88919,-0.02720,-0.08692,-0.00993,0.32000
Les Miserables,0.88937,-0.02818,-0.08778,-0.00993,0.32000
Les Miserables,0.88955,-0.02861,-0.08800,-0.00965,0.32000
Les Miserables,0.88973,-0.02792,-0.08768,-0.00952,0.32000
Les Miserables,0.88990,-0.02856,-0.08720,-0.00916,0.32000
Les Miserables,0.89008,-0.02744,-0.08712,-0.00939,0.32000
Les Miserables,0.89026,-0.02738,-0.08679,-0.00948,0.31900
Les Miserables,0.89044,-0.02722,-0.08733,-0.00969,0.31900
Les Miserables,0.89062,-0.02748,-0.08722,-0.00937,0.32000
Les Miserables,0.89080,-0.02742,-0.08791,-0.00935,0.31900
Les Miserables,0.89098,-0.02774,-0.08745,-0.00883,0.31900
Les Miserables,0.89116,-0.02681,-0.08713,-0.00868,0.32000
Les Miserables,0.89134,-0.02757,-0.08511,-0.00856,0.32000
Les Miserables,0.89152,-0.02745,-0.08523,-0.00900,0.32100
Les Miserables,0.89170,-0.02759,-0.08486,-0.00901,0.32000
Les Miserables,0.89188,-0.02856,-0.08417,-0.00898,0.32000
Les Miserables,0.89206,-0.02878,-0.08454,-0.00887,0.32000
Les Miserables,0.89224,-0.02831,-0.08372,-0.00870,0.32100
Les Miserables,0.89242,-0.02686,-0.08264,-0.00869,0.32100
Les Miserables,0.89259,-0.02722,-0.08187,-0.00871,0.32100
Les Miserables,0.89277,-0.02663,-0.08258,-0.00862,0.32000
Les Miserables,0.89295,-0.02571,-0.08284,-0.00894,0.31900
Les Miserables,0.89313,-0.02443,-0.08286,-0.00931,0.31900
Les Miserables,0.89331,-0.02393,-0.08214,-0.00944,0.31900
Les Miserables,0.89349,-0.02394,-0.08241,-0.00910,0.31900
Les Miserables,0.89367,-0.02336,-0.08286,-0.00861,0.31900
Les Miserables,0.89385,-0.02313,-0.08378,-0.00833,0.31900
Les Miserables,0.89403,-0.02367,-0.08236,-0.00875,0.31900
Les Miserables,0.89421,-0.02275,-0.08137,-0.00815,0.32000
Les Miserables,0.89439,-0.02231,-0.08112,-0.00796,0.32100
Les Miserables,0.89457,-0.02314,-0.08047,-0.00823,0.32200
Les Miserables,0.89475,-0.02348,-0.08030,-0.00809,0.32100
Les Miserables,0.89493,-0.02293,-0.08078,-0.00831,0.32200
Les Miserables,0.89510,-0.02323,-0.08048,-0.00872,0.32100
Les Miserables,0.89528,-0.02293,-0.07946,-0.00890,0.32100
Les Miserables,0.89546,-0.02283,-0.07844,-0.00884,0.32000
Les Miserables,0.89564,-0.02325,-0.07779,-0.00879,0.32000
Les Miserables,0.89582,-0.02198,-0.07843,-0.00874,0.32000
Les Miserables,0.89600,-0.02160,-0.08000,-0.00857,0.32000
Les Miserables,0.89618,-0.02039,-0.08178,-0.00882,0.31900
Les Miserables,0.89636,-0.01959,-0.08143,-0.00875,0.31900
Les Miserables,0.89654,-0.01984,-0.08117,-0.00885,0.31900
Les Miserables,0.89672,-0.01837,-0.08209,-0.00885,0.31800
Les Miserables,0.89690,-0.01733,-0.08227,-0.00865,0.31900
Les Miserables,0.89708,-0.01725,-0.08241,-0.00863,0.31900
Les Miserables,0.89726,-0.01737,-0.08077,-0.00865,0.31900
Les Miserables,0.89744,-0.01616,-0.08013,-0.00856,0.32000
Les Miserables,0.89762,-0.01554,-0.07990,-0.00886,0.32000
Les Miserables,0.89779,-0.01338,-0.08097,-0.00894,0.31900
Les Miserables,0.89797,-0.01245,-0.08026,-0.00896,0.31900
Les Miserables,0.89815,-0.01128,-0.08137,-0.00904,0.32100
Les Miserables,0.89833,-0.01080,-0.08085,-0.00880,0.32000
Les Miserables,0.89851,-0.00985,-0.08039,-0.00842,0.31900
Les Miserables,0.89869,-0.00829,-0.08012,-0.00784,0.31800
Les Miserables,0.89887,-0.00845,-0.07948,-0.00781,0.31700
Les Miserables,0.89905,-0.00846,-0.07929,-0.00801,0.31700
Les Miserables,0.89923,-0.00666,-0.07947,-0.00798,0.31600
Les Miserables,0.89941,-0.00574,-0.07886,-0.00784,0.31600
Les Miserables,0.89959,-0.00495,-0.07766,-0.00825,0.31500
Les Miserables,0.89977,-0.00454,-0.07690,-0.00873,0.31600
Les Miserables,0.89995,-0.00512,-0.07776,-0.00830,0.31700
Les Miserables,0.90013,-0.00428,-0.07828,-0.00880,0.31800
Les Miserables,0.90030,-0.00244,-0.07961,-0.00951,0.31900
Les Miserables,0.90048,-0.00128,-0.07860,-0.01000,0.31800
Les Miserables,0.90066,-0.00214,-0.07711,-0.00993,0.31800
Les Miserables,0.90084,-0.00294,-0.07635,-0.01021,0.31800
Les Miserables,0.90102,-0.00239,-0.07555,-0.01050,0.31800
Les Miserables,0.90120,-0.00181,-0.07428,-0.01114,0.31900
Les Miserables,0.90138,-0.00123,-0.07332,-0.01129,0.31900
Les Miserables,0.90156,-0.00064,-0.07324,-0.01145,0.31800
Les Miserables,0.90174,-0.00102,-0.07440,-0.01157,0.31800
Les Miserables,0.90192,-0.00179,-0.07434,-0.01191,0.31800
Les Miserables,0.90210,-0.00203,-0.07392,-0.01183,0.31800
Les Miserables,0.90228,-0.00197,-0.07306,-0.01181,0.31800
Les Miserables,0.90246,-0.00200,-0.07272,-0.01171,0.31800
Les Miserables,0.90264,-0.00322,-0.07289,-0.01196,0.31800
Les Miserables,0.90282,-0.00403,-0.07321,-0.01206,0.31800
Les Miserables,0.90299,-0.00384,-0.07304,-0.01216,0.31900
Les Miserables,0.90317,-0.00466,-0.07191,-0.01243,0.31900
Les Miserables,0.90335,-0.00518,-0.07209,-0.01228,0.31900
Les Miserables,0.90353,-0.00516,-0.07232,-0.01220,0.31900
Les Miserables,0.90371,-0.00438,-0.07172,-0.01260,0.31800
Les Miserables,0.90389,-0.00377,-0.07019,-0.01318,0.31700
Les Miserables,0.90407,-0.00396,-0.06988,-0.01375,0.31600
Les Miserables,0.90425,-0.00352,-0.07008,-0.01402,0.31700
Les Miserables,0.90443,-0.00346,-0.06999,-0.01385,0.31600
Les Miserables,0.90461,-0.00436,-0.07088,-0.01359,0.31600
Les Miserables,0.90479,-0.00464,-0.07073,-0.01358,0.31500
Les Miserables,0.90497,-0.00463,-0.07174,-0.01408,0.31600
Les Miserables,0.90515,-0.00495,-0.07249,-0.01413,0.31600
Les Miserables,0.90533,-0.00483,-0.07174,-0.01444,0.31700
Les Miserables,0.90550,-0.00548,-0.07040,-0.01419,0.31700
Les Miserables,0.90568,-0.00628,-0.07063,-0.01426,0.31700
Les Miserables,0.90586,-0.00644,-0.06854,-0.01482,0.31800
Les Miserables,0.90604,-0.00652,-0.06666,-0.01501,0.31800
Les Miserables,0.90622,-0.00608,-0.06681,-0.01478,0.31800
Les Miserables,0.90640,-0.00613,-0.06609,-0.01480,0.31700
Les Miserables,0.90658,-0.00472,-0.06498,-0.01490,0.31700
Les Miserables,0.90676,-0.00499,-0.06614,-0.01464,0.31700
Les Miserables,0.90694,-0.00538,-0.06627,-0.01443,0.31700
Les Miserables,0.90712,-0.00549,-0.06700,-0.01460,0.31600
Les Miserables,0.90730,-0.00384,-0.06660,-0.01432,0.31600
Les Miserables,0.90748,-0.00240,-0.06686,-0.01384,0.31600
Les Miserables,0.90766,-0.00266,-0.06720,-0.01407,0.31600
Les Miserables,0.90784,-0.00156,-0.06772,-0.01400,0.31400
Les Miserables,0.90802,-0.00137,-0.06810,-0.01374,0.31400
Les Miserables,0.90819,-0.00156,-0.06830,-0.01352,0.31500
Les Miserables,0.90837,-0.00116,-0.06752,-0.01359,0.31500
Les Miserables,0.90855,-0.00002,-0.06754,-0.01377,0.31400
Les Miserables,0.90873,0.00010,-0.06718,-0.01369,0.31400
Les Miserables,0.90891,-0.00035,-0.06667,-0.01351,0.31400
Les Miserables,0.90909,-0.00057,-0.06753,-0.01351,0.31400
Les Miserables,0.90927,0.00119,-0.06935,-0.01313,0.31400
Les Miserables,0.90945,0.00147,-0.06907,-0.01269,0.31300
Les Miserables,0.90963,0.00213,-0.06957,-0.01225,0.31200
Les Miserables,0.90981,0.00306,-0.06867,-0.01230,0.31200
Les Miserables,0.90999,0.00485,-0.06943,-0.01207,0.31100
Les Miserables,0.91017,0.00544,-0.06957,-0.01211,0.31100
Les Miserables,0.91035,0.00635,-0.07124,-0.01185,0.31100
Les Miserables,0.91053,0.00682,-0.07370,-0.01196,0.31200
Les Miserables,0.91070,0.00683,-0.07265,-0.01199,0.31200
Les Miserables,0.91088,0.00732,-0.07300,-0.01175,0.31200
Les Miserables,0.91106,0.00614,-0.07374,-0.01174,0.31200
Les Miserables,0.91124,0.00645,-0.07452,-0.01152,0.31200
Les Miserables,0.91142,0.00689,-0.07405,-0.01123,0.31300
Les Miserables,0.91160,0.00611,-0.07271,-0.01182,0.31300
Les Miserables,0.91178,0.00600,-0.07329,-0.01209,0.31300
Les Miserables,0.91196,0.00754,-0.07451,-0.01234,0.31300
Les Miserables,0.91214,0.00638,-0.07458,-0.01285,0.31200
Les Miserables,0.91232,0.00649,-0.07499,-0.01299,0.31100
Les Miserables,0.91250,0.00733,-0.07523,-0.01255,0.31100
Les Miserables,0.91268,0.00740,-0.07634,-0.01268,0.31200
Les Miserables,0.91286,0.00663,-0.07598,-0.01234,0.31200
Les Miserables,0.91304,0.00834,-0.07635,-0.01191,0.31300
Les Miserables,0.91321,0.00894,-0.07825,-0.01184,0.31200
Les Miserables,0.91339,0.00998,-0.08010,-0.01186,0.31400
Les Miserables,0.91357,0.01063,-0.08121,-0.01177,0.31400
Les Miserables,0.91375,0.01040,-0.08156,-0.01137,0.31300
Les Miserables,0.91393,0.01024,-0.08160,-0.01126,0.31200
Les Miserables,0.91411,0.01032,-0.08315,-0.01107,0.31300
Les Miserables,0.91429,0.00953,-0.08459,-0.01076,0.31400
Les Miserables,0.91447,0.00921,-0.08602,-0.00994,0.31400
Les Miserables,0.91465,0.00866,-0.08658,-0.00975,0.31400
Les Miserables,0.91483,0.00882,-0.08745,-0.00995,0.31400
Les Miserables,0.91501,0.00807,-0.08855,-0.00973,0.31400
Les Miserables,0.91519,0.00837,-0.09094,-0.01005,0.31400
Les Miserables,0.91537,0.00877,-0.09178,-0.00964,0.31400
Les Miserables,0.91555,0.01037,-0.09352,-0.00888,0.31400
Les Miserables,0.91573,0.01107,-0.09324,-0.00849,0.31300
Les Miserables,0.91590,0.01056,-0.09382,-0.00859,0.31200
Les Miserables,0.91608,0.00965,-0.09371,-0.00850,0.31100
Les Miserables,0.91626,0.00924,-0.09496,-0.00857,0.31000
Les Miserables,0.91644,0.00905,-0.09577,-0.00870,0.31100
Les Miserables,0.91662,0.00938,-0.09658,-0.00870,0.31200
Les Miserables,0.91680,0.00910,-0.09763,-0.00848,0.31300
Les Miserables,0.91698,0.00945,-0.09796,-0.00811,0.31200
Les Miserables,0.91716,0.00863,-0.09902,-0.00750,0.31200
Les Miserables,0.91734,0.01009,-0.10116,-0.00714,0.31300
Les Miserables,0.91752,0.01126,-0.10237,-0.00673,0.31400
Les Miserables,0.91770,0.01159,-0.10415,-0.00622,0.31300
Les Miserables,0.91788,0.01134,-0.10431,-0.00632,0.31200
Les Miserables,0.91806,0.01157,-0.10456,-0.00602,0.31200
Les Miserables,0.91824,0.01064,-0.10432,-0.00523,0.31000
Les Miserables,0.91841,0.01007,-0.10505,-0.00504,0.31000
Les Miserables,0.91859,0.01163,-0.10672,-0.00466,0.31000
Les Miserables,0.91877,0.01159,-0.10692,-0.00413,0.31000
Les Miserables,0.91895,0.01152,-0.10816,-0.00360,0.31100
Les Miserables,0.91913,0.01091,-0.10998,-0.00269,0.31000
Les Miserables,0.91931,0.01026,-0.11072,-0.00222,0.31000
Les Miserables,0.91949,0.01176,-0.11073,-0.00176,0.31000
Les Miserables,0.91967,0.01343,-0.11053,-0.00136,0.31100
Les Miserables,0.91985,0.01431,-0.11122,-0.00094,0.31100
Les Miserables,0.92003,0.01566,-0.11169,-0.00062,0.31000
Les Miserables,0.92021,0.01576,-0.11273,-0.00027,0.31100
Les Miserables,0.92039,0.01564,-0.11332,-0.00024,0.31100
Les Miserables,0.92057,0.01673,-0.11270,0.00011,0.31000
Les Miserables,0.92075,0.01740,-0.11233,0.00021,0.31000
Les Miserables,0.92093,0.01837,-0.11263,0.00064,0.30900
Les Miserables,0.92110,0.01926,-0.11436,0.00056,0.30900
Les Miserables,0.92128,0.02028,-0.11513,0.00066,0.30900
Les Miserables,0.92146,0.02173,-0.11548,0.00017,0.30800
Les Miserables,0.92164,0.02012,-0.11541,-0.00007,0.30700
Les Miserables,0.92182,0.01977,-0.11596,-0.00011,0.30800
Les Miserables,0.92200,0.02036,-0.11532,0.00079,0.30800
Les Miserables,0.92218,0.02025,-0.11484,0.00103,0.30700
Les Miserables,0.92236,0.02015,-0.11430,0.00097,0.30600
Les Miserables,0.92254,0.02018,-0.11400,0.00100,0.30600
Les Miserables,0.92272,0.02042,-0.11480,0.00094,0.30600
Les Miserables,0.92290,0.02026,-0.11429,0.00146,0.30600
Les Miserables,0.92308,0.02077,-0.11296,0.00142,0.30600
Les Miserables,0.92326,0.01942,-0.11273,0.00142,0.30500
Les Miserables,0.92344,0.02034,-0.11297,0.00078,0.30600
Les Miserables,0.92361,0.02133,-0.11324,0.00085,0.30500
Les Miserables,0.92379,0.02114,-0.11571,0.00103,0.30400
Les Miserables,0.92397,0.02207,-0.11709,0.00083,0.30300
Les Miserables,0.92415,0.02237,-0.11674,0.00096,0.30200
Les Miserables,0.92433,0.02344,-0.11757,0.00096,0.30100
Les Miserables,0.92451,0.02338,-0.11936,0.00120,0.30000
Les Miserables,0.92469,0.02426,-0.11771,0.00055,0.29900
Les Miserables,0.92487,0.02460,-0.11776,0.00033,0.29900
Les Miserables,0.92505,0.02391,-0.11736,0.00061,0.30100
Les Miserables,0.92523,0.02254,-0.11666,0.00013,0.30100
Les Miserables,0.92541,0.02100,-0.11566,-0.00057,0.30100
Les Miserables,0.92559,0.02132,-0.11585,-0.00005,0.30100
Les Miserables,0.92577,0.02121,-0.11624,0.00049,0.30200
Les Miserables,0.92595,0.02089,-0.11621,0.00036,0.30100
Les Miserables,0.92613,0.02095,-0.11615,0.00034,0.30200
Les Miserables,0.92630,0.02138,-0.11687,0.00091,0.30200
Les Miserables,0.92648,0.02165,-0.11755,0.00104,0.30300
Les Miserables,0.92666,0.02216,-0.11808,0.00145,0.30400
Les Miserables,0.92684,0.02220,-0.12028,0.00147,0.30300
Les Miserables,0.92702,0.02262,-0.11970,0.00151,0.30300
Les Miserables,0.92720,0.02174,-0.11941,0.00109,0.30200
Les Miserables,0.92738,0.02223,-0.11897,0.00114,0.30200
Les Miserables,0.92756,0.02216,-0.11891,0.00079,0.30300
Les Miserables,0.92774,0.02301,-0.11990,0.00144,0.30200
Les Miserables,0.92792,0.02206,-0.11918,0.00078,0.30100
Les Miserables,0.92810,0.02267,-0.11953,0.00111,0.30100
Les Miserables,0.92828,0.02192,-0.11960,0.00074,0.30100
Les Miserables,0.92846,0.02128,-0.11823,0.00071,0.30000
Les Miserables,0.92864,0.02111,-0.11836,0.00113,0.30000
Les Miserables,0.92881,0.02062,-0.11853,0.00078,0.30100
Les Miserables,0.92899,0.02031,-0.11754,0.00106,0.30100
Les Miserables,0.92917,0.02096,-0.11583,0.00134,0.30200
Les Miserables,0.92935,0.02155,-0.11596,0.00088,0.30100
Les Miserables,0.92953,0.02242,-0.11628,0.00162,0.30200
Les Miserables,0.92971,0.02371,-0.11513,0.00221,0.30200
Les Miserables,0.92989,0.02392,-0.11420,0.00325,0.30200
Les Miserables,0.93007,0.02493,-0.11408,0.00302,0.30200
Les Miserables,0.93025,0.02514,-0.11409,0.00305,0.30200
Les Miserables,0.93043,0.02594,-0.11522,0.00307,0.30200
Les Miserables,0.93061,0.02641,-0.11516,0.00338,0.30200
Les Miserables,0.93079,0.02743,-0.11445,0.00335,0.30200
Les Miserables,0.93097,0.02652,-0.11384,0.00307,0.30200
Les Miserables,0.93115,0.02662,-0.11309,0.00379,0.30200
Les Miserables,0.93133,0.02554,-0.11234,0.00397,0.30100
Les Miserables,0.93150,0.02542,-0.11284,0.00415,0.30100
Les Miserables,0.93168,0.02492,-0.11282,0.00382,0.30200
Les Miserables,0.93186,0.02521,-0.11233,0.00321,0.30200
Les Miserables,0.93204,0.02504,-0.11202,0.00273,0.30000
Les Miserables,0.93222,0.02659,-0.11141,0.00294,0.30000
Les Miserables,0.93240,0.02718,-0.11111,0.00264,0.30000
Les Miserables,0.93258,0.02717,-0.11079,0.00300,0.29900
Les Miserables,0.93276,0.02708,-0.11057,0.00374,0.30000
Les Miserables,0.93294,0.02859,-0.11018,0.00390,0.30000
Les Miserables,0.93312,0.02857,-0.11041,0.00416,0.30000
Les Miserables,0.93330,0.02832,-0.11136,0.00385,0.30000
Les Miserables,0.93348,0.02792,-0.11141,0.00346,0.30000
Les Miserables,0.93366,0.02691,-0.11259,0.00345,0.30100
Les Miserables,0.93384,0.02586,-0.11282,0.00388,0.30100
Les Miserables,0.93401,0.02606,-0.11339,0.00418,0.30100
Les Miserables,0.93419,0.02533,-0.11282,0.00430,0.30100
Les Miserables,0.93437,0.02427,-0.11197,0.00442,0.30000
Les Miserables,0.93455,0.02250,-0.11160,0.00411,0.30000
Les Miserables,0.93473,0.02150,-0.11166,0.00408,0.30200
Les Miserables,0.93491,0.02159,-0.11233,0.00407,0.30300
Les Miserables,0.93509,0.02254,-0.11289,0.00438,0.30500
Les Miserables,0.93527,0.02227,-0.11220,0.00445,0.30400
Les Miserables,0.93545,0.02137,-0.11156,0.00433,0.30200
Les Miserables,0.93563,0.02228,-0.11075,0.00453,0.30200
Les Miserables,0.93581,0.02285,-0.10971,0.00424,0.30200
Les Miserables,0.93599,0.02368,-0.11110,0.00452,0.30300
Les Miserables,0.93617,0.02461,-0.11121,0.00439,0.30400
Les Miserables,0.93635,0.02502,-0.11201,0.00448,0.30500
Les Miserables,0.93653,0.02534,-0.11239,0.00427,0.30400
Les Miserables,0.93670,0.02599,-0.11369,0.00410,0.30500
Les Miserables,0.93688,0.02593,-0.11394,0.00408,0.30500
Les Miserables,0.93706,0.02625,-0.11426,0.00432,0.30600
Les Miserables,0.93724,0.02799,-0.11465,0.00417,0.30600
Les Miserables,0.93742,0.02768,-0.11515,0.00410,0.30600
Les Miserables,0.93760,0.02744,-0.11520,0.00408,0.30600
Les Miserables,0.93778,0.02851,-0.11523,0.00437,0.30600
Les Miserables,0.93796,0.02683,-0.11541,0.00415,0.30700
Les Miserables,0.93814,0.02704,-0.11485,0.00417,0.30600
Les Miserables,0.93832,0.02611,-0.11471,0.00427,0.30600
Les Miserables,0.93850,0.02475,-0.11542,0.00426,0.30600
Les Miserables,0.93868,0.02404,-0.11614,0.00428,0.30500
Les Miserables,0.93886,0.02178,-0.11581,0.00384,0.30500
Les Miserables,0.93904,0.02070,-0.11527,0.00424,0.30400
Les Miserables,0.93921,0.01974,-0.11552,0.00436,0.30500
Les Miserables,0.93939,0.01829,-0.11579,0.00491,0.30500
Les Miserables,0.93957,0.01912,-0.11541,0.00505,0.30600
Les Miserables,0.93975,0.01928,-0.11580,0.00479,0.30600
Les Miserables,0.93993,0.01884,-0.11486,0.00420,0.30600
Les Miserables,0.94011,0.01915,-0.11440,0.00408,0.30800
Les Miserables,0.94029,0.01859,-0.11394,0.00456,0.31000
Les Miserables,0.94047,0.02005,-0.11326,0.00472,0.30900
Les Miserables,0.94065,0.02051,-0.11283,0.00457,0.30800
Les Miserables,0.94083,0.02067,-0.11325,0.00448,0.30900
Les Miserables,0.94101,0.02090,-0.11316,0.00459,0.31000
Les Miserables,0.94119,0.02207,-0.11340,0.00492,0.31000
Les Miserables,0.94137,0.02164,-0.11202,0.00518,0.31000
Les Miserables,0.94155,0.02235,-0.11270,0.00542,0.31100
Les Miserables,0.94172,0.02257,-0.11231,0.00527,0.31200
Les Miserables,0.94190,0.02235,-0.11233,0.00524,0.31400
Les Miserables,0.94208,0.02215,-0.11218,0.00513,0.31500
Les Miserables,0.94226,0.02207,-0.11219,0.00510,0.31600
Les Miserables,0.94244,0.02086,-0.11229,0.00480,0.31700
Les Miserables,0.94262,0.01972,-0.11347,0.00521,0.31700
Les Miserables,0.94280,0.01931,-0.11399,0.00513,0.31700
Les Miserables,0.94298,0.01945,-0.11379,0.00453,0.31700
Les Miserables,0.94316,0.02038,-0.11477,0.00469,0.31700
Les Miserables,0.94334,0.01952,-0.11549,0.00526,0.31700
Les Miserables,0.94352,0.01846,-0.11475,0.00519,0.31700
Les Miserables,0.94370,0.01773,-0.11475,0.00483,0.31800
Les Miserables,0.94388,0.01760,-0.11467,0.00477,0.31800
Les Miserables,0.94406,0.01802,-0.11502,0.00490,0.31700
Les Miserables,0.94424,0.01704,-0.11489,0.00464,0.31600
Les Miserables,0.94441,0.01651,-0.11480,0.00457,0.31700
Les Miserables,0.94459,0.01755,-0.11551,0.00459,0.31800
Les Miserables,0.94477,0.01796,-0.11497,0.00426,0.31700
Les Miserables,0.94495,0.01765,-0.11523,0.00416,0.31700
Les Miserables,0.94513,0.01805,-0.11426,0.00445,0.31700
Les Miserables,0.94531,0.01888,-0.11388,0.00430,0.31800
Les Miserables,0.94549,0.01951,-0.11467,0.00366,0.31700
Les Miserables,0.94567,0.01920,-0.11566,0.00312,0.31900
Les Miserables,0.94585,0.01986,-0.11697,0.00358,0.32100
Les Miserables,0.94603,0.01963,-0.11724,0.00318,0.32100
Les Miserables,0.94621,0.02037,-0.11721,0.00346,0.32100
Les Miserables,0.94639,0.02122,-0.11720,0.00355,0.32100
Les Miserables,0.94657,0.02099,-0.11740,0.00321,0.32100
Les Miserables,0.94675,0.02120,-0.11775,0.00346,0.32100
Les Miserables,0.94692,0.02175,-0.11899,0.00373,0.32200
Les Miserables,0.94710,0.02173,-0.12043,0.00353,0.32100
Les Miserables,0.94728,0.02133,-0.12088,0.00328,0.32100
Les Miserables,0.94746,0.02103,-0.12208,0.00278,0.32000
Les Miserables,0.94764,0.02017,-0.12286,0.00230,0.32000
Les Miserables,0.94782,0.01971,-0.12406,0.00163,0.31900
Les Miserables,0.94800,0.01989,-0.12539,0.00190,0.32000
Les Miserables,0.94818,0.02015,-0.12616,0.00176,0.32000
Les Miserables,0.94836,0.01968,-0.12627,0.00155,0.32000
Les Miserables,0.94854,0.01898,-0.12615,0.00165,0.32000
Les Miserables,0.94872,0.01873,-0.12718,0.00147,0.32000
Les Miserables,0.94890,0.01933,-0.12746,0.00131,0.32000
Les Miserables,0.94908,0.01864,-0.12728,0.00070,0.32100
Les Miserables,0.94926,0.01896,-0.12724,0.00042,0.32000
Les Miserables,0.94944,0.01928,-0.12617,-0.00007,0.32000
Les Miserables,0.94961,0.01947,-0.12570,0.00005,0.32000
Les Miserables,0.94979,0.01869,-0.12642,0.00042,0.32000
Les Miserables,0.94997,0.01807,-0.12620,0.00060,0.32200
Les Miserables,0.95015,0.01770,-0.12566,0.00047,0.32200
Les Miserables,0.95033,0.01659,-0.12578,0.00043,0.32100
Les Miserables,0.95051,0.01653,-0.12642,0.00026,0.32200
Les Miserables,0.95069,0.01644,-0.12674,-0.00019,0.32300
Les Miserables,0.95087,0.01542,-0.12618,-0.00060,0.32300
Les Miserables,0.95105,0.01451,-0.12523,-0.00093,0.32400
Les Miserables,0.95123,0.01415,-0.12423,-0.00059,0.32400
Les Miserables,0.95141,0.01381,-0.12376,-0.00097,0.32400
Les Miserables,0.95159,0.01384,-0.12308,-0.00131,0.32300
Les Miserables,0.95177,0.01521,-0.12341,-0.00148,0.32300
Les Miserables,0.95195,0.01446,-0.12309,-0.00182,0.32300
Les Miserables,0.95212,0.01476,-0.12355,-0.00169,0.32300
Les Miserables,0.95230,0.01541,-0.12395,-0.00198,0.32300
Les Miserables,0.95248,0.01608,-0.12413,-0.00167,0.32300
Les Miserables,0.95266,0.01806,-0.12406,-0.00171,0.32200
Les Miserables,0.95284,0.01797,-0.12352,-0.00225,0.32100
Les Miserables,0.95302,0.01634,-0.12230,-0.00299,0.32000
Les Miserables,0.95320,0.01545,-0.12248,-0.00381,0.32000
Les Miserables,0.95338,0.01526,-0.12233,-0.00399,0.32100
Les Miserables,0.95356,0.01331,-0.12142,-0.00408,0.32100
Les Miserables,0.95374,0.01297,-0.12206,-0.00416,0.32100
Les Miserables,0.95392,0.01183,-0.12127,-0.00443,0.32000
Les Miserables,0.95410,0.00998,-0.12170,-0.00458,0.31900
Les Miserables,0.95428,0.01028,-0.12115,-0.00492,0.31800
Les Miserables,0.95446,0.00831,-0.12145,-0.00502,0.31800
Les Miserables,0.95464,0.00790,-0.12135,-0.00556,0.31700
Les Miserables,0.95481,0.00677,-0.12100,-0.00618,0.31800
Les Miserables,0.95499,0.00635,-0.11954,-0.00648,0.31700
Les Miserables,0.95517,0.00687,-0.11957,-0.00606,0.31800
Les Miserables,0.95535,0.00670,-0.11971,-0.00630,0.31700
Les Miserables,0.95553,0.00585,-0.11937,-0.00655,0.31500
Les Miserables,0.95571,0.00422,-0.11868,-0.00726,0.31400
Les Miserables,0.95589,0.00568,-0.11758,-0.00732,0.31500
Les Miserables,0.95607,0.00503,-0.11759,-0.00737,0.31400
Les Miserables,0.95625,0.00646,-0.11647,-0.00748,0.31600
Les Miserables,0.95643,0.00793,-0.11563,-0.00782,0.31500
Les Miserables,0.95661,0.00994,-0.11514,-0.00816,0.31600
Les Miserables,0.95679,0.01173,-0.11480,-0.00817,0.31600
Les Miserables,0.95697,0.01312,-0.11417,-0.00844,0.31600
Les Miserables,0.95715,0.01398,-0.11250,-0.00881,0.31600
Les Miserables,0.95732,0.01463,-0.11096,-0.00887,0.31600
Les Miserables,0.95750,0.01546,-0.11163,-0.00892,0.31600
Les Miserables,0.95768,0.01576,-0.11115,-0.00848,0.31800
Les Miserables,0.95786,0.01652,-0.11311,-0.00839,0.31800
Les Miserables,0.95804,0.01552,-0.11358,-0.00838,0.31600
Les Miserables,0.95822,0.01692,-0.11502,-0.00875,0.31500
Les Miserables,0.95840,0.01711,-0.11555,-0.00866,0.31600
Les Miserables,0.95858,0.01655,-0.11472,-0.00830,0.31600
Les Miserables,0.95876,0.01664,-0.11483,-0.00838,0.31500
Les Miserables,0.95894,0.01592,-0.11507,-0.00845,0.31500
Les Miserables,0.95912,0.01719,-0.11556,-0.00939,0.31400
Les Miserables,0.95930,0.01815,-0.11758,-0.00975,0.31400
Les Miserables,0.95948,0.01739,-0.11737,-0.01000,0.31400
Les Miserables,0.95966,0.01769,-0.11763,-0.00983,0.31300
Les Miserables,0.95984,0.01791,-0.11677,-0.00941,0.31200
Les Miserables,0.96001,0.01833,-0.11718,-0.00946,0.31200
Les Miserables,0.96019,0.01764,-0.11686,-0.00954,0.31200
Les Miserables,0.96037,0.01877,-0.11583,-0.00928,0.31200
Les Miserables,0.96055,0.01898,-0.11436,-0.00931,0.31100
Les Miserables,0.96073,0.01974,-0.11455,-0.00911,0.31200
Les Miserables,0.96091,0.01966,-0.11487,-0.00903,0.31200
Les Miserables,0.96109,0.01757,-0.11431,-0.00900,0.31200
Les Miserables,0.96127,0.01768,-0.11434,-0.00971,0.31200
Les Miserables,0.96145,0.01830,-0.11457,-0.00993,0.31100
Les Miserables,0.96163,0.01956,-0.11488,-0.00980,0.31100
Les Miserables,0.96181,0.01961,-0.11387,-0.00958,0.31100
Les Miserables,0.96199,0.02014,-0.11392,-0.00982,0.31100
Les Miserables,0.96217,0.02071,-0.11445,-0.00990,0.31100
Les Miserables,0.96235,0.02060,-0.11355,-0.00988,0.31200
Les Miserables,0.96252,0.01969,-0.11334,-0.01000,0.31000
Les Miserables,0.96270,0.01967,-0.11378,-0.00964,0.31100
Les Miserables,0.96288,0.01979,-0.11412,-0.00908,0.31200
Les Miserables,0.96306,0.02037,-0.11553,-0.00908,0.31300
Les Miserables,0.96324,0.01950,-0.11592,-0.00894,0.31300
Les Miserables,0.96342,0.01900,-0.11506,-0.00793,0.31300
Les Miserables,0.96360,0.01867,-0.11391,-0.00784,0.31300
Les Miserables,0.96378,0.01838,-0.11302,-0.00814,0.31200
Les Miserables,0.96396,0.01782,-0.11304,-0.00766,0.31100
Les Miserables,0.96414,0.01752,-0.11354,-0.00767,0.31000
Les Miserables,0.96432,0.01697,-0.11304,-0.00747,0.31100
Les Miserables,0.96450,0.01641,-0.11191,-0.00793,0.31100
Les Miserables,0.96468,0.01643,-0.11136,-0.00783,0.31200
Les Miserables,0.96486,0.01715,-0.11136,-0.00831,0.31100
Les Miserables,0.96503,0.01690,-0.11170,-0.00851,0.31100
Les Miserables,0.96521,0.01595,-0.11152,-0.00857,0.31100
Les Miserables,0.96539,0.01621,-0.11081,-0.00874,0.31200
Les Miserables,0.96557,0.01565,-0.11020,-0.00866,0.31200
Les Miserables,0.96575,0.01530,-0.11026,-0.00837,0.31200
Les Miserables,0.96593,0.01472,-0.11021,-0.00826,0.31200
Les Miserables,0.96611,0.01421,-0.10972,-0.00811,0.31100
Les Miserables,0.96629,0.01455,-0.10946,-0.00800,0.31100
Les Miserables,0.96647,0.01560,-0.10977,-0.00810,0.31100
Les Miserables,0.96665,0.01541,-0.10958,-0.00810,0.31100
Les Miserables,0.96683,0.01495,-0.11028,-0.00776,0.31100
Les Miserables,0.96701,0.01422,-0.11043,-0.00762,0.31000
Les Miserables,0.96719,0.01438,-0.11108,-0.00716,0.31100
Les Miserables,0.96737,0.01352,-0.11135,-0.00693,0.31100
Les Miserables,0.96755,0.01393,-0.11151,-0.00683,0.31000
Les Miserables,0.96772,0.01405,-0.11171,-0.00674,0.30900
Les Miserables,0.96790,0.01418,-0.11193,-0.00664,0.30900
Les Miserables,0.96808,0.01384,-0.11231,-0.00675,0.30700
Les Miserables,0.96826,0.01460,-0.11196,-0.00668,0.30800
Les Miserables,0.96844,0.01369,-0.11105,-0.00684,0.30700
Les Miserables,0.96862,0.01345,-0.11079,-0.00678,0.30600
Les Miserables,0.96880,0.01369,-0.11113,-0.00680,0.30500
Les Miserables,0.96898,0.01392,-0.11093,-0.00645,0.30500
Les Miserables,0.96916,0.01176,-0.11053,-0.00698,0.30500
Les Miserables,0.96934,0.01044,-0.11024,-0.00669,0.30500
Les Miserables,0.96952,0.00959,-0.11030,-0.00668,0.30500
Les Miserables,0.96970,0.00954,-0.10920,-0.00670,0.30600
Les Miserables,0.96988,0.00972,-0.10888,-0.00687,0.30600
Les Miserables,0.97006,0.01027,-0.10801,-0.00723,0.30600
Les Miserables,0.97023,0.01051,-0.10752,-0.00711,0.30500
Les Miserables,0.97041,0.01022,-0.10665,-0.00742,0.30500
Les Miserables,0.97059,0.00907,-0.10651,-0.00770,0.30400
Les Miserables,0.97077,0.00848,-0.10621,-0.00721,0.30400
Les Miserables,0.97095,0.00916,-0.10638,-0.00699,0.30300
Les Miserables,0.97113,0.00803,-0.10599,-0.00623,0.30400
Les Miserables,0.97131,0.00675,-0.10685,-0.00575,0.30500
Les Miserables,0.97149,0.00782,-0.10849,-0.00556,0.30600
Les Miserables,0.97167,0.00723,-0.10920,-0.00524,0.30500
Les Miserables,0.97185,0.00804,-0.10835,-0.00551,0.30600
Les Miserables,0.97203,0.00848,-0.10832,-0.00559,0.30500
Les Miserables,0.97221,0.00747,-0.10797,-0.00556,0.30600
Les Miserables,0.97239,0.00775,-0.10692,-0.00568,0.30500
Les Miserables,0.97257,0.00648,-0.10684,-0.00547,0.30400
Les Miserables,0.97275,0.00673,-0.10633,-0.00526,0.30400
Les Miserables,0.97292,0.00590,-0.10750,-0.00532,0.30400
Les Miserables,0.97310,0.00283,-0.10692,-0.00563,0.30400
Les Miserables,0.97328,0.00069,-0.10663,-0.00556,0.30400
Les Miserables,0.97346,0.00068,-0.10736,-0.00548,0.30400
Les Miserables,0.97364,0.00123,-0.10804,-0.00525,0.30500
Les Miserables,0.97382,-0.00091,-0.10840,-0.00551,0.30500
Les Miserables,0.97400,-0.00044,-0.10896,-0.00573,0.30500
Les Miserables,0.97418,-0.00128,-0.10956,-0.00564,0.30400
Les Miserables,0.97436,-0.00197,-0.11087,-0.00542,0.30400
Les Miserables,0.97454,-0.00298,-0.11098,-0.00491,0.30400
Les Miserables,0.97472,-0.00381,-0.11112,-0.00501,0.30300
Les Miserables,0.97490,-0.00258,-0.11222,-0.00503,0.30400
Les Miserables,0.97508,-0.00126,-0.11381,-0.00496,0.30400
Les Miserables,0.97526,-0.00154,-0.11540,-0.00493,0.30400
Les Miserables,0.97543,-0.00295,-0.11525,-0.00524,0.30400
Les Miserables,0.97561,-0.00319,-0.11582,-0.00525,0.30200
Les Miserables,0.97579,-0.00331,-0.11510,-0.00531,0.30200
Les Miserables,0.97597,-0.00335,-0.11512,-0.00492,0.30100
Les Miserables,0.97615,-0.00482,-0.11422,-0.00511,0.30100
Les Miserables,0.97633,-0.00772,-0.11492,-0.00540,0.30200
Les Miserables,0.97651,-0.00843,-0.11574,-0.00575,0.30300
Les Miserables,0.97669,-0.00766,-0.11560,-0.00603,0.30300
Les Miserables,0.97687,-0.00715,-0.11690,-0.00631,0.30400
Les Miserables,0.97705,-0.00849,-0.11691,-0.00585,0.30400
Les Miserables,0.97723,-0.01004,-0.11746,-0.00597,0.30400
Les Miserables,0.97741,-0.01021,-0.11729,-0.00585,0.30500
Les Miserables,0.97759,-0.00995,-0.11673,-0.00585,0.30600
Les Miserables,0.97777,-0.00938,-0.11823,-0.00563,0.30600
Les Miserables,0.97795,-0.00940,-0.11875,-0.00588,0.30600
Les Miserables,0.97812,-0.00872,-0.11853,-0.00589,0.30600
Les Miserables,0.97830,-0.00877,-0.11991,-0.00612,0.30700
Les Miserables,0.97848,-0.00770,-0.12072,-0.00633,0.30600
Les Miserables,0.97866,-0.00745,-0.11995,-0.00625,0.30700
Les Miserables,0.97884,-0.00674,-0.12012,-0.00600,0.30700
Les Miserables,0.97902,-0.00516,-0.11962,-0.00603,0.30800
Les Miserables,0.97920,-0.00468,-0.11953,-0.00588,0.30700
Les Miserables,0.97938,-0.00487,-0.11947,-0.00596,0.30700
Les Miserables,0.97956,-0.00615,-0.11840,-0.00638,0.30700
Les Miserables,0.97974,-0.00574,-0.11945,-0.00638,0.30500
Les Miserables,0.97992,-0.00585,-0.11968,-0.00651,0.30500
Les Miserables,0.98010,-0.00599,-0.11908,-0.00656,0.30500
Les Miserables,0.98028,-0.00587,-0.11923,-0.00668,0.30400
Les Miserables,0.98046,-0.00563,-0.11868,-0.00714,0.30400
Les Miserables,0.98063,-0.00427,-0.11769,-0.00737,0.30300
Les Miserables,0.98081,-0.00398,-0.11671,-0.00811,0.30200
Les Miserables,0.98099,-0.00479,-0.11689,-0.00808,0.30200
Les Miserables,0.98117,-0.00355,-0.11674,-0.00862,0.30100
Les Miserables,0.98135,-0.00362,-0.11612,-0.00898,0.30100
Les Miserables,0.98153,-0.00286,-0.11616,-0.00931,0.30100
Les Miserables,0.98171,-0.00192,-0.11545,-0.00961,0.30200
Les Miserables,0.98189,-0.00189,-0.11375,-0.00996,0.30200
Les Miserables,0.98207,-0.00280,-0.11341,-0.01020,0.30200
Les Miserables,0.98225,-0.00375,-0.11400,-0.01061,0.30200
Les Miserables,0.98243,-0.00254,-0.11473,-0.01058,0.30200
Les Miserables,0.98261,-0.00206,-0.11447,-0.01071,0.30000
Les Miserables,0.98279,-0.00255,-0.11243,-0.01074,0.30000
Les Miserables,0.98297,-0.00194,-0.11155,-0.01079,0.30100
Les Miserables,0.98315,-0.00012,-0.11088,-0.01061,0.30200
Les Miserables,0.98332,-0.00101,-0.11076,-0.01001,0.30200
Les Miserables,0.98350,-0.00040,-0.11075,-0.01043,0.30100
Les Miserables,0.98368,-0.00022,-0.10945,-0.01075,0.30100
Les Miserables,0.98386,-0.00029,-0.10821,-0.01076,0.30100
Les Miserables,0.98404,-0.00011,-0.10711,-0.01115,0.30200
Les Miserables,0.98422,0.00025,-0.10721,-0.01136,0.30300
Les Miserables,0.98440,0.00010,-0.10591,-0.01172,0.30300
Les Miserables,0.98458,0.00010,-0.10539,-0.01198,0.30300
Les Miserables,0.98476,-0.00141,-0.10522,-0.01274,0.30400
Les Miserables,0.98494,-0.00107,-0.10504,-0.01287,0.30500
Les Miserables,0.98512,-0.00239,-0.10314,-0.01322,0.30500
Les Miserables,0.98530,-0.00211,-0.10157,-0.01324,0.30500
Les Miserables,0.98548,-0.00170,-0.10103,-0.01339,0.30500
Les Miserables,0.98566,-0.00091,-0.09995,-0.01310,0.30700
Les Miserables,0.98583,-0.00017,-0.09957,-0.01296,0.30600
Les Miserables,0.98601,0.00037,-0.09895,-0.01311,0.30700
Les Miserables,0.98619,0.00109,-0.09832,-0.01306,0.30700
Les Miserables,0.98637,0.00252,-0.09883,-0.01310,0.30600
Les Miserables,0.98655,0.00216,-0.09729,-0.01305,0.30600
Les Miserables,0.98673,0.00218,-0.09807,-0.01295,0.30700
Les Miserables,0.98691,0.00313,-0.09799,-0.01285,0.30700
Les Miserables,0.98709,0.00474,-0.09896,-0.01228,0.30700
Les Miserables,0.98727,0.00455,-0.09906,-0.01204,0.30800
Les Miserables,0.98745,0.00466,-0.09924,-0.01201,0.30700
Les Miserables,0.98763,0.00509,-0.10019,-0.01212,0.30700
Les Miserables,0.98781,0.00469,-0.10012,-0.01177,0.30700
Les Miserables,0.98799,0.00441,-0.10038,-0.01153,0.30600
Les Miserables,0.98817,0.00392,-0.10006,-0.01147,0.30600
Les Miserables,0.98834,0.00496,-0.10104,-0.01143,0.30600
Les Miserables,0.98852,0.00473,-0.10098,-0.01130,0.30700
Les Miserables,0.98870,0.00538,-0.10142,-0.01156,0.30800
Les Miserables,0.98888,0.00485,-0.10182,-0.01162,0.30900
Les Miserables,0.98906,0.00626,-0.10203,-0.01166,0.30800
Les Miserables,0.98924,0.00807,-0.10275,-0.01171,0.30900
Les Miserables,0.98942,0.00760,-0.10186,-0.01166,0.30800
Les Miserables,0.98960,0.00844,-0.10075,-0.01141,0.30900
Les Miserables,0.98978,0.00828,-0.10102,-0.01096,0.30800
Les Miserables,0.98996,0.00933,-0.10147,-0.01027,0.30900
Les Miserables,0.99014,0.01031,-0.10267,-0.00987,0.30900
Les Miserables,0.99032,0.01073,-0.10264,-0.00979,0.31000
Les Miserables,0.99050,0.01118,-0.10183,-0.00938,0.31000
Les Miserables,0.99068,0.01167,-0.10139,-0.00952,0.31000
Les Miserables,0.99086,0.01212,-0.10086,-0.00925,0.31000
Les Miserables,0.99103,0.01369,-0.10080,-0.00916,0.30900
Les Miserables,0.99121,0.01533,-0.10147,-0.00958,0.30900
Les Miserables,0.99139,0.01507,-0.10052,-0.00971,0.31100
Les Miserables,0.99157,0.01399,-0.09964,-0.00977,0.31100
Les Miserables,0.99175,0.01539,-0.09953,-0.00930,0.31100
Les Miserables,0.99193,0.01491,-0.09981,-0.00916,0.31100
Les Miserables,0.99211,0.01555,-0.10064,-0.00894,0.31100
Les Miserables,0.99229,0.01716,-0.10096,-0.00857,0.31200
Les Miserables,0.99247,0.01759,-0.10125,-0.00913,0.31200
Les Miserables,0.99265,0.01703,-0.10211,-0.00881,0.31300
Les Miserables,0.99283,0.01569,-0.10182,-0.00835,0.31300
Les Miserables,0.99301,0.01418,-0.10222,-0.00782,0.31300
Les Miserables,0.99319,0.01443,-0.10161,-0.00763,0.31200
Les Miserables,0.99337,0.01490,-0.10131,-0.00709,0.31200
Les Miserables,0.99354,0.01375,-0.10133,-0.00675,0.31200
Les Miserables,0.99372,0.01271,-0.10112,-0.00694,0.31300
Les Miserables,0.99390,0.01280,-0.10135,-0.00745,0.31400
Les Miserables,0.99408,0.01236,-0.10221,-0.00770,0.31500
Les Miserables,0.99426,0.01423,-0.10172,-0.00790,0.31200
Les Miserables,0.99444,0.01450,-0.10219,-0.00802,0.31200
Les Miserables,0.99462,0.01412,-0.10153,-0.00789,0.31100
Les Miserables,0.99480,0.01366,-0.10099,-0.00739,0.31100
Les Miserables,0.99498,0.01363,-0.10133,-0.00762,0.31200
Les Miserables,0.99516,0.01560,-0.10087,-0.00769,0.31100
Les Miserables,0.99534,0.01662,-0.10130,-0.00768,0.31100
Les Miserables,0.99552,0.01663,-0.10090,-0.00833,0.31100
Les Miserables,0.99570,0.01643,-0.10064,-0.00894,0.31100
Les Miserables,0.99588,0.01772,-0.10094,-0.00889,0.31100
Les Miserables,0.99606,0.01835,-0.10188,-0.00861,0.31100
Les Miserables,0.99623,0.01814,-0.10169,-0.00870,0.31000
Les Miserables,0.99641,0.01768,-0.10196,-0.00865,0.31000
Les Miserables,0.99659,0.01713,-0.10239,-0.00835,0.30900
Les Miserables,0.99677,0.01646,-0.10094,-0.00837,0.30900
Les Miserables,0.99695,0.01664,-0.10107,-0.00846,0.30900
Les Miserables,0.99713,0.01692,-0.10126,-0.00836,0.31000
Les Miserables,0.99731,0.01775,-0.10127,-0.00817,0.31000
Les Miserables,0.99749,0.01777,-0.10198,-0.00820,0.31100
Les Miserables,0.99767,0.01636,-0.10203,-0.00797,0.31200
Les Miserables,0.99785,0.01550,-0.10185,-0.00767,0.31200
Les Miserables,0.99803,0.01394,-0.10116,-0.00743,0.31300
Les Miserables,0.99821,0.01361,-0.10112,-0.00676,0.31400
Les Miserables,0.99839,0.01342,-0.10165,-0.00663,0.31300
Les Miserables,0.99857,0.01222,-0.10303,-0.00593,0.31400
Les Miserables,0.99874,0.01235,-0.10472,-0.00560,0.31500
Les Miserables,0.99892,0.01221,-0.10517,-0.00524,0.31500
Les Miserables,0.99910,0.01153,-0.10576,-0.00456,0.31500
Les Miserables,0.99928,0.01129,-0.10718,-0.00428,0.31500
Les Miserables,0.99946,0.01087,-0.10773,-0.00395,0.31500
Les Miserables,0.99964,0.01016,-0.10775,-0.00377,0.31400
Les Miserables,0.99982,0.01089,-0.10929,-0.00361,0.31400
Les Miserables,1.00000,0.01136,-0.10864,-0.00321,0.31400
