T,power,danger,structure,coverage
5000,0.01960,-0.12988,-0.02604,0.305
5100,0.01951,-0.12990,-0.02602,0.305
5200,0.01850,-0.12909,-0.02605,0.305
5300,0.01764,-0.12898,-0.02628,0.305
5400,0.01698,-0.13158,-0.02613,0.305
5500,0.01705,-0.13148,-0.02608,0.305
5600,0.01633,-0.13116,-0.02573,0.305
5700,0.01626,-0.13101,-0.02562,0.305
5800,0.01725,-0.13073,-0.02562,0.305
5900,0.01680,-0.12945,-0.02589,0.304
6000,0.01589,-0.12867,-0.02617,0.303
6100,0.01391,-0.12860,-0.02480,0.303
6200,0.01312,-0.12807,-0.02434,0.303
6300,0.01282,-0.12743,-0.02385,0.303
6400,0.01441,-0.12772,-0.02332,0.303
6500,0.01602,-0.12825,-0.02358,0.303
6600,0.01663,-0.12879,-0.02366,0.302
6700,0.01662,-0.12775,-0.02381,0.302
6800,0.01729,-0.12705,-0.02335,0.304
6900,0.01693,-0.12618,-0.02293,0.306
7000,0.01641,-0.12645,-0.02286,0.309
7100,0.01729,-0.12701,-0.02241,0.311
7200,0.01667,-0.12577,-0.02176,0.312
7300,0.01627,-0.12488,-0.02181,0.312
7400,0.01624,-0.12527,-0.02116,0.312
7500,0.01625,-0.12536,-0.02102,0.311
7600,0.01700,-0.12497,-0.02061,0.312
7700,0.01777,-0.12494,-0.02063,0.312
7800,0.01779,-0.12527,-0.02063,0.315
7900,0.01735,-0.12590,-0.02024,0.316
8000,0.01624,-0.12634,-0.02037,0.316
8100,0.01490,-0.12670,-0.02029,0.316
8200,0.01463,-0.12651,-0.01992,0.316
8300,0.01529,-0.12697,-0.01966,0.315
8400,0.01434,-0.12620,-0.01939,0.315
8500,0.01353,-0.12604,-0.01910,0.316
8600,0.01318,-0.12568,-0.01946,0.316
8700,0.01365,-0.12597,-0.01893,0.317
8800,0.01388,-0.12489,-0.01889,0.316
8900,0.01389,-0.12467,-0.01878,0.315
9000,0.01367,-0.12465,-0.01855,0.315
9100,0.01386,-0.12421,-0.01861,0.315
9200,0.01375,-0.12486,-0.01865,0.315
9300,0.01321,-0.12522,-0.01900,0.315
9400,0.01349,-0.12467,-0.01912,0.314
9500,0.01287,-0.12369,-0.01917,0.314
9600,0.01308,-0.12300,-0.01942,0.313
9700,0.01350,-0.12257,-0.01935,0.313
9800,0.01371,-0.12216,-0.01965,0.314
9900,0.01318,-0.12235,-0.01990,0.315
10000,0.01254,-0.12376,-0.01967,0.316
10100,0.01350,-0.12568,-0.01989,0.316
10200,0.01312,-0.12691,-0.02024,0.316
10300,0.01377,-0.12817,-0.01998,0.316
10400,0.01270,-0.12969,-0.01984,0.317
10500,0.01251,-0.13158,-0.01961,0.317
10600,0.01206,-0.13243,-0.01956,0.317
10700,0.01326,-0.13330,-0.01951,0.318
10800,0.01324,-0.13306,-0.01964,0.318
10900,0.01439,-0.13325,-0.01970,0.318
11000,0.01542,-0.13323,-0.02037,0.319
11100,0.01501,-0.13100,-0.02033,0.320
11200,0.01562,-0.13058,-0.02041,0.321
11300,0.01580,-0.13024,-0.02062,0.322
11400,0.01578,-0.13096,-0.02094,0.322
11500,0.01452,-0.13196,-0.02077,0.322
11600,0.01424,-0.13238,-0.02051,0.322
11700,0.01428,-0.13245,-0.02050,0.321
11800,0.01358,-0.13249,-0.02014,0.321
11900,0.01313,-0.13160,-0.02034,0.321
12000,0.01303,-0.13111,-0.01981,0.321
12100,0.01394,-0.13152,-0.01994,0.321
12200,0.01450,-0.13103,-0.01961,0.320
12300,0.01474,-0.13088,-0.01994,0.321
12400,0.01468,-0.13028,-0.02008,0.320
12500,0.01529,-0.12992,-0.02046,0.320
12600,0.01556,-0.12913,-0.01972,0.320
12700,0.01613,-0.12777,-0.02009,0.320
12800,0.01585,-0.12607,-0.01929,0.319
12900,0.01735,-0.12522,-0.01913,0.318
13000,0.01848,-0.12457,-0.01898,0.318
13100,0.01883,-0.12499,-0.01907,0.319
13200,0.01876,-0.12278,-0.01935,0.318
13300,0.01871,-0.12209,-0.01960,0.318
13400,0.01949,-0.12141,-0.02003,0.317
13500,0.02031,-0.12120,-0.02010,0.316
13600,0.01980,-0.11978,-0.02010,0.317
13700,0.02021,-0.12005,-0.02001,0.317
13800,0.02157,-0.11980,-0.01987,0.317
13900,0.02227,-0.11899,-0.01929,0.319
14000,0.02405,-0.11869,-0.01964,0.318
14100,0.02470,-0.11855,-0.01976,0.317
14200,0.02457,-0.11783,-0.01983,0.317
14300,0.02495,-0.11576,-0.01962,0.318
14400,0.02480,-0.11496,-0.01939,0.318
14500,0.02443,-0.11495,-0.01977,0.319
14600,0.02423,-0.11409,-0.01939,0.318
14700,0.02495,-0.11383,-0.01919,0.319
14800,0.02649,-0.11345,-0.01869,0.319
14900,0.02767,-0.11369,-0.01866,0.320
15000,0.02749,-0.11298,-0.01884,0.320
15100,0.02798,-0.11136,-0.01841,0.320
15200,0.02901,-0.11207,-0.01809,0.321
15300,0.02991,-0.11278,-0.01847,0.321
15400,0.03028,-0.11104,-0.01890,0.320
15500,0.02962,-0.11153,-0.01863,0.319
15600,0.02973,-0.11167,-0.01901,0.319
15700,0.03090,-0.11175,-0.01936,0.319
15800,0.03159,-0.11206,-0.01955,0.318
15900,0.03267,-0.11269,-0.01971,0.318
16000,0.03436,-0.11317,-0.01969,0.319
16100,0.03393,-0.11309,-0.01959,0.319
16200,0.03413,-0.11276,-0.01977,0.318
16300,0.03440,-0.11139,-0.01956,0.319
16400,0.03488,-0.11166,-0.01934,0.320
16500,0.03452,-0.11126,-0.01901,0.320
16600,0.03505,-0.11039,-0.01901,0.322
16700,0.03549,-0.11079,-0.01856,0.322
16800,0.03539,-0.11106,-0.01905,0.321
16900,0.03622,-0.11171,-0.01946,0.321
17000,0.03700,-0.11112,-0.01974,0.319
17100,0.03612,-0.11019,-0.02017,0.319
17200,0.03575,-0.11058,-0.02038,0.318
17300,0.03773,-0.11156,-0.02015,0.318
17400,0.03783,-0.11160,-0.02030,0.318
17500,0.03827,-0.11246,-0.02021,0.318
17600,0.03927,-0.11352,-0.02080,0.319
17700,0.03924,-0.11418,-0.02078,0.319
17800,0.03849,-0.11447,-0.02063,0.320
17900,0.03894,-0.11438,-0.02035,0.321
18000,0.04127,-0.11375,-0.02031,0.321
18100,0.04233,-0.11263,-0.02017,0.321
18200,0.04290,-0.11393,-0.02055,0.323
18300,0.04324,-0.11414,-0.02054,0.324
18400,0.04470,-0.11497,-0.02090,0.325
18500,0.04560,-0.11456,-0.02102,0.326
18600,0.04676,-0.11467,-0.02073,0.326
18700,0.04675,-0.11431,-0.02094,0.326
18800,0.04680,-0.11421,-0.02067,0.326
18900,0.04642,-0.11417,-0.02093,0.327
19000,0.04623,-0.11309,-0.02130,0.326
19100,0.04673,-0.11271,-0.02150,0.328
19200,0.04576,-0.11203,-0.02115,0.327
19300,0.04380,-0.11204,-0.02054,0.329
19400,0.04261,-0.11246,-0.01996,0.330
19500,0.04233,-0.11364,-0.01990,0.330
19600,0.04232,-0.11317,-0.01994,0.330
19700,0.04270,-0.11394,-0.02026,0.329
19800,0.04397,-0.11442,-0.02008,0.327
19900,0.04404,-0.11468,-0.01998,0.327
20000,0.04476,-0.11384,-0.01997,0.327
20100,0.04311,-0.11336,-0.01978,0.327
20200,0.04242,-0.11318,-0.01949,0.327
20300,0.04224,-0.11317,-0.01944,0.327
20400,0.04378,-0.11330,-0.01965,0.326
20500,0.04366,-0.11284,-0.01993,0.326
20600,0.04368,-0.11282,-0.01954,0.326
20700,0.04305,-0.11278,-0.01924,0.325
20800,0.04281,-0.11314,-0.01928,0.325
20900,0.04238,-0.11297,-0.01897,0.325
21000,0.04033,-0.11409,-0.01841,0.324
21100,0.03957,-0.11574,-0.01844,0.324
21200,0.03894,-0.11718,-0.01841,0.323
21300,0.03728,-0.11803,-0.01864,0.323
21400,0.03697,-0.11849,-0.01838,0.322
21500,0.03709,-0.11865,-0.01832,0.321
21600,0.03718,-0.11802,-0.01825,0.321
21700,0.03636,-0.11860,-0.01851,0.321
21800,0.03554,-0.11924,-0.01865,0.322
21900,0.03667,-0.12041,-0.01758,0.322
22000,0.03569,-0.12038,-0.01781,0.323
22100,0.03496,-0.12033,-0.01788,0.323
22200,0.03432,-0.11942,-0.01828,0.323
22300,0.03322,-0.11853,-0.01788,0.324
22400,0.03247,-0.11784,-0.01809,0.325
22500,0.03115,-0.11803,-0.01773,0.326
22600,0.03021,-0.11831,-0.01770,0.326
22700,0.02974,-0.11905,-0.01747,0.326
22800,0.02887,-0.12010,-0.01777,0.325
22900,0.02723,-0.12061,-0.01755,0.326
23000,0.02590,-0.12059,-0.01741,0.326
23100,0.02502,-0.12046,-0.01708,0.326
23200,0.02522,-0.12100,-0.01701,0.326
23300,0.02529,-0.12146,-0.01682,0.326
23400,0.02545,-0.12227,-0.01668,0.327
23500,0.02433,-0.12260,-0.01660,0.327
23600,0.02575,-0.12372,-0.01664,0.326
23700,0.02610,-0.12368,-0.01641,0.324
23800,0.02571,-0.12421,-0.01642,0.324
23900,0.02450,-0.12494,-0.01602,0.324
24000,0.02290,-0.12547,-0.01529,0.326
24100,0.02198,-0.12576,-0.01463,0.327
24200,0.02325,-0.12701,-0.01435,0.327
24300,0.02373,-0.12975,-0.01468,0.327
24400,0.02370,-0.12906,-0.01477,0.327
24500,0.02479,-0.12888,-0.01429,0.327
24600,0.02491,-0.12939,-0.01451,0.328
24700,0.02491,-0.12895,-0.01458,0.327
24800,0.02392,-0.12826,-0.01469,0.326
24900,0.02239,-0.12816,-0.01475,0.326
25000,0.02285,-0.12859,-0.01463,0.326
25100,0.02223,-0.12995,-0.01452,0.327
25200,0.02095,-0.13027,-0.01480,0.327
25300,0.01971,-0.13011,-0.01414,0.327
25400,0.01973,-0.13164,-0.01392,0.328
25500,0.01933,-0.13102,-0.01424,0.328
25600,0.01901,-0.13059,-0.01404,0.329
25700,0.01790,-0.13077,-0.01435,0.330
25800,0.01725,-0.13063,-0.01406,0.331
25900,0.01661,-0.13041,-0.01404,0.331
26000,0.01522,-0.13047,-0.01394,0.332
26100,0.01578,-0.13106,-0.01440,0.331
26200,0.01522,-0.13164,-0.01433,0.331
26300,0.01432,-0.13298,-0.01479,0.331
26400,0.01204,-0.13254,-0.01516,0.331
26500,0.01126,-0.13268,-0.01515,0.329
26600,0.01033,-0.13316,-0.01488,0.328
26700,0.00947,-0.13279,-0.01497,0.328
26800,0.00820,-0.13379,-0.01448,0.329
26900,0.00688,-0.13449,-0.01467,0.329
27000,0.00748,-0.13565,-0.01455,0.330
27100,0.00802,-0.13601,-0.01447,0.330
27200,0.00893,-0.13650,-0.01458,0.330
27300,0.00773,-0.13610,-0.01479,0.330
27400,0.00759,-0.13618,-0.01485,0.329
27500,0.00760,-0.13565,-0.01467,0.328
27600,0.00641,-0.13522,-0.01397,0.327
27700,0.00564,-0.13508,-0.01409,0.326
27800,0.00631,-0.13407,-0.01418,0.325
27900,0.00595,-0.13367,-0.01445,0.325
28000,0.00436,-0.13378,-0.01462,0.324
28100,0.00379,-0.13473,-0.01459,0.323
28200,0.00318,-0.13393,-0.01450,0.322
28300,0.00152,-0.13349,-0.01453,0.321
28400,0.00044,-0.13390,-0.01436,0.320
28500,-0.00083,-0.13581,-0.01416,0.321
28600,-0.00130,-0.13476,-0.01430,0.322
28700,-0.00186,-0.13415,-0.01433,0.322
28800,-0.00175,-0.13520,-0.01476,0.322
28900,-0.00233,-0.13603,-0.01451,0.322
29000,-0.00279,-0.13630,-0.01419,0.322
29100,-0.00432,-0.13701,-0.01351,0.321
29200,-0.00434,-0.13751,-0.01306,0.322
29300,-0.00361,-0.13759,-0.01293,0.320
29400,-0.00345,-0.13744,-0.01283,0.319
29500,-0.00371,-0.13641,-0.01239,0.319
29600,-0.00360,-0.13474,-0.01237,0.320
29700,-0.00363,-0.13223,-0.01229,0.322
29800,-0.00493,-0.13142,-0.01226,0.322
29900,-0.00579,-0.13039,-0.01248,0.323
30000,-0.00656,-0.13052,-0.01247,0.321
30100,-0.00679,-0.13028,-0.01248,0.321
30200,-0.00629,-0.13029,-0.01263,0.320
30300,-0.00726,-0.13024,-0.01266,0.319
30400,-0.00889,-0.13022,-0.01253,0.320
30500,-0.01114,-0.13000,-0.01242,0.319
30600,-0.01170,-0.12989,-0.01260,0.319
30700,-0.01219,-0.12938,-0.01254,0.320
30800,-0.01188,-0.12855,-0.01238,0.320
30900,-0.01280,-0.12986,-0.01235,0.321
31000,-0.01272,-0.12855,-0.01183,0.321
31100,-0.01255,-0.12790,-0.01177,0.321
31200,-0.01254,-0.12661,-0.01198,0.321
31300,-0.01258,-0.12489,-0.01142,0.321
31400,-0.01215,-0.12347,-0.01150,0.321
31500,-0.01259,-0.12119,-0.01178,0.322
31600,-0.01142,-0.12028,-0.01196,0.322
31700,-0.01075,-0.11873,-0.01198,0.322
31800,-0.00992,-0.11721,-0.01187,0.321
31900,-0.01014,-0.11538,-0.01255,0.319
32000,-0.00884,-0.11436,-0.01277,0.320
32100,-0.00780,-0.11375,-0.01283,0.319
32200,-0.00766,-0.11326,-0.01307,0.320
32300,-0.00754,-0.11293,-0.01349,0.320
32400,-0.00663,-0.11406,-0.01329,0.320
32500,-0.00537,-0.11381,-0.01364,0.319
32600,-0.00482,-0.11312,-0.01361,0.319
32700,-0.00508,-0.11159,-0.01363,0.319
32800,-0.00385,-0.11094,-0.01342,0.320
32900,-0.00295,-0.10996,-0.01347,0.320
33000,-0.00146,-0.11018,-0.01345,0.319
33100,-0.00092,-0.10972,-0.01318,0.319
33200,-0.00119,-0.10891,-0.01287,0.320
33300,-0.00060,-0.10751,-0.01285,0.320
33400,-0.00104,-0.10569,-0.01279,0.319
33500,-0.00058,-0.10539,-0.01326,0.319
33600,-0.00100,-0.10492,-0.01297,0.320
33700,-0.00013,-0.10425,-0.01285,0.321
33800,0.00040,-0.10253,-0.01275,0.321
33900,0.00128,-0.10069,-0.01350,0.321
34000,0.00195,-0.09923,-0.01401,0.319
34100,0.00232,-0.09837,-0.01428,0.318
34200,0.00074,-0.09683,-0.01412,0.318
34300,-0.00014,-0.09444,-0.01374,0.317
34400,0.00006,-0.09473,-0.01354,0.316
34500,-0.00082,-0.09404,-0.01354,0.315
34600,-0.00219,-0.09148,-0.01358,0.316
34700,-0.00275,-0.09132,-0.01329,0.317
34800,-0.00179,-0.09153,-0.01276,0.317
34900,-0.00203,-0.09163,-0.01252,0.317
35000,-0.00171,-0.09212,-0.01248,0.316
35100,-0.00126,-0.09187,-0.01313,0.315
35200,-0.00120,-0.09176,-0.01277,0.314
35300,-0.00159,-0.09237,-0.01277,0.314
35400,-0.00168,-0.09140,-0.01306,0.314
35500,-0.00146,-0.09172,-0.01291,0.313
35600,-0.00277,-0.09173,-0.01293,0.313
35700,-0.00337,-0.09105,-0.01241,0.312
35800,-0.00478,-0.09121,-0.01278,0.311
35900,-0.00569,-0.09154,-0.01237,0.311
36000,-0.00567,-0.09146,-0.01241,0.311
36100,-0.00732,-0.09113,-0.01228,0.311
36200,-0.00715,-0.09035,-0.01257,0.312
36300,-0.00695,-0.09049,-0.01209,0.311
36400,-0.00698,-0.08971,-0.01189,0.312
36500,-0.00655,-0.08883,-0.01164,0.313
36600,-0.00687,-0.08703,-0.01154,0.314
36700,-0.00744,-0.08653,-0.01144,0.314
36800,-0.00741,-0.08546,-0.01132,0.313
36900,-0.00722,-0.08535,-0.01079,0.313
37000,-0.00898,-0.08511,-0.01074,0.313
37100,-0.00810,-0.08625,-0.01045,0.314
37200,-0.00827,-0.08739,-0.01069,0.315
37300,-0.00873,-0.08671,-0.01081,0.314
37400,-0.00834,-0.08671,-0.01080,0.316
37500,-0.01018,-0.08616,-0.01090,0.316
37600,-0.01061,-0.08601,-0.01155,0.318
37700,-0.01157,-0.08535,-0.01162,0.318
37800,-0.01128,-0.08576,-0.01187,0.318
37900,-0.01262,-0.08519,-0.01203,0.318
38000,-0.01280,-0.08517,-0.01241,0.319
38100,-0.01279,-0.08482,-0.01258,0.319
38200,-0.01272,-0.08478,-0.01236,0.319
38300,-0.01146,-0.08513,-0.01272,0.319
38400,-0.01116,-0.08471,-0.01224,0.319
38500,-0.00999,-0.08393,-0.01250,0.317
38600,-0.01068,-0.08564,-0.01242,0.316
38700,-0.01148,-0.08642,-0.01230,0.316
38800,-0.01227,-0.08587,-0.01203,0.316
38900,-0.01168,-0.08442,-0.01213,0.316
39000,-0.01169,-0.08368,-0.01239,0.316
39100,-0.01180,-0.08305,-0.01253,0.315
39200,-0.01248,-0.08287,-0.01293,0.316
39300,-0.01150,-0.08344,-0.01307,0.316
39400,-0.01183,-0.08387,-0.01332,0.316
39500,-0.01053,-0.08535,-0.01346,0.316
39600,-0.00976,-0.08762,-0.01271,0.317
39700,-0.01086,-0.08882,-0.01196,0.316
39800,-0.01074,-0.08864,-0.01163,0.317
39900,-0.01025,-0.09001,-0.01150,0.317
40000,-0.01014,-0.08948,-0.01170,0.317
40100,-0.00961,-0.08909,-0.01139,0.318
40200,-0.00967,-0.08823,-0.01147,0.319
40300,-0.00902,-0.08833,-0.01142,0.319
40400,-0.00912,-0.08807,-0.01161,0.319
40500,-0.00804,-0.08776,-0.01194,0.320
40600,-0.00902,-0.08694,-0.01205,0.321
40700,-0.00822,-0.08701,-0.01238,0.320
40800,-0.00718,-0.08720,-0.01253,0.319
40900,-0.00467,-0.08662,-0.01241,0.319
41000,-0.00401,-0.08708,-0.01281,0.318
41100,-0.00420,-0.08673,-0.01274,0.318
41200,-0.00287,-0.08720,-0.01234,0.317
41300,-0.00140,-0.08879,-0.01294,0.316
41400,-0.00106,-0.08920,-0.01253,0.316
41500,-0.00026,-0.09102,-0.01247,0.317
41600,-0.00127,-0.09180,-0.01224,0.315
41700,-0.00148,-0.09220,-0.01222,0.316
41800,-0.00079,-0.09349,-0.01271,0.315
41900,-0.00101,-0.09470,-0.01249,0.317
42000,-0.00098,-0.09423,-0.01205,0.316
42100,-0.00158,-0.09426,-0.01160,0.314
42200,-0.00163,-0.09557,-0.01169,0.313
42300,-0.00015,-0.09631,-0.01151,0.313
42400,-0.00145,-0.09610,-0.01165,0.312
42500,-0.00082,-0.09639,-0.01171,0.311
42600,-0.00111,-0.09695,-0.01167,0.311
42700,-0.00045,-0.09780,-0.01153,0.310
42800,-0.00092,-0.09880,-0.01199,0.309
42900,-0.00110,-0.09924,-0.01177,0.309
43000,-0.00072,-0.09929,-0.01208,0.309
43100,-0.00104,-0.09982,-0.01215,0.309
43200,0.00043,-0.10160,-0.01212,0.308
43300,-0.00011,-0.10204,-0.01209,0.308
43400,0.00083,-0.10305,-0.01252,0.308
43500,0.00080,-0.10271,-0.01215,0.307
43600,0.00110,-0.10267,-0.01264,0.306
43700,0.00028,-0.10265,-0.01258,0.306
43800,0.00138,-0.10336,-0.01284,0.305
43900,0.00233,-0.10547,-0.01295,0.305
44000,0.00194,-0.10588,-0.01266,0.304
44100,0.00317,-0.10591,-0.01286,0.305
44200,0.00379,-0.10675,-0.01348,0.304
44300,0.00464,-0.10692,-0.01385,0.304
44400,0.00486,-0.10759,-0.01417,0.304
44500,0.00529,-0.10867,-0.01417,0.304
44600,0.00687,-0.11109,-0.01397,0.302
44700,0.00698,-0.11197,-0.01365,0.302
44800,0.00569,-0.11178,-0.01383,0.301
44900,0.00694,-0.11124,-0.01390,0.301
45000,0.00604,-0.11167,-0.01375,0.301
45100,0.00536,-0.11206,-0.01329,0.302
45200,0.00662,-0.11283,-0.01331,0.303
45300,0.00711,-0.11280,-0.01325,0.302
45400,0.00701,-0.11376,-0.01289,0.302
45500,0.00858,-0.11397,-0.01232,0.302
45600,0.00936,-0.11382,-0.01254,0.303
45700,0.00881,-0.11349,-0.01209,0.303
45800,0.00946,-0.11271,-0.01193,0.303
45900,0.00986,-0.11182,-0.01176,0.302
46000,0.01057,-0.11158,-0.01096,0.302
46100,0.01250,-0.11219,-0.01061,0.302
46200,0.01291,-0.11307,-0.01005,0.302
46300,0.01377,-0.11301,-0.00957,0.302
46400,0.01431,-0.11394,-0.00889,0.301
46500,0.01383,-0.11558,-0.00901,0.300
46600,0.01465,-0.11734,-0.00884,0.299
46700,0.01603,-0.11788,-0.00907,0.298
46800,0.01662,-0.11809,-0.00926,0.298
46900,0.01576,-0.11741,-0.00927,0.299
47000,0.01800,-0.11706,-0.00889,0.299
47100,0.01678,-0.11677,-0.00892,0.298
47200,0.01797,-0.11566,-0.00824,0.298
47300,0.01825,-0.11620,-0.00796,0.299
47400,0.01837,-0.11594,-0.00766,0.300
47500,0.01927,-0.11680,-0.00745,0.299
47600,0.02049,-0.11676,-0.00641,0.299
47700,0.02207,-0.11739,-0.00597,0.298
47800,0.02133,-0.11710,-0.00543,0.298
47900,0.02247,-0.11831,-0.00516,0.297
48000,0.02340,-0.11876,-0.00482,0.296
48100,0.02362,-0.11837,-0.00408,0.297
48200,0.02388,-0.11847,-0.00430,0.298
48300,0.02334,-0.11834,-0.00380,0.298
48400,0.02269,-0.11800,-0.00387,0.299
48500,0.02129,-0.11727,-0.00338,0.300
48600,0.02186,-0.11731,-0.00317,0.300
48700,0.02250,-0.11712,-0.00316,0.300
48800,0.02402,-0.11710,-0.00342,0.300
48900,0.02375,-0.11704,-0.00327,0.300
49000,0.02495,-0.11781,-0.00306,0.300
49100,0.02541,-0.11793,-0.00331,0.300
49200,0.02780,-0.11769,-0.00375,0.300
49300,0.02825,-0.11704,-0.00388,0.301
49400,0.02882,-0.11750,-0.00341,0.301
49500,0.02831,-0.11594,-0.00313,0.300
49600,0.02794,-0.11580,-0.00363,0.299
49700,0.02869,-0.11700,-0.00400,0.298
49800,0.02870,-0.11755,-0.00406,0.298
49900,0.02917,-0.11701,-0.00336,0.298
50000,0.02938,-0.11608,-0.00297,0.299
50100,0.03055,-0.11707,-0.00332,0.299
50200,0.03144,-0.11801,-0.00302,0.298
50300,0.03196,-0.11751,-0.00297,0.298
50400,0.03324,-0.11749,-0.00266,0.299
50500,0.03496,-0.11799,-0.00287,0.298
50600,0.03792,-0.11947,-0.00219,0.298
50700,0.03750,-0.11855,-0.00137,0.299
50800,0.03645,-0.11845,-0.00101,0.298
50900,0.03519,-0.11864,-0.00071,0.298
51000,0.03512,-0.11947,-0.00019,0.298
51100,0.03516,-0.12091,0.00027,0.299
51200,0.03426,-0.12139,0.00039,0.299
51300,0.03446,-0.12283,0.00096,0.300
51400,0.03417,-0.12382,0.00121,0.300
51500,0.03442,-0.12333,0.00176,0.300
51600,0.03555,-0.12330,0.00174,0.301
51700,0.03554,-0.12420,0.00208,0.301
51800,0.03572,-0.12405,0.00248,0.301
51900,0.03784,-0.12440,0.00288,0.301
52000,0.03786,-0.12583,0.00314,0.300
52100,0.03808,-0.12555,0.00326,0.300
52200,0.03751,-0.12548,0.00406,0.301
52300,0.03729,-0.12589,0.00433,0.300
52400,0.03845,-0.12573,0.00457,0.300
52500,0.03610,-0.12359,0.00459,0.302
52600,0.03671,-0.12328,0.00460,0.302
52700,0.03601,-0.12393,0.00496,0.301
52800,0.03552,-0.12347,0.00524,0.302
52900,0.03570,-0.12381,0.00521,0.302
53000,0.03451,-0.12273,0.00552,0.302
53100,0.03554,-0.12313,0.00563,0.302
53200,0.03416,-0.12272,0.00575,0.302
53300,0.03411,-0.12350,0.00580,0.302
53400,0.03394,-0.12323,0.00638,0.302
53500,0.03427,-0.12333,0.00672,0.302
53600,0.03410,-0.12332,0.00727,0.303
53700,0.03435,-0.12400,0.00691,0.304
53800,0.03333,-0.12428,0.00702,0.304
53900,0.03205,-0.12360,0.00696,0.304
54000,0.03181,-0.12341,0.00668,0.305
54100,0.03130,-0.12368,0.00678,0.305
54200,0.02992,-0.12354,0.00704,0.306
54300,0.02918,-0.12455,0.00761,0.308
54400,0.02905,-0.12401,0.00808,0.309
54500,0.02989,-0.12396,0.00834,0.309
54600,0.02994,-0.12424,0.00855,0.310
54700,0.03028,-0.12508,0.00828,0.311
54800,0.02958,-0.12536,0.00854,0.312
54900,0.02765,-0.12569,0.00855,0.313
55000,0.02758,-0.12515,0.00900,0.313
55100,0.02798,-0.12465,0.00929,0.313
55200,0.02687,-0.12423,0.00942,0.312
55300,0.02787,-0.12374,0.00923,0.313
55400,0.02804,-0.12236,0.00917,0.313
55500,0.02620,-0.12244,0.00886,0.313
55600,0.02668,-0.12288,0.00906,0.313
55700,0.02844,-0.12361,0.00901,0.313
55800,0.02874,-0.12452,0.00898,0.314
55900,0.02850,-0.12469,0.00899,0.314
56000,0.02788,-0.12425,0.00838,0.313
56100,0.02732,-0.12397,0.00873,0.314
56200,0.02771,-0.12401,0.00873,0.314
56300,0.02796,-0.12424,0.00874,0.314
56400,0.02786,-0.12431,0.00815,0.313
56500,0.02821,-0.12384,0.00822,0.313
56600,0.02853,-0.12448,0.00826,0.315
56700,0.02807,-0.12520,0.00813,0.316
56800,0.02837,-0.12553,0.00824,0.316
56900,0.02924,-0.12547,0.00854,0.315
57000,0.02839,-0.12539,0.00848,0.315
57100,0.02783,-0.12477,0.00811,0.315
57200,0.02789,-0.12329,0.00764,0.316
57300,0.02737,-0.12247,0.00778,0.314
57400,0.02652,-0.12269,0.00780,0.312
57500,0.02764,-0.12229,0.00765,0.312
57600,0.02727,-0.12225,0.00701,0.312
57700,0.02601,-0.12106,0.00679,0.312
57800,0.02649,-0.12074,0.00676,0.313
57900,0.02690,-0.12034,0.00682,0.314
58000,0.02566,-0.12066,0.00713,0.313
58100,0.02606,-0.12198,0.00685,0.313
58200,0.02564,-0.12122,0.00680,0.313
58300,0.02579,-0.12035,0.00676,0.313
58400,0.02585,-0.12027,0.00693,0.312
58500,0.02625,-0.12007,0.00664,0.312
58600,0.02522,-0.11923,0.00612,0.313
58700,0.02538,-0.11864,0.00628,0.313
58800,0.02332,-0.11785,0.00689,0.314
58900,0.02284,-0.11874,0.00701,0.314
59000,0.02263,-0.11929,0.00647,0.314
59100,0.02304,-0.11913,0.00631,0.315
59200,0.02269,-0.11945,0.00649,0.315
59300,0.02321,-0.11973,0.00651,0.314
59400,0.02342,-0.11874,0.00585,0.314
59500,0.02437,-0.11956,0.00539,0.314
59600,0.02443,-0.11943,0.00493,0.314
59700,0.02521,-0.11949,0.00461,0.315
59800,0.02553,-0.12051,0.00425,0.315
59900,0.02473,-0.12001,0.00356,0.315
60000,0.02541,-0.12138,0.00337,0.315
60100,0.02542,-0.12133,0.00287,0.314
60200,0.02534,-0.12115,0.00247,0.314
60300,0.02616,-0.12115,0.00233,0.314
60400,0.02721,-0.12078,0.00195,0.313
60500,0.02693,-0.12114,0.00218,0.313
60600,0.02593,-0.12040,0.00144,0.312
60700,0.02663,-0.12095,0.00076,0.311
60800,0.02655,-0.12174,0.00039,0.312
60900,0.02630,-0.12193,0.00010,0.312
61000,0.02700,-0.12208,-0.00019,0.312
61100,0.02786,-0.12086,-0.00019,0.312
61200,0.02792,-0.12045,-0.00035,0.311
61300,0.02671,-0.11913,-0.00062,0.312
61400,0.02565,-0.11965,-0.00109,0.312
61500,0.02469,-0.12051,-0.00136,0.312
61600,0.02405,-0.12094,-0.00139,0.312
61700,0.02349,-0.12028,-0.00148,0.312
61800,0.02257,-0.12016,-0.00138,0.311
61900,0.02032,-0.11998,-0.00195,0.311
62000,0.01923,-0.11997,-0.00254,0.312
62100,0.01927,-0.12065,-0.00269,0.313
62200,0.02019,-0.12073,-0.00325,0.313
62300,0.02047,-0.12014,-0.00333,0.315
62400,0.02012,-0.12097,-0.00312,0.315
62500,0.02131,-0.12354,-0.00233,0.316
62600,0.02072,-0.12408,-0.00254,0.316
62700,0.02142,-0.12429,-0.00314,0.316
62800,0.02199,-0.12431,-0.00354,0.315
62900,0.02223,-0.12419,-0.00398,0.316
63000,0.02226,-0.12535,-0.00426,0.316
63100,0.02231,-0.12456,-0.00466,0.315
63200,0.02240,-0.12430,-0.00509,0.317
63300,0.02284,-0.12325,-0.00518,0.316
63400,0.02359,-0.12339,-0.00570,0.317
63500,0.02427,-0.12383,-0.00624,0.316
63600,0.02475,-0.12501,-0.00688,0.317
63700,0.02458,-0.12461,-0.00706,0.317
63800,0.02469,-0.12465,-0.00721,0.316
63900,0.02459,-0.12430,-0.00728,0.317
64000,0.02500,-0.12419,-0.00711,0.317
64100,0.02480,-0.12207,-0.00762,0.318
64200,0.02644,-0.12165,-0.00820,0.318
64300,0.02683,-0.12097,-0.00891,0.318
64400,0.02820,-0.12135,-0.00956,0.317
64500,0.02695,-0.12091,-0.00980,0.317
64600,0.02702,-0.12054,-0.01046,0.317
64700,0.02673,-0.11960,-0.01085,0.316
64800,0.02765,-0.12004,-0.01139,0.316
64900,0.02982,-0.11995,-0.01150,0.316
65000,0.02916,-0.11995,-0.01214,0.316
65100,0.02875,-0.11925,-0.01238,0.317
65200,0.02881,-0.11784,-0.01257,0.317
65300,0.02707,-0.11783,-0.01264,0.318
65400,0.02651,-0.11898,-0.01283,0.318
65500,0.02687,-0.11787,-0.01296,0.318
65600,0.02595,-0.11747,-0.01284,0.318
65700,0.02408,-0.11614,-0.01316,0.319
65800,0.02335,-0.11495,-0.01287,0.319
65900,0.02322,-0.11474,-0.01315,0.320
66000,0.02333,-0.11534,-0.01339,0.320
66100,0.02417,-0.11493,-0.01429,0.320
66200,0.02518,-0.11489,-0.01457,0.320
66300,0.02455,-0.11477,-0.01532,0.319
66400,0.02572,-0.11465,-0.01502,0.319
66500,0.02641,-0.11493,-0.01510,0.319
66600,0.02516,-0.11437,-0.01541,0.317
66700,0.02607,-0.11343,-0.01485,0.317
66800,0.02691,-0.11273,-0.01487,0.317
66900,0.02685,-0.11261,-0.01476,0.317
67000,0.02628,-0.11275,-0.01479,0.317
67100,0.02660,-0.11242,-0.01457,0.317
67200,0.02574,-0.11339,-0.01471,0.316
67300,0.02569,-0.11428,-0.01493,0.315
67400,0.02581,-0.11393,-0.01489,0.316
67500,0.02586,-0.11461,-0.01546,0.316
67600,0.02635,-0.11477,-0.01586,0.316
67700,0.02676,-0.11506,-0.01593,0.315
67800,0.02577,-0.11513,-0.01592,0.315
67900,0.02540,-0.11552,-0.01609,0.316
68000,0.02609,-0.11481,-0.01584,0.317
68100,0.02636,-0.11443,-0.01627,0.317
68200,0.02570,-0.11392,-0.01609,0.317
68300,0.02552,-0.11399,-0.01616,0.316
68400,0.02566,-0.11411,-0.01628,0.317
68500,0.02525,-0.11455,-0.01629,0.317
68600,0.02531,-0.11479,-0.01570,0.316
68700,0.02481,-0.11472,-0.01583,0.317
68800,0.02634,-0.11443,-0.01599,0.316
68900,0.02631,-0.11373,-0.01596,0.315
69000,0.02544,-0.11288,-0.01547,0.315
69100,0.02538,-0.11261,-0.01530,0.315
69200,0.02527,-0.11251,-0.01473,0.315
69300,0.02462,-0.11248,-0.01453,0.316
69400,0.02478,-0.11263,-0.01474,0.316
69500,0.02315,-0.11168,-0.01450,0.316
69600,0.02209,-0.11149,-0.01408,0.316
69700,0.02106,-0.11036,-0.01399,0.316
69800,0.02004,-0.10947,-0.01389,0.315
69900,0.01870,-0.10964,-0.01368,0.315
70000,0.01687,-0.10893,-0.01364,0.315
70100,0.01622,-0.10862,-0.01272,0.315
70200,0.01600,-0.10772,-0.01246,0.314
70300,0.01493,-0.10739,-0.01247,0.315
70400,0.01355,-0.10728,-0.01207,0.315
70500,0.01193,-0.10661,-0.01188,0.315
70600,0.01080,-0.10702,-0.01156,0.315
70700,0.00989,-0.10707,-0.01096,0.316
70800,0.00913,-0.10617,-0.01054,0.316
70900,0.00752,-0.10628,-0.01055,0.316
71000,0.00694,-0.10532,-0.01065,0.316
71100,0.00641,-0.10617,-0.01099,0.316
71200,0.00668,-0.10663,-0.01094,0.316
71300,0.00757,-0.10558,-0.01067,0.316
71400,0.00869,-0.10453,-0.01073,0.316
71500,0.00983,-0.10331,-0.01078,0.317
71600,0.00931,-0.10310,-0.01073,0.317
71700,0.00903,-0.10268,-0.01085,0.317
71800,0.00982,-0.10173,-0.01141,0.317
71900,0.01059,-0.10123,-0.01142,0.317
72000,0.01082,-0.10089,-0.01104,0.317
72100,0.01060,-0.10011,-0.01115,0.317
72200,0.01025,-0.09923,-0.01132,0.316
72300,0.00881,-0.09905,-0.01139,0.316
72400,0.00899,-0.09824,-0.01161,0.317
72500,0.00922,-0.09727,-0.01181,0.316
72600,0.00900,-0.09624,-0.01150,0.317
72700,0.00883,-0.09668,-0.01162,0.318
72800,0.00847,-0.09680,-0.01132,0.319
72900,0.00842,-0.09532,-0.01093,0.319
73000,0.00921,-0.09497,-0.01063,0.319
73100,0.00804,-0.09542,-0.01035,0.320
73200,0.00827,-0.09458,-0.01040,0.319
73300,0.00766,-0.09481,-0.01029,0.320
73400,0.00626,-0.09509,-0.00988,0.320
73500,0.00524,-0.09457,-0.00949,0.319
73600,0.00399,-0.09250,-0.00940,0.319
73700,0.00360,-0.09203,-0.00899,0.319
73800,0.00278,-0.09177,-0.00827,0.320
73900,0.00219,-0.09252,-0.00789,0.319
74000,0.00275,-0.09163,-0.00797,0.320
74100,0.00303,-0.09359,-0.00756,0.318
74200,0.00400,-0.09371,-0.00750,0.318
74300,0.00391,-0.09376,-0.00763,0.318
74400,0.00278,-0.09322,-0.00739,0.317
74500,0.00418,-0.09372,-0.00757,0.318
74600,0.00430,-0.09370,-0.00791,0.318
74700,0.00467,-0.09298,-0.00851,0.318
74800,0.00441,-0.09169,-0.00855,0.319
74900,0.00353,-0.09163,-0.00836,0.318
75000,0.00444,-0.09104,-0.00822,0.318
75100,0.00557,-0.09198,-0.00814,0.317
75200,0.00675,-0.09342,-0.00795,0.318
75300,0.00793,-0.09370,-0.00774,0.317
75400,0.00739,-0.09264,-0.00763,0.317
75500,0.00766,-0.09314,-0.00787,0.316
75600,0.00817,-0.09299,-0.00793,0.315
75700,0.00954,-0.09416,-0.00793,0.314
75800,0.01000,-0.09486,-0.00795,0.314
75900,0.00898,-0.09508,-0.00783,0.313
76000,0.00935,-0.09481,-0.00747,0.313
76100,0.00910,-0.09481,-0.00704,0.314
76200,0.00764,-0.09518,-0.00674,0.314
76300,0.00807,-0.09448,-0.00641,0.314
76400,0.00758,-0.09401,-0.00652,0.314
76500,0.00679,-0.09369,-0.00674,0.315
76600,0.00817,-0.09295,-0.00689,0.316
76700,0.00732,-0.09290,-0.00731,0.315
76800,0.00669,-0.09218,-0.00782,0.315
76900,0.00758,-0.09214,-0.00850,0.315
77000,0.00798,-0.09140,-0.00871,0.315
77100,0.00772,-0.09161,-0.00910,0.315
77200,0.00812,-0.09125,-0.00930,0.315
77300,0.00836,-0.09073,-0.00947,0.317
77400,0.00849,-0.09033,-0.00999,0.317
77500,0.00879,-0.08929,-0.00962,0.317
77600,0.00712,-0.08858,-0.00939,0.317
77700,0.00728,-0.08861,-0.00934,0.317
77800,0.00715,-0.08839,-0.00971,0.316
77900,0.00758,-0.08746,-0.01000,0.316
78000,0.00745,-0.08758,-0.01025,0.315
78100,0.00675,-0.08741,-0.00999,0.313
78200,0.00753,-0.08830,-0.01009,0.313
78300,0.00823,-0.08864,-0.00990,0.312
78400,0.00910,-0.08896,-0.01008,0.311
78500,0.00926,-0.08880,-0.01024,0.311
78600,0.00999,-0.08721,-0.01076,0.310
78700,0.01039,-0.08720,-0.01090,0.311
78800,0.01018,-0.08822,-0.01129,0.311
78900,0.01040,-0.08831,-0.01162,0.312
79000,0.01082,-0.08891,-0.01195,0.311
79100,0.01031,-0.08911,-0.01236,0.311
79200,0.01035,-0.08880,-0.01294,0.310
79300,0.01074,-0.08710,-0.01357,0.310
79400,0.01109,-0.08697,-0.01354,0.309
79500,0.01259,-0.08782,-0.01404,0.309
79600,0.01383,-0.08832,-0.01389,0.310
79700,0.01456,-0.08833,-0.01431,0.311
79800,0.01565,-0.08775,-0.01466,0.311
79900,0.01772,-0.08861,-0.01475,0.311
80000,0.01891,-0.08984,-0.01493,0.311
80100,0.01824,-0.08903,-0.01526,0.311
80200,0.01807,-0.09043,-0.01545,0.312
80300,0.01825,-0.09138,-0.01536,0.311
80400,0.01929,-0.09216,-0.01549,0.312
80500,0.01937,-0.09202,-0.01534,0.313
80600,0.02015,-0.09267,-0.01543,0.314
80700,0.02136,-0.09437,-0.01588,0.313
80800,0.02268,-0.09529,-0.01568,0.312
80900,0.02370,-0.09458,-0.01593,0.310
81000,0.02428,-0.09518,-0.01622,0.310
81100,0.02455,-0.09488,-0.01630,0.310
81200,0.02410,-0.09508,-0.01620,0.310
81300,0.02341,-0.09646,-0.01660,0.310
81400,0.02302,-0.09724,-0.01659,0.310
81500,0.02302,-0.09914,-0.01686,0.310
81600,0.02322,-0.09991,-0.01680,0.310
81700,0.02353,-0.10129,-0.01706,0.309
81800,0.02268,-0.10258,-0.01675,0.308
81900,0.02172,-0.10316,-0.01676,0.309
82000,0.02229,-0.10375,-0.01685,0.309
82100,0.02248,-0.10434,-0.01678,0.309
82200,0.02173,-0.10480,-0.01668,0.308
82300,0.02184,-0.10562,-0.01682,0.307
82400,0.02097,-0.10546,-0.01672,0.305
82500,0.01972,-0.10556,-0.01709,0.306
82600,0.02012,-0.10648,-0.01737,0.305
82700,0.02159,-0.10626,-0.01668,0.305
82800,0.02208,-0.10541,-0.01670,0.304
82900,0.02179,-0.10702,-0.01673,0.304
83000,0.02188,-0.10765,-0.01686,0.303
83100,0.02274,-0.10789,-0.01732,0.303
83200,0.02283,-0.10897,-0.01752,0.303
83300,0.02310,-0.10858,-0.01771,0.303
83400,0.02358,-0.10748,-0.01776,0.303
83500,0.02368,-0.10760,-0.01762,0.304
83600,0.02502,-0.10804,-0.01730,0.304
83700,0.02474,-0.10794,-0.01744,0.304
83800,0.02557,-0.10821,-0.01767,0.304
83900,0.02603,-0.10776,-0.01790,0.303
84000,0.02541,-0.10986,-0.01792,0.302
84100,0.02511,-0.10917,-0.01767,0.302
84200,0.02399,-0.10918,-0.01733,0.302
84300,0.02370,-0.10981,-0.01703,0.301
84400,0.02403,-0.10935,-0.01695,0.303
84500,0.02426,-0.10906,-0.01707,0.303
84600,0.02286,-0.10834,-0.01636,0.302
84700,0.02168,-0.10874,-0.01559,0.301
84800,0.02174,-0.10898,-0.01573,0.300
84900,0.02195,-0.10846,-0.01569,0.299
85000,0.02209,-0.10896,-0.01570,0.299
85100,0.02158,-0.10864,-0.01574,0.299
85200,0.02127,-0.10880,-0.01582,0.299
85300,0.02104,-0.10916,-0.01564,0.300
85400,0.02230,-0.10917,-0.01552,0.300
85500,0.02289,-0.11006,-0.01566,0.302
85600,0.02291,-0.11022,-0.01560,0.302
85700,0.02192,-0.10799,-0.01562,0.303
85800,0.02242,-0.10794,-0.01606,0.302
85900,0.02308,-0.10648,-0.01613,0.302
86000,0.02287,-0.10583,-0.01636,0.302
86100,0.02221,-0.10532,-0.01686,0.303
86200,0.02216,-0.10426,-0.01727,0.303
86300,0.02128,-0.10454,-0.01769,0.302
86400,0.02030,-0.10489,-0.01795,0.303
86500,0.02024,-0.10450,-0.01808,0.303
86600,0.02058,-0.10497,-0.01832,0.301
86700,0.02121,-0.10415,-0.01808,0.302
86800,0.02136,-0.10504,-0.01771,0.302
86900,0.02064,-0.10409,-0.01761,0.302
87000,0.02095,-0.10467,-0.01737,0.303
87100,0.02163,-0.10391,-0.01731,0.303
87200,0.02063,-0.10421,-0.01688,0.303
87300,0.02100,-0.10430,-0.01633,0.301
87400,0.02124,-0.10486,-0.01621,0.301
87500,0.02045,-0.10548,-0.01605,0.301
87600,0.02094,-0.10578,-0.01531,0.302
87700,0.02005,-0.10494,-0.01525,0.302
87800,0.02124,-0.10455,-0.01466,0.301
87900,0.02091,-0.10385,-0.01416,0.302
88000,0.02102,-0.10308,-0.01412,0.303
88100,0.01993,-0.10140,-0.01412,0.304
88200,0.02027,-0.10162,-0.01429,0.304
88300,0.02001,-0.10209,-0.01439,0.305
88400,0.01907,-0.10160,-0.01461,0.305
88500,0.01860,-0.10082,-0.01468,0.304
88600,0.01785,-0.10272,-0.01481,0.305
88700,0.01756,-0.10267,-0.01493,0.304
88800,0.01589,-0.10179,-0.01494,0.304
88900,0.01581,-0.10208,-0.01489,0.303
89000,0.01591,-0.10200,-0.01448,0.304
89100,0.01703,-0.10227,-0.01434,0.305
89200,0.01690,-0.10217,-0.01427,0.306
89300,0.01678,-0.10328,-0.01407,0.307
89400,0.01565,-0.10336,-0.01375,0.307
89500,0.01496,-0.10278,-0.01346,0.306
89600,0.01644,-0.10244,-0.01341,0.306
89700,0.01588,-0.10364,-0.01282,0.305
89800,0.01520,-0.10405,-0.01221,0.305
89900,0.01526,-0.10262,-0.01222,0.306
90000,0.01553,-0.10132,-0.01213,0.306
90100,0.01585,-0.10197,-0.01207,0.306
90200,0.01613,-0.10058,-0.01184,0.306
90300,0.01553,-0.09910,-0.01204,0.306
90400,0.01384,-0.09898,-0.01201,0.305
90500,0.01420,-0.10025,-0.01188,0.305
90600,0.01354,-0.09943,-0.01179,0.305
90700,0.01195,-0.09836,-0.01169,0.305
90800,0.01132,-0.09861,-0.01279,0.306
90900,0.01166,-0.09950,-0.01293,0.306
91000,0.01159,-0.09853,-0.01259,0.306
91100,0.01068,-0.09926,-0.01244,0.306
91200,0.01037,-0.09896,-0.01245,0.307
91300,0.01068,-0.09869,-0.01220,0.307
91400,0.01079,-0.09831,-0.01248,0.306
91500,0.00947,-0.09759,-0.01231,0.305
91600,0.00924,-0.09738,-0.01244,0.304
91700,0.00916,-0.09665,-0.01217,0.304
91800,0.00964,-0.09576,-0.01217,0.305
91900,0.01030,-0.09586,-0.01220,0.304
92000,0.01081,-0.09571,-0.01254,0.303
92100,0.01030,-0.09572,-0.01264,0.302
92200,0.01069,-0.09506,-0.01278,0.303
92300,0.01140,-0.09505,-0.01277,0.303
92400,0.01188,-0.09503,-0.01281,0.303
92500,0.01257,-0.09504,-0.01277,0.303
92600,0.01254,-0.09553,-0.01282,0.303
92700,0.01076,-0.09486,-0.01305,0.302
92800,0.01071,-0.09550,-0.01347,0.304
92900,0.01021,-0.09585,-0.01338,0.305
93000,0.00914,-0.09524,-0.01297,0.305
93100,0.00857,-0.09507,-0.01264,0.304
93200,0.00808,-0.09523,-0.01235,0.305
93300,0.00868,-0.09623,-0.01171,0.306
93400,0.00815,-0.09803,-0.01158,0.307
93500,0.00862,-0.09757,-0.01180,0.306
93600,0.00811,-0.09744,-0.01188,0.305
93700,0.00819,-0.09800,-0.01194,0.304
93800,0.00777,-0.09822,-0.01208,0.304
93900,0.00836,-0.09865,-0.01120,0.305
94000,0.00808,-0.09774,-0.01121,0.305
94100,0.00718,-0.09813,-0.01117,0.305
94200,0.00785,-0.09828,-0.01067,0.305
94300,0.00843,-0.09738,-0.01059,0.306
94400,0.00766,-0.09875,-0.01054,0.304
94500,0.00734,-0.09906,-0.01001,0.304
94600,0.00783,-0.09988,-0.00994,0.304
94700,0.00861,-0.10063,-0.01010,0.304
94800,0.00870,-0.10067,-0.00948,0.305
94900,0.00842,-0.10114,-0.00970,0.305
95000,0.00821,-0.10150,-0.00974,0.306
95100,0.00778,-0.10246,-0.00989,0.307
95200,0.00633,-0.10134,-0.01012,0.307
95300,0.00561,-0.10075,-0.01006,0.306
95400,0.00462,-0.10117,-0.01019,0.307
95500,0.00357,-0.10006,-0.01014,0.305
95600,0.00315,-0.09944,-0.01020,0.306
95700,0.00321,-0.10175,-0.01013,0.305
95800,0.00215,-0.10122,-0.00962,0.306
95900,0.00168,-0.10279,-0.00968,0.306
96000,0.00071,-0.10408,-0.00961,0.306
96100,-0.00068,-0.10473,-0.00921,0.305
96200,-0.00118,-0.10559,-0.00858,0.305
96300,0.00035,-0.10722,-0.00716,0.307
96400,0.00066,-0.10783,-0.00664,0.307
96500,0.00029,-0.10842,-0.00626,0.307
96600,-0.00169,-0.10881,-0.00606,0.306
96700,-0.00234,-0.11005,-0.00597,0.306
96800,-0.00310,-0.11010,-0.00610,0.307
96900,-0.00380,-0.11107,-0.00595,0.306
97000,-0.00489,-0.11053,-0.00612,0.306
97100,-0.00505,-0.11237,-0.00547,0.307
97200,-0.00478,-0.11308,-0.00516,0.307
97300,-0.00445,-0.11375,-0.00513,0.308
97400,-0.00487,-0.11439,-0.00468,0.308
97500,-0.00475,-0.11532,-0.00456,0.309
97600,-0.00384,-0.11650,-0.00452,0.310
97700,-0.00342,-0.11828,-0.00418,0.311
97800,-0.00467,-0.11972,-0.00471,0.311
97900,-0.00490,-0.12201,-0.00490,0.311
98000,-0.00427,-0.12242,-0.00491,0.312
98100,-0.00276,-0.12404,-0.00471,0.312
98200,-0.00323,-0.12411,-0.00494,0.312
98300,-0.00368,-0.12385,-0.00508,0.313
98400,-0.00384,-0.12424,-0.00499,0.313
98500,-0.00263,-0.12466,-0.00524,0.313
98600,-0.00155,-0.12407,-0.00533,0.312
98700,-0.00097,-0.12443,-0.00542,0.313
98800,0.00062,-0.12512,-0.00544,0.313
98900,0.00157,-0.12532,-0.00562,0.314
99000,0.00169,-0.12481,-0.00639,0.314
99100,0.00076,-0.12464,-0.00603,0.313
99200,0.00064,-0.12440,-0.00616,0.312
99300,-0.00026,-0.12429,-0.00591,0.311
99400,0.00077,-0.12395,-0.00639,0.311
99500,0.00059,-0.12513,-0.00701,0.312
99600,-0.00157,-0.12470,-0.00737,0.312
99700,-0.00222,-0.12444,-0.00763,0.311
99800,-0.00112,-0.12501,-0.00826,0.311
99900,-0.00035,-0.12572,-0.00815,0.310
100000,-0.00055,-0.12689,-0.00842,0.310
100100,-0.00020,-0.12721,-0.00878,0.310
100200,-0.00088,-0.12825,-0.00907,0.310
100300,-0.00045,-0.12899,-0.00909,0.310
100400,-0.00051,-0.12856,-0.00926,0.308
100500,-0.00036,-0.12787,-0.00947,0.308
100600,-0.00060,-0.12745,-0.00958,0.309
100700,0.00023,-0.12699,-0.00972,0.308
100800,-0.00061,-0.12561,-0.00891,0.307
100900,-0.00115,-0.12461,-0.00866,0.307
101000,-0.00162,-0.12548,-0.00849,0.308
101100,-0.00199,-0.12351,-0.00892,0.308
101200,-0.00218,-0.12308,-0.00932,0.309
101300,-0.00232,-0.12349,-0.00982,0.308
101400,-0.00241,-0.12262,-0.00958,0.310
101500,-0.00164,-0.12220,-0.00950,0.309
101600,-0.00062,-0.12104,-0.00923,0.308
101700,0.00004,-0.12043,-0.00943,0.308
101800,-0.00038,-0.12189,-0.00950,0.308
101900,-0.00068,-0.12089,-0.00932,0.309
102000,-0.00107,-0.11938,-0.00914,0.310
102100,-0.00086,-0.11790,-0.00949,0.312
102200,-0.00063,-0.11720,-0.00939,0.312
102300,-0.00119,-0.11542,-0.00968,0.312
102400,-0.00019,-0.11550,-0.00986,0.311
102500,0.00177,-0.11504,-0.01017,0.311
102600,0.00223,-0.11389,-0.01032,0.311
102700,0.00137,-0.11275,-0.01051,0.310
102800,0.00093,-0.11161,-0.00982,0.309
102900,0.00132,-0.11017,-0.01004,0.308
103000,0.00128,-0.10821,-0.01046,0.309
103100,0.00200,-0.10741,-0.01075,0.309
103200,0.00234,-0.10631,-0.01063,0.308
103300,0.00228,-0.10571,-0.01097,0.307
103400,0.00257,-0.10352,-0.01143,0.306
103500,0.00311,-0.10294,-0.01154,0.307
103600,0.00341,-0.10321,-0.01195,0.308
103700,0.00392,-0.10266,-0.01217,0.309
103800,0.00485,-0.10195,-0.01238,0.309
103900,0.00467,-0.10179,-0.01307,0.309
104000,0.00555,-0.10202,-0.01303,0.309
104100,0.00497,-0.10223,-0.01309,0.308
104200,0.00318,-0.10241,-0.01319,0.308
104300,0.00316,-0.10291,-0.01323,0.308
104400,0.00424,-0.10226,-0.01318,0.308
104500,0.00333,-0.10130,-0.01346,0.307
104600,0.00361,-0.10033,-0.01359,0.308
104700,0.00388,-0.09918,-0.01357,0.308
104800,0.00359,-0.10013,-0.01386,0.307
104900,0.00338,-0.10026,-0.01400,0.308
105000,0.00387,-0.10126,-0.01391,0.308
105100,0.00407,-0.10001,-0.01385,0.306
105200,0.00502,-0.09946,-0.01411,0.306
105300,0.00645,-0.09872,-0.01477,0.305
105400,0.00663,-0.09749,-0.01490,0.305
105500,0.00799,-0.09695,-0.01491,0.305
105600,0.00791,-0.09826,-0.01525,0.305
105700,0.00941,-0.09871,-0.01535,0.306
105800,0.01066,-0.09882,-0.01574,0.306
105900,0.01099,-0.09829,-0.01559,0.306
106000,0.01301,-0.09706,-0.01577,0.305
106100,0.01392,-0.09631,-0.01574,0.305
106200,0.01426,-0.09528,-0.01634,0.304
106300,0.01347,-0.09370,-0.01751,0.303
106400,0.01439,-0.09190,-0.01804,0.303
106500,0.01450,-0.09189,-0.01820,0.303
106600,0.01567,-0.09158,-0.01827,0.303
106700,0.01662,-0.09121,-0.01855,0.303
106800,0.01745,-0.09077,-0.01861,0.303
106900,0.01900,-0.09046,-0.01910,0.302
107000,0.01962,-0.09035,-0.01912,0.301
107100,0.02031,-0.08990,-0.01975,0.300
107200,0.02009,-0.08845,-0.01988,0.301
107300,0.01908,-0.08750,-0.02003,0.301
107400,0.01940,-0.08739,-0.01999,0.301
107500,0.01848,-0.08634,-0.02022,0.301
107600,0.01816,-0.08542,-0.02037,0.299
107700,0.01967,-0.08396,-0.02088,0.298
107800,0.02140,-0.08347,-0.02087,0.298
107900,0.02155,-0.08163,-0.02105,0.298
108000,0.02147,-0.08200,-0.02145,0.296
108100,0.02096,-0.08174,-0.02176,0.297
108200,0.02086,-0.08082,-0.02149,0.297
108300,0.02147,-0.08137,-0.02155,0.296
108400,0.02185,-0.08209,-0.02149,0.296
108500,0.02148,-0.08310,-0.02094,0.296
108600,0.02070,-0.08437,-0.02020,0.297
108700,0.01934,-0.08405,-0.01964,0.297
108800,0.01933,-0.08448,-0.01945,0.297
108900,0.01813,-0.08379,-0.01919,0.296
109000,0.01718,-0.08494,-0.01848,0.295
109100,0.01777,-0.08569,-0.01868,0.296
109200,0.01776,-0.08677,-0.01840,0.295
109300,0.01847,-0.08685,-0.01807,0.296
109400,0.01872,-0.08748,-0.01752,0.296
109500,0.01921,-0.08790,-0.01656,0.296
109600,0.01948,-0.08862,-0.01627,0.295
109700,0.02016,-0.08914,-0.01568,0.296
109800,0.02009,-0.08990,-0.01507,0.296
109900,0.01931,-0.09005,-0.01490,0.295
110000,0.01902,-0.08973,-0.01482,0.295
110100,0.01895,-0.08989,-0.01362,0.295
110200,0.01935,-0.09008,-0.01346,0.295
110300,0.01969,-0.09185,-0.01314,0.297
110400,0.02054,-0.09212,-0.01289,0.298
110500,0.02089,-0.09251,-0.01284,0.298
110600,0.02191,-0.09259,-0.01292,0.297
110700,0.02227,-0.09180,-0.01304,0.298
110800,0.02384,-0.09229,-0.01353,0.298
110900,0.02622,-0.09253,-0.01354,0.297
111000,0.02761,-0.09132,-0.01395,0.296
111100,0.02905,-0.09269,-0.01389,0.296
111200,0.02908,-0.09256,-0.01383,0.296
111300,0.02939,-0.09224,-0.01379,0.296
111400,0.02928,-0.09300,-0.01354,0.296
111500,0.02942,-0.09309,-0.01348,0.297
111600,0.03024,-0.09400,-0.01395,0.298
111700,0.03207,-0.09306,-0.01367,0.300
111800,0.03374,-0.09030,-0.01348,0.302
111900,0.03413,-0.09020,-0.01392,0.301
112000,0.03446,-0.09130,-0.01383,0.301
112100,0.03507,-0.09144,-0.01341,0.300
112200,0.03474,-0.09212,-0.01323,0.300
112300,0.03499,-0.09291,-0.01339,0.300
112400,0.03425,-0.09250,-0.01325,0.301
112500,0.03210,-0.09301,-0.01251,0.302
112600,0.03196,-0.09384,-0.01207,0.302
112700,0.03273,-0.09509,-0.01180,0.302
112800,0.03190,-0.09642,-0.01170,0.302
112900,0.03144,-0.09696,-0.01165,0.300
113000,0.03104,-0.09882,-0.01158,0.300
113100,0.02972,-0.09990,-0.01130,0.301
113200,0.02872,-0.10080,-0.01105,0.302
113300,0.02731,-0.10181,-0.01102,0.302
113400,0.02666,-0.10251,-0.01051,0.302
113500,0.02613,-0.10281,-0.01060,0.302
113600,0.02519,-0.10320,-0.01041,0.301
113700,0.02347,-0.10420,-0.01015,0.302
113800,0.02178,-0.10495,-0.01002,0.302
113900,0.02121,-0.10448,-0.00952,0.302
114000,0.02047,-0.10473,-0.00927,0.302
114100,0.02172,-0.10486,-0.00950,0.302
114200,0.02153,-0.10521,-0.00975,0.302
114300,0.02056,-0.10556,-0.00993,0.302
114400,0.01895,-0.10576,-0.01002,0.302
114500,0.01890,-0.10672,-0.01008,0.303
114600,0.01826,-0.10707,-0.00978,0.303
114700,0.01832,-0.10819,-0.00999,0.303
114800,0.01841,-0.10859,-0.01016,0.303
114900,0.01914,-0.10847,-0.01033,0.303
115000,0.01876,-0.10708,-0.01022,0.303
115100,0.01828,-0.10770,-0.01034,0.303
115200,0.01742,-0.10875,-0.01008,0.303
115300,0.01603,-0.10922,-0.00986,0.303
115400,0.01574,-0.10991,-0.00991,0.303
115500,0.01480,-0.11086,-0.00946,0.303
115600,0.01410,-0.11090,-0.00927,0.303
115700,0.01259,-0.11042,-0.00893,0.304
115800,0.01111,-0.11062,-0.00935,0.304
115900,0.01044,-0.11066,-0.00916,0.304
116000,0.00947,-0.11120,-0.00903,0.304
116100,0.01050,-0.11138,-0.00929,0.304
116200,0.01017,-0.11180,-0.00948,0.304
116300,0.00976,-0.11191,-0.00951,0.304
116400,0.00830,-0.11291,-0.00964,0.304
116500,0.00840,-0.11214,-0.00993,0.304
116600,0.00730,-0.11130,-0.01013,0.304
116700,0.00555,-0.10928,-0.00970,0.304
116800,0.00420,-0.10943,-0.00973,0.303
116900,0.00236,-0.10892,-0.00954,0.304
117000,0.00112,-0.10914,-0.00973,0.304
117100,-0.00090,-0.10856,-0.01005,0.305
117200,-0.00063,-0.10925,-0.01022,0.305
117300,-0.00088,-0.10968,-0.01043,0.303
117400,-0.00177,-0.10970,-0.01089,0.303
117500,-0.00202,-0.10855,-0.01071,0.302
117600,-0.00284,-0.10683,-0.01106,0.303
117700,-0.00499,-0.10725,-0.01137,0.304
117800,-0.00718,-0.10715,-0.01138,0.303
117900,-0.00794,-0.10811,-0.01137,0.304
118000,-0.00927,-0.10816,-0.01133,0.305
118100,-0.00970,-0.10791,-0.01181,0.305
118200,-0.01065,-0.10777,-0.01194,0.305
118300,-0.01151,-0.10735,-0.01192,0.306
118400,-0.01165,-0.10586,-0.01195,0.305
118500,-0.01192,-0.10525,-0.01188,0.305
118600,-0.01281,-0.10321,-0.01227,0.305
118700,-0.01271,-0.10144,-0.01298,0.305
118800,-0.01322,-0.10132,-0.01318,0.305
118900,-0.01219,-0.10152,-0.01366,0.305
119000,-0.01094,-0.09906,-0.01382,0.306
119100,-0.01124,-0.09764,-0.01383,0.307
119200,-0.01135,-0.09589,-0.01399,0.308
119300,-0.01128,-0.09576,-0.01395,0.308
119400,-0.01106,-0.09458,-0.01396,0.307
119500,-0.01076,-0.09234,-0.01430,0.307
119600,-0.01012,-0.09196,-0.01467,0.308
119700,-0.00862,-0.09092,-0.01544,0.308
119800,-0.00909,-0.08998,-0.01588,0.308
119900,-0.00873,-0.09014,-0.01628,0.309
120000,-0.00925,-0.08923,-0.01655,0.310
120100,-0.00935,-0.08898,-0.01756,0.310
120200,-0.00858,-0.08876,-0.01751,0.310
120300,-0.00926,-0.08789,-0.01786,0.308
120400,-0.00871,-0.08858,-0.01816,0.308
120500,-0.00897,-0.08731,-0.01830,0.308
120600,-0.01003,-0.08685,-0.01838,0.308
120700,-0.00946,-0.08757,-0.01831,0.309
120800,-0.00976,-0.08755,-0.01816,0.309
120900,-0.01063,-0.08668,-0.01837,0.310
121000,-0.01127,-0.08631,-0.01811,0.310
121100,-0.01182,-0.08556,-0.01769,0.310
121200,-0.01083,-0.08522,-0.01767,0.310
121300,-0.01104,-0.08434,-0.01704,0.310
121400,-0.01036,-0.08361,-0.01748,0.311
121500,-0.00950,-0.08428,-0.01787,0.311
121600,-0.01051,-0.08407,-0.01793,0.311
121700,-0.01246,-0.08489,-0.01828,0.309
121800,-0.01394,-0.08627,-0.01852,0.307
121900,-0.01513,-0.08568,-0.01832,0.307
122000,-0.01532,-0.08444,-0.01869,0.307
122100,-0.01582,-0.08459,-0.01884,0.306
122200,-0.01597,-0.08414,-0.01893,0.306
122300,-0.01526,-0.08414,-0.01862,0.306
122400,-0.01584,-0.08457,-0.01886,0.306
122500,-0.01629,-0.08441,-0.01933,0.305
122600,-0.01665,-0.08404,-0.01900,0.305
122700,-0.01582,-0.08408,-0.01898,0.306
122800,-0.01495,-0.08419,-0.01915,0.305
122900,-0.01431,-0.08478,-0.01895,0.305
123000,-0.01359,-0.08401,-0.01866,0.304
123100,-0.01232,-0.08300,-0.01877,0.304
123200,-0.01224,-0.08313,-0.01888,0.304
123300,-0.01179,-0.08299,-0.01908,0.303
123400,-0.00987,-0.08365,-0.01907,0.302
123500,-0.00957,-0.08426,-0.01865,0.301
123600,-0.00867,-0.08415,-0.01858,0.302
123700,-0.00695,-0.08351,-0.01850,0.301
123800,-0.00556,-0.08305,-0.01862,0.301
123900,-0.00508,-0.08309,-0.01888,0.301
124000,-0.00499,-0.08169,-0.01931,0.300
124100,-0.00580,-0.08126,-0.01906,0.300
124200,-0.00488,-0.08045,-0.01889,0.300
124300,-0.00482,-0.08041,-0.01877,0.301
124400,-0.00461,-0.07936,-0.01859,0.301
124500,-0.00518,-0.07918,-0.01838,0.300
124600,-0.00522,-0.07915,-0.01875,0.300
124700,-0.00639,-0.07825,-0.01851,0.299
124800,-0.00585,-0.07615,-0.01862,0.300
124900,-0.00735,-0.07478,-0.01805,0.300
125000,-0.00781,-0.07349,-0.01828,0.300
125100,-0.00771,-0.07252,-0.01843,0.300
125200,-0.00737,-0.07160,-0.01848,0.300
125300,-0.00741,-0.07165,-0.01845,0.301
125400,-0.00561,-0.07177,-0.01842,0.300
125500,-0.00586,-0.07119,-0.01895,0.300
125600,-0.00515,-0.06996,-0.01876,0.299
125700,-0.00410,-0.06928,-0.01869,0.299
125800,-0.00286,-0.06930,-0.01863,0.299
125900,-0.00047,-0.06889,-0.01911,0.298
126000,-0.00078,-0.06712,-0.01942,0.298
126100,-0.00107,-0.06735,-0.01948,0.298
126200,-0.00104,-0.06587,-0.01923,0.298
126300,-0.00203,-0.06568,-0.01921,0.299
126400,-0.00179,-0.06454,-0.01912,0.299
126500,-0.00234,-0.06385,-0.01905,0.299
126600,-0.00197,-0.06405,-0.01860,0.299
126700,-0.00133,-0.06573,-0.01927,0.299
126800,-0.00075,-0.06570,-0.01909,0.301
126900,0.00086,-0.06631,-0.01940,0.301
127000,0.00255,-0.06514,-0.01962,0.301
127100,0.00407,-0.06416,-0.01910,0.300
127200,0.00405,-0.06334,-0.01942,0.299
127300,0.00484,-0.06266,-0.01946,0.299
127400,0.00527,-0.06041,-0.01951,0.299
127500,0.00571,-0.06041,-0.01972,0.299
127600,0.00663,-0.06069,-0.02001,0.298
127700,0.00793,-0.06021,-0.01970,0.297
127800,0.00856,-0.05906,-0.01933,0.297
127900,0.00884,-0.05737,-0.01915,0.296
128000,0.01057,-0.05543,-0.01889,0.296
128100,0.01068,-0.05515,-0.01834,0.297
128200,0.01169,-0.05465,-0.01833,0.296
128300,0.01270,-0.05378,-0.01857,0.296
128400,0.01282,-0.05329,-0.01874,0.296
128500,0.01246,-0.05113,-0.01880,0.295
128600,0.01322,-0.05118,-0.01889,0.295
128700,0.01416,-0.05254,-0.01868,0.294
128800,0.01458,-0.05132,-0.01863,0.294
128900,0.01529,-0.05126,-0.01868,0.294
129000,0.01432,-0.05229,-0.01850,0.294
129100,0.01500,-0.05243,-0.01840,0.293
129200,0.01475,-0.05397,-0.01855,0.292
129300,0.01452,-0.05370,-0.01911,0.292
129400,0.01459,-0.05356,-0.01954,0.292
129500,0.01375,-0.05374,-0.01954,0.292
129600,0.01396,-0.05318,-0.01952,0.292
129700,0.01229,-0.05113,-0.01923,0.291
129800,0.01301,-0.04985,-0.01885,0.292
129900,0.01264,-0.04779,-0.01875,0.291
130000,0.01350,-0.04683,-0.01844,0.290
130100,0.01346,-0.04582,-0.01814,0.289
130200,0.01321,-0.04511,-0.01810,0.288
130300,0.01246,-0.04258,-0.01769,0.288
130400,0.01176,-0.04175,-0.01744,0.288
130500,0.01243,-0.04065,-0.01752,0.289
130600,0.01367,-0.03984,-0.01707,0.289
130700,0.01341,-0.04021,-0.01716,0.289
130800,0.01226,-0.04022,-0.01714,0.289
130900,0.01083,-0.03998,-0.01679,0.290
131000,0.01012,-0.03952,-0.01698,0.290
131100,0.01015,-0.03964,-0.01717,0.289
131200,0.01051,-0.03971,-0.01720,0.288
131300,0.01045,-0.03979,-0.01759,0.288
131400,0.01107,-0.03901,-0.01717,0.288
131500,0.01002,-0.03847,-0.01659,0.288
131600,0.00971,-0.03702,-0.01625,0.287
131700,0.00998,-0.03648,-0.01598,0.288
131800,0.01111,-0.03580,-0.01592,0.288
131900,0.01247,-0.03615,-0.01567,0.289
132000,0.01212,-0.03666,-0.01543,0.289
132100,0.01110,-0.03668,-0.01518,0.290
132200,0.01157,-0.03628,-0.01521,0.289
132300,0.01181,-0.03554,-0.01487,0.289
132400,0.01349,-0.03524,-0.01495,0.288
132500,0.01619,-0.03512,-0.01481,0.289
132600,0.01757,-0.03516,-0.01510,0.289
132700,0.01866,-0.03566,-0.01567,0.291
132800,0.01902,-0.03486,-0.01610,0.291
132900,0.01846,-0.03339,-0.01596,0.292
133000,0.01827,-0.03367,-0.01637,0.292
133100,0.01926,-0.03387,-0.01640,0.291
133200,0.02053,-0.03273,-0.01692,0.291
133300,0.02177,-0.03174,-0.01731,0.291
133400,0.02153,-0.03215,-0.01794,0.292
133500,0.02255,-0.03220,-0.01850,0.293
133600,0.02172,-0.03154,-0.01846,0.293
133700,0.02011,-0.03190,-0.01846,0.293
133800,0.01991,-0.03009,-0.01824,0.293
133900,0.02014,-0.02947,-0.01845,0.293
134000,0.02109,-0.03003,-0.01833,0.292
134100,0.02311,-0.02965,-0.01876,0.292
134200,0.02528,-0.03021,-0.01895,0.292
134300,0.02693,-0.02914,-0.01926,0.291
134400,0.02817,-0.02971,-0.01954,0.291
134500,0.02880,-0.02887,-0.01976,0.291
134600,0.02952,-0.02855,-0.01993,0.291
134700,0.03159,-0.02914,-0.01985,0.291
134800,0.03170,-0.03072,-0.02004,0.291
134900,0.03184,-0.03147,-0.02085,0.290
135000,0.03171,-0.03231,-0.02094,0.290
135100,0.03240,-0.03333,-0.02094,0.291
135200,0.03296,-0.03313,-0.02101,0.290
135300,0.03501,-0.03396,-0.02089,0.290
135400,0.03415,-0.03299,-0.02063,0.291
135500,0.03431,-0.03258,-0.02040,0.291
135600,0.03468,-0.03128,-0.02038,0.291
135700,0.03353,-0.03120,-0.02039,0.290
135800,0.03398,-0.02981,-0.01980,0.290
135900,0.03326,-0.03033,-0.01923,0.291
136000,0.03316,-0.03150,-0.01907,0.291
136100,0.03313,-0.03104,-0.01892,0.290
136200,0.03439,-0.03156,-0.01897,0.291
136300,0.03565,-0.03001,-0.01930,0.290
136400,0.03607,-0.03050,-0.01915,0.290
136500,0.03629,-0.03111,-0.01885,0.290
136600,0.03570,-0.03183,-0.01910,0.290
136700,0.03551,-0.03288,-0.01861,0.290
136800,0.03770,-0.03308,-0.01830,0.290
136900,0.03701,-0.03366,-0.01715,0.291
137000,0.03566,-0.03340,-0.01657,0.291
137100,0.03476,-0.03392,-0.01677,0.291
137200,0.03377,-0.03451,-0.01657,0.292
137300,0.03340,-0.03552,-0.01647,0.292
137400,0.03331,-0.03763,-0.01613,0.294
137500,0.03293,-0.03817,-0.01620,0.295
137600,0.03266,-0.03862,-0.01634,0.295
137700,0.03231,-0.03944,-0.01636,0.296
137800,0.03348,-0.03952,-0.01673,0.296
137900,0.03408,-0.04038,-0.01709,0.297
138000,0.03352,-0.04230,-0.01750,0.296
138100,0.03436,-0.04210,-0.01774,0.295
138200,0.03462,-0.04266,-0.01753,0.296
138300,0.03521,-0.04238,-0.01739,0.296
138400,0.03526,-0.04355,-0.01695,0.297
138500,0.03590,-0.04555,-0.01707,0.297
138600,0.03605,-0.04434,-0.01684,0.298
138700,0.03583,-0.04480,-0.01671,0.299
138800,0.03526,-0.04458,-0.01669,0.298
138900,0.03430,-0.04359,-0.01627,0.298
139000,0.03450,-0.04407,-0.01669,0.298
139100,0.03387,-0.04450,-0.01680,0.297
139200,0.03375,-0.04462,-0.01646,0.298
139300,0.03313,-0.04575,-0.01642,0.298
139400,0.03234,-0.04694,-0.01586,0.298
139500,0.03280,-0.04763,-0.01622,0.298
139600,0.03194,-0.04760,-0.01617,0.298
139700,0.03161,-0.04920,-0.01613,0.297
139800,0.03075,-0.05003,-0.01638,0.297
139900,0.03112,-0.05102,-0.01623,0.297
140000,0.03083,-0.05232,-0.01611,0.296
140100,0.03132,-0.05232,-0.01619,0.297
140200,0.03176,-0.05333,-0.01634,0.297
140300,0.03261,-0.05491,-0.01650,0.298
140400,0.03228,-0.05504,-0.01651,0.297
140500,0.03120,-0.05760,-0.01640,0.297
140600,0.03081,-0.05920,-0.01667,0.297
140700,0.02980,-0.05905,-0.01641,0.296
140800,0.03086,-0.05968,-0.01619,0.296
140900,0.03170,-0.06042,-0.01646,0.295
141000,0.03170,-0.06188,-0.01655,0.296
141100,0.03131,-0.06150,-0.01710,0.296
141200,0.03156,-0.06087,-0.01733,0.297
141300,0.03241,-0.06198,-0.01744,0.297
141400,0.03213,-0.06166,-0.01779,0.297
141500,0.03279,-0.06058,-0.01824,0.296
141600,0.03346,-0.06137,-0.01855,0.297
141700,0.03360,-0.06155,-0.01895,0.297
141800,0.03406,-0.06106,-0.01911,0.296
141900,0.03456,-0.06117,-0.01950,0.296
142000,0.03604,-0.06216,-0.01941,0.296
142100,0.03664,-0.06239,-0.01953,0.297
142200,0.03636,-0.06425,-0.01984,0.297
142300,0.03556,-0.06603,-0.02016,0.297
142400,0.03362,-0.06678,-0.02005,0.299
142500,0.03188,-0.06702,-0.02021,0.299
142600,0.03169,-0.06624,-0.02056,0.300
142700,0.03008,-0.06579,-0.02035,0.297
142800,0.02938,-0.06550,-0.02044,0.297
142900,0.02970,-0.06558,-0.02050,0.297
143000,0.02876,-0.06512,-0.02028,0.299
143100,0.02702,-0.06434,-0.01968,0.299
143200,0.02622,-0.06511,-0.01926,0.300
143300,0.02513,-0.06466,-0.01897,0.300
143400,0.02365,-0.06404,-0.01855,0.300
143500,0.02061,-0.06315,-0.01825,0.301
143600,0.01966,-0.06270,-0.01789,0.301
143700,0.02077,-0.06159,-0.01786,0.301
143800,0.01991,-0.06180,-0.01773,0.302
143900,0.01945,-0.06188,-0.01750,0.302
144000,0.01873,-0.06293,-0.01762,0.303
144100,0.01720,-0.06378,-0.01745,0.303
144200,0.01469,-0.06440,-0.01744,0.303
144300,0.01381,-0.06623,-0.01731,0.304
144400,0.01361,-0.06737,-0.01722,0.304
144500,0.01431,-0.06860,-0.01695,0.305
144600,0.01418,-0.06955,-0.01655,0.305
144700,0.01352,-0.07022,-0.01645,0.305
144800,0.01321,-0.06960,-0.01607,0.306
144900,0.01428,-0.07113,-0.01509,0.306
145000,0.01350,-0.07143,-0.01479,0.307
145100,0.01212,-0.07164,-0.01450,0.307
145200,0.01152,-0.07268,-0.01357,0.307
145300,0.01032,-0.07240,-0.01340,0.307
145400,0.01125,-0.07379,-0.01343,0.307
145500,0.01085,-0.07442,-0.01296,0.307
145600,0.00956,-0.07616,-0.01292,0.308
145700,0.00999,-0.07653,-0.01305,0.308
145800,0.01022,-0.07778,-0.01369,0.308
145900,0.01000,-0.07734,-0.01432,0.308
146000,0.01131,-0.07773,-0.01408,0.308
146100,0.01218,-0.07788,-0.01418,0.308
146200,0.01159,-0.07873,-0.01439,0.308
146300,0.01220,-0.07907,-0.01428,0.308
146400,0.01244,-0.07936,-0.01425,0.309
146500,0.01415,-0.07990,-0.01450,0.308
146600,0.01508,-0.07912,-0.01452,0.308
146700,0.01669,-0.07891,-0.01453,0.309
146800,0.01558,-0.07926,-0.01477,0.309
146900,0.01631,-0.07818,-0.01530,0.308
147000,0.01609,-0.07965,-0.01538,0.309
147100,0.01639,-0.07935,-0.01504,0.310
147200,0.01733,-0.07901,-0.01512,0.309
147300,0.01731,-0.07934,-0.01484,0.310
147400,0.01665,-0.07901,-0.01509,0.309
147500,0.01669,-0.07966,-0.01483,0.308
147600,0.01628,-0.08119,-0.01457,0.308
147700,0.01584,-0.08108,-0.01451,0.307
147800,0.01471,-0.08177,-0.01439,0.308
147900,0.01374,-0.08212,-0.01423,0.308
148000,0.01313,-0.08142,-0.01390,0.307
148100,0.01155,-0.08245,-0.01399,0.308
148200,0.01198,-0.08348,-0.01401,0.308
148300,0.01224,-0.08554,-0.01352,0.309
148400,0.01197,-0.08580,-0.01322,0.309
148500,0.01242,-0.08685,-0.01261,0.309
148600,0.01242,-0.08880,-0.01259,0.309
148700,0.01157,-0.08941,-0.01236,0.309
148800,0.01252,-0.09037,-0.01183,0.308
148900,0.01250,-0.09160,-0.01191,0.308
149000,0.01189,-0.09111,-0.01153,0.309
149100,0.01140,-0.09049,-0.01116,0.309
149200,0.01138,-0.08976,-0.01094,0.307
149300,0.01053,-0.08927,-0.01064,0.307
149400,0.00965,-0.09006,-0.01085,0.308
149500,0.00855,-0.09018,-0.01051,0.307
149600,0.00790,-0.09038,-0.01006,0.308
149700,0.00795,-0.09047,-0.00980,0.309
149800,0.00787,-0.09035,-0.00965,0.309
149900,0.00686,-0.09069,-0.00951,0.310
150000,0.00645,-0.08915,-0.00931,0.311
150100,0.00653,-0.08894,-0.00931,0.311
150200,0.00531,-0.08851,-0.00905,0.312
150300,0.00513,-0.08862,-0.00899,0.312
150400,0.00381,-0.08819,-0.00929,0.312
150500,0.00369,-0.08769,-0.00912,0.313
150600,0.00273,-0.08704,-0.00891,0.314
150700,0.00337,-0.08693,-0.00915,0.314
150800,0.00322,-0.08687,-0.00927,0.314
150900,0.00304,-0.08795,-0.00919,0.315
151000,0.00286,-0.08814,-0.00900,0.316
151100,0.00285,-0.08906,-0.00867,0.316
151200,0.00202,-0.09021,-0.00855,0.315
151300,0.00198,-0.08929,-0.00838,0.315
151400,0.00197,-0.09119,-0.00844,0.317
151500,0.00199,-0.09327,-0.00846,0.317
151600,0.00160,-0.09410,-0.00830,0.316
151700,0.00143,-0.09519,-0.00830,0.316
151800,-0.00009,-0.09670,-0.00833,0.316
151900,-0.00089,-0.09740,-0.00821,0.316
152000,-0.00245,-0.09715,-0.00832,0.316
152100,-0.00233,-0.09778,-0.00834,0.315
152200,-0.00216,-0.09769,-0.00824,0.314
152300,-0.00233,-0.09765,-0.00804,0.314
152400,-0.00238,-0.09729,-0.00785,0.313
152500,-0.00326,-0.09730,-0.00800,0.312
152600,-0.00464,-0.09821,-0.00805,0.310
152700,-0.00532,-0.09825,-0.00777,0.311
152800,-0.00468,-0.09986,-0.00777,0.312
152900,-0.00482,-0.10133,-0.00808,0.312
153000,-0.00407,-0.10246,-0.00809,0.311
153100,-0.00291,-0.10423,-0.00866,0.311
153200,-0.00265,-0.10511,-0.00875,0.310
153300,-0.00213,-0.10664,-0.00818,0.311
153400,-0.00244,-0.10713,-0.00822,0.310
153500,-0.00114,-0.10847,-0.00824,0.310
153600,0.00013,-0.11002,-0.00834,0.310
153700,-0.00004,-0.11081,-0.00809,0.310
153800,-0.00003,-0.11252,-0.00856,0.310
153900,-0.00072,-0.11374,-0.00867,0.311
154000,-0.00137,-0.11363,-0.00812,0.311
154100,-0.00156,-0.11302,-0.00780,0.311
154200,-0.00229,-0.11176,-0.00755,0.311
154300,-0.00224,-0.11024,-0.00711,0.312
154400,-0.00290,-0.11006,-0.00709,0.312
154500,-0.00408,-0.10915,-0.00701,0.312
154600,-0.00369,-0.10856,-0.00694,0.312
154700,-0.00535,-0.10771,-0.00694,0.312
154800,-0.00543,-0.10782,-0.00654,0.311
154900,-0.00539,-0.10693,-0.00695,0.311
155000,-0.00436,-0.10787,-0.00705,0.311
155100,-0.00374,-0.10777,-0.00688,0.310
155200,-0.00403,-0.10797,-0.00753,0.310
155300,-0.00373,-0.10742,-0.00732,0.309
155400,-0.00464,-0.10791,-0.00711,0.309
155500,-0.00486,-0.10824,-0.00736,0.310
155600,-0.00342,-0.10871,-0.00761,0.310
155700,-0.00367,-0.10836,-0.00738,0.310
155800,-0.00473,-0.10866,-0.00645,0.311
155900,-0.00574,-0.10896,-0.00635,0.311
156000,-0.00613,-0.11082,-0.00573,0.313
156100,-0.00699,-0.11144,-0.00513,0.313
156200,-0.00779,-0.11223,-0.00439,0.313
156300,-0.00736,-0.11376,-0.00361,0.314
156400,-0.00713,-0.11418,-0.00343,0.314
156500,-0.00792,-0.11468,-0.00330,0.315
156600,-0.00824,-0.11572,-0.00267,0.314
156700,-0.00962,-0.11581,-0.00221,0.314
156800,-0.01049,-0.11623,-0.00187,0.313
156900,-0.01170,-0.11669,-0.00157,0.312
157000,-0.01039,-0.11726,-0.00116,0.311
157100,-0.01046,-0.11694,-0.00113,0.311
157200,-0.01076,-0.11737,-0.00071,0.311
157300,-0.01099,-0.11688,-0.00062,0.310
157400,-0.01028,-0.11761,-0.00063,0.310
157500,-0.01025,-0.11792,-0.00049,0.310
157600,-0.00961,-0.11646,-0.00054,0.309
157700,-0.00924,-0.11623,-0.00048,0.311
157800,-0.00869,-0.11664,0.00010,0.311
157900,-0.00765,-0.11615,0.00032,0.311
158000,-0.00720,-0.11590,0.00041,0.311
158100,-0.00697,-0.11566,0.00108,0.311
158200,-0.00724,-0.11518,0.00095,0.310
158300,-0.00842,-0.11376,0.00052,0.310
158400,-0.00833,-0.11339,0.00024,0.309
158500,-0.00898,-0.11253,-0.00041,0.309
158600,-0.00980,-0.11280,-0.00039,0.308
158700,-0.00938,-0.11322,-0.00059,0.308
158800,-0.00965,-0.11424,-0.00136,0.309
158900,-0.00995,-0.11434,-0.00127,0.310
159000,-0.00934,-0.11520,-0.00092,0.310
159100,-0.00923,-0.11627,-0.00083,0.311
159200,-0.00988,-0.11710,-0.00112,0.311
159300,-0.00967,-0.11737,-0.00097,0.311
159400,-0.00925,-0.11703,-0.00106,0.311
159500,-0.01005,-0.11756,-0.00099,0.312
159600,-0.01011,-0.11762,-0.00102,0.311
159700,-0.00991,-0.11868,-0.00112,0.310
159800,-0.01082,-0.11900,-0.00081,0.311
159900,-0.01031,-0.12026,-0.00083,0.311
160000,-0.00955,-0.12202,-0.00107,0.309
160100,-0.00940,-0.12317,-0.00095,0.308
160200,-0.00876,-0.12367,-0.00112,0.308
160300,-0.00880,-0.12396,-0.00137,0.308
160400,-0.00795,-0.12398,-0.00128,0.307
160500,-0.00685,-0.12397,-0.00167,0.307
160600,-0.00521,-0.12464,-0.00190,0.307
160700,-0.00534,-0.12549,-0.00140,0.307
160800,-0.00459,-0.12493,-0.00096,0.308
160900,-0.00425,-0.12439,-0.00045,0.308
161000,-0.00431,-0.12528,-0.00012,0.307
161100,-0.00275,-0.12595,0.00025,0.307
161200,-0.00192,-0.12659,0.00085,0.308
161300,-0.00186,-0.12783,0.00104,0.308
161400,-0.00323,-0.12790,0.00117,0.307
161500,-0.00343,-0.12809,0.00134,0.307
161600,-0.00329,-0.12853,0.00160,0.307
161700,-0.00306,-0.12856,0.00214,0.307
161800,-0.00290,-0.12874,0.00242,0.306
161900,-0.00324,-0.12890,0.00264,0.307
162000,-0.00331,-0.12963,0.00303,0.307
162100,-0.00239,-0.12909,0.00374,0.307
162200,-0.00338,-0.12910,0.00409,0.308
162300,-0.00397,-0.12818,0.00419,0.308
162400,-0.00393,-0.12796,0.00410,0.308
162500,-0.00388,-0.12809,0.00485,0.310
162600,-0.00388,-0.12786,0.00479,0.310
162700,-0.00282,-0.12883,0.00468,0.311
162800,-0.00346,-0.12773,0.00482,0.310
162900,-0.00310,-0.12793,0.00494,0.310
163000,-0.00285,-0.12836,0.00485,0.311
163100,-0.00373,-0.12814,0.00489,0.310
163200,-0.00333,-0.12748,0.00465,0.311
163300,-0.00380,-0.12685,0.00416,0.311
163400,-0.00320,-0.12738,0.00396,0.311
163500,-0.00380,-0.12722,0.00418,0.310
163600,-0.00353,-0.12792,0.00398,0.310
163700,-0.00350,-0.12828,0.00389,0.311
163800,-0.00279,-0.12960,0.00362,0.310
163900,-0.00165,-0.12877,0.00336,0.311
164000,-0.00182,-0.12939,0.00307,0.311
164100,-0.00069,-0.12926,0.00276,0.311
164200,-0.00018,-0.12933,0.00230,0.310
164300,-0.00075,-0.12999,0.00181,0.310
164400,-0.00093,-0.12950,0.00192,0.309
164500,-0.00079,-0.12984,0.00170,0.309
164600,-0.00166,-0.12993,0.00159,0.308
164700,-0.00054,-0.13007,0.00154,0.307
164800,-0.00088,-0.13033,0.00119,0.308
164900,-0.00165,-0.13023,0.00138,0.307
165000,-0.00329,-0.12956,0.00136,0.306
165100,-0.00377,-0.12994,0.00107,0.306
165200,-0.00355,-0.12937,0.00114,0.306
165300,-0.00489,-0.12937,0.00030,0.307
165400,-0.00551,-0.12913,-0.00046,0.307
165500,-0.00622,-0.12856,-0.00060,0.308
165600,-0.00735,-0.12789,-0.00049,0.307
165700,-0.00846,-0.12766,-0.00101,0.306
165800,-0.00911,-0.12678,-0.00141,0.306
165900,-0.00870,-0.12714,-0.00146,0.307
166000,-0.00981,-0.12576,-0.00247,0.305
166100,-0.00946,-0.12543,-0.00281,0.305
166200,-0.00887,-0.12466,-0.00314,0.304
166300,-0.00973,-0.12481,-0.00413,0.303
166400,-0.01112,-0.12436,-0.00452,0.303
166500,-0.01131,-0.12177,-0.00440,0.302
166600,-0.01177,-0.12045,-0.00490,0.303
166700,-0.01241,-0.12031,-0.00545,0.303
166800,-0.01345,-0.11859,-0.00615,0.304
166900,-0.01388,-0.11845,-0.00633,0.305
167000,-0.01559,-0.11702,-0.00654,0.305
167100,-0.01505,-0.11776,-0.00652,0.304
167200,-0.01478,-0.11704,-0.00675,0.305
167300,-0.01373,-0.11773,-0.00719,0.305
167400,-0.01414,-0.11775,-0.00724,0.306
167500,-0.01501,-0.11738,-0.00740,0.306
167600,-0.01554,-0.11828,-0.00715,0.307
167700,-0.01595,-0.11838,-0.00701,0.307
167800,-0.01560,-0.11890,-0.00722,0.307
167900,-0.01562,-0.11987,-0.00687,0.307
168000,-0.01563,-0.12023,-0.00697,0.308
168100,-0.01395,-0.12027,-0.00700,0.307
168200,-0.01328,-0.12109,-0.00690,0.309
168300,-0.01383,-0.12179,-0.00627,0.309
168400,-0.01273,-0.12263,-0.00615,0.310
168500,-0.01137,-0.12306,-0.00567,0.311
168600,-0.01091,-0.12323,-0.00572,0.312
168700,-0.01020,-0.12277,-0.00598,0.312
168800,-0.01032,-0.12232,-0.00580,0.311
168900,-0.00955,-0.12279,-0.00535,0.312
169000,-0.01028,-0.12210,-0.00545,0.312
169100,-0.00915,-0.12224,-0.00580,0.311
169200,-0.00730,-0.12216,-0.00569,0.312
169300,-0.00602,-0.12195,-0.00609,0.311
169400,-0.00522,-0.12157,-0.00576,0.312
169500,-0.00399,-0.12155,-0.00593,0.311
169600,-0.00323,-0.12226,-0.00586,0.311
169700,-0.00393,-0.12157,-0.00615,0.311
169800,-0.00319,-0.12152,-0.00631,0.311
169900,-0.00423,-0.12046,-0.00650,0.311
170000,-0.00465,-0.12002,-0.00636,0.312
170100,-0.00531,-0.11975,-0.00649,0.314
170200,-0.00633,-0.11967,-0.00614,0.313
170300,-0.00616,-0.11958,-0.00612,0.312
170400,-0.00574,-0.11996,-0.00571,0.313
170500,-0.00604,-0.11998,-0.00524,0.313
170600,-0.00678,-0.11945,-0.00499,0.313
170700,-0.00704,-0.11982,-0.00501,0.313
170800,-0.00837,-0.12053,-0.00544,0.313
170900,-0.00940,-0.12086,-0.00589,0.313
171000,-0.00938,-0.12058,-0.00620,0.312
171100,-0.01144,-0.12009,-0.00637,0.312
171200,-0.01184,-0.11979,-0.00698,0.312
171300,-0.01212,-0.11965,-0.00710,0.313
171400,-0.01195,-0.12029,-0.00714,0.313
171500,-0.01313,-0.11941,-0.00706,0.312
171600,-0.01356,-0.11969,-0.00758,0.312
171700,-0.01416,-0.12022,-0.00764,0.312
171800,-0.01427,-0.12043,-0.00732,0.311
171900,-0.01389,-0.12054,-0.00732,0.309
172000,-0.01340,-0.12053,-0.00745,0.310
172100,-0.01438,-0.12135,-0.00807,0.310
172200,-0.01457,-0.12043,-0.00835,0.310
172300,-0.01360,-0.12134,-0.00863,0.310
172400,-0.01279,-0.12157,-0.00869,0.310
172500,-0.01275,-0.12082,-0.00915,0.309
172600,-0.01301,-0.12086,-0.00896,0.309
172700,-0.01413,-0.11983,-0.00918,0.309
172800,-0.01423,-0.12018,-0.00891,0.309
172900,-0.01477,-0.11935,-0.00886,0.310
173000,-0.01503,-0.11885,-0.00904,0.310
173100,-0.01567,-0.11883,-0.00898,0.309
173200,-0.01710,-0.11839,-0.00891,0.308
173300,-0.01740,-0.11847,-0.00916,0.309
173400,-0.01793,-0.11732,-0.00892,0.309
173500,-0.01759,-0.11742,-0.00927,0.308
173600,-0.01887,-0.11653,-0.00932,0.308
173700,-0.01955,-0.11615,-0.00964,0.307
173800,-0.02012,-0.11502,-0.00906,0.307
173900,-0.02095,-0.11481,-0.00919,0.307
174000,-0.02090,-0.11390,-0.00949,0.307
174100,-0.02138,-0.11454,-0.00945,0.306
174200,-0.02076,-0.11513,-0.00921,0.304
174300,-0.02050,-0.11489,-0.00906,0.305
174400,-0.02045,-0.11532,-0.00927,0.305
174500,-0.02050,-0.11452,-0.00925,0.306
174600,-0.02096,-0.11415,-0.00926,0.305
174700,-0.02148,-0.11370,-0.00921,0.306
174800,-0.02172,-0.11306,-0.00967,0.307
174900,-0.02234,-0.11354,-0.01013,0.308
175000,-0.02125,-0.11409,-0.01069,0.308
175100,-0.02145,-0.11300,-0.01075,0.310
175200,-0.02140,-0.11359,-0.01119,0.310
175300,-0.02174,-0.11364,-0.01115,0.309
175400,-0.02175,-0.11357,-0.01096,0.308
175500,-0.02122,-0.11372,-0.01091,0.308
175600,-0.02107,-0.11400,-0.01128,0.308
175700,-0.02042,-0.11483,-0.01142,0.309
175800,-0.01971,-0.11536,-0.01144,0.308
175900,-0.02017,-0.11480,-0.01110,0.307
176000,-0.01978,-0.11490,-0.01081,0.307
176100,-0.02078,-0.11476,-0.01131,0.308
176200,-0.02171,-0.11416,-0.01164,0.309
176300,-0.02158,-0.11260,-0.01113,0.310
176400,-0.02173,-0.11274,-0.01117,0.310
176500,-0.02299,-0.11451,-0.01132,0.310
176600,-0.02286,-0.11488,-0.01095,0.310
176700,-0.02284,-0.11425,-0.01081,0.310
176800,-0.02240,-0.11517,-0.01054,0.309
176900,-0.02241,-0.11569,-0.01101,0.310
177000,-0.02178,-0.11563,-0.01126,0.310
177100,-0.02268,-0.11574,-0.01122,0.310
177200,-0.02403,-0.11705,-0.01131,0.310
177300,-0.02540,-0.11652,-0.01155,0.311
177400,-0.02586,-0.11617,-0.01137,0.311
177500,-0.02482,-0.11688,-0.01137,0.310
177600,-0.02523,-0.11523,-0.01161,0.310
177700,-0.02467,-0.11468,-0.01154,0.309
177800,-0.02548,-0.11414,-0.01159,0.308
177900,-0.02608,-0.11380,-0.01174,0.308
178000,-0.02735,-0.11385,-0.01175,0.308
178100,-0.02901,-0.11327,-0.01166,0.309
178200,-0.03052,-0.11249,-0.01195,0.307
178300,-0.03045,-0.11207,-0.01262,0.308
178400,-0.03262,-0.10991,-0.01310,0.307
178500,-0.03375,-0.10829,-0.01341,0.306
178600,-0.03346,-0.10722,-0.01359,0.306
178700,-0.03383,-0.10669,-0.01323,0.306
178800,-0.03395,-0.10631,-0.01292,0.305
178900,-0.03519,-0.10452,-0.01325,0.305
179000,-0.03495,-0.10500,-0.01326,0.304
179100,-0.03633,-0.10403,-0.01289,0.304
179200,-0.03803,-0.10267,-0.01288,0.304
179300,-0.03853,-0.10231,-0.01304,0.304
179400,-0.03965,-0.10232,-0.01321,0.304
179500,-0.03928,-0.10210,-0.01315,0.306
179600,-0.03909,-0.10178,-0.01348,0.306
179700,-0.03850,-0.10169,-0.01345,0.305
179800,-0.03794,-0.10220,-0.01351,0.305
179900,-0.03699,-0.10230,-0.01366,0.304
180000,-0.03663,-0.10237,-0.01384,0.304
180100,-0.03679,-0.10284,-0.01418,0.304
180200,-0.03564,-0.10280,-0.01481,0.303
180300,-0.03465,-0.10280,-0.01462,0.305
180400,-0.03540,-0.10299,-0.01482,0.305
180500,-0.03489,-0.10382,-0.01491,0.304
180600,-0.03592,-0.10463,-0.01493,0.304
180700,-0.03633,-0.10348,-0.01514,0.304
180800,-0.03553,-0.10259,-0.01513,0.303
180900,-0.03371,-0.10184,-0.01509,0.302
181000,-0.03312,-0.10169,-0.01517,0.302
181100,-0.03220,-0.10151,-0.01506,0.302
181200,-0.03254,-0.10058,-0.01481,0.301
181300,-0.03299,-0.10013,-0.01450,0.300
181400,-0.03128,-0.09851,-0.01391,0.300
181500,-0.02978,-0.09830,-0.01363,0.301
181600,-0.02960,-0.09832,-0.01335,0.301
181700,-0.02933,-0.09830,-0.01365,0.302
181800,-0.03038,-0.09788,-0.01384,0.302
181900,-0.03014,-0.09744,-0.01386,0.304
182000,-0.03062,-0.09668,-0.01413,0.304
182100,-0.03144,-0.09548,-0.01375,0.304
182200,-0.03013,-0.09503,-0.01379,0.303
182300,-0.03060,-0.09405,-0.01371,0.304
182400,-0.03113,-0.09320,-0.01353,0.305
182500,-0.03169,-0.09292,-0.01361,0.305
182600,-0.03110,-0.09202,-0.01325,0.306
182700,-0.02992,-0.09169,-0.01304,0.306
182800,-0.02924,-0.09138,-0.01334,0.306
182900,-0.02857,-0.09107,-0.01315,0.305
183000,-0.02832,-0.09151,-0.01290,0.305
183100,-0.02818,-0.09073,-0.01298,0.307
183200,-0.02622,-0.09057,-0.01273,0.308
183300,-0.02535,-0.08952,-0.01203,0.307
183400,-0.02434,-0.08938,-0.01191,0.307
183500,-0.02460,-0.08734,-0.01202,0.307
183600,-0.02317,-0.08715,-0.01226,0.308
183700,-0.02224,-0.08597,-0.01231,0.308
183800,-0.02066,-0.08566,-0.01234,0.308
183900,-0.02128,-0.08555,-0.01171,0.308
184000,-0.02133,-0.08502,-0.01151,0.308
184100,-0.02196,-0.08419,-0.01150,0.309
184200,-0.02179,-0.08496,-0.01128,0.311
184300,-0.02216,-0.08541,-0.01135,0.311
184400,-0.02257,-0.08555,-0.01122,0.312
184500,-0.02395,-0.08658,-0.01129,0.313
184600,-0.02359,-0.08784,-0.01114,0.314
184700,-0.02427,-0.08862,-0.01127,0.314
184800,-0.02434,-0.08939,-0.01105,0.314
184900,-0.02444,-0.08914,-0.01081,0.315
185000,-0.02483,-0.08852,-0.01052,0.314
185100,-0.02409,-0.08928,-0.01019,0.314
185200,-0.02450,-0.08927,-0.01002,0.314
185300,-0.02474,-0.08881,-0.00996,0.314
185400,-0.02521,-0.08879,-0.01012,0.315
185500,-0.02487,-0.08916,-0.01026,0.315
185600,-0.02422,-0.08972,-0.01010,0.314
185700,-0.02396,-0.08975,-0.01013,0.311
185800,-0.02477,-0.08932,-0.01034,0.312
185900,-0.02449,-0.09031,-0.01043,0.312
186000,-0.02426,-0.09111,-0.01088,0.312
186100,-0.02291,-0.09162,-0.01080,0.311
186200,-0.02252,-0.09250,-0.01046,0.311
186300,-0.02351,-0.09301,-0.01048,0.310
186400,-0.02302,-0.09336,-0.01032,0.310
186500,-0.02214,-0.09419,-0.01080,0.311
186600,-0.02044,-0.09482,-0.01115,0.310
186700,-0.02040,-0.09581,-0.01178,0.310
186800,-0.01897,-0.09646,-0.01178,0.311
186900,-0.01749,-0.09690,-0.01123,0.311
187000,-0.01623,-0.09862,-0.01132,0.310
187100,-0.01554,-0.09956,-0.01180,0.310
187200,-0.01433,-0.10034,-0.01195,0.311
187300,-0.01382,-0.10120,-0.01178,0.310
187400,-0.01309,-0.10111,-0.01174,0.310
187500,-0.01314,-0.09976,-0.01210,0.310
187600,-0.01297,-0.10103,-0.01235,0.310
187700,-0.01309,-0.10099,-0.01265,0.310
187800,-0.01414,-0.10034,-0.01294,0.310
187900,-0.01373,-0.10085,-0.01330,0.310
188000,-0.01226,-0.10173,-0.01344,0.310
188100,-0.01219,-0.10187,-0.01384,0.310
188200,-0.01191,-0.10186,-0.01368,0.311
188300,-0.01126,-0.10272,-0.01352,0.310
188400,-0.00901,-0.10488,-0.01314,0.311
188500,-0.00746,-0.10679,-0.01308,0.311
188600,-0.00687,-0.10833,-0.01265,0.311
188700,-0.00639,-0.10949,-0.01234,0.312
188800,-0.00660,-0.10918,-0.01217,0.312
188900,-0.00596,-0.11055,-0.01153,0.312
189000,-0.00455,-0.11125,-0.01154,0.312
189100,-0.00378,-0.11228,-0.01164,0.313
189200,-0.00334,-0.11322,-0.01181,0.312
189300,-0.00377,-0.11402,-0.01177,0.312
189400,-0.00326,-0.11407,-0.01150,0.312
189500,-0.00276,-0.11436,-0.01148,0.310
189600,-0.00345,-0.11436,-0.01148,0.310
189700,-0.00346,-0.11501,-0.01107,0.311
189800,-0.00272,-0.11560,-0.01135,0.311
189900,-0.00294,-0.11620,-0.01127,0.312
190000,-0.00298,-0.11726,-0.01128,0.313
190100,-0.00270,-0.11774,-0.01119,0.314
190200,-0.00410,-0.11791,-0.01105,0.315
190300,-0.00532,-0.11812,-0.01134,0.315
190400,-0.00555,-0.11738,-0.01128,0.315
190500,-0.00597,-0.11627,-0.01133,0.315
190600,-0.00530,-0.11580,-0.01141,0.315
190700,-0.00512,-0.11668,-0.01123,0.316
190800,-0.00556,-0.11715,-0.01116,0.317
190900,-0.00587,-0.11783,-0.01112,0.317
191000,-0.00568,-0.11769,-0.01096,0.318
191100,-0.00570,-0.11774,-0.01051,0.318
191200,-0.00577,-0.11804,-0.01125,0.319
191300,-0.00505,-0.11853,-0.01187,0.319
191400,-0.00562,-0.11907,-0.01217,0.319
191500,-0.00675,-0.11937,-0.01256,0.318
191600,-0.00698,-0.11920,-0.01243,0.317
191700,-0.00741,-0.11948,-0.01217,0.318
191800,-0.00671,-0.11956,-0.01176,0.317
191900,-0.00768,-0.11993,-0.01181,0.317
192000,-0.00798,-0.12042,-0.01197,0.317
192100,-0.00634,-0.12180,-0.01219,0.316
192200,-0.00710,-0.12311,-0.01249,0.317
192300,-0.00707,-0.12399,-0.01280,0.317
192400,-0.00673,-0.12455,-0.01286,0.316
192500,-0.00645,-0.12553,-0.01309,0.315
192600,-0.00620,-0.12642,-0.01393,0.314
192700,-0.00659,-0.12769,-0.01435,0.315
192800,-0.00717,-0.12867,-0.01437,0.315
192900,-0.00757,-0.12955,-0.01471,0.314
193000,-0.00652,-0.12996,-0.01482,0.315
193100,-0.00452,-0.13145,-0.01452,0.315
193200,-0.00505,-0.13261,-0.01420,0.314
193300,-0.00545,-0.13462,-0.01425,0.314
193400,-0.00607,-0.13548,-0.01448,0.314
193500,-0.00596,-0.13757,-0.01421,0.313
193600,-0.00678,-0.13759,-0.01411,0.314
193700,-0.00795,-0.13863,-0.01441,0.314
193800,-0.01011,-0.13869,-0.01491,0.315
193900,-0.01019,-0.13941,-0.01544,0.314
194000,-0.00961,-0.14037,-0.01564,0.313
194100,-0.01015,-0.14091,-0.01593,0.312
194200,-0.01080,-0.14094,-0.01684,0.312
194300,-0.01056,-0.14096,-0.01699,0.312
194400,-0.00932,-0.14071,-0.01689,0.311
194500,-0.00705,-0.14072,-0.01666,0.309
194600,-0.00545,-0.14059,-0.01711,0.307
194700,-0.00458,-0.14000,-0.01659,0.309
194800,-0.00452,-0.13973,-0.01654,0.307
194900,-0.00317,-0.13956,-0.01633,0.307
195000,-0.00138,-0.13990,-0.01560,0.307
195100,-0.00181,-0.14041,-0.01628,0.307
195200,-0.00062,-0.14072,-0.01671,0.307
195300,0.00142,-0.14131,-0.01676,0.307
195400,0.00317,-0.14215,-0.01670,0.307
195500,0.00432,-0.14261,-0.01704,0.307
195600,0.00495,-0.14259,-0.01700,0.308
195700,0.00595,-0.14211,-0.01704,0.309
195800,0.00606,-0.14260,-0.01709,0.309
195900,0.00586,-0.14140,-0.01753,0.310
196000,0.00586,-0.14133,-0.01708,0.310
196100,0.00550,-0.14035,-0.01679,0.311
196200,0.00548,-0.13944,-0.01679,0.311
196300,0.00681,-0.14015,-0.01749,0.311
196400,0.00757,-0.14031,-0.01770,0.311
196500,0.00900,-0.14050,-0.01781,0.311
196600,0.00899,-0.14042,-0.01799,0.312
196700,0.00973,-0.14025,-0.01774,0.312
196800,0.00852,-0.13865,-0.01778,0.312
196900,0.00796,-0.13801,-0.01763,0.312
197000,0.00762,-0.13674,-0.01797,0.312
197100,0.00839,-0.13541,-0.01754,0.312
197200,0.00813,-0.13386,-0.01701,0.311
197300,0.00732,-0.13336,-0.01703,0.312
197400,0.00591,-0.13364,-0.01759,0.312
197500,0.00483,-0.13421,-0.01780,0.313
197600,0.00536,-0.13348,-0.01782,0.314
197700,0.00549,-0.13351,-0.01807,0.314
197800,0.00741,-0.13462,-0.01784,0.315
197900,0.00757,-0.13396,-0.01810,0.315
198000,0.00901,-0.13359,-0.01841,0.315
198100,0.01030,-0.13311,-0.01881,0.316
198200,0.01061,-0.13245,-0.01881,0.316
198300,0.01078,-0.13082,-0.01921,0.315
198400,0.01089,-0.13122,-0.02003,0.316
198500,0.00981,-0.13084,-0.02037,0.316
198600,0.00842,-0.13047,-0.02041,0.316
198700,0.00857,-0.13007,-0.02103,0.316
198800,0.01049,-0.13093,-0.02198,0.317
198900,0.01121,-0.13084,-0.02297,0.317
199000,0.01096,-0.13010,-0.02332,0.317
199100,0.01145,-0.12966,-0.02400,0.317
199200,0.01247,-0.12950,-0.02396,0.319
199300,0.01438,-0.12964,-0.02422,0.319
199400,0.01485,-0.12977,-0.02466,0.320
199500,0.01564,-0.12978,-0.02492,0.321
199600,0.01692,-0.12997,-0.02532,0.320
199700,0.01696,-0.12907,-0.02602,0.321
199800,0.01685,-0.12890,-0.02612,0.321
199900,0.01851,-0.12822,-0.02646,0.321
200000,0.01944,-0.12825,-0.02667,0.321
200100,0.02122,-0.12796,-0.02710,0.321
200200,0.02262,-0.12670,-0.02711,0.320
200300,0.02323,-0.12498,-0.02698,0.320
200400,0.02498,-0.12541,-0.02718,0.322
200500,0.02541,-0.12632,-0.02756,0.322
200600,0.02693,-0.12614,-0.02746,0.322
200700,0.02745,-0.12634,-0.02800,0.321
200800,0.02786,-0.12560,-0.02834,0.321
200900,0.02691,-0.12497,-0.02844,0.321
201000,0.02684,-0.12426,-0.02842,0.322
201100,0.02653,-0.12458,-0.02896,0.322
201200,0.02602,-0.12471,-0.02811,0.322
201300,0.02527,-0.12377,-0.02773,0.322
201400,0.02457,-0.12302,-0.02808,0.322
201500,0.02480,-0.12354,-0.02813,0.322
201600,0.02440,-0.12267,-0.02826,0.322
201700,0.02455,-0.12244,-0.02838,0.322
201800,0.02525,-0.12214,-0.02901,0.321
201900,0.02579,-0.12175,-0.02928,0.321
202000,0.02679,-0.12168,-0.02873,0.322
202100,0.02598,-0.12053,-0.02910,0.321
202200,0.02600,-0.12000,-0.02879,0.321
202300,0.02622,-0.11911,-0.02859,0.321
202400,0.02644,-0.11976,-0.02860,0.321
202500,0.02683,-0.11960,-0.02870,0.321
202600,0.02585,-0.11987,-0.02839,0.321
202700,0.02533,-0.11880,-0.02753,0.321
202800,0.02625,-0.11827,-0.02734,0.322
202900,0.02664,-0.11710,-0.02731,0.322
203000,0.02528,-0.11600,-0.02700,0.322
203100,0.02389,-0.11459,-0.02719,0.322
203200,0.02368,-0.11440,-0.02759,0.322
203300,0.02378,-0.11435,-0.02800,0.323
203400,0.02352,-0.11501,-0.02805,0.324
203500,0.02339,-0.11456,-0.02801,0.325
203600,0.02321,-0.11475,-0.02784,0.324
203700,0.02356,-0.11540,-0.02714,0.324
203800,0.02428,-0.11464,-0.02685,0.323
203900,0.02501,-0.11434,-0.02653,0.324
204000,0.02439,-0.11462,-0.02613,0.325
204100,0.02567,-0.11498,-0.02568,0.326
204200,0.02701,-0.11466,-0.02526,0.325
204300,0.02761,-0.11422,-0.02491,0.324
204400,0.02732,-0.11444,-0.02509,0.325
204500,0.02641,-0.11393,-0.02554,0.326
204600,0.02563,-0.11383,-0.02549,0.327
204700,0.02662,-0.11438,-0.02568,0.326
204800,0.02688,-0.11499,-0.02554,0.327
204900,0.02649,-0.11587,-0.02602,0.327
205000,0.02589,-0.11634,-0.02638,0.327
205100,0.02716,-0.11618,-0.02634,0.328
205200,0.02705,-0.11640,-0.02611,0.329
205300,0.02692,-0.11683,-0.02592,0.330
205400,0.02659,-0.11714,-0.02566,0.330
205500,0.02623,-0.11641,-0.02535,0.330
205600,0.02611,-0.11639,-0.02508,0.330
205700,0.02637,-0.11665,-0.02469,0.330
205800,0.02747,-0.11770,-0.02500,0.331
205900,0.02771,-0.11806,-0.02490,0.330
206000,0.02744,-0.11725,-0.02523,0.330
206100,0.02705,-0.11741,-0.02570,0.330
206200,0.02862,-0.11805,-0.02609,0.330
206300,0.02902,-0.11793,-0.02615,0.330
206400,0.02861,-0.11763,-0.02600,0.329
206500,0.02771,-0.11747,-0.02575,0.328
206600,0.02737,-0.11709,-0.02568,0.327
206700,0.02666,-0.11753,-0.02566,0.329
206800,0.02743,-0.11856,-0.02569,0.329
206900,0.02739,-0.11834,-0.02634,0.328
207000,0.02795,-0.11957,-0.02628,0.328
207100,0.02724,-0.11946,-0.02675,0.327
207200,0.02790,-0.11934,-0.02746,0.327
207300,0.02899,-0.11901,-0.02748,0.327
207400,0.03059,-0.11908,-0.02747,0.327
207500,0.03288,-0.11975,-0.02719,0.326
207600,0.03249,-0.12083,-0.02717,0.327
207700,0.03282,-0.12129,-0.02705,0.327
207800,0.03255,-0.12112,-0.02782,0.328
207900,0.03150,-0.12093,-0.02810,0.329
208000,0.02989,-0.12021,-0.02804,0.329
208100,0.02935,-0.12097,-0.02780,0.329
208200,0.02920,-0.12175,-0.02776,0.328
208300,0.02907,-0.12284,-0.02741,0.329
208400,0.02787,-0.12170,-0.02700,0.328
208500,0.02786,-0.12139,-0.02690,0.328
208600,0.02787,-0.12058,-0.02732,0.327
208700,0.02694,-0.11950,-0.02718,0.326
208800,0.02419,-0.11772,-0.02734,0.325
208900,0.02411,-0.11730,-0.02694,0.326
209000,0.02287,-0.11791,-0.02705,0.326
209100,0.02098,-0.11737,-0.02683,0.326
209200,0.01942,-0.11807,-0.02749,0.325
209300,0.01706,-0.11738,-0.02744,0.324
209400,0.01568,-0.11681,-0.02732,0.325
209500,0.01439,-0.11575,-0.02705,0.325
209600,0.01379,-0.11572,-0.02675,0.325
209700,0.01368,-0.11604,-0.02630,0.324
209800,0.01280,-0.11428,-0.02601,0.324
209900,0.01110,-0.11423,-0.02586,0.323
210000,0.00923,-0.11322,-0.02620,0.324
210100,0.00756,-0.11259,-0.02525,0.323
210200,0.00722,-0.11317,-0.02514,0.324
210300,0.00628,-0.11398,-0.02553,0.323
210400,0.00488,-0.11400,-0.02557,0.322
210500,0.00401,-0.11341,-0.02549,0.322
210600,0.00237,-0.11394,-0.02594,0.321
210700,0.00131,-0.11266,-0.02586,0.321
210800,-0.00022,-0.11301,-0.02566,0.321
210900,-0.00049,-0.11232,-0.02595,0.322
211000,-0.00011,-0.11260,-0.02610,0.320
211100,0.00033,-0.11235,-0.02602,0.319
211200,0.00055,-0.11162,-0.02649,0.320
211300,0.00121,-0.11140,-0.02685,0.319
211400,0.00144,-0.11209,-0.02656,0.319
211500,0.00179,-0.11165,-0.02621,0.321
211600,0.00286,-0.11182,-0.02620,0.322
211700,0.00402,-0.11202,-0.02640,0.323
211800,0.00288,-0.11170,-0.02598,0.325
211900,0.00313,-0.11205,-0.02575,0.325
212000,0.00295,-0.11204,-0.02598,0.324
212100,0.00322,-0.11263,-0.02576,0.325
212200,0.00339,-0.11254,-0.02570,0.326
212300,0.00309,-0.11320,-0.02550,0.327
212400,0.00243,-0.11215,-0.02574,0.327
212500,0.00193,-0.11135,-0.02579,0.327
212600,0.00234,-0.11151,-0.02583,0.327
212700,0.00278,-0.11282,-0.02636,0.328
212800,0.00164,-0.11256,-0.02637,0.326
212900,0.00080,-0.11304,-0.02617,0.326
213000,0.00037,-0.11269,-0.02614,0.326
213100,0.00071,-0.11281,-0.02599,0.326
213200,-0.00001,-0.11270,-0.02601,0.325
213300,-0.00102,-0.11163,-0.02574,0.325
213400,-0.00069,-0.11110,-0.02583,0.324
213500,-0.00113,-0.11158,-0.02580,0.324
213600,-0.00115,-0.11165,-0.02594,0.325
213700,-0.00073,-0.11105,-0.02646,0.326
213800,-0.00063,-0.11078,-0.02628,0.326
213900,-0.00167,-0.11033,-0.02652,0.326
214000,-0.00189,-0.10850,-0.02665,0.326
214100,-0.00249,-0.10788,-0.02656,0.325
214200,-0.00343,-0.10799,-0.02637,0.325
214300,-0.00403,-0.10831,-0.02633,0.326
214400,-0.00437,-0.10787,-0.02581,0.327
214500,-0.00474,-0.10742,-0.02506,0.327
214600,-0.00485,-0.10683,-0.02467,0.327
214700,-0.00562,-0.10648,-0.02501,0.326
214800,-0.00653,-0.10469,-0.02501,0.327
214900,-0.00693,-0.10387,-0.02479,0.326
215000,-0.00752,-0.10321,-0.02493,0.325
215100,-0.00953,-0.10259,-0.02473,0.323
215200,-0.01067,-0.10107,-0.02401,0.323
215300,-0.01139,-0.10027,-0.02367,0.322
215400,-0.01152,-0.09903,-0.02355,0.323
215500,-0.01286,-0.09892,-0.02351,0.321
215600,-0.01319,-0.09791,-0.02341,0.322
215700,-0.01437,-0.09763,-0.02372,0.322
215800,-0.01526,-0.09702,-0.02330,0.321
215900,-0.01501,-0.09792,-0.02291,0.322
216000,-0.01478,-0.09802,-0.02271,0.323
216100,-0.01415,-0.09846,-0.02223,0.322
216200,-0.01431,-0.09882,-0.02170,0.322
216300,-0.01464,-0.09835,-0.02116,0.321
216400,-0.01410,-0.09898,-0.02162,0.322
216500,-0.01371,-0.09873,-0.02120,0.322
216600,-0.01440,-0.09908,-0.02103,0.322
216700,-0.01422,-0.09836,-0.02089,0.320
216800,-0.01396,-0.09932,-0.02064,0.319
216900,-0.01408,-0.09984,-0.02049,0.318
217000,-0.01461,-0.09967,-0.02007,0.319
217100,-0.01499,-0.10018,-0.02012,0.319
217200,-0.01538,-0.10145,-0.01984,0.319
217300,-0.01397,-0.10235,-0.01922,0.319
217400,-0.01339,-0.10271,-0.01839,0.318
217500,-0.01394,-0.10231,-0.01849,0.317
217600,-0.01401,-0.10106,-0.01836,0.316
217700,-0.01488,-0.10084,-0.01820,0.316
217800,-0.01652,-0.09984,-0.01764,0.314
217900,-0.01643,-0.09999,-0.01707,0.312
218000,-0.01666,-0.09994,-0.01677,0.312
218100,-0.01733,-0.09802,-0.01669,0.311
218200,-0.01690,-0.09809,-0.01669,0.312
218300,-0.01691,-0.09649,-0.01685,0.313
218400,-0.01676,-0.09693,-0.01673,0.313
218500,-0.01657,-0.09702,-0.01661,0.312
218600,-0.01628,-0.09702,-0.01612,0.313
218700,-0.01587,-0.09689,-0.01625,0.313
218800,-0.01520,-0.09752,-0.01569,0.312
218900,-0.01580,-0.09804,-0.01585,0.311
219000,-0.01558,-0.09856,-0.01534,0.311
219100,-0.01390,-0.09881,-0.01523,0.311
219200,-0.01350,-0.09879,-0.01420,0.311
219300,-0.01350,-0.09992,-0.01351,0.311
219400,-0.01273,-0.10039,-0.01350,0.311
219500,-0.01274,-0.10082,-0.01331,0.310
219600,-0.01300,-0.10071,-0.01325,0.310
219700,-0.01394,-0.09916,-0.01329,0.310
219800,-0.01278,-0.10016,-0.01310,0.309
219900,-0.01155,-0.10012,-0.01277,0.309
220000,-0.00968,-0.10007,-0.01185,0.308
220100,-0.00947,-0.09953,-0.01214,0.308
220200,-0.00981,-0.09912,-0.01195,0.307
220300,-0.00889,-0.09989,-0.01131,0.306
220400,-0.00829,-0.10050,-0.01098,0.306
220500,-0.00853,-0.09938,-0.01075,0.307
220600,-0.00793,-0.09882,-0.01034,0.307
220700,-0.00652,-0.09927,-0.01001,0.308
220800,-0.00549,-0.09925,-0.01003,0.308
220900,-0.00502,-0.10040,-0.00977,0.307
221000,-0.00596,-0.10066,-0.01005,0.307
221100,-0.00694,-0.10046,-0.00991,0.307
221200,-0.00653,-0.10110,-0.00916,0.307
221300,-0.00707,-0.10191,-0.00900,0.308
221400,-0.00706,-0.10256,-0.00898,0.307
221500,-0.00659,-0.10243,-0.00908,0.307
221600,-0.00736,-0.10248,-0.00861,0.307
221700,-0.00820,-0.10244,-0.00819,0.307
221800,-0.00830,-0.10246,-0.00822,0.305
221900,-0.00775,-0.10232,-0.00781,0.306
222000,-0.00748,-0.10236,-0.00779,0.304
222100,-0.00716,-0.10208,-0.00767,0.303
222200,-0.00687,-0.10218,-0.00764,0.302
222300,-0.00628,-0.10205,-0.00784,0.301
222400,-0.00546,-0.10232,-0.00732,0.301
222500,-0.00431,-0.10291,-0.00712,0.301
222600,-0.00377,-0.10266,-0.00676,0.301
222700,-0.00359,-0.10143,-0.00623,0.300
222800,-0.00312,-0.10181,-0.00615,0.300
222900,-0.00230,-0.10224,-0.00612,0.300
223000,-0.00114,-0.10245,-0.00628,0.300
223100,-0.00208,-0.10273,-0.00638,0.298
223200,-0.00217,-0.10282,-0.00635,0.299
223300,-0.00183,-0.10345,-0.00652,0.298
223400,-0.00148,-0.10302,-0.00628,0.297
223500,-0.00097,-0.10247,-0.00593,0.297
223600,-0.00028,-0.10266,-0.00550,0.296
223700,0.00015,-0.10245,-0.00492,0.295
223800,-0.00040,-0.10384,-0.00498,0.294
223900,0.00330,-0.10595,-0.00491,0.294
224000,0.00473,-0.10739,-0.00523,0.293
224100,0.00523,-0.10729,-0.00506,0.293
224200,0.00500,-0.10650,-0.00508,0.291
224300,0.00459,-0.10639,-0.00506,0.291
224400,0.00506,-0.10628,-0.00539,0.289
224500,0.00572,-0.10703,-0.00607,0.287
224600,0.00644,-0.10674,-0.00600,0.288
224700,0.00675,-0.10648,-0.00581,0.287
224800,0.00825,-0.10730,-0.00555,0.286
224900,0.00986,-0.10763,-0.00525,0.286
225000,0.01062,-0.10714,-0.00482,0.287
225100,0.01346,-0.10696,-0.00453,0.287
225200,0.01490,-0.10796,-0.00515,0.286
225300,0.01517,-0.10864,-0.00540,0.285
225400,0.01602,-0.10932,-0.00547,0.283
225500,0.01770,-0.10861,-0.00542,0.284
225600,0.01949,-0.10927,-0.00536,0.283
225700,0.02049,-0.10802,-0.00476,0.284
225800,0.02154,-0.10694,-0.00473,0.284
225900,0.02242,-0.10559,-0.00467,0.285
226000,0.02316,-0.10504,-0.00388,0.286
226100,0.02225,-0.10555,-0.00377,0.287
226200,0.02187,-0.10616,-0.00392,0.286
226300,0.02147,-0.10534,-0.00341,0.286
226400,0.02083,-0.10457,-0.00248,0.286
226500,0.01816,-0.10374,-0.00304,0.287
226600,0.01822,-0.10454,-0.00313,0.287
226700,0.01916,-0.10508,-0.00321,0.288
226800,0.01859,-0.10447,-0.00285,0.288
226900,0.01807,-0.10458,-0.00272,0.288
227000,0.01789,-0.10420,-0.00283,0.288
227100,0.01891,-0.10485,-0.00254,0.288
227200,0.01971,-0.10423,-0.00268,0.288
227300,0.01837,-0.10416,-0.00308,0.289
227400,0.01781,-0.10277,-0.00356,0.289
227500,0.01807,-0.10246,-0.00303,0.289
227600,0.01836,-0.10339,-0.00263,0.289
227700,0.01864,-0.10306,-0.00289,0.289
227800,0.02014,-0.10413,-0.00293,0.290
227900,0.02077,-0.10374,-0.00271,0.290
228000,0.02160,-0.10437,-0.00257,0.289
228100,0.02226,-0.10606,-0.00241,0.289
228200,0.02233,-0.10612,-0.00167,0.288
228300,0.02266,-0.10654,-0.00140,0.286
228400,0.02241,-0.10607,-0.00165,0.287
228500,0.02263,-0.10614,-0.00160,0.286
228600,0.02429,-0.10674,-0.00177,0.286
228700,0.02537,-0.10693,-0.00153,0.286
228800,0.02588,-0.10813,-0.00115,0.286
228900,0.02751,-0.10806,-0.00091,0.285
229000,0.02852,-0.10710,-0.00135,0.285
229100,0.02816,-0.10756,-0.00121,0.284
229200,0.02834,-0.10668,-0.00133,0.283
229300,0.03001,-0.10566,-0.00157,0.283
229400,0.03072,-0.10465,-0.00160,0.282
229500,0.03139,-0.10555,-0.00199,0.283
229600,0.03175,-0.10609,-0.00191,0.284
229700,0.03256,-0.10738,-0.00202,0.283
229800,0.03219,-0.10717,-0.00235,0.284
229900,0.03181,-0.10723,-0.00258,0.283
230000,0.03027,-0.10725,-0.00294,0.283
230100,0.02980,-0.10845,-0.00334,0.282
230200,0.02974,-0.10945,-0.00366,0.283
230300,0.03069,-0.10965,-0.00376,0.284
230400,0.03149,-0.10970,-0.00375,0.284
230500,0.03207,-0.11147,-0.00389,0.284
230600,0.03273,-0.11204,-0.00428,0.284
230700,0.03261,-0.11300,-0.00468,0.284
230800,0.03268,-0.11359,-0.00435,0.284
230900,0.03240,-0.11375,-0.00437,0.285
231000,0.03188,-0.11390,-0.00388,0.285
231100,0.03381,-0.11417,-0.00452,0.285
231200,0.03371,-0.11370,-0.00543,0.284
231300,0.03395,-0.11327,-0.00551,0.284
231400,0.03396,-0.11281,-0.00541,0.283
231500,0.03295,-0.11291,-0.00559,0.282
231600,0.03321,-0.11300,-0.00596,0.281
231700,0.03226,-0.11210,-0.00623,0.281
231800,0.03400,-0.11311,-0.00677,0.281
231900,0.03297,-0.11373,-0.00745,0.281
232000,0.03320,-0.11365,-0.00756,0.282
232100,0.03296,-0.11403,-0.00774,0.282
232200,0.03262,-0.11463,-0.00705,0.283
232300,0.03168,-0.11495,-0.00735,0.284
232400,0.02977,-0.11560,-0.00758,0.284
232500,0.02837,-0.11649,-0.00743,0.285
232600,0.02878,-0.11743,-0.00760,0.286
232700,0.02733,-0.11917,-0.00755,0.287
232800,0.02747,-0.11919,-0.00774,0.287
232900,0.02730,-0.11822,-0.00834,0.286
233000,0.02655,-0.11811,-0.00848,0.285
233100,0.02724,-0.11770,-0.00846,0.286
233200,0.02786,-0.11651,-0.00852,0.285
233300,0.02916,-0.11532,-0.00881,0.286
233400,0.02949,-0.11486,-0.00909,0.285
233500,0.03041,-0.11444,-0.00998,0.285
233600,0.03158,-0.11360,-0.01074,0.285
233700,0.03201,-0.11352,-0.01125,0.285
233800,0.03368,-0.11327,-0.01197,0.285
233900,0.03230,-0.11125,-0.01188,0.285
234000,0.03191,-0.11161,-0.01180,0.285
234100,0.03247,-0.11208,-0.01220,0.286
234200,0.03300,-0.11283,-0.01163,0.287
234300,0.03395,-0.11197,-0.01182,0.287
234400,0.03453,-0.11348,-0.01206,0.288
234500,0.03454,-0.11304,-0.01195,0.288
234600,0.03401,-0.11386,-0.01232,0.288
234700,0.03532,-0.11401,-0.01275,0.290
234800,0.03515,-0.11493,-0.01304,0.291
234900,0.03506,-0.11518,-0.01307,0.291
235000,0.03498,-0.11509,-0.01363,0.291
235100,0.03345,-0.11551,-0.01373,0.291
235200,0.03272,-0.11533,-0.01361,0.292
235300,0.03217,-0.11443,-0.01375,0.292
235400,0.03105,-0.11347,-0.01380,0.292
235500,0.03027,-0.11449,-0.01430,0.291
235600,0.02914,-0.11503,-0.01496,0.291
235700,0.02896,-0.11556,-0.01546,0.290
235800,0.02824,-0.11683,-0.01539,0.290
235900,0.02808,-0.11755,-0.01571,0.288
236000,0.02821,-0.11775,-0.01686,0.286
236100,0.02909,-0.11733,-0.01679,0.286
236200,0.02939,-0.11602,-0.01719,0.285
236300,0.02897,-0.11757,-0.01770,0.285
236400,0.02910,-0.11804,-0.01817,0.285
236500,0.03089,-0.11893,-0.01794,0.284
236600,0.03144,-0.11808,-0.01784,0.284
236700,0.03159,-0.11797,-0.01813,0.285
236800,0.03151,-0.11804,-0.01830,0.285
236900,0.03253,-0.11684,-0.01827,0.285
237000,0.03303,-0.11636,-0.01824,0.284
237100,0.03239,-0.11530,-0.01865,0.284
237200,0.03202,-0.11466,-0.01835,0.284
237300,0.03377,-0.11374,-0.01853,0.285
237400,0.03490,-0.11353,-0.01857,0.284
237500,0.03411,-0.11333,-0.01883,0.283
237600,0.03461,-0.11313,-0.01935,0.284
237700,0.03520,-0.11394,-0.01870,0.284
237800,0.03612,-0.11282,-0.01894,0.284
237900,0.03574,-0.11351,-0.01928,0.285
238000,0.03595,-0.11309,-0.01918,0.285
238100,0.03554,-0.11332,-0.01917,0.285
238200,0.03597,-0.11369,-0.02005,0.285
238300,0.03502,-0.11521,-0.01976,0.285
238400,0.03431,-0.11386,-0.01982,0.286
238500,0.03204,-0.11288,-0.01981,0.288
238600,0.03179,-0.11308,-0.02035,0.288
238700,0.03002,-0.11251,-0.02034,0.288
238800,0.02971,-0.11139,-0.02060,0.289
238900,0.02911,-0.11108,-0.02113,0.290
239000,0.02886,-0.11048,-0.02118,0.290
239100,0.02795,-0.11082,-0.02127,0.290
239200,0.02770,-0.11066,-0.02184,0.290
239300,0.02704,-0.11113,-0.02196,0.291
239400,0.02593,-0.11297,-0.02211,0.291
239500,0.02682,-0.11223,-0.02222,0.291
239600,0.02713,-0.11243,-0.02236,0.291
239700,0.02753,-0.11353,-0.02225,0.291
239800,0.02745,-0.11412,-0.02260,0.290
239900,0.02761,-0.11477,-0.02274,0.290
240000,0.02979,-0.11512,-0.02278,0.291
240100,0.03147,-0.11392,-0.02227,0.292
240200,0.03375,-0.11300,-0.02233,0.291
240300,0.03341,-0.11308,-0.02274,0.290
240400,0.03294,-0.11260,-0.02289,0.290
240500,0.03321,-0.11263,-0.02296,0.290
240600,0.03405,-0.11353,-0.02314,0.289
240700,0.03439,-0.11236,-0.02282,0.287
240800,0.03554,-0.11122,-0.02279,0.287
240900,0.03589,-0.11089,-0.02268,0.287
241000,0.03621,-0.11088,-0.02249,0.287
241100,0.03670,-0.11059,-0.02190,0.289
241200,0.03646,-0.11109,-0.02168,0.289
241300,0.03680,-0.11038,-0.02150,0.289
241400,0.03770,-0.10968,-0.02212,0.290
241500,0.04018,-0.10894,-0.02240,0.290
241600,0.04071,-0.10830,-0.02253,0.291
241700,0.04155,-0.10768,-0.02259,0.290
241800,0.04109,-0.10713,-0.02235,0.291
241900,0.04173,-0.10698,-0.02238,0.290
242000,0.04073,-0.10588,-0.02264,0.289
242100,0.04072,-0.10579,-0.02268,0.289
242200,0.04086,-0.10556,-0.02362,0.288
242300,0.04187,-0.10551,-0.02329,0.288
242400,0.04325,-0.10589,-0.02318,0.287
242500,0.04509,-0.10373,-0.02261,0.287
242600,0.04434,-0.10248,-0.02259,0.288
242700,0.04471,-0.10231,-0.02298,0.288
242800,0.04527,-0.10256,-0.02280,0.288
242900,0.04613,-0.10329,-0.02190,0.289
243000,0.04668,-0.10443,-0.02188,0.289
243100,0.04720,-0.10460,-0.02163,0.290
243200,0.04825,-0.10595,-0.02147,0.290
243300,0.04787,-0.10747,-0.02091,0.290
243400,0.04770,-0.10801,-0.02051,0.292
243500,0.04748,-0.10899,-0.01968,0.291
243600,0.04599,-0.10908,-0.01894,0.291
243700,0.04505,-0.10940,-0.01808,0.292
243800,0.04484,-0.11026,-0.01721,0.292
243900,0.04335,-0.11053,-0.01734,0.292
244000,0.04375,-0.10934,-0.01734,0.292
244100,0.04295,-0.10989,-0.01719,0.291
244200,0.04291,-0.10990,-0.01729,0.292
244300,0.04270,-0.11096,-0.01708,0.292
244400,0.04178,-0.10975,-0.01685,0.293
244500,0.04133,-0.11037,-0.01653,0.294
244600,0.04169,-0.11073,-0.01674,0.293
244700,0.03882,-0.11151,-0.01647,0.293
244800,0.03812,-0.11132,-0.01668,0.293
244900,0.03857,-0.11130,-0.01725,0.292
245000,0.03708,-0.11175,-0.01690,0.293
245100,0.03712,-0.11191,-0.01672,0.293
245200,0.03747,-0.11109,-0.01667,0.293
245300,0.03810,-0.11151,-0.01667,0.293
245400,0.03771,-0.11099,-0.01640,0.294
245500,0.03733,-0.11151,-0.01590,0.295
245600,0.03671,-0.11065,-0.01552,0.296
245700,0.03560,-0.11003,-0.01553,0.297
245800,0.03606,-0.10971,-0.01557,0.296
245900,0.03573,-0.11009,-0.01558,0.297
246000,0.03550,-0.10999,-0.01509,0.297
246100,0.03642,-0.11003,-0.01516,0.298
246200,0.03579,-0.11039,-0.01508,0.297
246300,0.03751,-0.10977,-0.01506,0.297
246400,0.03682,-0.10930,-0.01519,0.297
246500,0.03748,-0.10896,-0.01510,0.297
246600,0.03776,-0.10934,-0.01520,0.297
246700,0.03789,-0.10842,-0.01466,0.297
246800,0.03876,-0.10848,-0.01523,0.299
246900,0.03866,-0.10962,-0.01511,0.299
247000,0.03898,-0.11010,-0.01472,0.300
247100,0.03982,-0.11083,-0.01397,0.301
247200,0.04023,-0.11168,-0.01452,0.302
247300,0.03895,-0.11302,-0.01466,0.301
247400,0.03784,-0.11396,-0.01468,0.301
247500,0.03887,-0.11433,-0.01506,0.303
247600,0.03814,-0.11368,-0.01505,0.302
247700,0.03891,-0.11301,-0.01565,0.303
247800,0.03803,-0.11230,-0.01527,0.303
247900,0.03953,-0.11181,-0.01492,0.304
248000,0.03997,-0.11124,-0.01497,0.305
248100,0.04122,-0.11179,-0.01471,0.305
248200,0.04122,-0.11139,-0.01489,0.305
248300,0.04188,-0.11067,-0.01509,0.306
248400,0.04371,-0.11226,-0.01488,0.306
248500,0.04635,-0.11202,-0.01512,0.305
248600,0.04688,-0.11121,-0.01513,0.305
248700,0.04832,-0.11194,-0.01538,0.305
248800,0.04869,-0.11259,-0.01589,0.305
248900,0.04801,-0.11286,-0.01562,0.304
249000,0.04822,-0.11386,-0.01527,0.304
249100,0.04962,-0.11303,-0.01551,0.304
249200,0.05103,-0.11206,-0.01502,0.304
249300,0.05149,-0.11199,-0.01540,0.303
249400,0.05267,-0.11114,-0.01537,0.302
249500,0.05176,-0.11133,-0.01498,0.302
249600,0.05203,-0.11020,-0.01509,0.302
249700,0.05152,-0.10881,-0.01526,0.301
249800,0.05133,-0.10754,-0.01430,0.303
249900,0.05141,-0.10699,-0.01369,0.304
250000,0.04992,-0.10712,-0.01382,0.303
250100,0.04924,-0.10777,-0.01359,0.303
250200,0.04790,-0.10844,-0.01327,0.303
250300,0.04789,-0.10830,-0.01302,0.303
250400,0.04842,-0.10847,-0.01267,0.302
250500,0.04931,-0.10800,-0.01292,0.301
250600,0.04852,-0.10624,-0.01261,0.301
250700,0.04861,-0.10675,-0.01282,0.302
250800,0.04785,-0.10796,-0.01304,0.303
250900,0.04858,-0.10841,-0.01311,0.303
251000,0.04949,-0.10880,-0.01351,0.303
251100,0.04794,-0.10893,-0.01367,0.302
251200,0.04765,-0.10905,-0.01342,0.301
251300,0.04677,-0.11018,-0.01352,0.302
251400,0.04583,-0.11097,-0.01309,0.302
251500,0.04430,-0.11278,-0.01254,0.302
251600,0.04296,-0.11339,-0.01227,0.302
251700,0.04359,-0.11422,-0.01226,0.302
251800,0.04308,-0.11430,-0.01196,0.303
251900,0.04278,-0.11442,-0.01192,0.303
252000,0.04310,-0.11493,-0.01174,0.303
252100,0.04327,-0.11418,-0.01162,0.304
252200,0.04332,-0.11298,-0.01112,0.304
252300,0.04309,-0.11307,-0.01122,0.304
252400,0.04329,-0.11315,-0.01118,0.305
252500,0.04253,-0.11435,-0.01164,0.304
252600,0.04259,-0.11421,-0.01183,0.303
252700,0.04385,-0.11250,-0.01205,0.302
252800,0.04281,-0.11134,-0.01257,0.302
252900,0.04224,-0.11098,-0.01281,0.302
253000,0.04171,-0.11089,-0.01261,0.303
253100,0.04085,-0.11151,-0.01266,0.302
253200,0.03967,-0.11062,-0.01233,0.303
253300,0.04031,-0.10974,-0.01237,0.303
253400,0.04024,-0.10893,-0.01234,0.303
253500,0.04000,-0.10867,-0.01268,0.303
253600,0.03955,-0.10864,-0.01251,0.304
253700,0.04069,-0.10803,-0.01319,0.303
253800,0.03996,-0.10767,-0.01345,0.303
253900,0.04222,-0.10719,-0.01306,0.304
254000,0.04163,-0.10803,-0.01282,0.303
254100,0.04251,-0.10750,-0.01257,0.303
254200,0.04289,-0.10733,-0.01257,0.304
254300,0.04353,-0.10600,-0.01288,0.304
254400,0.04395,-0.10590,-0.01252,0.303
254500,0.04479,-0.10626,-0.01275,0.301
254600,0.04366,-0.10500,-0.01214,0.301
254700,0.04429,-0.10220,-0.01228,0.301
254800,0.04532,-0.10219,-0.01232,0.300
254900,0.04399,-0.10225,-0.01213,0.301
255000,0.04492,-0.10166,-0.01180,0.301
255100,0.04507,-0.10076,-0.01167,0.301
255200,0.04445,-0.10192,-0.01140,0.302
255300,0.04507,-0.10250,-0.01105,0.303
255400,0.04610,-0.10345,-0.01070,0.303
255500,0.04606,-0.10247,-0.01066,0.302
255600,0.04530,-0.10294,-0.01066,0.302
255700,0.04629,-0.10404,-0.01080,0.303
255800,0.04609,-0.10295,-0.01061,0.303
255900,0.04714,-0.10221,-0.01019,0.304
256000,0.04731,-0.10198,-0.00965,0.304
256100,0.04458,-0.10134,-0.00968,0.303
256200,0.04383,-0.10056,-0.00988,0.304
256300,0.04237,-0.10149,-0.00977,0.304
256400,0.04352,-0.10072,-0.00947,0.305
256500,0.04497,-0.10131,-0.00913,0.305
256600,0.04460,-0.10164,-0.00935,0.304
256700,0.04402,-0.10142,-0.00915,0.303
256800,0.04454,-0.10053,-0.00906,0.302
256900,0.04581,-0.09989,-0.00914,0.302
257000,0.04702,-0.09939,-0.00963,0.302
257100,0.04746,-0.09912,-0.00977,0.302
257200,0.04628,-0.09841,-0.00890,0.300
257300,0.04584,-0.09743,-0.00862,0.300
257400,0.04497,-0.09688,-0.00848,0.299
257500,0.04417,-0.09632,-0.00818,0.299
257600,0.04461,-0.09775,-0.00793,0.299
257700,0.04402,-0.09818,-0.00777,0.298
257800,0.04469,-0.10057,-0.00763,0.298
257900,0.04406,-0.10104,-0.00798,0.297
258000,0.04271,-0.10194,-0.00833,0.297
258100,0.04103,-0.10203,-0.00847,0.297
258200,0.04058,-0.10078,-0.00782,0.298
258300,0.04063,-0.10126,-0.00782,0.296
258400,0.04018,-0.10010,-0.00770,0.296
258500,0.03898,-0.09893,-0.00734,0.297
258600,0.03803,-0.09947,-0.00666,0.296
258700,0.03694,-0.10012,-0.00640,0.296
258800,0.03629,-0.10022,-0.00587,0.295
258900,0.03601,-0.10014,-0.00576,0.296
259000,0.03575,-0.09986,-0.00625,0.297
259100,0.03496,-0.10019,-0.00622,0.297
259200,0.03407,-0.10216,-0.00660,0.297
259300,0.03229,-0.10250,-0.00580,0.299
259400,0.03145,-0.10331,-0.00532,0.299
259500,0.03006,-0.10412,-0.00489,0.300
259600,0.02900,-0.10487,-0.00456,0.300
259700,0.02949,-0.10479,-0.00442,0.300
259800,0.02935,-0.10576,-0.00511,0.300
259900,0.02937,-0.10559,-0.00556,0.299
260000,0.02957,-0.10511,-0.00543,0.299
260100,0.02860,-0.10487,-0.00560,0.299
260200,0.02806,-0.10343,-0.00584,0.298
260300,0.02758,-0.10341,-0.00571,0.299
260400,0.02656,-0.10313,-0.00598,0.300
260500,0.02560,-0.10331,-0.00518,0.300
260600,0.02486,-0.10355,-0.00487,0.300
260700,0.02409,-0.10312,-0.00468,0.300
260800,0.02332,-0.10274,-0.00463,0.299
260900,0.02212,-0.10193,-0.00478,0.299
261000,0.02255,-0.10103,-0.00462,0.298
261100,0.02342,-0.10119,-0.00479,0.298
261200,0.02515,-0.10094,-0.00458,0.299
261300,0.02635,-0.10130,-0.00416,0.299
261400,0.02628,-0.10116,-0.00411,0.299
261500,0.02607,-0.10032,-0.00428,0.301
261600,0.02759,-0.10158,-0.00456,0.301
261700,0.02762,-0.10205,-0.00443,0.302
261800,0.02887,-0.10229,-0.00485,0.301
261900,0.03004,-0.10167,-0.00479,0.302
262000,0.02913,-0.10171,-0.00503,0.304
262100,0.02871,-0.10257,-0.00489,0.303
262200,0.02917,-0.10377,-0.00532,0.302
262300,0.03041,-0.10359,-0.00521,0.302
262400,0.03018,-0.10314,-0.00568,0.302
262500,0.03081,-0.10386,-0.00537,0.302
262600,0.03143,-0.10511,-0.00522,0.302
262700,0.03023,-0.10610,-0.00509,0.303
262800,0.03073,-0.10703,-0.00498,0.302
262900,0.02939,-0.10838,-0.00475,0.303
263000,0.03004,-0.10876,-0.00483,0.302
263100,0.03149,-0.10830,-0.00460,0.302
263200,0.03124,-0.10812,-0.00508,0.303
263300,0.02886,-0.10850,-0.00536,0.302
263400,0.02832,-0.10983,-0.00524,0.301
263500,0.02818,-0.11027,-0.00507,0.301
263600,0.02905,-0.11067,-0.00529,0.301
263700,0.02777,-0.11186,-0.00485,0.301
263800,0.02898,-0.11253,-0.00485,0.302
263900,0.02831,-0.11287,-0.00477,0.301
264000,0.02782,-0.11280,-0.00450,0.301
264100,0.02669,-0.11268,-0.00470,0.301
264200,0.02647,-0.11271,-0.00489,0.300
264300,0.02610,-0.11358,-0.00462,0.300
264400,0.02647,-0.11444,-0.00487,0.300
264500,0.02661,-0.11465,-0.00472,0.301
264600,0.02837,-0.11655,-0.00534,0.301
264700,0.02932,-0.11919,-0.00517,0.300
264800,0.02870,-0.11880,-0.00460,0.301
264900,0.02899,-0.11897,-0.00407,0.301
265000,0.02919,-0.12039,-0.00444,0.300
265100,0.02965,-0.11963,-0.00479,0.299
265200,0.03010,-0.11937,-0.00503,0.299
265300,0.02953,-0.11881,-0.00526,0.299
265400,0.02916,-0.11840,-0.00558,0.299
265500,0.02896,-0.11817,-0.00567,0.300
265600,0.03009,-0.11776,-0.00523,0.300
265700,0.02984,-0.11780,-0.00484,0.299
265800,0.03019,-0.11891,-0.00482,0.299
265900,0.02766,-0.11894,-0.00482,0.298
266000,0.02787,-0.11890,-0.00575,0.298
266100,0.02823,-0.11819,-0.00550,0.298
266200,0.02923,-0.11918,-0.00500,0.298
266300,0.02920,-0.11886,-0.00553,0.298
266400,0.02936,-0.11882,-0.00541,0.298
266500,0.02839,-0.11859,-0.00564,0.298
266600,0.02878,-0.11881,-0.00553,0.300
266700,0.02880,-0.11997,-0.00603,0.301
266800,0.02703,-0.12023,-0.00559,0.299
266900,0.02560,-0.12140,-0.00564,0.299
267000,0.02314,-0.12191,-0.00533,0.299
267100,0.02141,-0.12186,-0.00529,0.298
267200,0.02100,-0.12291,-0.00570,0.300
267300,0.02037,-0.12364,-0.00554,0.301
267400,0.02077,-0.12437,-0.00565,0.302
267500,0.01977,-0.12506,-0.00554,0.302
267600,0.01932,-0.12469,-0.00503,0.301
267700,0.01893,-0.12538,-0.00494,0.303
267800,0.01766,-0.12502,-0.00522,0.302
267900,0.01743,-0.12499,-0.00484,0.301
268000,0.01799,-0.12526,-0.00432,0.302
268100,0.01862,-0.12501,-0.00393,0.302
268200,0.01849,-0.12678,-0.00396,0.301
268300,0.01895,-0.12703,-0.00345,0.302
268400,0.01777,-0.12907,-0.00333,0.302
268500,0.01721,-0.13155,-0.00319,0.302
268600,0.01685,-0.13283,-0.00336,0.303
268700,0.01753,-0.13337,-0.00337,0.302
268800,0.01824,-0.13329,-0.00270,0.303
268900,0.01913,-0.13357,-0.00211,0.303
269000,0.01874,-0.13314,-0.00160,0.303
269100,0.01881,-0.13384,-0.00087,0.304
269200,0.01785,-0.13252,-0.00108,0.304
269300,0.01885,-0.13154,-0.00147,0.303
269400,0.01919,-0.13034,-0.00179,0.303
269500,0.01955,-0.12993,-0.00225,0.302
269600,0.01944,-0.12968,-0.00247,0.301
269700,0.02030,-0.12953,-0.00267,0.302
269800,0.02029,-0.13009,-0.00269,0.301
269900,0.01909,-0.13016,-0.00238,0.301
270000,0.01869,-0.13090,-0.00252,0.302
270100,0.01883,-0.13115,-0.00272,0.302
270200,0.01836,-0.13247,-0.00251,0.302
270300,0.01730,-0.13259,-0.00254,0.301
270400,0.01757,-0.13248,-0.00226,0.300
270500,0.01750,-0.13274,-0.00231,0.300
270600,0.01835,-0.13274,-0.00243,0.300
270700,0.01796,-0.13374,-0.00258,0.301
270800,0.01887,-0.13387,-0.00265,0.302
270900,0.01979,-0.13466,-0.00235,0.301
271000,0.01977,-0.13537,-0.00220,0.301
271100,0.01904,-0.13549,-0.00176,0.300
271200,0.01781,-0.13591,-0.00173,0.299
271300,0.01709,-0.13569,-0.00192,0.299
271400,0.01779,-0.13514,-0.00176,0.299
271500,0.01692,-0.13530,-0.00130,0.298
271600,0.01689,-0.13200,-0.00109,0.298
271700,0.01750,-0.13206,-0.00105,0.297
271800,0.01715,-0.13287,-0.00072,0.298
271900,0.01647,-0.13420,-0.00033,0.298
272000,0.01663,-0.13465,0.00024,0.297
272100,0.01589,-0.13482,0.00048,0.297
272200,0.01569,-0.13506,0.00096,0.298
272300,0.01454,-0.13535,0.00135,0.298
272400,0.01408,-0.13491,0.00170,0.298
272500,0.01388,-0.13381,0.00189,0.299
272600,0.01306,-0.13239,0.00196,0.299
272700,0.01424,-0.13187,0.00222,0.298
272800,0.01382,-0.13160,0.00222,0.299
272900,0.01515,-0.13109,0.00216,0.297
273000,0.01539,-0.13022,0.00224,0.297
273100,0.01414,-0.13015,0.00190,0.297
273200,0.01471,-0.13129,0.00170,0.297
273300,0.01673,-0.13152,0.00162,0.297
273400,0.01652,-0.13143,0.00160,0.297
273500,0.01600,-0.13114,0.00163,0.296
273600,0.01496,-0.13137,0.00137,0.296
273700,0.01479,-0.13145,0.00096,0.296
273800,0.01306,-0.13045,0.00081,0.296
273900,0.01262,-0.13094,0.00041,0.297
274000,0.01372,-0.13060,0.00003,0.297
274100,0.01461,-0.13079,-0.00015,0.297
274200,0.01428,-0.13048,-0.00054,0.298
274300,0.01379,-0.13076,-0.00076,0.297
274400,0.01301,-0.12992,-0.00095,0.298
274500,0.01225,-0.12958,-0.00141,0.299
274600,0.01066,-0.12807,-0.00142,0.298
274700,0.01057,-0.12712,-0.00135,0.299
274800,0.01064,-0.12542,-0.00178,0.300
274900,0.01181,-0.12449,-0.00235,0.301
275000,0.01153,-0.12240,-0.00258,0.302
275100,0.01119,-0.12189,-0.00302,0.303
275200,0.01042,-0.12117,-0.00327,0.302
275300,0.00920,-0.12202,-0.00322,0.303
275400,0.00884,-0.12162,-0.00352,0.304
275500,0.00954,-0.12235,-0.00341,0.303
275600,0.00936,-0.12299,-0.00331,0.304
275700,0.00996,-0.12360,-0.00270,0.303
275800,0.00904,-0.12312,-0.00317,0.303
275900,0.01016,-0.12342,-0.00310,0.303
276000,0.00927,-0.12347,-0.00258,0.303
276100,0.00994,-0.12387,-0.00288,0.303
276200,0.00858,-0.12297,-0.00308,0.304
276300,0.00895,-0.12215,-0.00281,0.303
276400,0.00882,-0.12281,-0.00311,0.303
276500,0.00783,-0.12273,-0.00322,0.302
276600,0.00739,-0.12170,-0.00319,0.301
276700,0.00661,-0.12120,-0.00304,0.300
276800,0.00677,-0.12149,-0.00347,0.300
276900,0.00749,-0.12060,-0.00346,0.299
277000,0.00812,-0.12015,-0.00385,0.300
277100,0.00873,-0.12064,-0.00386,0.301
277200,0.01049,-0.11938,-0.00359,0.300
277300,0.01090,-0.11851,-0.00350,0.298
277400,0.01124,-0.11865,-0.00312,0.298
277500,0.01138,-0.11780,-0.00260,0.298
277600,0.01121,-0.11761,-0.00298,0.299
277700,0.01145,-0.11682,-0.00301,0.298
277800,0.01170,-0.11651,-0.00321,0.298
277900,0.01082,-0.11615,-0.00319,0.299
278000,0.01062,-0.11522,-0.00362,0.298
278100,0.00983,-0.11405,-0.00394,0.298
278200,0.00920,-0.11279,-0.00437,0.297
278300,0.00737,-0.11232,-0.00496,0.297
278400,0.00787,-0.11099,-0.00487,0.296
278500,0.00757,-0.11033,-0.00529,0.296
278600,0.00811,-0.10936,-0.00561,0.297
278700,0.01068,-0.10882,-0.00632,0.298
278800,0.00986,-0.10869,-0.00682,0.298
278900,0.00971,-0.10840,-0.00767,0.299
279000,0.01105,-0.10868,-0.00775,0.299
279100,0.01136,-0.10735,-0.00792,0.299
279200,0.01368,-0.10813,-0.00716,0.298
279300,0.01451,-0.10886,-0.00702,0.299
279400,0.01498,-0.10872,-0.00663,0.300
279500,0.01595,-0.10917,-0.00675,0.301
279600,0.01653,-0.10862,-0.00682,0.301
279700,0.01556,-0.10960,-0.00614,0.300
279800,0.01460,-0.10951,-0.00622,0.300
279900,0.01488,-0.10979,-0.00617,0.302
280000,0.01340,-0.10876,-0.00578,0.303
280100,0.01326,-0.10850,-0.00536,0.304
280200,0.01304,-0.10804,-0.00511,0.305
280300,0.01358,-0.10787,-0.00515,0.306
280400,0.01461,-0.10925,-0.00538,0.307
280500,0.01423,-0.10932,-0.00577,0.309
280600,0.01355,-0.10942,-0.00581,0.308
280700,0.01341,-0.10809,-0.00567,0.307
280800,0.01306,-0.10719,-0.00572,0.307
280900,0.01172,-0.10640,-0.00556,0.308
281000,0.01033,-0.10581,-0.00540,0.308
281100,0.01018,-0.10546,-0.00535,0.309
281200,0.01047,-0.10615,-0.00574,0.310
281300,0.01042,-0.10632,-0.00624,0.310
281400,0.00890,-0.10688,-0.00629,0.310
281500,0.00923,-0.10651,-0.00620,0.311
281600,0.00910,-0.10936,-0.00616,0.310
281700,0.00734,-0.10917,-0.00583,0.309
281800,0.00594,-0.10799,-0.00548,0.308
281900,0.00581,-0.10761,-0.00561,0.306
282000,0.00621,-0.10817,-0.00546,0.307
282100,0.00642,-0.10845,-0.00564,0.307
282200,0.00614,-0.10836,-0.00565,0.306
282300,0.00634,-0.10832,-0.00543,0.306
282400,0.00685,-0.10942,-0.00539,0.307
282500,0.00566,-0.10962,-0.00580,0.307
282600,0.00621,-0.10969,-0.00550,0.307
282700,0.00622,-0.10940,-0.00556,0.308
282800,0.00684,-0.10939,-0.00510,0.307
282900,0.00551,-0.10909,-0.00550,0.307
283000,0.00473,-0.10907,-0.00560,0.307
283100,0.00365,-0.10794,-0.00551,0.308
283200,0.00346,-0.10778,-0.00553,0.308
283300,0.00260,-0.10772,-0.00517,0.308
283400,0.00279,-0.10569,-0.00533,0.309
283500,0.00197,-0.10550,-0.00536,0.310
283600,0.00189,-0.10408,-0.00531,0.311
283700,0.00001,-0.10260,-0.00524,0.312
283800,-0.00057,-0.10177,-0.00505,0.311
283900,-0.00096,-0.10247,-0.00485,0.312
284000,-0.00258,-0.10231,-0.00485,0.313
284100,-0.00469,-0.10221,-0.00462,0.314
284200,-0.00404,-0.10218,-0.00457,0.314
284300,-0.00462,-0.10199,-0.00451,0.316
284400,-0.00523,-0.10209,-0.00449,0.317
284500,-0.00540,-0.10242,-0.00394,0.316
284600,-0.00506,-0.10383,-0.00345,0.318
284700,-0.00551,-0.10367,-0.00373,0.318
284800,-0.00531,-0.10590,-0.00318,0.318
284900,-0.00633,-0.10609,-0.00274,0.316
285000,-0.00612,-0.10690,-0.00272,0.317
285100,-0.00565,-0.10921,-0.00205,0.316
285200,-0.00483,-0.11039,-0.00198,0.315
285300,-0.00304,-0.11066,-0.00164,0.314
285400,-0.00278,-0.11151,-0.00155,0.314
285500,-0.00295,-0.11162,-0.00126,0.315
285600,-0.00237,-0.11114,-0.00154,0.315
285700,-0.00328,-0.11094,-0.00164,0.316
285800,-0.00347,-0.11050,-0.00101,0.317
285900,-0.00351,-0.11042,-0.00142,0.318
286000,-0.00352,-0.11089,-0.00146,0.317
286100,-0.00449,-0.11167,-0.00130,0.318
286200,-0.00410,-0.11231,-0.00104,0.318
286300,-0.00491,-0.11226,-0.00093,0.319
286400,-0.00521,-0.11174,-0.00079,0.320
286500,-0.00486,-0.11195,-0.00075,0.320
286600,-0.00540,-0.11224,-0.00098,0.321
286700,-0.00382,-0.11290,-0.00065,0.322
286800,-0.00406,-0.11261,-0.00031,0.323
286900,-0.00621,-0.11299,-0.00025,0.323
287000,-0.00690,-0.11357,-0.00008,0.323
287100,-0.00670,-0.11372,-0.00019,0.323
287200,-0.00697,-0.11435,-0.00042,0.322
287300,-0.00722,-0.11391,-0.00004,0.324
287400,-0.00676,-0.11292,0.00047,0.326
287500,-0.00616,-0.11320,0.00038,0.325
287600,-0.00604,-0.11357,0.00022,0.324
287700,-0.00572,-0.11319,0.00037,0.325
287800,-0.00498,-0.11318,0.00090,0.326
287900,-0.00380,-0.11417,0.00067,0.327
288000,-0.00474,-0.11495,0.00073,0.327
288100,-0.00446,-0.11589,0.00039,0.328
288200,-0.00400,-0.11699,0.00060,0.329
288300,-0.00331,-0.11684,0.00070,0.329
288400,-0.00280,-0.11770,0.00060,0.329
288500,-0.00184,-0.11821,0.00091,0.329
288600,-0.00206,-0.11746,0.00125,0.329
288700,-0.00519,-0.11678,0.00198,0.327
288800,-0.00548,-0.11587,0.00213,0.327
288900,-0.00589,-0.11566,0.00238,0.327
289000,-0.00721,-0.11507,0.00234,0.326
289100,-0.00796,-0.11498,0.00236,0.326
289200,-0.00984,-0.11457,0.00219,0.327
289300,-0.01096,-0.11412,0.00196,0.326
289400,-0.01183,-0.11406,0.00160,0.325
289500,-0.01223,-0.11283,0.00156,0.325
289600,-0.01299,-0.11316,0.00166,0.325
289700,-0.01325,-0.11308,0.00120,0.325
289800,-0.01289,-0.11302,0.00133,0.325
289900,-0.01327,-0.11290,0.00092,0.323
290000,-0.01193,-0.11402,0.00083,0.323
290100,-0.01144,-0.11467,0.00086,0.322
290200,-0.01011,-0.11526,0.00073,0.322
290300,-0.01011,-0.11565,0.00065,0.321
290400,-0.00955,-0.11403,0.00067,0.320
290500,-0.00943,-0.11386,0.00059,0.319
290600,-0.00977,-0.11387,0.00081,0.319
290700,-0.00850,-0.11470,0.00065,0.320
290800,-0.00859,-0.11584,0.00054,0.320
290900,-0.00815,-0.11669,0.00069,0.319
291000,-0.00696,-0.11570,0.00072,0.321
291100,-0.00695,-0.11616,0.00046,0.321
291200,-0.00783,-0.11493,0.00098,0.321
291300,-0.00793,-0.11416,0.00136,0.320
291400,-0.00671,-0.11438,0.00164,0.321
291500,-0.00670,-0.11440,0.00108,0.322
291600,-0.00712,-0.11410,0.00113,0.323
291700,-0.00672,-0.11416,0.00106,0.324
291800,-0.00610,-0.11483,0.00079,0.325
291900,-0.00601,-0.11456,0.00088,0.326
292000,-0.00708,-0.11380,0.00060,0.326
292100,-0.00710,-0.11332,0.00093,0.327
292200,-0.00771,-0.11296,0.00079,0.328
292300,-0.00850,-0.11195,0.00010,0.327
292400,-0.00837,-0.11061,0.00005,0.325
292500,-0.00735,-0.11037,-0.00005,0.326
292600,-0.00829,-0.11083,-0.00035,0.325
292700,-0.00961,-0.11098,-0.00043,0.326
292800,-0.01052,-0.11108,-0.00047,0.326
292900,-0.01087,-0.11142,-0.00032,0.327
293000,-0.01129,-0.11163,-0.00063,0.328
293100,-0.01056,-0.11223,-0.00070,0.327
293200,-0.01082,-0.11155,-0.00056,0.327
293300,-0.01079,-0.11072,-0.00091,0.327
293400,-0.01046,-0.11116,-0.00091,0.327
293500,-0.00941,-0.11078,-0.00115,0.327
293600,-0.00909,-0.11187,-0.00148,0.327
293700,-0.00710,-0.11268,-0.00186,0.326
293800,-0.00667,-0.11320,-0.00208,0.325
293900,-0.00627,-0.11258,-0.00184,0.325
294000,-0.00385,-0.11228,-0.00187,0.323
294100,-0.00158,-0.11270,-0.00247,0.323
294200,-0.00288,-0.11257,-0.00253,0.323
294300,-0.00243,-0.11298,-0.00302,0.323
294400,-0.00158,-0.11296,-0.00333,0.322
294500,-0.00172,-0.11271,-0.00364,0.321
294600,-0.00163,-0.11243,-0.00385,0.321
294700,-0.00115,-0.11284,-0.00355,0.320
294800,-0.00187,-0.11166,-0.00389,0.319
294900,-0.00269,-0.11171,-0.00401,0.319
295000,-0.00365,-0.11240,-0.00442,0.318
295100,-0.00417,-0.11201,-0.00465,0.318
295200,-0.00514,-0.11119,-0.00440,0.318
295300,-0.00625,-0.11103,-0.00465,0.319
295400,-0.00637,-0.11046,-0.00425,0.319
295500,-0.00621,-0.11063,-0.00448,0.318
295600,-0.00774,-0.11072,-0.00475,0.317
295700,-0.00692,-0.11128,-0.00505,0.317
295800,-0.00679,-0.11152,-0.00532,0.316
295900,-0.00727,-0.11217,-0.00518,0.315
296000,-0.00725,-0.11261,-0.00542,0.316
296100,-0.00677,-0.11248,-0.00554,0.314
296200,-0.00727,-0.11259,-0.00572,0.313
296300,-0.00759,-0.11279,-0.00564,0.313
296400,-0.00826,-0.11396,-0.00547,0.314
296500,-0.00865,-0.11379,-0.00564,0.314
296600,-0.00860,-0.11362,-0.00534,0.313
296700,-0.01023,-0.11266,-0.00571,0.313
296800,-0.00988,-0.11338,-0.00581,0.314
296900,-0.00913,-0.11244,-0.00610,0.313
297000,-0.00895,-0.11193,-0.00589,0.313
297100,-0.00865,-0.11194,-0.00560,0.312
297200,-0.00863,-0.11211,-0.00568,0.313
297300,-0.00817,-0.11290,-0.00642,0.313
297400,-0.00958,-0.11323,-0.00722,0.313
297500,-0.01100,-0.11281,-0.00776,0.313
297600,-0.01148,-0.11272,-0.00804,0.313
297700,-0.01255,-0.11267,-0.00824,0.312
297800,-0.01352,-0.11167,-0.00877,0.311
297900,-0.01540,-0.10948,-0.00871,0.311
298000,-0.01457,-0.10913,-0.00873,0.309
298100,-0.01363,-0.10913,-0.00843,0.310
298200,-0.01352,-0.10889,-0.00846,0.309
298300,-0.01410,-0.10798,-0.00840,0.309
298400,-0.01387,-0.10627,-0.00840,0.310
298500,-0.01476,-0.10540,-0.00851,0.310
298600,-0.01419,-0.10557,-0.00864,0.310
298700,-0.01215,-0.10616,-0.00910,0.310
298800,-0.01105,-0.10726,-0.00925,0.311
298900,-0.01269,-0.10770,-0.00910,0.311
299000,-0.01239,-0.10831,-0.00904,0.311
299100,-0.01132,-0.10928,-0.00928,0.310
299200,-0.01043,-0.10994,-0.00959,0.310
299300,-0.00929,-0.11029,-0.00942,0.310
299400,-0.00986,-0.11101,-0.00912,0.310
299500,-0.01087,-0.11190,-0.00898,0.311
299600,-0.00998,-0.11233,-0.00911,0.311
299700,-0.01010,-0.11235,-0.00896,0.312
299800,-0.01029,-0.11238,-0.00891,0.313
299900,-0.00983,-0.11264,-0.00867,0.314
300000,-0.01077,-0.11156,-0.00892,0.314
300100,-0.01154,-0.11073,-0.00932,0.314
300200,-0.01186,-0.11060,-0.00963,0.314
300300,-0.01163,-0.10986,-0.00950,0.314
300400,-0.01252,-0.11051,-0.00964,0.315
300500,-0.01215,-0.11006,-0.00960,0.315
300600,-0.01178,-0.11016,-0.01014,0.315
300700,-0.01290,-0.10947,-0.01017,0.315
300800,-0.01317,-0.10876,-0.01014,0.315
300900,-0.01198,-0.10894,-0.01065,0.315
301000,-0.01214,-0.10907,-0.01129,0.314
301100,-0.01130,-0.10843,-0.01125,0.312
301200,-0.01075,-0.10768,-0.01170,0.313
301300,-0.01144,-0.10654,-0.01156,0.313
301400,-0.01243,-0.10578,-0.01226,0.312
301500,-0.01200,-0.10516,-0.01214,0.311
301600,-0.01254,-0.10409,-0.01266,0.311
301700,-0.01263,-0.10419,-0.01279,0.310
301800,-0.01305,-0.10351,-0.01254,0.310
301900,-0.01364,-0.10292,-0.01265,0.309
302000,-0.01228,-0.10296,-0.01247,0.308
302100,-0.01219,-0.10253,-0.01261,0.307
302200,-0.01228,-0.10119,-0.01267,0.307
302300,-0.01152,-0.10094,-0.01221,0.307
302400,-0.01163,-0.10083,-0.01179,0.308
302500,-0.01137,-0.10104,-0.01156,0.308
302600,-0.01082,-0.10106,-0.01138,0.308
302700,-0.00958,-0.10116,-0.01166,0.307
302800,-0.00834,-0.10073,-0.01170,0.307
302900,-0.00640,-0.10099,-0.01153,0.306
303000,-0.00506,-0.10024,-0.01124,0.306
303100,-0.00453,-0.09906,-0.01136,0.306
303200,-0.00383,-0.09906,-0.01130,0.306
303300,-0.00276,-0.09851,-0.01124,0.305
303400,-0.00334,-0.09918,-0.01117,0.305
303500,-0.00295,-0.09881,-0.01118,0.304
303600,-0.00299,-0.09890,-0.01078,0.304
303700,-0.00342,-0.09870,-0.01039,0.304
303800,-0.00245,-0.09726,-0.01038,0.304
303900,-0.00253,-0.09535,-0.01079,0.305
304000,-0.00469,-0.09602,-0.01099,0.305
304100,-0.00584,-0.09508,-0.01030,0.304
304200,-0.00541,-0.09508,-0.01032,0.304
304300,-0.00572,-0.09415,-0.00970,0.304
304400,-0.00635,-0.09418,-0.00938,0.304
304500,-0.00455,-0.09366,-0.00923,0.304
304600,-0.00465,-0.09325,-0.00960,0.305
304700,-0.00500,-0.09301,-0.00951,0.305
304800,-0.00388,-0.09312,-0.00943,0.306
304900,-0.00190,-0.09301,-0.00985,0.306
305000,-0.00107,-0.09178,-0.00966,0.307
305100,-0.00164,-0.09047,-0.00991,0.306
305200,-0.00061,-0.08938,-0.00983,0.307
305300,-0.00037,-0.08893,-0.00985,0.307
305400,0.00011,-0.08901,-0.01009,0.308
305500,0.00069,-0.08949,-0.01018,0.308
305600,0.00093,-0.08965,-0.01012,0.308
305700,0.00000,-0.08863,-0.01033,0.308
305800,0.00085,-0.08886,-0.01049,0.308
305900,0.00114,-0.08848,-0.01043,0.309
306000,0.00128,-0.08821,-0.01076,0.309
306100,0.00142,-0.08855,-0.01070,0.310
306200,0.00150,-0.08830,-0.01084,0.310
306300,0.00207,-0.08870,-0.01064,0.310
306400,0.00275,-0.08848,-0.01084,0.310
306500,0.00192,-0.08761,-0.01038,0.310
306600,0.00159,-0.08716,-0.01037,0.310
306700,0.00104,-0.08698,-0.01039,0.310
306800,0.00147,-0.08596,-0.01074,0.310
306900,0.00134,-0.08596,-0.01057,0.310
307000,0.00188,-0.08644,-0.01047,0.310
307100,0.00187,-0.08635,-0.01106,0.312
307200,0.00074,-0.08616,-0.01091,0.311
307300,0.00108,-0.08516,-0.01084,0.311
307400,0.00271,-0.08537,-0.01077,0.311
307500,0.00332,-0.08496,-0.01063,0.311
307600,0.00396,-0.08455,-0.01025,0.311
307700,0.00494,-0.08505,-0.01024,0.310
307800,0.00462,-0.08487,-0.01008,0.312
307900,0.00634,-0.08532,-0.01008,0.311
308000,0.00618,-0.08473,-0.01009,0.312
308100,0.00555,-0.08386,-0.01042,0.311
308200,0.00466,-0.08271,-0.01047,0.312
308300,0.00617,-0.08363,-0.01015,0.312
308400,0.00442,-0.08345,-0.01033,0.312
308500,0.00523,-0.08286,-0.01021,0.312
308600,0.00409,-0.08300,-0.01032,0.312
308700,0.00281,-0.08196,-0.00981,0.313
308800,0.00189,-0.08110,-0.01002,0.312
308900,0.00227,-0.08001,-0.01035,0.312
309000,0.00209,-0.07943,-0.01015,0.312
309100,0.00046,-0.07906,-0.01057,0.312
309200,-0.00018,-0.07834,-0.01031,0.312
309300,-0.00161,-0.07738,-0.01002,0.314
309400,-0.00104,-0.07721,-0.01041,0.313
309500,0.00038,-0.07688,-0.01060,0.312
309600,-0.00022,-0.07604,-0.01033,0.312
309700,-0.00106,-0.07547,-0.01063,0.311
309800,0.00021,-0.07397,-0.01052,0.310
309900,0.00010,-0.07296,-0.01062,0.310
310000,0.00082,-0.07283,-0.01045,0.309
310100,0.00177,-0.07324,-0.01036,0.308
310200,0.00094,-0.07304,-0.01049,0.307
310300,0.00008,-0.07310,-0.01040,0.307
310400,-0.00028,-0.07369,-0.01010,0.307
310500,-0.00059,-0.07431,-0.00983,0.307
310600,-0.00087,-0.07400,-0.00959,0.307
310700,-0.00097,-0.07503,-0.00925,0.307
310800,-0.00013,-0.07487,-0.00895,0.308
310900,-0.00091,-0.07429,-0.00850,0.308
311000,-0.00167,-0.07474,-0.00836,0.308
311100,-0.00227,-0.07504,-0.00830,0.309
311200,-0.00251,-0.07621,-0.00820,0.308
311300,-0.00062,-0.07772,-0.00852,0.310
311400,0.00081,-0.07865,-0.00844,0.311
311500,0.00186,-0.08038,-0.00817,0.312
311600,0.00291,-0.08142,-0.00779,0.313
311700,0.00356,-0.08101,-0.00850,0.312
311800,0.00500,-0.08111,-0.00899,0.312
311900,0.00548,-0.08177,-0.00940,0.313
312000,0.00567,-0.08172,-0.00942,0.312
312100,0.00646,-0.08203,-0.01018,0.313
312200,0.00771,-0.08289,-0.01064,0.312
312300,0.00855,-0.08393,-0.01132,0.312
312400,0.00995,-0.08460,-0.01172,0.313
312500,0.01164,-0.08617,-0.01232,0.313
312600,0.01242,-0.08552,-0.01269,0.313
312700,0.01285,-0.08566,-0.01262,0.314
312800,0.01304,-0.08552,-0.01292,0.314
312900,0.01281,-0.08525,-0.01299,0.315
313000,0.01311,-0.08484,-0.01276,0.315
313100,0.01376,-0.08582,-0.01243,0.315
313200,0.01449,-0.08638,-0.01272,0.315
313300,0.01408,-0.08687,-0.01287,0.316
313400,0.01481,-0.08682,-0.01330,0.316
313500,0.01538,-0.08781,-0.01351,0.317
313600,0.01690,-0.08788,-0.01380,0.317
313700,0.01896,-0.08812,-0.01436,0.318
313800,0.01987,-0.08974,-0.01415,0.318
313900,0.02022,-0.09251,-0.01428,0.318
314000,0.02159,-0.09222,-0.01376,0.318
314100,0.02281,-0.09269,-0.01378,0.319
314200,0.02277,-0.09277,-0.01378,0.319
314300,0.02254,-0.09264,-0.01414,0.320
314400,0.02362,-0.09211,-0.01480,0.320
314500,0.02376,-0.09228,-0.01525,0.320
314600,0.02363,-0.09020,-0.01517,0.321
314700,0.02537,-0.09138,-0.01552,0.321
314800,0.02559,-0.09242,-0.01564,0.321
314900,0.02533,-0.09289,-0.01543,0.321
315000,0.02658,-0.09308,-0.01518,0.322
315100,0.02791,-0.09347,-0.01507,0.322
315200,0.02965,-0.09392,-0.01535,0.322
315300,0.02998,-0.09408,-0.01568,0.323
315400,0.03132,-0.09388,-0.01643,0.323
315500,0.03208,-0.09362,-0.01649,0.322
315600,0.03324,-0.09376,-0.01656,0.322
315700,0.03373,-0.09370,-0.01656,0.321
315800,0.03427,-0.09336,-0.01681,0.321
315900,0.03550,-0.09281,-0.01736,0.321
316000,0.03617,-0.09306,-0.01693,0.320
316100,0.03776,-0.09276,-0.01732,0.320
316200,0.03956,-0.09297,-0.01729,0.321
316300,0.04008,-0.09224,-0.01765,0.320
316400,0.04046,-0.09063,-0.01778,0.319
316500,0.04257,-0.09169,-0.01805,0.320
316600,0.04455,-0.09294,-0.01826,0.320
316700,0.04624,-0.09361,-0.01900,0.320
316800,0.04662,-0.09515,-0.01912,0.321
316900,0.04756,-0.09534,-0.01919,0.321
317000,0.04717,-0.09420,-0.01954,0.320
317100,0.04680,-0.09264,-0.01974,0.319
317200,0.04854,-0.09280,-0.02008,0.318
317300,0.04767,-0.09355,-0.02018,0.319
317400,0.04961,-0.09321,-0.02049,0.319
317500,0.05216,-0.09430,-0.02076,0.319
317600,0.05273,-0.09433,-0.02139,0.319
317700,0.05178,-0.09310,-0.02146,0.320
317800,0.05292,-0.09354,-0.02154,0.320
317900,0.05237,-0.09452,-0.02165,0.320
318000,0.05255,-0.09347,-0.02174,0.321
318100,0.05330,-0.09250,-0.02190,0.320
318200,0.05510,-0.09230,-0.02172,0.321
318300,0.05559,-0.09154,-0.02223,0.320
318400,0.05708,-0.09157,-0.02234,0.319
318500,0.05813,-0.09234,-0.02313,0.319
318600,0.05930,-0.09256,-0.02333,0.320
318700,0.05957,-0.09322,-0.02361,0.321
318800,0.06254,-0.09422,-0.02384,0.322
318900,0.06384,-0.09406,-0.02408,0.323
319000,0.06417,-0.09399,-0.02494,0.325
319100,0.06661,-0.09384,-0.02473,0.325
319200,0.06760,-0.09402,-0.02506,0.326
319300,0.07002,-0.09509,-0.02568,0.325
319400,0.07121,-0.09531,-0.02575,0.327
319500,0.07033,-0.09472,-0.02553,0.328
319600,0.07077,-0.09452,-0.02587,0.329
319700,0.07259,-0.09410,-0.02579,0.328
319800,0.07158,-0.09427,-0.02580,0.329
319900,0.07170,-0.09326,-0.02590,0.329
320000,0.07172,-0.09304,-0.02619,0.330
320100,0.07190,-0.09262,-0.02633,0.330
320200,0.07181,-0.09292,-0.02626,0.331
320300,0.07209,-0.09308,-0.02647,0.332
320400,0.07232,-0.09268,-0.02675,0.331
320500,0.07327,-0.09228,-0.02685,0.332
320600,0.07367,-0.09257,-0.02707,0.331
320700,0.07442,-0.09227,-0.02763,0.331
320800,0.07439,-0.09238,-0.02803,0.330
320900,0.07401,-0.09206,-0.02839,0.330
321000,0.07445,-0.09187,-0.02847,0.331
321100,0.07486,-0.09125,-0.02882,0.330
321200,0.07467,-0.09093,-0.02892,0.330
321300,0.07464,-0.09069,-0.02925,0.329
321400,0.07282,-0.09015,-0.02924,0.329
321500,0.07264,-0.08900,-0.02959,0.328
321600,0.07279,-0.08911,-0.02967,0.326
321700,0.07226,-0.08845,-0.02949,0.326
321800,0.07169,-0.08917,-0.02963,0.326
321900,0.07054,-0.08877,-0.02956,0.325
322000,0.06995,-0.08905,-0.02966,0.325
322100,0.06807,-0.08913,-0.02925,0.326
322200,0.06732,-0.08946,-0.02896,0.326
322300,0.06538,-0.08901,-0.02867,0.326
322400,0.06357,-0.08896,-0.02883,0.326
322500,0.06223,-0.08730,-0.02848,0.326
322600,0.06239,-0.08757,-0.02848,0.326
322700,0.06313,-0.08737,-0.02847,0.325
322800,0.06328,-0.08782,-0.02858,0.326
322900,0.06357,-0.08742,-0.02892,0.324
323000,0.06319,-0.08854,-0.02912,0.323
323100,0.06243,-0.08917,-0.02986,0.323
323200,0.06134,-0.08830,-0.02948,0.323
323300,0.06136,-0.08752,-0.02923,0.323
323400,0.06200,-0.08725,-0.02874,0.323
323500,0.06237,-0.08677,-0.02809,0.323
323600,0.06171,-0.08533,-0.02746,0.323
323700,0.06144,-0.08419,-0.02671,0.323
323800,0.06005,-0.08357,-0.02657,0.324
323900,0.06000,-0.08209,-0.02632,0.324
324000,0.05995,-0.08266,-0.02652,0.324
324100,0.05876,-0.08285,-0.02658,0.324
324200,0.05991,-0.08305,-0.02638,0.324
324300,0.06134,-0.08410,-0.02603,0.323
324400,0.06135,-0.08519,-0.02521,0.322
324500,0.05910,-0.08445,-0.02477,0.321
324600,0.06033,-0.08688,-0.02492,0.320
324700,0.05947,-0.08636,-0.02481,0.319
324800,0.05785,-0.08600,-0.02473,0.319
324900,0.05688,-0.08547,-0.02483,0.317
325000,0.05692,-0.08595,-0.02466,0.317
325100,0.05649,-0.08639,-0.02424,0.317
325200,0.05357,-0.08634,-0.02426,0.317
325300,0.05258,-0.08632,-0.02355,0.317
325400,0.05045,-0.08639,-0.02318,0.316
325500,0.04828,-0.08609,-0.02332,0.315
325600,0.04775,-0.08541,-0.02320,0.315
325700,0.04822,-0.08475,-0.02322,0.316
325800,0.04760,-0.08477,-0.02318,0.315
325900,0.04708,-0.08489,-0.02276,0.314
326000,0.04673,-0.08448,-0.02266,0.314
326100,0.04623,-0.08415,-0.02192,0.314
326200,0.04514,-0.08390,-0.02188,0.313
326300,0.04486,-0.08420,-0.02173,0.314
326400,0.04433,-0.08608,-0.02121,0.314
326500,0.04362,-0.08594,-0.02126,0.314
326600,0.04153,-0.08471,-0.02104,0.314
326700,0.04028,-0.08457,-0.02021,0.314
326800,0.03977,-0.08380,-0.01973,0.313
326900,0.03958,-0.08398,-0.01965,0.313
327000,0.04023,-0.08515,-0.01976,0.313
327100,0.04086,-0.08647,-0.01942,0.313
327200,0.03877,-0.08597,-0.01911,0.313
327300,0.03871,-0.08623,-0.01884,0.313
327400,0.03573,-0.08662,-0.01858,0.312
327500,0.03397,-0.08612,-0.01823,0.312
327600,0.03364,-0.08545,-0.01775,0.311
327700,0.03402,-0.08640,-0.01765,0.310
327800,0.03391,-0.08645,-0.01765,0.308
327900,0.03442,-0.08532,-0.01747,0.308
328000,0.03441,-0.08653,-0.01730,0.308
328100,0.03359,-0.08781,-0.01724,0.309
328200,0.03240,-0.08859,-0.01787,0.308
328300,0.03195,-0.08914,-0.01797,0.309
328400,0.03016,-0.08965,-0.01781,0.309
328500,0.02839,-0.08983,-0.01743,0.308
328600,0.02764,-0.08952,-0.01749,0.306
328700,0.02648,-0.09040,-0.01750,0.305
328800,0.02360,-0.08995,-0.01729,0.302
328900,0.02267,-0.09087,-0.01724,0.300
329000,0.02162,-0.09147,-0.01676,0.299
329100,0.02066,-0.09172,-0.01684,0.298
329200,0.01926,-0.09218,-0.01659,0.296
329300,0.01722,-0.09193,-0.01630,0.295
329400,0.01605,-0.09141,-0.01580,0.294
329500,0.01581,-0.09252,-0.01549,0.293
329600,0.01573,-0.09366,-0.01505,0.293
329700,0.01593,-0.09562,-0.01512,0.295
329800,0.01513,-0.09691,-0.01533,0.294
329900,0.01551,-0.09953,-0.01527,0.294
330000,0.01555,-0.10020,-0.01502,0.294
330100,0.01457,-0.10060,-0.01461,0.294
330200,0.01402,-0.10108,-0.01435,0.294
330300,0.01455,-0.10064,-0.01418,0.293
330400,0.01416,-0.10020,-0.01384,0.293
330500,0.01280,-0.10038,-0.01375,0.293
330600,0.01278,-0.10082,-0.01398,0.293
330700,0.01195,-0.10092,-0.01336,0.292
330800,0.01127,-0.10193,-0.01300,0.293
330900,0.01141,-0.10242,-0.01283,0.293
331000,0.01096,-0.10382,-0.01258,0.292
331100,0.01004,-0.10460,-0.01227,0.292
331200,0.01046,-0.10447,-0.01158,0.292
331300,0.00953,-0.10495,-0.01112,0.292
331400,0.00993,-0.10396,-0.01090,0.292
331500,0.00957,-0.10468,-0.01068,0.291
331600,0.00925,-0.10462,-0.01109,0.293
331700,0.00928,-0.10586,-0.01059,0.293
331800,0.00909,-0.10515,-0.01002,0.294
331900,0.01034,-0.10529,-0.00989,0.294
332000,0.01077,-0.10551,-0.01008,0.295
332100,0.01336,-0.10629,-0.01036,0.294
332200,0.01471,-0.10646,-0.01022,0.294
332300,0.01606,-0.10724,-0.00977,0.294
332400,0.01658,-0.10714,-0.01013,0.294
332500,0.01503,-0.10822,-0.01066,0.294
332600,0.01333,-0.10869,-0.01039,0.295
332700,0.01205,-0.10853,-0.01055,0.295
332800,0.01128,-0.10866,-0.00996,0.295
332900,0.01051,-0.10870,-0.01002,0.296
333000,0.00979,-0.10877,-0.01037,0.297
333100,0.00892,-0.10922,-0.01004,0.297
333200,0.00840,-0.10997,-0.00974,0.297
333300,0.00820,-0.11211,-0.00962,0.296
333400,0.00741,-0.11318,-0.00950,0.296
333500,0.00731,-0.11312,-0.00949,0.295
333600,0.00702,-0.11420,-0.01014,0.296
333700,0.00539,-0.11456,-0.01055,0.295
333800,0.00595,-0.11558,-0.01047,0.294
333900,0.00453,-0.11618,-0.01071,0.293
334000,0.00421,-0.11593,-0.01080,0.292
334100,0.00311,-0.11584,-0.01099,0.291
334200,0.00262,-0.11576,-0.01097,0.291
334300,0.00219,-0.11637,-0.01075,0.291
334400,-0.00012,-0.11671,-0.01117,0.293
334500,0.00096,-0.11796,-0.01137,0.293
334600,-0.00116,-0.11766,-0.01103,0.293
334700,-0.00203,-0.11760,-0.01103,0.293
334800,-0.00020,-0.11811,-0.01169,0.293
334900,0.00037,-0.11807,-0.01162,0.295
335000,-0.00156,-0.11912,-0.01202,0.294
335100,-0.00297,-0.11942,-0.01215,0.294
335200,-0.00232,-0.12039,-0.01231,0.294
335300,-0.00144,-0.12073,-0.01265,0.294
335400,-0.00118,-0.12140,-0.01228,0.295
335500,0.00040,-0.12069,-0.01159,0.296
335600,0.00034,-0.12208,-0.01101,0.298
335700,-0.00041,-0.12320,-0.01073,0.298
335800,-0.00107,-0.12403,-0.01062,0.299
335900,-0.00268,-0.12356,-0.01067,0.299
336000,-0.00212,-0.12338,-0.01070,0.301
336100,-0.00232,-0.12364,-0.01108,0.301
336200,-0.00149,-0.12386,-0.01097,0.302
336300,-0.00172,-0.12406,-0.01052,0.302
336400,-0.00106,-0.12326,-0.01107,0.303
336500,-0.00124,-0.12279,-0.01122,0.302
336600,-0.00074,-0.12349,-0.01122,0.302
336700,0.00058,-0.12393,-0.01123,0.301
336800,0.00015,-0.12406,-0.01141,0.302
336900,0.00044,-0.12443,-0.01123,0.303
337000,0.00138,-0.12525,-0.01090,0.303
337100,0.00166,-0.12481,-0.01092,0.303
337200,0.00381,-0.12515,-0.01109,0.304
337300,0.00406,-0.12557,-0.01061,0.303
337400,0.00629,-0.12659,-0.01030,0.304
337500,0.00653,-0.12724,-0.01018,0.303
337600,0.00680,-0.12858,-0.00970,0.303
337700,0.00709,-0.12864,-0.00940,0.305
337800,0.00639,-0.12982,-0.00886,0.306
337900,0.00589,-0.13127,-0.00875,0.306
338000,0.00556,-0.13167,-0.00854,0.305
338100,0.00605,-0.13196,-0.00813,0.305
338200,0.00578,-0.13147,-0.00773,0.304
338300,0.00639,-0.13189,-0.00728,0.304
338400,0.00865,-0.13306,-0.00713,0.304
338500,0.00871,-0.13370,-0.00687,0.304
338600,0.00876,-0.13423,-0.00632,0.304
338700,0.00941,-0.13430,-0.00609,0.305
338800,0.00895,-0.13448,-0.00564,0.305
338900,0.00998,-0.13484,-0.00503,0.306
339000,0.01147,-0.13471,-0.00460,0.307
339100,0.01178,-0.13453,-0.00406,0.308
339200,0.01287,-0.13377,-0.00457,0.309
339300,0.01463,-0.13418,-0.00415,0.308
339400,0.01530,-0.13425,-0.00403,0.308
339500,0.01638,-0.13381,-0.00413,0.309
339600,0.01698,-0.13353,-0.00404,0.309
339700,0.01695,-0.13271,-0.00353,0.308
339800,0.01877,-0.13307,-0.00311,0.309
339900,0.01843,-0.13198,-0.00280,0.310
340000,0.01853,-0.13248,-0.00260,0.310
340100,0.01982,-0.13330,-0.00229,0.310
340200,0.02066,-0.13184,-0.00203,0.311
340300,0.02013,-0.13204,-0.00155,0.311
340400,0.02063,-0.13196,-0.00149,0.311
340500,0.02048,-0.13236,-0.00147,0.312
340600,0.02125,-0.13160,-0.00093,0.312
340700,0.02214,-0.13076,-0.00094,0.313
340800,0.02273,-0.13043,-0.00090,0.313
340900,0.02340,-0.13066,-0.00062,0.313
341000,0.02366,-0.12992,-0.00037,0.314
341100,0.02412,-0.12990,-0.00064,0.315
341200,0.02400,-0.12967,-0.00101,0.316
341300,0.02505,-0.12947,-0.00088,0.316
341400,0.02590,-0.13122,-0.00055,0.316
341500,0.02453,-0.13017,-0.00080,0.317
341600,0.02449,-0.13033,-0.00070,0.316
341700,0.02376,-0.12953,-0.00069,0.316
341800,0.02320,-0.12942,-0.00047,0.316
341900,0.02396,-0.12931,-0.00015,0.316
342000,0.02348,-0.12868,0.00010,0.316
342100,0.02227,-0.12738,0.00061,0.316
342200,0.02164,-0.12635,0.00058,0.315
342300,0.02222,-0.12531,0.00080,0.315
342400,0.02285,-0.12567,0.00136,0.316
342500,0.02446,-0.12513,0.00200,0.315
342600,0.02554,-0.12509,0.00211,0.315
342700,0.02517,-0.12509,0.00258,0.313
342800,0.02446,-0.12479,0.00250,0.313
342900,0.02397,-0.12514,0.00269,0.312
343000,0.02396,-0.12442,0.00286,0.312
343100,0.02498,-0.12453,0.00329,0.312
343200,0.02506,-0.12480,0.00317,0.312
343300,0.02439,-0.12408,0.00341,0.311
343400,0.02366,-0.12381,0.00327,0.310
343500,0.02278,-0.12361,0.00297,0.311
343600,0.02335,-0.12456,0.00306,0.310
343700,0.02376,-0.12525,0.00336,0.311
343800,0.02324,-0.12547,0.00354,0.311
343900,0.02323,-0.12539,0.00419,0.311
344000,0.02353,-0.12638,0.00472,0.311
344100,0.02469,-0.12724,0.00478,0.312
344200,0.02394,-0.12747,0.00473,0.313
344300,0.02413,-0.12696,0.00453,0.312
344400,0.02581,-0.12654,0.00481,0.311
344500,0.02589,-0.12609,0.00505,0.311
344600,0.02670,-0.12560,0.00540,0.311
344700,0.02659,-0.12577,0.00544,0.311
344800,0.02518,-0.12500,0.00608,0.310
344900,0.02448,-0.12461,0.00609,0.310
345000,0.02413,-0.12369,0.00616,0.310
345100,0.02467,-0.12285,0.00583,0.310
345200,0.02460,-0.12297,0.00626,0.310
345300,0.02283,-0.12193,0.00632,0.310
345400,0.02260,-0.12138,0.00618,0.310
345500,0.02117,-0.12103,0.00613,0.308
345600,0.02001,-0.11990,0.00575,0.309
345700,0.01970,-0.11907,0.00536,0.309
345800,0.01997,-0.11726,0.00557,0.308
345900,0.02127,-0.11700,0.00586,0.307
346000,0.01909,-0.11550,0.00591,0.307
346100,0.01817,-0.11534,0.00591,0.307
346200,0.01686,-0.11443,0.00567,0.307
346300,0.01628,-0.11340,0.00514,0.307
346400,0.01577,-0.11313,0.00569,0.306
346500,0.01488,-0.11290,0.00612,0.307
346600,0.01477,-0.11189,0.00620,0.306
346700,0.01413,-0.11135,0.00613,0.306
346800,0.01355,-0.11086,0.00636,0.305
346900,0.01368,-0.11035,0.00649,0.304
347000,0.01339,-0.10989,0.00667,0.305
347100,0.01281,-0.11011,0.00712,0.304
347200,0.01204,-0.11066,0.00785,0.304
347300,0.01220,-0.11085,0.00748,0.305
347400,0.01052,-0.10989,0.00761,0.304
347500,0.00981,-0.10928,0.00756,0.305
347600,0.00916,-0.10813,0.00749,0.305
347700,0.00909,-0.10808,0.00783,0.304
347800,0.00931,-0.10657,0.00743,0.303
347900,0.00889,-0.10582,0.00755,0.304
348000,0.00923,-0.10712,0.00766,0.304
348100,0.00958,-0.10743,0.00766,0.305
348200,0.00991,-0.10791,0.00813,0.305
348300,0.00861,-0.10793,0.00789,0.304
348400,0.00781,-0.10805,0.00798,0.305
348500,0.00746,-0.10743,0.00782,0.306
348600,0.00751,-0.10798,0.00730,0.307
348700,0.00804,-0.10773,0.00700,0.309
348800,0.00854,-0.10788,0.00669,0.309
348900,0.00725,-0.10808,0.00624,0.309
349000,0.00620,-0.10865,0.00563,0.310
349100,0.00510,-0.10924,0.00527,0.310
349200,0.00428,-0.10948,0.00580,0.311
349300,0.00314,-0.10780,0.00553,0.311
349400,0.00237,-0.10707,0.00532,0.311
349500,0.00237,-0.10627,0.00523,0.311
349600,0.00201,-0.10522,0.00509,0.311
349700,0.00121,-0.10458,0.00452,0.311
349800,0.00056,-0.10366,0.00364,0.310
349900,0.00098,-0.10380,0.00361,0.311
350000,0.00188,-0.10227,0.00364,0.313
350100,0.00160,-0.10138,0.00291,0.314
350200,0.00085,-0.10183,0.00240,0.314
350300,0.00034,-0.10103,0.00206,0.314
350400,0.00049,-0.10144,0.00156,0.316
350500,0.00017,-0.10077,0.00084,0.317
350600,0.00079,-0.10117,0.00047,0.318
350700,0.00039,-0.10232,0.00033,0.319
350800,-0.00064,-0.10218,0.00049,0.319
350900,-0.00107,-0.10251,0.00020,0.322
351000,-0.00157,-0.10273,-0.00020,0.322
351100,-0.00194,-0.10268,-0.00003,0.320
351200,-0.00211,-0.10378,-0.00056,0.320
351300,-0.00355,-0.10415,-0.00063,0.320
351400,-0.00377,-0.10382,-0.00090,0.321
351500,-0.00327,-0.10464,-0.00083,0.321
351600,-0.00349,-0.10436,-0.00054,0.321
351700,-0.00354,-0.10334,-0.00086,0.321
351800,-0.00242,-0.10304,-0.00140,0.321
351900,-0.00273,-0.10268,-0.00179,0.322
352000,-0.00256,-0.10319,-0.00194,0.322
352100,-0.00336,-0.10370,-0.00197,0.322
352200,-0.00442,-0.10478,-0.00219,0.321
352300,-0.00607,-0.10507,-0.00245,0.322
352400,-0.00724,-0.10526,-0.00231,0.321
352500,-0.00875,-0.10577,-0.00260,0.321
352600,-0.00955,-0.10507,-0.00255,0.321
352700,-0.00986,-0.10543,-0.00262,0.322
352800,-0.00970,-0.10597,-0.00293,0.323
352900,-0.00920,-0.10554,-0.00293,0.323
353000,-0.00927,-0.10670,-0.00285,0.323
353100,-0.00949,-0.10633,-0.00306,0.323
353200,-0.00932,-0.10651,-0.00351,0.324
353300,-0.01054,-0.10688,-0.00390,0.324
353400,-0.01090,-0.10726,-0.00439,0.325
353500,-0.01126,-0.10733,-0.00466,0.325
353600,-0.01224,-0.10678,-0.00445,0.325
353700,-0.01330,-0.10606,-0.00455,0.326
353800,-0.01332,-0.10532,-0.00477,0.326
353900,-0.01260,-0.10535,-0.00521,0.326
354000,-0.01362,-0.10501,-0.00592,0.326
354100,-0.01458,-0.10436,-0.00612,0.325
354200,-0.01425,-0.10409,-0.00600,0.325
354300,-0.01447,-0.10422,-0.00589,0.325
354400,-0.01364,-0.10484,-0.00605,0.326
354500,-0.01310,-0.10551,-0.00603,0.326
354600,-0.01088,-0.10679,-0.00613,0.327
354700,-0.00983,-0.10657,-0.00605,0.328
354800,-0.00678,-0.10730,-0.00610,0.329
354900,-0.00616,-0.10739,-0.00586,0.329
355000,-0.00425,-0.10812,-0.00542,0.329
355100,-0.00258,-0.11013,-0.00498,0.330
355200,-0.00289,-0.11017,-0.00523,0.330
355300,0.00040,-0.11046,-0.00477,0.331
355400,0.00116,-0.11059,-0.00458,0.332
355500,0.00264,-0.11150,-0.00480,0.332
355600,0.00385,-0.11198,-0.00505,0.331
355700,0.00406,-0.11288,-0.00484,0.331
355800,0.00550,-0.11468,-0.00484,0.332
355900,0.00565,-0.11551,-0.00490,0.333
356000,0.00648,-0.11740,-0.00495,0.333
356100,0.00671,-0.11746,-0.00498,0.333
356200,0.00677,-0.11720,-0.00488,0.333
356300,0.00717,-0.11796,-0.00475,0.332
356400,0.00750,-0.11887,-0.00496,0.332
356500,0.00793,-0.11917,-0.00500,0.331
356600,0.00718,-0.11992,-0.00478,0.331
356700,0.00627,-0.12036,-0.00488,0.331
356800,0.00648,-0.12048,-0.00506,0.332
356900,0.00606,-0.12094,-0.00517,0.332
357000,0.00516,-0.12067,-0.00560,0.332
357100,0.00430,-0.12091,-0.00574,0.331
357200,0.00391,-0.11988,-0.00577,0.330
357300,0.00437,-0.11884,-0.00611,0.329
357400,0.00440,-0.11902,-0.00620,0.330
357500,0.00451,-0.11972,-0.00614,0.330
357600,0.00357,-0.12104,-0.00635,0.330
357700,0.00359,-0.12145,-0.00663,0.330
357800,0.00329,-0.12164,-0.00645,0.330
357900,0.00289,-0.12185,-0.00683,0.330
358000,0.00285,-0.12039,-0.00721,0.330
358100,0.00301,-0.12014,-0.00754,0.330
358200,0.00258,-0.12001,-0.00797,0.330
358300,0.00243,-0.12035,-0.00799,0.330
358400,0.00219,-0.11997,-0.00811,0.330
358500,0.00246,-0.12000,-0.00809,0.329
358600,0.00269,-0.11918,-0.00760,0.328
358700,0.00265,-0.11868,-0.00736,0.327
358800,0.00312,-0.11803,-0.00739,0.327
358900,0.00370,-0.11626,-0.00751,0.326
359000,0.00289,-0.11573,-0.00744,0.325
359100,0.00291,-0.11538,-0.00733,0.325
359200,0.00315,-0.11517,-0.00767,0.325
359300,0.00305,-0.11521,-0.00792,0.325
359400,0.00350,-0.11659,-0.00761,0.325
359500,0.00260,-0.11742,-0.00740,0.325
359600,0.00167,-0.11832,-0.00741,0.325
359700,0.00104,-0.11843,-0.00709,0.326
359800,0.00089,-0.11897,-0.00681,0.325
359900,0.00084,-0.11906,-0.00676,0.323
360000,-0.00083,-0.11935,-0.00721,0.322
360100,-0.00252,-0.11945,-0.00656,0.321
360200,-0.00273,-0.11879,-0.00598,0.320
360300,-0.00216,-0.12015,-0.00612,0.319
360400,-0.00231,-0.12077,-0.00616,0.318
360500,-0.00233,-0.12127,-0.00526,0.317
360600,-0.00353,-0.12203,-0.00503,0.315
360700,-0.00408,-0.12134,-0.00493,0.314
360800,-0.00350,-0.12163,-0.00551,0.312
360900,-0.00485,-0.12110,-0.00529,0.311
361000,-0.00444,-0.12143,-0.00469,0.311
361100,-0.00429,-0.12158,-0.00463,0.310
361200,-0.00472,-0.12051,-0.00433,0.310
361300,-0.00445,-0.12043,-0.00449,0.310
361400,-0.00426,-0.11983,-0.00456,0.308
361500,-0.00460,-0.11904,-0.00474,0.307
361600,-0.00474,-0.11906,-0.00488,0.308
361700,-0.00377,-0.12075,-0.00464,0.307
361800,-0.00424,-0.12102,-0.00426,0.306
361900,-0.00524,-0.12192,-0.00400,0.305
362000,-0.00510,-0.12158,-0.00351,0.305
362100,-0.00420,-0.12097,-0.00358,0.305
362200,-0.00406,-0.12067,-0.00357,0.306
362300,-0.00302,-0.12132,-0.00350,0.306
362400,-0.00157,-0.12094,-0.00394,0.307
362500,-0.00046,-0.12031,-0.00408,0.308
362600,-0.00141,-0.11956,-0.00398,0.308
362700,-0.00118,-0.11937,-0.00426,0.308
362800,0.00052,-0.11898,-0.00440,0.309
362900,0.00123,-0.11938,-0.00475,0.310
363000,0.00173,-0.11874,-0.00491,0.309
363100,0.00201,-0.11894,-0.00507,0.310
363200,0.00151,-0.11849,-0.00480,0.310
363300,0.00240,-0.11763,-0.00444,0.310
363400,0.00250,-0.11679,-0.00412,0.311
363500,0.00229,-0.11736,-0.00356,0.310
363600,0.00245,-0.11738,-0.00309,0.310
363700,0.00393,-0.11818,-0.00310,0.310
363800,0.00350,-0.11844,-0.00309,0.310
363900,0.00197,-0.11801,-0.00303,0.310
364000,0.00391,-0.11745,-0.00313,0.310
364100,0.00489,-0.11716,-0.00315,0.310
364200,0.00498,-0.11686,-0.00340,0.311
364300,0.00457,-0.11577,-0.00358,0.311
364400,0.00366,-0.11438,-0.00331,0.310
364500,0.00257,-0.11337,-0.00361,0.310
364600,-0.00017,-0.11310,-0.00401,0.310
364700,-0.00213,-0.11316,-0.00438,0.310
364800,-0.00580,-0.11260,-0.00454,0.309
364900,-0.00598,-0.11302,-0.00462,0.309
365000,-0.00768,-0.11263,-0.00489,0.307
365100,-0.00907,-0.11081,-0.00484,0.307
365200,-0.00922,-0.11138,-0.00465,0.307
365300,-0.01144,-0.11192,-0.00485,0.306
365400,-0.01218,-0.11096,-0.00407,0.306
365500,-0.01302,-0.11097,-0.00380,0.305
365600,-0.01335,-0.11027,-0.00353,0.305
365700,-0.01395,-0.10876,-0.00352,0.305
365800,-0.01509,-0.10711,-0.00351,0.305
365900,-0.01515,-0.10671,-0.00340,0.304
366000,-0.01483,-0.10633,-0.00352,0.305
366100,-0.01576,-0.10635,-0.00352,0.306
366200,-0.01637,-0.10691,-0.00364,0.305
366300,-0.01655,-0.10705,-0.00355,0.305
366400,-0.01677,-0.10699,-0.00380,0.305
366500,-0.01688,-0.10691,-0.00382,0.306
366600,-0.01674,-0.10566,-0.00378,0.306
366700,-0.01586,-0.10563,-0.00378,0.307
366800,-0.01580,-0.10529,-0.00364,0.306
366900,-0.01610,-0.10490,-0.00379,0.307
367000,-0.01715,-0.10444,-0.00350,0.307
367100,-0.01676,-0.10402,-0.00381,0.307
367200,-0.01795,-0.10335,-0.00525,0.309
367300,-0.01767,-0.10388,-0.00517,0.310
367400,-0.01650,-0.10293,-0.00536,0.310
367500,-0.01708,-0.10205,-0.00584,0.310
367600,-0.01651,-0.10069,-0.00614,0.310
367700,-0.01741,-0.10087,-0.00649,0.310
367800,-0.01747,-0.10134,-0.00669,0.310
367900,-0.01734,-0.10163,-0.00692,0.310
368000,-0.01732,-0.10141,-0.00663,0.310
368100,-0.01916,-0.09994,-0.00605,0.310
368200,-0.01932,-0.09973,-0.00609,0.310
368300,-0.02054,-0.09856,-0.00601,0.310
368400,-0.02145,-0.09804,-0.00615,0.310
368500,-0.02129,-0.09755,-0.00640,0.310
368600,-0.02303,-0.09776,-0.00678,0.310
368700,-0.02355,-0.09801,-0.00727,0.310
368800,-0.02484,-0.09837,-0.00711,0.310
368900,-0.02441,-0.09917,-0.00691,0.310
369000,-0.02428,-0.09890,-0.00712,0.310
369100,-0.02590,-0.09817,-0.00763,0.311
369200,-0.02623,-0.09823,-0.00757,0.310
369300,-0.02710,-0.09918,-0.00761,0.310
369400,-0.02707,-0.09833,-0.00804,0.310
369500,-0.02640,-0.09715,-0.00814,0.311
369600,-0.02669,-0.09598,-0.00824,0.311
369700,-0.02600,-0.09583,-0.00840,0.310
369800,-0.02641,-0.09388,-0.00786,0.310
369900,-0.02683,-0.09432,-0.00836,0.310
370000,-0.02702,-0.09404,-0.00808,0.310
370100,-0.02592,-0.09439,-0.00900,0.309
370200,-0.02510,-0.09460,-0.00962,0.310
370300,-0.02458,-0.09472,-0.01011,0.309
370400,-0.02557,-0.09367,-0.00973,0.308
370500,-0.02509,-0.09317,-0.00991,0.309
370600,-0.02506,-0.09201,-0.00956,0.310
370700,-0.02439,-0.09203,-0.00968,0.310
370800,-0.02439,-0.09063,-0.00941,0.310
370900,-0.02401,-0.09039,-0.00968,0.309
371000,-0.02496,-0.08935,-0.01026,0.309
371100,-0.02575,-0.08882,-0.01012,0.310
371200,-0.02617,-0.08960,-0.01029,0.310
371300,-0.02620,-0.08968,-0.01008,0.310
371400,-0.02701,-0.08965,-0.01023,0.310
371500,-0.02658,-0.08998,-0.01010,0.312
371600,-0.02633,-0.08863,-0.01013,0.312
371700,-0.02717,-0.08772,-0.01017,0.313
371800,-0.02789,-0.08798,-0.01047,0.312
371900,-0.02766,-0.08780,-0.01064,0.313
372000,-0.02775,-0.08710,-0.01129,0.314
372100,-0.02690,-0.08755,-0.01162,0.314
372200,-0.02598,-0.08720,-0.01175,0.314
372300,-0.02674,-0.08573,-0.01184,0.314
372400,-0.02816,-0.08449,-0.01164,0.314
372500,-0.02920,-0.08309,-0.01185,0.314
372600,-0.02684,-0.08534,-0.01238,0.315
372700,-0.02554,-0.08483,-0.01233,0.315
372800,-0.02624,-0.08472,-0.01197,0.314
372900,-0.02659,-0.08459,-0.01146,0.313
373000,-0.02624,-0.08553,-0.01138,0.314
373100,-0.02583,-0.08494,-0.01117,0.314
373200,-0.02521,-0.08411,-0.01183,0.315
373300,-0.02407,-0.08322,-0.01221,0.316
373400,-0.02293,-0.08421,-0.01209,0.315
373500,-0.02199,-0.08455,-0.01278,0.316
373600,-0.02141,-0.08416,-0.01333,0.317
373700,-0.02173,-0.08227,-0.01337,0.316
373800,-0.02130,-0.08272,-0.01373,0.316
373900,-0.01912,-0.08404,-0.01419,0.317
374000,-0.02016,-0.08385,-0.01398,0.316
374100,-0.02001,-0.08325,-0.01392,0.316
374200,-0.02055,-0.08280,-0.01393,0.316
374300,-0.02076,-0.08158,-0.01404,0.316
374400,-0.01984,-0.08162,-0.01389,0.317
374500,-0.01901,-0.08201,-0.01346,0.317
374600,-0.01796,-0.08095,-0.01338,0.317
374700,-0.01618,-0.08023,-0.01297,0.318
374800,-0.01575,-0.07893,-0.01275,0.318
374900,-0.01505,-0.07937,-0.01299,0.318
375000,-0.01450,-0.07942,-0.01321,0.319
375100,-0.01454,-0.07970,-0.01365,0.319
375200,-0.01368,-0.07902,-0.01420,0.320
375300,-0.01374,-0.07781,-0.01476,0.320
375400,-0.01337,-0.07802,-0.01557,0.319
375500,-0.01251,-0.07751,-0.01614,0.320
375600,-0.01210,-0.07821,-0.01629,0.320
375700,-0.01115,-0.07888,-0.01650,0.320
375800,-0.01152,-0.07883,-0.01642,0.320
375900,-0.01209,-0.07870,-0.01672,0.320
376000,-0.01186,-0.07852,-0.01662,0.319
376100,-0.01093,-0.07871,-0.01668,0.319
376200,-0.00979,-0.07882,-0.01646,0.320
376300,-0.00971,-0.07878,-0.01669,0.320
376400,-0.00978,-0.07795,-0.01670,0.319
376500,-0.00896,-0.07827,-0.01739,0.319
376600,-0.00708,-0.07930,-0.01799,0.319
376700,-0.00714,-0.07793,-0.01793,0.319
376800,-0.00651,-0.07765,-0.01802,0.319
376900,-0.00629,-0.07664,-0.01809,0.319
377000,-0.00552,-0.07748,-0.01865,0.319
377100,-0.00678,-0.07740,-0.01854,0.319
377200,-0.00740,-0.07718,-0.01774,0.319
377300,-0.00829,-0.07680,-0.01766,0.318
377400,-0.00963,-0.07715,-0.01762,0.317
377500,-0.00830,-0.07721,-0.01756,0.318
377600,-0.00809,-0.07782,-0.01730,0.318
377700,-0.00738,-0.07654,-0.01772,0.319
377800,-0.00650,-0.07596,-0.01763,0.320
377900,-0.00619,-0.07478,-0.01724,0.320
378000,-0.00620,-0.07559,-0.01763,0.322
378100,-0.00539,-0.07619,-0.01800,0.322
378200,-0.00516,-0.07599,-0.01768,0.321
378300,-0.00415,-0.07619,-0.01778,0.321
378400,-0.00298,-0.07596,-0.01782,0.321
378500,-0.00286,-0.07493,-0.01749,0.320
378600,-0.00045,-0.07517,-0.01772,0.321
378700,0.00022,-0.07489,-0.01753,0.321
378800,0.00127,-0.07367,-0.01774,0.321
378900,0.00032,-0.07319,-0.01775,0.321
379000,0.00117,-0.07146,-0.01724,0.321
379100,0.00353,-0.07123,-0.01730,0.321
379200,0.00327,-0.07023,-0.01723,0.322
379300,0.00576,-0.07070,-0.01728,0.322
379400,0.00613,-0.07045,-0.01728,0.320
379500,0.00666,-0.07110,-0.01743,0.320
379600,0.00739,-0.07192,-0.01732,0.321
379700,0.00848,-0.07213,-0.01758,0.321
379800,0.00976,-0.07345,-0.01779,0.322
379900,0.01085,-0.07401,-0.01796,0.323
380000,0.01201,-0.07467,-0.01781,0.325
380100,0.01213,-0.07357,-0.01726,0.324
380200,0.01238,-0.07404,-0.01691,0.324
380300,0.01339,-0.07370,-0.01696,0.326
380400,0.01469,-0.07398,-0.01701,0.326
380500,0.01515,-0.07441,-0.01762,0.326
380600,0.01534,-0.07382,-0.01815,0.325
380700,0.01545,-0.07349,-0.01817,0.324
380800,0.01672,-0.07481,-0.01844,0.325
380900,0.01779,-0.07419,-0.01839,0.326
381000,0.01836,-0.07271,-0.01838,0.326
381100,0.01906,-0.07314,-0.01837,0.327
381200,0.01992,-0.07273,-0.01840,0.326
381300,0.02027,-0.07267,-0.01832,0.327
381400,0.02151,-0.07277,-0.01797,0.328
381500,0.02149,-0.07345,-0.01789,0.327
381600,0.02193,-0.07473,-0.01777,0.326
381700,0.02311,-0.07582,-0.01745,0.326
381800,0.02311,-0.07640,-0.01716,0.327
381900,0.02360,-0.07631,-0.01696,0.328
382000,0.02366,-0.07721,-0.01662,0.327
382100,0.02271,-0.07735,-0.01641,0.326
382200,0.02329,-0.07787,-0.01595,0.325
382300,0.02388,-0.07879,-0.01605,0.325
382400,0.02379,-0.08002,-0.01607,0.325
382500,0.02473,-0.08193,-0.01565,0.324
382600,0.02437,-0.08151,-0.01492,0.323
382700,0.02456,-0.08293,-0.01462,0.323
382800,0.02457,-0.08415,-0.01428,0.323
382900,0.02500,-0.08498,-0.01430,0.324
383000,0.02496,-0.08416,-0.01365,0.324
383100,0.02440,-0.08472,-0.01332,0.324
383200,0.02496,-0.08575,-0.01224,0.323
383300,0.02525,-0.08702,-0.01219,0.321
383400,0.02507,-0.08646,-0.01233,0.321
383500,0.02448,-0.08525,-0.01178,0.320
383600,0.02378,-0.08584,-0.01176,0.319
383700,0.02480,-0.08842,-0.01178,0.319
383800,0.02501,-0.08772,-0.01143,0.318
383900,0.02457,-0.08764,-0.01107,0.318
384000,0.02459,-0.08790,-0.01074,0.319
384100,0.02498,-0.08901,-0.01026,0.319
384200,0.02543,-0.09023,-0.00995,0.319
384300,0.02536,-0.09241,-0.00980,0.319
384400,0.02419,-0.09303,-0.01023,0.318
384500,0.02368,-0.09400,-0.01061,0.318
384600,0.02377,-0.09464,-0.01069,0.317
384700,0.02380,-0.09593,-0.01090,0.317
384800,0.02535,-0.09782,-0.01081,0.318
384900,0.02383,-0.09752,-0.01074,0.318
385000,0.02492,-0.09781,-0.01059,0.320
385100,0.02532,-0.09797,-0.01037,0.318
385200,0.02517,-0.09784,-0.00971,0.316
385300,0.02558,-0.09872,-0.00986,0.315
385400,0.02488,-0.09940,-0.00987,0.315
385500,0.02275,-0.09923,-0.00973,0.315
385600,0.02169,-0.09794,-0.00995,0.315
385700,0.02083,-0.09900,-0.00969,0.314
385800,0.02015,-0.09872,-0.00993,0.315
385900,0.02022,-0.09802,-0.00973,0.314
386000,0.02024,-0.09777,-0.00954,0.314
386100,0.02067,-0.09835,-0.00953,0.313
386200,0.02001,-0.09896,-0.00935,0.313
386300,0.02007,-0.10021,-0.00912,0.314
386400,0.02003,-0.10057,-0.00920,0.316
386500,0.01878,-0.10033,-0.00881,0.315
386600,0.01777,-0.10096,-0.00832,0.314
386700,0.01698,-0.10112,-0.00837,0.314
386800,0.01687,-0.10095,-0.00808,0.315
386900,0.01647,-0.10124,-0.00789,0.315
387000,0.01649,-0.10009,-0.00700,0.315
387100,0.01702,-0.09955,-0.00703,0.315
387200,0.01917,-0.10030,-0.00696,0.314
387300,0.01860,-0.10058,-0.00688,0.315
387400,0.01823,-0.10104,-0.00684,0.316
387500,0.01818,-0.10151,-0.00674,0.316
387600,0.01784,-0.10127,-0.00669,0.315
387700,0.01731,-0.10172,-0.00595,0.314
387800,0.01732,-0.10101,-0.00622,0.313
387900,0.01697,-0.09905,-0.00608,0.314
388000,0.01734,-0.09938,-0.00568,0.313
388100,0.01759,-0.10036,-0.00556,0.313
388200,0.01788,-0.10086,-0.00571,0.313
388300,0.01887,-0.10135,-0.00531,0.313
388400,0.01822,-0.10217,-0.00520,0.313
388500,0.01831,-0.10363,-0.00532,0.312
388600,0.01754,-0.10317,-0.00517,0.312
388700,0.01671,-0.10364,-0.00505,0.312
388800,0.01692,-0.10402,-0.00497,0.311
388900,0.01791,-0.10503,-0.00480,0.311
389000,0.01812,-0.10730,-0.00474,0.311
389100,0.01719,-0.10848,-0.00414,0.311
389200,0.01700,-0.10964,-0.00366,0.310
389300,0.01426,-0.10909,-0.00337,0.310
389400,0.01399,-0.10979,-0.00323,0.311
389500,0.01292,-0.11031,-0.00319,0.312
389600,0.01314,-0.11103,-0.00337,0.311
389700,0.01235,-0.11196,-0.00290,0.310
389800,0.01131,-0.11286,-0.00307,0.311
389900,0.01015,-0.11290,-0.00240,0.310
390000,0.00965,-0.11269,-0.00251,0.309
390100,0.00920,-0.11347,-0.00275,0.309
390200,0.00861,-0.11396,-0.00317,0.309
390300,0.00672,-0.11406,-0.00286,0.308
390400,0.00505,-0.11401,-0.00259,0.308
390500,0.00386,-0.11325,-0.00204,0.308
390600,0.00349,-0.11410,-0.00188,0.308
390700,0.00280,-0.11321,-0.00175,0.310
390800,0.00258,-0.11271,-0.00145,0.309
390900,0.00252,-0.11297,-0.00142,0.309
391000,0.00257,-0.11498,-0.00125,0.308
391100,0.00315,-0.11555,-0.00121,0.306
391200,0.00197,-0.11646,-0.00093,0.307
391300,0.00162,-0.11637,-0.00118,0.307
391400,0.00038,-0.11645,-0.00161,0.307
391500,0.00108,-0.11541,-0.00164,0.306
391600,0.00076,-0.11546,-0.00168,0.307
391700,0.00124,-0.11564,-0.00184,0.307
391800,0.00133,-0.11394,-0.00196,0.307
391900,0.00111,-0.11361,-0.00241,0.307
392000,0.00126,-0.11382,-0.00251,0.307
392100,0.00117,-0.11323,-0.00223,0.309
392200,0.00088,-0.11285,-0.00251,0.310
392300,0.00056,-0.11270,-0.00263,0.309
392400,0.00166,-0.11191,-0.00252,0.309
392500,0.00143,-0.11140,-0.00251,0.309
392600,0.00068,-0.11114,-0.00291,0.310
392700,-0.00027,-0.11011,-0.00289,0.310
392800,-0.00042,-0.10918,-0.00342,0.310
392900,0.00037,-0.10817,-0.00343,0.310
393000,0.00080,-0.10858,-0.00417,0.311
393100,0.00050,-0.10723,-0.00440,0.311
393200,0.00118,-0.10716,-0.00411,0.311
393300,0.00020,-0.10745,-0.00401,0.311
393400,0.00023,-0.10745,-0.00389,0.313
393500,0.00009,-0.10836,-0.00380,0.312
393600,0.00146,-0.10874,-0.00352,0.313
393700,-0.00038,-0.10748,-0.00331,0.313
393800,-0.00106,-0.10702,-0.00309,0.314
393900,-0.00129,-0.10689,-0.00308,0.314
394000,-0.00104,-0.10767,-0.00325,0.313
394100,-0.00156,-0.10814,-0.00341,0.314
394200,-0.00223,-0.10714,-0.00370,0.314
394300,-0.00135,-0.10670,-0.00343,0.314
394400,-0.00040,-0.10685,-0.00363,0.316
394500,0.00008,-0.10544,-0.00337,0.315
394600,-0.00155,-0.10465,-0.00310,0.315
394700,-0.00271,-0.10444,-0.00307,0.314
394800,-0.00388,-0.10426,-0.00307,0.314
394900,-0.00318,-0.10325,-0.00302,0.313
395000,-0.00433,-0.10247,-0.00277,0.312
395100,-0.00532,-0.10281,-0.00301,0.313
395200,-0.00602,-0.10246,-0.00328,0.314
395300,-0.00621,-0.10278,-0.00286,0.315
395400,-0.00584,-0.10231,-0.00279,0.315
395500,-0.00442,-0.10261,-0.00277,0.315
395600,-0.00372,-0.10361,-0.00259,0.314
395700,-0.00319,-0.10284,-0.00259,0.313
395800,-0.00257,-0.10380,-0.00233,0.311
395900,-0.00251,-0.10526,-0.00267,0.311
396000,-0.00304,-0.10442,-0.00255,0.312
396100,-0.00393,-0.10374,-0.00255,0.312
396200,-0.00382,-0.10285,-0.00286,0.312
396300,-0.00390,-0.10173,-0.00282,0.311
396400,-0.00436,-0.10186,-0.00275,0.309
396500,-0.00452,-0.10184,-0.00271,0.310
396600,-0.00366,-0.10185,-0.00285,0.309
396700,-0.00272,-0.10279,-0.00296,0.307
396800,-0.00248,-0.10456,-0.00292,0.307
396900,-0.00207,-0.10615,-0.00277,0.307
397000,-0.00223,-0.10710,-0.00310,0.306
397100,-0.00167,-0.10808,-0.00295,0.305
397200,-0.00126,-0.10878,-0.00317,0.305
397300,-0.00068,-0.10896,-0.00310,0.305
397400,-0.00026,-0.10807,-0.00314,0.304
397500,-0.00152,-0.10867,-0.00325,0.304
397600,-0.00041,-0.10814,-0.00350,0.305
397700,0.00011,-0.10812,-0.00370,0.305
397800,-0.00009,-0.10809,-0.00250,0.306
397900,-0.00006,-0.11058,-0.00265,0.305
398000,-0.00028,-0.10979,-0.00278,0.304
398100,0.00161,-0.10806,-0.00361,0.305
398200,0.00268,-0.10772,-0.00381,0.305
398300,0.00309,-0.10703,-0.00389,0.306
398400,0.00479,-0.10442,-0.00396,0.308
398500,0.00429,-0.10326,-0.00407,0.310
398600,0.00457,-0.10324,-0.00388,0.310
398700,0.00573,-0.10160,-0.00373,0.311
398800,0.00676,-0.10165,-0.00383,0.312
398900,0.00644,-0.10025,-0.00405,0.311
399000,0.00652,-0.09916,-0.00459,0.311
399100,0.00793,-0.09832,-0.00511,0.311
399200,0.00890,-0.09668,-0.00528,0.311
399300,0.01104,-0.09609,-0.00555,0.311
399400,0.01097,-0.09498,-0.00583,0.310
399500,0.01212,-0.09347,-0.00543,0.310
399600,0.01302,-0.09147,-0.00546,0.311
399700,0.01395,-0.09069,-0.00581,0.310
399800,0.01456,-0.08955,-0.00585,0.309
399900,0.01440,-0.08905,-0.00650,0.309
400000,0.01574,-0.08940,-0.00693,0.309
400100,0.01723,-0.08891,-0.00693,0.308
400200,0.01823,-0.08760,-0.00681,0.308
400300,0.01845,-0.08682,-0.00666,0.308
400400,0.01962,-0.08439,-0.00757,0.308
400500,0.02039,-0.08415,-0.00781,0.308
400600,0.02213,-0.08424,-0.00790,0.310
400700,0.02289,-0.08485,-0.00827,0.309
400800,0.02270,-0.08411,-0.00826,0.310
400900,0.02303,-0.08380,-0.00839,0.310
401000,0.02353,-0.08380,-0.00866,0.311
401100,0.02385,-0.08341,-0.00894,0.313
401200,0.02563,-0.08352,-0.00923,0.313
401300,0.02603,-0.08213,-0.00889,0.313
401400,0.02897,-0.08176,-0.00876,0.313
401500,0.02871,-0.08115,-0.00899,0.313
401600,0.02821,-0.07958,-0.00918,0.313
401700,0.02774,-0.07847,-0.00948,0.312
401800,0.02754,-0.07982,-0.00963,0.312
401900,0.02747,-0.07917,-0.00937,0.310
402000,0.02807,-0.07846,-0.00959,0.311
402100,0.02809,-0.07894,-0.01029,0.310
402200,0.02788,-0.07833,-0.01051,0.309
402300,0.02820,-0.07767,-0.01055,0.309
402400,0.02818,-0.07796,-0.01077,0.308
402500,0.02787,-0.07726,-0.01095,0.308
402600,0.02940,-0.07579,-0.01135,0.308
402700,0.02920,-0.07587,-0.01172,0.308
402800,0.02850,-0.07525,-0.01165,0.308
402900,0.02724,-0.07432,-0.01183,0.306
403000,0.02658,-0.07380,-0.01198,0.305
403100,0.02645,-0.07399,-0.01231,0.305
403200,0.02560,-0.07345,-0.01320,0.303
403300,0.02541,-0.07198,-0.01315,0.304
403400,0.02596,-0.07010,-0.01320,0.303
403500,0.02531,-0.06995,-0.01349,0.304
403600,0.02307,-0.06848,-0.01401,0.306
403700,0.02300,-0.06937,-0.01439,0.306
403800,0.02363,-0.06870,-0.01473,0.305
403900,0.02330,-0.06755,-0.01491,0.304
404000,0.02278,-0.06612,-0.01532,0.303
404100,0.02189,-0.06440,-0.01592,0.302
404200,0.02196,-0.06387,-0.01587,0.301
404300,0.02067,-0.06366,-0.01623,0.301
404400,0.02005,-0.06228,-0.01613,0.299
404500,0.02032,-0.06157,-0.01649,0.299
404600,0.02177,-0.06147,-0.01664,0.299
404700,0.02196,-0.06089,-0.01677,0.298
404800,0.02235,-0.05978,-0.01699,0.298
404900,0.02210,-0.05940,-0.01684,0.298
405000,0.02179,-0.05886,-0.01711,0.299
405100,0.02306,-0.05777,-0.01717,0.299
405200,0.02450,-0.05749,-0.01770,0.298
405300,0.02468,-0.05643,-0.01794,0.298
405400,0.02535,-0.05575,-0.01818,0.298
405500,0.02554,-0.05439,-0.01823,0.299
405600,0.02596,-0.05358,-0.01792,0.299
405700,0.02564,-0.05332,-0.01841,0.300
405800,0.02506,-0.05324,-0.01866,0.301
405900,0.02522,-0.05270,-0.01884,0.301
406000,0.02591,-0.05350,-0.01927,0.300
406100,0.02615,-0.05281,-0.01934,0.300
406200,0.02610,-0.05293,-0.01932,0.300
406300,0.02680,-0.05192,-0.01949,0.300
406400,0.02756,-0.05036,-0.01950,0.301
406500,0.02802,-0.05006,-0.01932,0.301
406600,0.02671,-0.04859,-0.01930,0.301
406700,0.02677,-0.04867,-0.01884,0.302
406800,0.02647,-0.04770,-0.01917,0.301
406900,0.02577,-0.04679,-0.01943,0.301
407000,0.02563,-0.04596,-0.01955,0.302
407100,0.02538,-0.04552,-0.01920,0.302
407200,0.02492,-0.04470,-0.01872,0.302
407300,0.02513,-0.04323,-0.01876,0.303
407400,0.02584,-0.04327,-0.01891,0.303
407500,0.02610,-0.04234,-0.01892,0.303
407600,0.02448,-0.04311,-0.01870,0.303
407700,0.02456,-0.04363,-0.01855,0.303
407800,0.02475,-0.04416,-0.01947,0.301
407900,0.02396,-0.04508,-0.01943,0.302
408000,0.02325,-0.04481,-0.01963,0.302
408100,0.02106,-0.04569,-0.01904,0.303
408200,0.02016,-0.04558,-0.01893,0.302
408300,0.01890,-0.04488,-0.01904,0.300
408400,0.01713,-0.04647,-0.01884,0.300
408500,0.01864,-0.04705,-0.01897,0.299
408600,0.01839,-0.04733,-0.01928,0.300
408700,0.01772,-0.04818,-0.01962,0.299
408800,0.01567,-0.04797,-0.01948,0.298
408900,0.01534,-0.04814,-0.01904,0.299
409000,0.01524,-0.04928,-0.01848,0.299
409100,0.01435,-0.04872,-0.01811,0.299
409200,0.01336,-0.04994,-0.01788,0.299
409300,0.01189,-0.05060,-0.01798,0.300
409400,0.01181,-0.05075,-0.01748,0.300
409500,0.01179,-0.05165,-0.01808,0.299
409600,0.01087,-0.05336,-0.01820,0.298
409700,0.00979,-0.05379,-0.01809,0.298
409800,0.00944,-0.05354,-0.01774,0.297
409900,0.01025,-0.05299,-0.01762,0.297
410000,0.00931,-0.05264,-0.01697,0.296
410100,0.00797,-0.05283,-0.01690,0.295
410200,0.00732,-0.05343,-0.01660,0.295
410300,0.00772,-0.05421,-0.01633,0.296
410400,0.00690,-0.05719,-0.01602,0.295
410500,0.00748,-0.05819,-0.01552,0.294
410600,0.00574,-0.05820,-0.01546,0.293
410700,0.00528,-0.05817,-0.01557,0.293
410800,0.00447,-0.06027,-0.01565,0.292
410900,0.00201,-0.06078,-0.01541,0.291
411000,0.00032,-0.06053,-0.01555,0.291
411100,-0.00176,-0.05965,-0.01552,0.290
411200,-0.00319,-0.05869,-0.01547,0.290
411300,-0.00365,-0.06016,-0.01572,0.289
411400,-0.00646,-0.06133,-0.01543,0.290
411500,-0.00735,-0.06325,-0.01521,0.291
411600,-0.00725,-0.06487,-0.01535,0.290
411700,-0.00846,-0.06559,-0.01512,0.290
411800,-0.00781,-0.06578,-0.01512,0.290
411900,-0.00797,-0.06639,-0.01510,0.290
412000,-0.00798,-0.06650,-0.01476,0.289
412100,-0.00697,-0.06555,-0.01422,0.289
412200,-0.00782,-0.06554,-0.01348,0.289
412300,-0.00923,-0.06651,-0.01330,0.290
412400,-0.01012,-0.06714,-0.01301,0.289
412500,-0.01073,-0.06738,-0.01263,0.290
412600,-0.01304,-0.06992,-0.01208,0.289
412700,-0.01351,-0.07061,-0.01178,0.288
412800,-0.01394,-0.07167,-0.01167,0.287
412900,-0.01462,-0.07284,-0.01163,0.288
413000,-0.01440,-0.07304,-0.01143,0.289
413100,-0.01506,-0.07377,-0.01128,0.288
413200,-0.01486,-0.07424,-0.01102,0.288
413300,-0.01399,-0.07546,-0.01044,0.288
413400,-0.01452,-0.07813,-0.01048,0.288
413500,-0.01391,-0.07706,-0.01036,0.287
413600,-0.01288,-0.07821,-0.00977,0.285
413700,-0.01210,-0.07780,-0.00965,0.286
413800,-0.01173,-0.07960,-0.00971,0.287
413900,-0.01009,-0.07988,-0.00946,0.289
414000,-0.00881,-0.07970,-0.00882,0.290
414100,-0.00787,-0.08120,-0.00842,0.291
414200,-0.00664,-0.08162,-0.00859,0.290
414300,-0.00532,-0.08139,-0.00844,0.291
414400,-0.00439,-0.08197,-0.00849,0.291
414500,-0.00448,-0.08359,-0.00823,0.291
414600,-0.00409,-0.08393,-0.00812,0.291
414700,-0.00364,-0.08284,-0.00822,0.293
414800,-0.00361,-0.08373,-0.00771,0.293
414900,-0.00377,-0.08503,-0.00735,0.294
415000,-0.00376,-0.08643,-0.00696,0.293
415100,-0.00447,-0.08711,-0.00649,0.292
415200,-0.00461,-0.08729,-0.00573,0.291
415300,-0.00456,-0.08690,-0.00566,0.292
415400,-0.00581,-0.08874,-0.00555,0.292
415500,-0.00793,-0.08945,-0.00552,0.292
415600,-0.00829,-0.08989,-0.00526,0.293
415700,-0.00834,-0.08935,-0.00486,0.293
415800,-0.00709,-0.09059,-0.00512,0.294
415900,-0.00730,-0.09084,-0.00438,0.294
416000,-0.00772,-0.08871,-0.00435,0.294
416100,-0.00739,-0.08929,-0.00403,0.294
416200,-0.00712,-0.08935,-0.00400,0.294
416300,-0.00789,-0.09080,-0.00421,0.295
416400,-0.00942,-0.09252,-0.00417,0.295
416500,-0.00944,-0.09259,-0.00429,0.294
416600,-0.00920,-0.09385,-0.00428,0.295
416700,-0.01015,-0.09297,-0.00435,0.296
416800,-0.00900,-0.09312,-0.00381,0.297
416900,-0.00688,-0.09297,-0.00416,0.297
417000,-0.00529,-0.09395,-0.00352,0.297
417100,-0.00480,-0.09357,-0.00390,0.298
417200,-0.00617,-0.09415,-0.00419,0.298
417300,-0.00678,-0.09494,-0.00429,0.298
417400,-0.00721,-0.09568,-0.00440,0.297
417500,-0.00607,-0.09574,-0.00420,0.298
417600,-0.00570,-0.09573,-0.00397,0.298
417700,-0.00628,-0.09497,-0.00448,0.298
417800,-0.00701,-0.09477,-0.00498,0.298
417900,-0.00564,-0.09420,-0.00516,0.298
418000,-0.00556,-0.09511,-0.00486,0.297
418100,-0.00499,-0.09534,-0.00469,0.296
418200,-0.00374,-0.09535,-0.00484,0.295
418300,-0.00228,-0.09544,-0.00480,0.296
418400,-0.00247,-0.09550,-0.00517,0.296
418500,-0.00325,-0.09400,-0.00518,0.296
418600,-0.00393,-0.09381,-0.00463,0.295
418700,-0.00437,-0.09396,-0.00464,0.295
418800,-0.00415,-0.09417,-0.00508,0.295
418900,-0.00392,-0.09455,-0.00529,0.295
419000,-0.00514,-0.09371,-0.00585,0.296
419100,-0.00616,-0.09389,-0.00569,0.296
419200,-0.00607,-0.09399,-0.00610,0.295
419300,-0.00705,-0.09421,-0.00579,0.294
419400,-0.00781,-0.09383,-0.00654,0.294
419500,-0.00843,-0.09439,-0.00654,0.293
419600,-0.00902,-0.09430,-0.00616,0.292
419700,-0.00911,-0.09422,-0.00590,0.291
419800,-0.00918,-0.09493,-0.00609,0.290
419900,-0.01042,-0.09520,-0.00571,0.288
420000,-0.01109,-0.09565,-0.00569,0.288
420100,-0.01142,-0.09640,-0.00582,0.289
420200,-0.01194,-0.09607,-0.00628,0.289
420300,-0.01233,-0.09594,-0.00637,0.290
420400,-0.01204,-0.09516,-0.00601,0.289
420500,-0.01241,-0.09468,-0.00651,0.289
420600,-0.01294,-0.09419,-0.00644,0.289
420700,-0.01270,-0.09426,-0.00610,0.289
420800,-0.01279,-0.09312,-0.00613,0.289
420900,-0.01060,-0.09351,-0.00644,0.289
421000,-0.00944,-0.09384,-0.00616,0.289
421100,-0.00849,-0.09468,-0.00648,0.289
421200,-0.00663,-0.09469,-0.00673,0.290
421300,-0.00672,-0.09401,-0.00672,0.289
421400,-0.00627,-0.09264,-0.00707,0.288
421500,-0.00399,-0.09152,-0.00707,0.289
421600,-0.00384,-0.09045,-0.00655,0.289
421700,-0.00381,-0.08989,-0.00663,0.289
421800,-0.00563,-0.08923,-0.00716,0.290
421900,-0.00587,-0.08853,-0.00748,0.292
422000,-0.00749,-0.08810,-0.00789,0.292
422100,-0.00924,-0.08770,-0.00811,0.292
422200,-0.00920,-0.08812,-0.00840,0.293
422300,-0.00790,-0.08795,-0.00875,0.293
422400,-0.00784,-0.08662,-0.00876,0.293
422500,-0.00721,-0.08596,-0.00898,0.293
422600,-0.00576,-0.08359,-0.00961,0.293
422700,-0.00437,-0.08170,-0.01000,0.295
422800,-0.00300,-0.08158,-0.01064,0.297
422900,-0.00237,-0.08143,-0.01070,0.297
423000,-0.00203,-0.08012,-0.01085,0.297
423100,-0.00122,-0.08004,-0.01069,0.298
423200,-0.00183,-0.07905,-0.01067,0.298
423300,-0.00228,-0.07880,-0.01122,0.297
423400,-0.00303,-0.07781,-0.01118,0.296
423500,-0.00317,-0.07818,-0.01123,0.297
423600,-0.00375,-0.07723,-0.01170,0.297
423700,-0.00454,-0.07626,-0.01181,0.297
423800,-0.00474,-0.07493,-0.01179,0.295
423900,-0.00650,-0.07523,-0.01199,0.295
424000,-0.00860,-0.07591,-0.01236,0.294
424100,-0.00900,-0.07487,-0.01256,0.293
424200,-0.01000,-0.07527,-0.01214,0.293
424300,-0.00950,-0.07481,-0.01213,0.294
424400,-0.01088,-0.07401,-0.01167,0.294
424500,-0.01205,-0.07344,-0.01200,0.294
424600,-0.01335,-0.07248,-0.01244,0.295
424700,-0.01291,-0.07240,-0.01231,0.294
424800,-0.01181,-0.07044,-0.01290,0.294
424900,-0.01155,-0.06924,-0.01360,0.293
425000,-0.01153,-0.06825,-0.01339,0.294
425100,-0.01067,-0.06781,-0.01365,0.295
425200,-0.01066,-0.06775,-0.01408,0.297
425300,-0.01119,-0.06819,-0.01421,0.296
425400,-0.01150,-0.06766,-0.01439,0.296
425500,-0.01072,-0.06795,-0.01444,0.296
425600,-0.00993,-0.06759,-0.01523,0.295
425700,-0.00843,-0.06891,-0.01484,0.294
425800,-0.00875,-0.06618,-0.01450,0.293
425900,-0.00816,-0.06473,-0.01494,0.293
426000,-0.00677,-0.06708,-0.01495,0.292
426100,-0.00713,-0.06580,-0.01490,0.292
426200,-0.00666,-0.06511,-0.01459,0.291
426300,-0.00695,-0.06344,-0.01424,0.291
426400,-0.00527,-0.06336,-0.01424,0.291
426500,-0.00454,-0.06363,-0.01460,0.292
426600,-0.00329,-0.06193,-0.01488,0.292
426700,-0.00203,-0.06106,-0.01530,0.293
426800,-0.00304,-0.05890,-0.01628,0.292
426900,-0.00307,-0.05869,-0.01625,0.292
427000,-0.00296,-0.05738,-0.01718,0.292
427100,-0.00180,-0.05824,-0.01770,0.292
427200,0.00044,-0.05813,-0.01827,0.291
427300,0.00267,-0.05800,-0.01850,0.292
427400,0.00235,-0.05633,-0.01836,0.292
427500,0.00173,-0.05666,-0.01828,0.293
427600,0.00192,-0.05601,-0.01847,0.294
427700,0.00177,-0.05631,-0.01775,0.294
427800,0.00248,-0.05494,-0.01712,0.294
427900,0.00186,-0.05466,-0.01726,0.293
428000,0.00221,-0.05399,-0.01750,0.292
428100,0.00222,-0.05402,-0.01788,0.294
428200,0.00026,-0.05451,-0.01827,0.294
428300,-0.00107,-0.05368,-0.01888,0.294
428400,-0.00030,-0.05312,-0.01890,0.293
428500,-0.00032,-0.05456,-0.01892,0.293
428600,0.00017,-0.05439,-0.01913,0.293
428700,0.00090,-0.05422,-0.01883,0.292
428800,0.00172,-0.05335,-0.01815,0.293
428900,0.00236,-0.05374,-0.01832,0.292
429000,0.00271,-0.05279,-0.01767,0.292
429100,0.00352,-0.05301,-0.01793,0.293
429200,0.00337,-0.05273,-0.01818,0.295
429300,0.00439,-0.05286,-0.01814,0.296
429400,0.00507,-0.05370,-0.01779,0.296
429500,0.00414,-0.05266,-0.01777,0.299
429600,0.00430,-0.05280,-0.01813,0.301
429700,0.00427,-0.05245,-0.01837,0.302
429800,0.00382,-0.05161,-0.01859,0.304
429900,0.00499,-0.05031,-0.01870,0.306
430000,0.00579,-0.04907,-0.01885,0.307
430100,0.00616,-0.04773,-0.01884,0.307
430200,0.00627,-0.04726,-0.01875,0.307
430300,0.00604,-0.04657,-0.01876,0.306
430400,0.00574,-0.04608,-0.01875,0.306
430500,0.00581,-0.04515,-0.01887,0.306
430600,0.00525,-0.04452,-0.01923,0.306
430700,0.00493,-0.04395,-0.01962,0.306
430800,0.00504,-0.04240,-0.01984,0.306
430900,0.00421,-0.04138,-0.01954,0.306
431000,0.00541,-0.04037,-0.01955,0.305
431100,0.00644,-0.03962,-0.01921,0.305
431200,0.00600,-0.03806,-0.01889,0.303
431300,0.00557,-0.03821,-0.01891,0.304
431400,0.00499,-0.03839,-0.01865,0.304
431500,0.00424,-0.03801,-0.01841,0.303
431600,0.00447,-0.03701,-0.01867,0.303
431700,0.00449,-0.03702,-0.01868,0.303
431800,0.00504,-0.03638,-0.01841,0.303
431900,0.00490,-0.03654,-0.01822,0.303
432000,0.00503,-0.03630,-0.01813,0.303
432100,0.00520,-0.03654,-0.01814,0.302
432200,0.00595,-0.03681,-0.01821,0.301
432300,0.00528,-0.03541,-0.01781,0.301
432400,0.00577,-0.03687,-0.01779,0.300
432500,0.00628,-0.03699,-0.01741,0.301
432600,0.00510,-0.03729,-0.01659,0.301
432700,0.00388,-0.03834,-0.01641,0.300
432800,0.00336,-0.03798,-0.01541,0.298
432900,0.00340,-0.03795,-0.01499,0.298
433000,0.00309,-0.03857,-0.01467,0.298
433100,0.00243,-0.03936,-0.01494,0.298
433200,0.00249,-0.04097,-0.01517,0.297
433300,0.00250,-0.04171,-0.01497,0.298
433400,0.00284,-0.04186,-0.01458,0.299
433500,0.00349,-0.04236,-0.01448,0.299
433600,0.00388,-0.04218,-0.01406,0.298
433700,0.00511,-0.04238,-0.01353,0.298
433800,0.00495,-0.04288,-0.01345,0.298
433900,0.00530,-0.04308,-0.01320,0.298
434000,0.00600,-0.04401,-0.01282,0.299
434100,0.00685,-0.04472,-0.01294,0.300
434200,0.00733,-0.04476,-0.01334,0.300
434300,0.00726,-0.04543,-0.01346,0.299
434400,0.00782,-0.04606,-0.01376,0.299
434500,0.00849,-0.04578,-0.01389,0.299
434600,0.00817,-0.04601,-0.01342,0.298
434700,0.00805,-0.04708,-0.01295,0.299
434800,0.00622,-0.04859,-0.01283,0.298
434900,0.00549,-0.05016,-0.01285,0.298
435000,0.00482,-0.05037,-0.01338,0.298
435100,0.00337,-0.05149,-0.01295,0.298
435200,0.00252,-0.05252,-0.01255,0.298
435300,0.00284,-0.05295,-0.01220,0.298
435400,0.00322,-0.05303,-0.01172,0.298
435500,0.00447,-0.05378,-0.01156,0.298
435600,0.00423,-0.05465,-0.01125,0.299
435700,0.00372,-0.05438,-0.01156,0.299
435800,0.00280,-0.05630,-0.01162,0.300
435900,0.00172,-0.05837,-0.01154,0.301
436000,0.00033,-0.05837,-0.01166,0.301
436100,0.00027,-0.05930,-0.01159,0.301
436200,-0.00017,-0.06013,-0.01191,0.302
436300,0.00030,-0.06000,-0.01188,0.302
436400,-0.00041,-0.06006,-0.01177,0.302
436500,-0.00012,-0.05993,-0.01101,0.302
436600,-0.00043,-0.06245,-0.01014,0.303
436700,-0.00052,-0.06467,-0.00958,0.303
436800,0.00068,-0.06752,-0.00929,0.304
436900,-0.00025,-0.06841,-0.00890,0.303
437000,-0.00129,-0.06895,-0.00869,0.301
437100,-0.00236,-0.06837,-0.00824,0.302
437200,-0.00403,-0.06755,-0.00773,0.301
437300,-0.00492,-0.06775,-0.00740,0.301
437400,-0.00433,-0.06932,-0.00734,0.301
437500,-0.00407,-0.06857,-0.00732,0.301
437600,-0.00313,-0.06934,-0.00741,0.300
437700,-0.00238,-0.06964,-0.00813,0.300
437800,-0.00244,-0.07169,-0.00860,0.301
437900,-0.00261,-0.07071,-0.00838,0.302
438000,-0.00300,-0.07008,-0.00827,0.303
438100,-0.00379,-0.07067,-0.00781,0.302
438200,-0.00352,-0.07106,-0.00749,0.302
438300,-0.00428,-0.07193,-0.00725,0.302
438400,-0.00457,-0.07271,-0.00687,0.303
438500,-0.00453,-0.07206,-0.00640,0.303
438600,-0.00400,-0.07347,-0.00646,0.303
438700,-0.00423,-0.07371,-0.00604,0.303
438800,-0.00447,-0.07528,-0.00630,0.303
438900,-0.00397,-0.07626,-0.00625,0.303
439000,-0.00378,-0.07706,-0.00644,0.302
439100,-0.00519,-0.07650,-0.00597,0.301
439200,-0.00547,-0.07751,-0.00553,0.300
439300,-0.00578,-0.07735,-0.00544,0.300
439400,-0.00573,-0.07682,-0.00528,0.300
439500,-0.00572,-0.07723,-0.00536,0.298
439600,-0.00546,-0.07688,-0.00493,0.298
439700,-0.00517,-0.07664,-0.00479,0.298
439800,-0.00480,-0.07719,-0.00414,0.297
439900,-0.00566,-0.07847,-0.00384,0.294
440000,-0.00603,-0.07949,-0.00374,0.294
440100,-0.00600,-0.08086,-0.00363,0.294
440200,-0.00592,-0.08219,-0.00344,0.294
440300,-0.00624,-0.08277,-0.00357,0.294
440400,-0.00524,-0.08340,-0.00338,0.296
440500,-0.00519,-0.08373,-0.00301,0.296
440600,-0.00398,-0.08425,-0.00307,0.296
440700,-0.00412,-0.08484,-0.00270,0.297
440800,-0.00365,-0.08609,-0.00267,0.296
440900,-0.00374,-0.08600,-0.00332,0.297
441000,-0.00442,-0.08670,-0.00319,0.297
441100,-0.00542,-0.08678,-0.00305,0.296
441200,-0.00599,-0.08736,-0.00321,0.296
441300,-0.00460,-0.08765,-0.00357,0.297
441400,-0.00332,-0.08782,-0.00418,0.298
441500,-0.00439,-0.08704,-0.00436,0.297
441600,-0.00444,-0.08840,-0.00431,0.297
441700,-0.00309,-0.08820,-0.00438,0.296
441800,-0.00180,-0.08872,-0.00431,0.296
441900,-0.00071,-0.08860,-0.00429,0.296
442000,-0.00008,-0.08921,-0.00442,0.297
442100,0.00061,-0.08886,-0.00436,0.297
442200,-0.00121,-0.08709,-0.00444,0.298
442300,-0.00095,-0.08702,-0.00479,0.299
442400,-0.00102,-0.08588,-0.00481,0.299
442500,-0.00089,-0.08572,-0.00543,0.298
442600,-0.00121,-0.08605,-0.00629,0.298
442700,-0.00070,-0.08446,-0.00690,0.298
442800,-0.00046,-0.08199,-0.00738,0.298
442900,0.00030,-0.08039,-0.00811,0.299
443000,0.00047,-0.07979,-0.00829,0.299
443100,0.00083,-0.07841,-0.00867,0.299
443200,0.00028,-0.07779,-0.00930,0.299
443300,-0.00074,-0.07753,-0.00959,0.300
443400,-0.00123,-0.07641,-0.01027,0.300
443500,-0.00312,-0.07607,-0.01065,0.300
443600,-0.00348,-0.07674,-0.01103,0.301
443700,-0.00385,-0.07690,-0.01139,0.300
443800,-0.00355,-0.07594,-0.01168,0.301
443900,-0.00262,-0.07520,-0.01196,0.302
444000,-0.00239,-0.07323,-0.01251,0.301
444100,-0.00162,-0.07160,-0.01227,0.301
444200,-0.00161,-0.07155,-0.01223,0.301
444300,-0.00259,-0.07130,-0.01237,0.301
444400,-0.00347,-0.07137,-0.01242,0.300
444500,-0.00338,-0.07204,-0.01220,0.301
444600,-0.00363,-0.07222,-0.01245,0.301
444700,-0.00383,-0.07171,-0.01278,0.301
444800,-0.00358,-0.07165,-0.01260,0.301
444900,-0.00278,-0.07147,-0.01240,0.301
445000,-0.00294,-0.07188,-0.01208,0.300
445100,-0.00263,-0.07147,-0.01235,0.300
445200,-0.00221,-0.07071,-0.01224,0.300
445300,-0.00150,-0.07005,-0.01248,0.299
445400,-0.00077,-0.06878,-0.01290,0.298
445500,-0.00018,-0.06754,-0.01313,0.298
445600,-0.00047,-0.06679,-0.01344,0.297
445700,-0.00021,-0.06625,-0.01342,0.297
445800,0.00100,-0.06543,-0.01321,0.297
445900,0.00187,-0.06521,-0.01336,0.297
446000,0.00202,-0.06428,-0.01303,0.298
446100,0.00287,-0.06474,-0.01334,0.298
446200,0.00331,-0.06518,-0.01360,0.298
446300,0.00397,-0.06557,-0.01378,0.298
446400,0.00451,-0.06514,-0.01376,0.298
446500,0.00341,-0.06555,-0.01422,0.299
446600,0.00213,-0.06450,-0.01499,0.297
446700,0.00185,-0.06318,-0.01500,0.296
446800,-0.00042,-0.06144,-0.01480,0.296
446900,0.00028,-0.06198,-0.01449,0.297
447000,0.00133,-0.06278,-0.01424,0.298
447100,0.00166,-0.06364,-0.01412,0.298
447200,0.00268,-0.06465,-0.01427,0.299
447300,0.00226,-0.06521,-0.01401,0.299
447400,0.00087,-0.06449,-0.01396,0.298
447500,-0.00034,-0.06515,-0.01364,0.298
447600,0.00063,-0.06488,-0.01323,0.298
447700,0.00023,-0.06444,-0.01296,0.298
447800,0.00043,-0.06360,-0.01270,0.296
447900,0.00108,-0.06386,-0.01291,0.296
448000,0.00238,-0.06499,-0.01299,0.296
448100,0.00301,-0.06469,-0.01352,0.296
448200,0.00453,-0.06468,-0.01331,0.297
448300,0.00665,-0.06549,-0.01317,0.297
448400,0.00690,-0.06589,-0.01342,0.296
448500,0.00662,-0.06660,-0.01398,0.296
448600,0.00635,-0.06585,-0.01408,0.297
448700,0.00624,-0.06549,-0.01505,0.297
448800,0.00775,-0.06500,-0.01521,0.298
448900,0.00670,-0.06397,-0.01485,0.298
449000,0.00959,-0.06531,-0.01516,0.300
449100,0.01166,-0.06595,-0.01560,0.300
449200,0.01408,-0.06643,-0.01604,0.301
449300,0.01602,-0.06745,-0.01641,0.300
449400,0.01731,-0.06870,-0.01679,0.300
449500,0.01947,-0.06975,-0.01722,0.301
449600,0.02058,-0.07119,-0.01780,0.302
449700,0.02129,-0.07216,-0.01805,0.303
449800,0.02218,-0.07251,-0.01856,0.305
449900,0.02259,-0.07296,-0.01862,0.309
450000,0.02324,-0.07290,-0.01890,0.309
450100,0.02384,-0.07202,-0.01899,0.308
450200,0.02423,-0.07188,-0.01895,0.309
450300,0.02437,-0.07122,-0.01915,0.308
450400,0.02417,-0.07146,-0.01971,0.307
450500,0.02407,-0.07214,-0.02014,0.307
450600,0.02381,-0.07232,-0.01963,0.306
450700,0.02369,-0.07284,-0.01955,0.306
450800,0.02263,-0.07325,-0.01936,0.306
450900,0.02277,-0.07426,-0.01923,0.307
451000,0.02250,-0.07424,-0.01933,0.306
451100,0.02284,-0.07430,-0.01959,0.308
451200,0.02255,-0.07480,-0.01937,0.308
451300,0.02219,-0.07440,-0.01910,0.308
451400,0.02209,-0.07396,-0.01874,0.307
451500,0.02260,-0.07414,-0.01903,0.307
451600,0.02267,-0.07337,-0.01928,0.308
451700,0.02223,-0.07205,-0.01928,0.309
451800,0.02164,-0.07081,-0.01931,0.308
451900,0.02150,-0.07039,-0.01935,0.309
452000,0.02194,-0.07012,-0.01934,0.308
452100,0.02281,-0.06999,-0.01977,0.309
452200,0.02514,-0.06956,-0.02017,0.308
452300,0.02636,-0.07012,-0.02015,0.309
452400,0.02581,-0.06932,-0.02014,0.309
452500,0.02608,-0.07058,-0.01975,0.309
452600,0.02703,-0.07099,-0.01973,0.308
452700,0.02716,-0.07244,-0.01914,0.308
452800,0.02651,-0.07328,-0.01941,0.307
452900,0.02547,-0.07373,-0.01932,0.307
453000,0.02527,-0.07420,-0.01928,0.307
453100,0.02540,-0.07388,-0.01919,0.307
453200,0.02657,-0.07163,-0.01887,0.307
453300,0.02862,-0.07199,-0.01882,0.306
453400,0.02839,-0.07234,-0.01875,0.306
453500,0.03000,-0.07195,-0.01882,0.306
453600,0.03051,-0.07164,-0.01853,0.306
453700,0.02903,-0.07279,-0.01854,0.307
453800,0.02762,-0.07333,-0.01845,0.307
453900,0.02692,-0.07295,-0.01841,0.306
454000,0.02720,-0.07379,-0.01823,0.306
454100,0.02589,-0.07517,-0.01847,0.305
454200,0.02618,-0.07623,-0.01825,0.305
454300,0.02742,-0.07731,-0.01794,0.305
454400,0.02862,-0.07738,-0.01749,0.306
454500,0.02887,-0.07729,-0.01737,0.305
454600,0.02946,-0.07787,-0.01704,0.305
454700,0.02855,-0.07873,-0.01689,0.305
454800,0.02987,-0.07895,-0.01660,0.306
454900,0.02964,-0.07907,-0.01619,0.307
455000,0.03055,-0.07927,-0.01618,0.306
455100,0.03057,-0.07967,-0.01609,0.306
455200,0.03101,-0.08014,-0.01636,0.307
455300,0.03038,-0.08112,-0.01680,0.307
455400,0.02970,-0.08247,-0.01668,0.309
455500,0.02999,-0.08399,-0.01604,0.309
455600,0.02908,-0.08345,-0.01563,0.310
455700,0.02832,-0.08326,-0.01558,0.310
455800,0.02775,-0.08369,-0.01543,0.310
455900,0.02773,-0.08183,-0.01540,0.311
456000,0.02871,-0.08288,-0.01578,0.311
456100,0.02922,-0.08257,-0.01584,0.310
456200,0.03035,-0.08193,-0.01560,0.311
456300,0.03084,-0.08229,-0.01610,0.310
456400,0.03164,-0.08131,-0.01630,0.311
456500,0.03256,-0.08073,-0.01641,0.310
456600,0.03348,-0.07927,-0.01656,0.311
456700,0.03390,-0.07895,-0.01686,0.311
456800,0.03570,-0.07840,-0.01705,0.312
456900,0.03474,-0.07664,-0.01748,0.312
457000,0.03403,-0.07484,-0.01796,0.311
457100,0.03477,-0.07376,-0.01804,0.311
457200,0.03510,-0.07297,-0.01763,0.310
457300,0.03525,-0.07153,-0.01846,0.310
457400,0.03591,-0.07164,-0.01858,0.310
457500,0.03681,-0.07035,-0.01917,0.309
457600,0.03583,-0.06948,-0.01971,0.310
457700,0.03593,-0.06855,-0.01961,0.310
457800,0.03571,-0.06840,-0.01974,0.311
457900,0.03568,-0.06765,-0.01948,0.311
458000,0.03525,-0.06720,-0.01911,0.311
458100,0.03582,-0.06718,-0.01850,0.311
458200,0.03520,-0.06634,-0.01872,0.311
458300,0.03318,-0.06508,-0.01904,0.310
458400,0.03341,-0.06362,-0.01921,0.310
458500,0.03294,-0.06298,-0.01898,0.310
458600,0.03226,-0.06237,-0.01894,0.310
458700,0.03159,-0.06314,-0.01875,0.310
458800,0.02889,-0.06361,-0.01871,0.311
458900,0.02816,-0.06332,-0.01912,0.310
459000,0.02572,-0.06185,-0.01876,0.308
459100,0.02480,-0.06137,-0.01875,0.308
459200,0.02272,-0.05998,-0.01829,0.305
459300,0.02121,-0.05821,-0.01788,0.305
459400,0.01911,-0.05738,-0.01763,0.303
459500,0.01740,-0.05589,-0.01680,0.303
459600,0.01597,-0.05486,-0.01653,0.302
459700,0.01428,-0.05467,-0.01629,0.302
459800,0.01244,-0.05415,-0.01648,0.301
459900,0.01149,-0.05381,-0.01644,0.299
460000,0.01043,-0.05429,-0.01614,0.299
460100,0.00939,-0.05532,-0.01546,0.300
460200,0.00895,-0.05516,-0.01541,0.300
460300,0.00936,-0.05687,-0.01490,0.301
460400,0.00952,-0.05722,-0.01444,0.302
460500,0.00943,-0.05728,-0.01377,0.303
460600,0.01098,-0.05844,-0.01379,0.304
460700,0.01158,-0.05887,-0.01365,0.304
460800,0.01234,-0.05820,-0.01327,0.304
460900,0.01209,-0.05868,-0.01292,0.305
461000,0.01186,-0.05924,-0.01308,0.305
461100,0.01257,-0.06003,-0.01266,0.305
461200,0.01368,-0.06058,-0.01219,0.306
461300,0.01308,-0.06177,-0.01193,0.306
461400,0.01319,-0.06317,-0.01157,0.306
461500,0.01394,-0.06594,-0.01109,0.308
461600,0.01472,-0.06842,-0.01083,0.308
461700,0.01366,-0.06996,-0.00992,0.308
461800,0.01356,-0.07065,-0.00984,0.308
461900,0.01299,-0.07243,-0.00991,0.308
462000,0.01299,-0.07333,-0.00929,0.307
462100,0.01338,-0.07532,-0.00907,0.308
462200,0.01298,-0.07746,-0.00857,0.308
462300,0.01209,-0.07762,-0.00788,0.307
462400,0.01224,-0.07883,-0.00772,0.307
462500,0.01224,-0.07798,-0.00788,0.308
462600,0.01182,-0.07856,-0.00735,0.309
462700,0.01133,-0.07874,-0.00734,0.309
462800,0.01077,-0.07993,-0.00709,0.310
462900,0.00980,-0.08107,-0.00609,0.310
463000,0.00940,-0.08138,-0.00602,0.309
463100,0.00874,-0.08222,-0.00583,0.309
463200,0.00890,-0.08352,-0.00564,0.309
463300,0.00844,-0.08184,-0.00561,0.309
463400,0.00922,-0.08271,-0.00532,0.309
463500,0.00894,-0.08309,-0.00494,0.309
463600,0.00909,-0.08296,-0.00524,0.309
463700,0.01038,-0.08116,-0.00516,0.308
463800,0.00992,-0.08150,-0.00487,0.308
463900,0.00978,-0.08106,-0.00507,0.309
464000,0.00854,-0.08069,-0.00535,0.309
464100,0.00901,-0.08040,-0.00554,0.309
464200,0.00890,-0.07868,-0.00595,0.309
464300,0.00924,-0.07764,-0.00589,0.310
464400,0.00850,-0.07814,-0.00604,0.309
464500,0.00796,-0.07730,-0.00616,0.310
464600,0.00819,-0.07664,-0.00657,0.309
464700,0.00955,-0.07598,-0.00642,0.309
464800,0.00869,-0.07573,-0.00649,0.308
464900,0.00852,-0.07474,-0.00676,0.307
465000,0.00779,-0.07339,-0.00710,0.308
465100,0.00747,-0.07228,-0.00708,0.308
465200,0.00732,-0.07180,-0.00680,0.308
465300,0.00668,-0.07159,-0.00603,0.308
465400,0.00665,-0.07047,-0.00597,0.308
465500,0.00565,-0.06951,-0.00669,0.307
465600,0.00627,-0.07014,-0.00718,0.306
465700,0.00663,-0.06956,-0.00756,0.306
465800,0.00752,-0.06879,-0.00768,0.306
465900,0.00709,-0.06982,-0.00812,0.305
466000,0.00718,-0.06927,-0.00786,0.305
466100,0.00583,-0.06866,-0.00804,0.306
466200,0.00381,-0.06758,-0.00766,0.306
466300,0.00246,-0.06696,-0.00695,0.306
466400,0.00132,-0.06693,-0.00692,0.306
466500,0.00169,-0.06753,-0.00692,0.306
466600,0.00275,-0.06927,-0.00677,0.305
466700,0.00255,-0.06972,-0.00659,0.305
466800,0.00358,-0.07124,-0.00674,0.305
466900,0.00498,-0.07273,-0.00645,0.305
467000,0.00616,-0.07357,-0.00605,0.307
467100,0.00521,-0.07253,-0.00632,0.307
467200,0.00635,-0.07301,-0.00614,0.307
467300,0.00624,-0.07299,-0.00550,0.307
467400,0.00722,-0.07324,-0.00581,0.307
467500,0.00885,-0.07497,-0.00585,0.308
467600,0.00967,-0.07521,-0.00569,0.308
467700,0.00954,-0.07560,-0.00595,0.308
467800,0.01082,-0.07586,-0.00593,0.308
467900,0.01135,-0.07740,-0.00622,0.306
468000,0.01194,-0.07765,-0.00647,0.307
468100,0.01270,-0.07718,-0.00647,0.308
468200,0.01269,-0.07819,-0.00646,0.308
468300,0.01560,-0.08011,-0.00637,0.307
468400,0.01640,-0.08207,-0.00677,0.308
468500,0.01904,-0.08322,-0.00693,0.309
468600,0.02056,-0.08416,-0.00701,0.308
468700,0.02175,-0.08325,-0.00669,0.308
468800,0.02293,-0.08280,-0.00664,0.308
468900,0.02405,-0.08364,-0.00660,0.309
469000,0.02458,-0.08334,-0.00676,0.309
469100,0.02533,-0.08443,-0.00667,0.310
469200,0.02591,-0.08444,-0.00700,0.313
469300,0.02734,-0.08365,-0.00754,0.314
469400,0.02747,-0.08222,-0.00792,0.316
469500,0.02781,-0.08260,-0.00813,0.316
469600,0.02810,-0.08170,-0.00799,0.317
469700,0.02990,-0.08038,-0.00800,0.316
469800,0.03083,-0.08076,-0.00745,0.315
469900,0.03083,-0.07976,-0.00760,0.315
470000,0.03051,-0.07830,-0.00790,0.315
470100,0.03130,-0.07653,-0.00872,0.314
470200,0.03204,-0.07601,-0.00888,0.315
470300,0.03148,-0.07458,-0.00909,0.314
470400,0.03034,-0.07292,-0.00959,0.314
470500,0.03125,-0.07310,-0.00969,0.311
470600,0.03038,-0.07171,-0.01005,0.310
470700,0.03071,-0.07195,-0.01030,0.311
470800,0.03117,-0.07227,-0.01055,0.312
470900,0.03174,-0.07144,-0.01073,0.310
471000,0.03220,-0.07015,-0.01094,0.311
471100,0.03169,-0.07004,-0.01144,0.310
471200,0.03012,-0.06976,-0.01206,0.310
471300,0.03051,-0.06869,-0.01288,0.310
471400,0.02941,-0.06751,-0.01314,0.309
471500,0.02805,-0.06542,-0.01349,0.309
471600,0.02729,-0.06245,-0.01369,0.307
471700,0.02669,-0.06218,-0.01467,0.308
471800,0.02653,-0.06264,-0.01489,0.308
471900,0.02640,-0.05913,-0.01473,0.307
472000,0.02566,-0.05798,-0.01532,0.307
472100,0.02429,-0.05542,-0.01511,0.306
472200,0.02372,-0.05312,-0.01524,0.306
472300,0.02364,-0.05240,-0.01603,0.306
472400,0.02352,-0.05152,-0.01640,0.306
472500,0.02341,-0.05029,-0.01667,0.307
472600,0.02385,-0.04880,-0.01699,0.307
472700,0.02362,-0.04844,-0.01724,0.307
472800,0.02402,-0.04742,-0.01722,0.306
472900,0.02502,-0.04578,-0.01788,0.306
473000,0.02471,-0.04580,-0.01767,0.306
473100,0.02604,-0.04572,-0.01772,0.306
473200,0.02574,-0.04634,-0.01740,0.306
473300,0.02456,-0.04731,-0.01761,0.306
473400,0.02423,-0.04623,-0.01745,0.306
473500,0.02482,-0.04607,-0.01745,0.306
473600,0.02493,-0.04578,-0.01702,0.306
473700,0.02421,-0.04655,-0.01720,0.307
473800,0.02470,-0.04631,-0.01740,0.306
473900,0.02376,-0.04700,-0.01718,0.307
474000,0.02498,-0.04676,-0.01692,0.308
474100,0.02426,-0.04573,-0.01693,0.308
474200,0.02251,-0.04608,-0.01670,0.309
474300,0.02136,-0.04613,-0.01682,0.309
474400,0.02238,-0.04591,-0.01681,0.309
474500,0.02218,-0.04662,-0.01679,0.310
474600,0.02209,-0.04711,-0.01663,0.310
474700,0.02212,-0.04721,-0.01643,0.310
474800,0.02159,-0.04778,-0.01650,0.312
474900,0.02343,-0.04890,-0.01644,0.313
475000,0.02396,-0.05009,-0.01642,0.312
475100,0.02395,-0.05034,-0.01712,0.312
475200,0.02370,-0.05098,-0.01741,0.314
475300,0.02439,-0.05104,-0.01805,0.314
475400,0.02582,-0.05153,-0.01766,0.315
475500,0.02692,-0.05162,-0.01745,0.316
475600,0.02570,-0.05121,-0.01692,0.316
475700,0.02552,-0.05214,-0.01685,0.315
475800,0.02547,-0.05359,-0.01672,0.314
475900,0.02549,-0.05395,-0.01649,0.315
476000,0.02398,-0.05547,-0.01689,0.316
476100,0.02415,-0.05668,-0.01687,0.316
476200,0.02392,-0.05695,-0.01738,0.315
476300,0.02437,-0.05689,-0.01776,0.315
476400,0.02395,-0.05764,-0.01766,0.315
476500,0.02276,-0.05767,-0.01773,0.315
476600,0.02063,-0.05683,-0.01747,0.315
476700,0.01983,-0.05659,-0.01749,0.314
476800,0.01822,-0.05622,-0.01753,0.314
476900,0.01722,-0.05569,-0.01791,0.313
477000,0.01540,-0.05573,-0.01804,0.311
477100,0.01352,-0.05695,-0.01771,0.311
477200,0.01188,-0.05623,-0.01798,0.311
477300,0.01115,-0.05689,-0.01864,0.310
477400,0.00929,-0.05585,-0.01839,0.310
477500,0.00722,-0.05453,-0.01817,0.310
477600,0.00423,-0.05438,-0.01803,0.309
477700,0.00487,-0.05514,-0.01792,0.310
477800,0.00339,-0.05514,-0.01813,0.309
477900,0.00196,-0.05429,-0.01786,0.310
478000,0.00096,-0.05363,-0.01775,0.310
478100,-0.00010,-0.05395,-0.01789,0.309
478200,-0.00058,-0.05257,-0.01796,0.307
478300,-0.00137,-0.05189,-0.01810,0.307
478400,-0.00155,-0.05033,-0.01783,0.307
478500,-0.00370,-0.05042,-0.01784,0.307
478600,-0.00506,-0.04986,-0.01799,0.307
478700,-0.00643,-0.05021,-0.01905,0.308
478800,-0.00718,-0.05044,-0.01910,0.307
478900,-0.00765,-0.04950,-0.01926,0.305
479000,-0.00776,-0.04997,-0.01925,0.306
479100,-0.00980,-0.04925,-0.01925,0.305
479200,-0.00932,-0.05077,-0.01893,0.304
479300,-0.01107,-0.05183,-0.01850,0.303
479400,-0.01167,-0.05352,-0.01857,0.303
479500,-0.01260,-0.05404,-0.01865,0.302
479600,-0.01313,-0.05394,-0.01891,0.301
479700,-0.01457,-0.05478,-0.01908,0.302
479800,-0.01531,-0.05587,-0.01932,0.303
479900,-0.01497,-0.05732,-0.01928,0.303
480000,-0.01451,-0.05866,-0.01940,0.305
480100,-0.01478,-0.05906,-0.01906,0.305
480200,-0.01454,-0.05970,-0.01926,0.304
480300,-0.01318,-0.06093,-0.01930,0.305
480400,-0.01288,-0.06336,-0.01897,0.306
480500,-0.01310,-0.06274,-0.01948,0.307
480600,-0.01291,-0.06267,-0.01957,0.308
480700,-0.01386,-0.06150,-0.01954,0.307
480800,-0.01439,-0.06132,-0.01964,0.306
480900,-0.01424,-0.06174,-0.01965,0.306
481000,-0.01581,-0.06281,-0.01929,0.306
481100,-0.01571,-0.06178,-0.01896,0.306
481200,-0.01554,-0.06179,-0.01875,0.306
481300,-0.01615,-0.06102,-0.01872,0.306
481400,-0.01733,-0.06091,-0.01870,0.306
481500,-0.01786,-0.06235,-0.01893,0.305
481600,-0.01821,-0.06501,-0.01881,0.307
481700,-0.01762,-0.06560,-0.01853,0.306
481800,-0.01718,-0.06662,-0.01844,0.307
481900,-0.01707,-0.06769,-0.01865,0.307
482000,-0.01694,-0.06754,-0.01840,0.307
482100,-0.01632,-0.06920,-0.01833,0.307
482200,-0.01605,-0.06959,-0.01828,0.308
482300,-0.01623,-0.07018,-0.01773,0.308
482400,-0.01736,-0.07110,-0.01783,0.308
482500,-0.01867,-0.07295,-0.01770,0.308
482600,-0.01893,-0.07354,-0.01753,0.307
482700,-0.01914,-0.07262,-0.01741,0.307
482800,-0.01899,-0.07342,-0.01704,0.308
482900,-0.01869,-0.07435,-0.01723,0.308
483000,-0.01878,-0.07449,-0.01753,0.309
483100,-0.01977,-0.07495,-0.01733,0.309
483200,-0.02177,-0.07460,-0.01757,0.309
483300,-0.02148,-0.07551,-0.01762,0.310
483400,-0.02256,-0.07634,-0.01794,0.310
483500,-0.02366,-0.07636,-0.01774,0.311
483600,-0.02440,-0.07639,-0.01804,0.311
483700,-0.02461,-0.07652,-0.01808,0.311
483800,-0.02346,-0.07716,-0.01826,0.311
483900,-0.02262,-0.07737,-0.01800,0.311
484000,-0.02371,-0.07683,-0.01764,0.310
484100,-0.02300,-0.07768,-0.01740,0.310
484200,-0.02275,-0.07780,-0.01748,0.308
484300,-0.02311,-0.07735,-0.01772,0.308
484400,-0.02401,-0.07694,-0.01780,0.307
484500,-0.02399,-0.07640,-0.01791,0.307
484600,-0.02285,-0.07603,-0.01814,0.308
484700,-0.02421,-0.07597,-0.01877,0.307
484800,-0.02397,-0.07527,-0.01887,0.306
484900,-0.02556,-0.07469,-0.01911,0.305
485000,-0.02589,-0.07436,-0.01908,0.306
485100,-0.02578,-0.07449,-0.01890,0.305
485200,-0.02512,-0.07357,-0.01888,0.304
485300,-0.02604,-0.07296,-0.01877,0.304
485400,-0.02654,-0.07213,-0.01933,0.304
485500,-0.02780,-0.07150,-0.01946,0.304
485600,-0.02726,-0.07233,-0.01950,0.304
485700,-0.02705,-0.07168,-0.01918,0.306
485800,-0.02851,-0.07058,-0.01943,0.306
485900,-0.02825,-0.07156,-0.01935,0.305
486000,-0.02726,-0.07023,-0.01909,0.304
486100,-0.02683,-0.06986,-0.01911,0.303
486200,-0.02646,-0.07149,-0.01879,0.304
486300,-0.02607,-0.07253,-0.01896,0.304
486400,-0.02655,-0.07331,-0.01892,0.305
486500,-0.02656,-0.07348,-0.01861,0.306
486600,-0.02615,-0.07394,-0.01870,0.306
486700,-0.02609,-0.07461,-0.01916,0.307
486800,-0.02674,-0.07375,-0.01907,0.306
486900,-0.02670,-0.07358,-0.01940,0.307
487000,-0.02740,-0.07366,-0.01953,0.307
487100,-0.02608,-0.07439,-0.01988,0.307
487200,-0.02711,-0.07503,-0.01994,0.308
487300,-0.02669,-0.07522,-0.01952,0.309
487400,-0.02606,-0.07711,-0.01947,0.309
487500,-0.02626,-0.07728,-0.01938,0.310
487600,-0.02519,-0.07864,-0.01961,0.310
487700,-0.02725,-0.07818,-0.01968,0.310
487800,-0.02712,-0.07848,-0.01940,0.310
487900,-0.02688,-0.07917,-0.01951,0.310
488000,-0.02792,-0.07943,-0.01943,0.311
488100,-0.02888,-0.07899,-0.01928,0.310
488200,-0.02936,-0.08026,-0.01897,0.312
488300,-0.03067,-0.08031,-0.01873,0.313
488400,-0.03175,-0.08135,-0.01858,0.311
488500,-0.03237,-0.08054,-0.01851,0.311
488600,-0.03306,-0.08102,-0.01780,0.311
488700,-0.03244,-0.08153,-0.01700,0.311
488800,-0.03276,-0.08128,-0.01687,0.310
488900,-0.03307,-0.08148,-0.01664,0.311
489000,-0.03324,-0.08144,-0.01678,0.311
489100,-0.03227,-0.08166,-0.01647,0.311
489200,-0.03330,-0.08100,-0.01624,0.311
489300,-0.03275,-0.08138,-0.01631,0.312
489400,-0.03241,-0.08147,-0.01597,0.312
489500,-0.03177,-0.08162,-0.01598,0.313
489600,-0.03219,-0.08188,-0.01597,0.314
489700,-0.03169,-0.08071,-0.01585,0.314
489800,-0.03253,-0.07700,-0.01553,0.314
489900,-0.03374,-0.07647,-0.01555,0.314
490000,-0.03309,-0.07640,-0.01561,0.314
490100,-0.03399,-0.07615,-0.01594,0.314
490200,-0.03563,-0.07562,-0.01588,0.314
490300,-0.03611,-0.07459,-0.01591,0.313
490400,-0.03589,-0.07312,-0.01575,0.312
490500,-0.03705,-0.07343,-0.01564,0.312
490600,-0.03825,-0.07332,-0.01529,0.311
490700,-0.03978,-0.07255,-0.01536,0.312
490800,-0.04038,-0.07330,-0.01533,0.312
490900,-0.04009,-0.07248,-0.01521,0.313
491000,-0.03850,-0.07256,-0.01554,0.313
491100,-0.03913,-0.07388,-0.01585,0.314
491200,-0.03958,-0.07376,-0.01620,0.314
491300,-0.03856,-0.07496,-0.01565,0.314
491400,-0.03718,-0.07581,-0.01564,0.316
491500,-0.03711,-0.07457,-0.01559,0.316
491600,-0.03785,-0.07295,-0.01568,0.315
491700,-0.03800,-0.07323,-0.01562,0.316
491800,-0.03861,-0.07248,-0.01529,0.316
491900,-0.03761,-0.07334,-0.01512,0.316
492000,-0.03800,-0.07342,-0.01498,0.316
492100,-0.03905,-0.07229,-0.01493,0.315
492200,-0.03976,-0.07423,-0.01464,0.315
492300,-0.03901,-0.07522,-0.01500,0.316
492400,-0.03667,-0.07550,-0.01462,0.316
492500,-0.03574,-0.07573,-0.01436,0.316
492600,-0.03503,-0.07611,-0.01454,0.316
492700,-0.03448,-0.07763,-0.01448,0.317
492800,-0.03488,-0.07765,-0.01483,0.318
492900,-0.03532,-0.07761,-0.01472,0.317
493000,-0.03423,-0.07743,-0.01437,0.317
493100,-0.03426,-0.07769,-0.01438,0.317
493200,-0.03270,-0.07800,-0.01434,0.316
493300,-0.03234,-0.07744,-0.01417,0.317
493400,-0.03093,-0.07804,-0.01405,0.316
493500,-0.03022,-0.07850,-0.01418,0.317
493600,-0.02952,-0.07966,-0.01391,0.317
493700,-0.02876,-0.08015,-0.01339,0.317
493800,-0.02959,-0.07953,-0.01330,0.316
493900,-0.02999,-0.07966,-0.01343,0.317
494000,-0.02952,-0.08179,-0.01319,0.318
494100,-0.02995,-0.08280,-0.01263,0.319
494200,-0.02906,-0.08317,-0.01214,0.321
494300,-0.02873,-0.08409,-0.01190,0.320
494400,-0.02854,-0.08435,-0.01220,0.321
494500,-0.02748,-0.08461,-0.01232,0.321
494600,-0.02759,-0.08510,-0.01191,0.321
494700,-0.02690,-0.08455,-0.01151,0.320
494800,-0.02653,-0.08443,-0.01156,0.320
494900,-0.02635,-0.08474,-0.01115,0.321
495000,-0.02577,-0.08545,-0.01091,0.320
495100,-0.02571,-0.08472,-0.01065,0.320
495200,-0.02637,-0.08524,-0.01035,0.320
495300,-0.02622,-0.08600,-0.01002,0.319
495400,-0.02768,-0.08676,-0.01017,0.319
495500,-0.02812,-0.08743,-0.01006,0.320
495600,-0.02835,-0.08693,-0.01018,0.320
495700,-0.02835,-0.08767,-0.01018,0.320
495800,-0.02754,-0.08805,-0.01024,0.320
495900,-0.02720,-0.08692,-0.00993,0.320
496000,-0.02818,-0.08778,-0.00993,0.320
496100,-0.02861,-0.08800,-0.00965,0.320
496200,-0.02792,-0.08768,-0.00952,0.320
496300,-0.02856,-0.08720,-0.00916,0.320
496400,-0.02744,-0.08712,-0.00939,0.320
496500,-0.02738,-0.08679,-0.00948,0.319
496600,-0.02722,-0.08733,-0.00969,0.319
496700,-0.02748,-0.08722,-0.00937,0.320
496800,-0.02742,-0.08791,-0.00935,0.319
496900,-0.02774,-0.08745,-0.00883,0.319
497000,-0.02681,-0.08713,-0.00868,0.320
497100,-0.02757,-0.08511,-0.00856,0.320
497200,-0.02745,-0.08523,-0.00900,0.321
497300,-0.02759,-0.08486,-0.00901,0.320
497400,-0.02856,-0.08417,-0.00898,0.320
497500,-0.02878,-0.08454,-0.00887,0.320
497600,-0.02831,-0.08372,-0.00870,0.321
497700,-0.02686,-0.08264,-0.00869,0.321
497800,-0.02722,-0.08187,-0.00871,0.321
497900,-0.02663,-0.08258,-0.00862,0.320
498000,-0.02571,-0.08284,-0.00894,0.319
498100,-0.02443,-0.08286,-0.00931,0.319
498200,-0.02393,-0.08214,-0.00944,0.319
498300,-0.02394,-0.08241,-0.00910,0.319
498400,-0.02336,-0.08286,-0.00861,0.319
498500,-0.02313,-0.08378,-0.00833,0.319
498600,-0.02367,-0.08236,-0.00875,0.319
498700,-0.02275,-0.08137,-0.00815,0.320
498800,-0.02231,-0.08112,-0.00796,0.321
498900,-0.02314,-0.08047,-0.00823,0.322
499000,-0.02348,-0.08030,-0.00809,0.321
499100,-0.02293,-0.08078,-0.00831,0.322
499200,-0.02323,-0.08048,-0.00872,0.321
499300,-0.02293,-0.07946,-0.00890,0.321
499400,-0.02283,-0.07844,-0.00884,0.320
499500,-0.02325,-0.07779,-0.00879,0.320
499600,-0.02198,-0.07843,-0.00874,0.320
499700,-0.02160,-0.08000,-0.00857,0.320
499800,-0.02039,-0.08178,-0.00882,0.319
499900,-0.01959,-0.08143,-0.00875,0.319
500000,-0.01984,-0.08117,-0.00885,0.319
500100,-0.01837,-0.08209,-0.00885,0.318
500200,-0.01733,-0.08227,-0.00865,0.319
500300,-0.01725,-0.08241,-0.00863,0.319
500400,-0.01737,-0.08077,-0.00865,0.319
500500,-0.01616,-0.08013,-0.00856,0.320
500600,-0.01554,-0.07990,-0.00886,0.320
500700,-0.01338,-0.08097,-0.00894,0.319
500800,-0.01245,-0.08026,-0.00896,0.319
500900,-0.01128,-0.08137,-0.00904,0.321
501000,-0.01080,-0.08085,-0.00880,0.320
501100,-0.00985,-0.08039,-0.00842,0.319
501200,-0.00829,-0.08012,-0.00784,0.318
501300,-0.00845,-0.07948,-0.00781,0.317
501400,-0.00846,-0.07929,-0.00801,0.317
501500,-0.00666,-0.07947,-0.00798,0.316
501600,-0.00574,-0.07886,-0.00784,0.316
501700,-0.00495,-0.07766,-0.00825,0.315
501800,-0.00454,-0.07690,-0.00873,0.316
501900,-0.00512,-0.07776,-0.00830,0.317
502000,-0.00428,-0.07828,-0.00880,0.318
502100,-0.00244,-0.07961,-0.00951,0.319
502200,-0.00128,-0.07860,-0.01000,0.318
502300,-0.00214,-0.07711,-0.00993,0.318
502400,-0.00294,-0.07635,-0.01021,0.318
502500,-0.00239,-0.07555,-0.01050,0.318
502600,-0.00181,-0.07428,-0.01114,0.319
502700,-0.00123,-0.07332,-0.01129,0.319
502800,-0.00064,-0.07324,-0.01145,0.318
502900,-0.00102,-0.07440,-0.01157,0.318
503000,-0.00179,-0.07434,-0.01191,0.318
503100,-0.00203,-0.07392,-0.01183,0.318
503200,-0.00197,-0.07306,-0.01181,0.318
503300,-0.00200,-0.07272,-0.01171,0.318
503400,-0.00322,-0.07289,-0.01196,0.318
503500,-0.00403,-0.07321,-0.01206,0.318
503600,-0.00384,-0.07304,-0.01216,0.319
503700,-0.00466,-0.07191,-0.01243,0.319
503800,-0.00518,-0.07209,-0.01228,0.319
503900,-0.00516,-0.07232,-0.01220,0.319
504000,-0.00438,-0.07172,-0.01260,0.318
504100,-0.00377,-0.07019,-0.01318,0.317
504200,-0.00396,-0.06988,-0.01375,0.316
504300,-0.00352,-0.07008,-0.01402,0.317
504400,-0.00346,-0.06999,-0.01385,0.316
504500,-0.00436,-0.07088,-0.01359,0.316
504600,-0.00464,-0.07073,-0.01358,0.315
504700,-0.00463,-0.07174,-0.01408,0.316
504800,-0.00495,-0.07249,-0.01413,0.316
504900,-0.00483,-0.07174,-0.01444,0.317
505000,-0.00548,-0.07040,-0.01419,0.317
505100,-0.00628,-0.07063,-0.01426,0.317
505200,-0.00644,-0.06854,-0.01482,0.318
505300,-0.00652,-0.06666,-0.01501,0.318
505400,-0.00608,-0.06681,-0.01478,0.318
505500,-0.00613,-0.06609,-0.01480,0.317
505600,-0.00472,-0.06498,-0.01490,0.317
505700,-0.00499,-0.06614,-0.01464,0.317
505800,-0.00538,-0.06627,-0.01443,0.317
505900,-0.00549,-0.06700,-0.01460,0.316
506000,-0.00384,-0.06660,-0.01432,0.316
506100,-0.00240,-0.06686,-0.01384,0.316
506200,-0.00266,-0.06720,-0.01407,0.316
506300,-0.00156,-0.06772,-0.01400,0.314
506400,-0.00137,-0.06810,-0.01374,0.314
506500,-0.00156,-0.06830,-0.01352,0.315
506600,-0.00116,-0.06752,-0.01359,0.315
506700,-0.00002,-0.06754,-0.01377,0.314
506800,0.00010,-0.06718,-0.01369,0.314
506900,-0.00035,-0.06667,-0.01351,0.314
507000,-0.00057,-0.06753,-0.01351,0.314
507100,0.00119,-0.06935,-0.01313,0.314
507200,0.00147,-0.06907,-0.01269,0.313
507300,0.00213,-0.06957,-0.01225,0.312
507400,0.00306,-0.06867,-0.01230,0.312
507500,0.00485,-0.06943,-0.01207,0.311
507600,0.00544,-0.06957,-0.01211,0.311
507700,0.00635,-0.07124,-0.01185,0.311
507800,0.00682,-0.07370,-0.01196,0.312
507900,0.00683,-0.07265,-0.01199,0.312
508000,0.00732,-0.07300,-0.01175,0.312
508100,0.00614,-0.07374,-0.01174,0.312
508200,0.00645,-0.07452,-0.01152,0.312
508300,0.00689,-0.07405,-0.01123,0.313
508400,0.00611,-0.07271,-0.01182,0.313
508500,0.00600,-0.07329,-0.01209,0.313
508600,0.00754,-0.07451,-0.01234,0.313
508700,0.00638,-0.07458,-0.01285,0.312
508800,0.00649,-0.07499,-0.01299,0.311
508900,0.00733,-0.07523,-0.01255,0.311
509000,0.00740,-0.07634,-0.01268,0.312
509100,0.00663,-0.07598,-0.01234,0.312
509200,0.00834,-0.07635,-0.01191,0.313
509300,0.00894,-0.07825,-0.01184,0.312
509400,0.00998,-0.08010,-0.01186,0.314
509500,0.01063,-0.08121,-0.01177,0.314
509600,0.01040,-0.08156,-0.01137,0.313
509700,0.01024,-0.08160,-0.01126,0.312
509800,0.01032,-0.08315,-0.01107,0.313
509900,0.00953,-0.08459,-0.01076,0.314
510000,0.00921,-0.08602,-0.00994,0.314
510100,0.00866,-0.08658,-0.00975,0.314
510200,0.00882,-0.08745,-0.00995,0.314
510300,0.00807,-0.08855,-0.00973,0.314
510400,0.00837,-0.09094,-0.01005,0.314
510500,0.00877,-0.09178,-0.00964,0.314
510600,0.01037,-0.09352,-0.00888,0.314
510700,0.01107,-0.09324,-0.00849,0.313
510800,0.01056,-0.09382,-0.00859,0.312
510900,0.00965,-0.09371,-0.00850,0.311
511000,0.00924,-0.09496,-0.00857,0.310
511100,0.00905,-0.09577,-0.00870,0.311
511200,0.00938,-0.09658,-0.00870,0.312
511300,0.00910,-0.09763,-0.00848,0.313
511400,0.00945,-0.09796,-0.00811,0.312
511500,0.00863,-0.09902,-0.00750,0.312
511600,0.01009,-0.10116,-0.00714,0.313
511700,0.01126,-0.10237,-0.00673,0.314
511800,0.01159,-0.10415,-0.00622,0.313
511900,0.01134,-0.10431,-0.00632,0.312
512000,0.01157,-0.10456,-0.00602,0.312
512100,0.01064,-0.10432,-0.00523,0.310
512200,0.01007,-0.10505,-0.00504,0.310
512300,0.01163,-0.10672,-0.00466,0.310
512400,0.01159,-0.10692,-0.00413,0.310
512500,0.01152,-0.10816,-0.00360,0.311
512600,0.01091,-0.10998,-0.00269,0.310
512700,0.01026,-0.11072,-0.00222,0.310
512800,0.01176,-0.11073,-0.00176,0.310
512900,0.01343,-0.11053,-0.00136,0.311
513000,0.01431,-0.11122,-0.00094,0.311
513100,0.01566,-0.11169,-0.00062,0.310
513200,0.01576,-0.11273,-0.00027,0.311
513300,0.01564,-0.11332,-0.00024,0.311
513400,0.01673,-0.11270,0.00011,0.310
513500,0.01740,-0.11233,0.00021,0.310
513600,0.01837,-0.11263,0.00064,0.309
513700,0.01926,-0.11436,0.00056,0.309
513800,0.02028,-0.11513,0.00066,0.309
513900,0.02173,-0.11548,0.00017,0.308
514000,0.02012,-0.11541,-0.00007,0.307
514100,0.01977,-0.11596,-0.00011,0.308
514200,0.02036,-0.11532,0.00079,0.308
514300,0.02025,-0.11484,0.00103,0.307
514400,0.02015,-0.11430,0.00097,0.306
514500,0.02018,-0.11400,0.00100,0.306
514600,0.02042,-0.11480,0.00094,0.306
514700,0.02026,-0.11429,0.00146,0.306
514800,0.02077,-0.11296,0.00142,0.306
514900,0.01942,-0.11273,0.00142,0.305
515000,0.02034,-0.11297,0.00078,0.306
515100,0.02133,-0.11324,0.00085,0.305
515200,0.02114,-0.11571,0.00103,0.304
515300,0.02207,-0.11709,0.00083,0.303
515400,0.02237,-0.11674,0.00096,0.302
515500,0.02344,-0.11757,0.00096,0.301
515600,0.02338,-0.11936,0.00120,0.300
515700,0.02426,-0.11771,0.00055,0.299
515800,0.02460,-0.11776,0.00033,0.299
515900,0.02391,-0.11736,0.00061,0.301
516000,0.02254,-0.11666,0.00013,0.301
516100,0.02100,-0.11566,-0.00057,0.301
516200,0.02132,-0.11585,-0.00005,0.301
516300,0.02121,-0.11624,0.00049,0.302
516400,0.02089,-0.11621,0.00036,0.301
516500,0.02095,-0.11615,0.00034,0.302
516600,0.02138,-0.11687,0.00091,0.302
516700,0.02165,-0.11755,0.00104,0.303
516800,0.02216,-0.11808,0.00145,0.304
516900,0.02220,-0.12028,0.00147,0.303
517000,0.02262,-0.11970,0.00151,0.303
517100,0.02174,-0.11941,0.00109,0.302
517200,0.02223,-0.11897,0.00114,0.302
517300,0.02216,-0.11891,0.00079,0.303
517400,0.02301,-0.11990,0.00144,0.302
517500,0.02206,-0.11918,0.00078,0.301
517600,0.02267,-0.11953,0.00111,0.301
517700,0.02192,-0.11960,0.00074,0.301
517800,0.02128,-0.11823,0.00071,0.300
517900,0.02111,-0.11836,0.00113,0.300
518000,0.02062,-0.11853,0.00078,0.301
518100,0.02031,-0.11754,0.00106,0.301
518200,0.02096,-0.11583,0.00134,0.302
518300,0.02155,-0.11596,0.00088,0.301
518400,0.02242,-0.11628,0.00162,0.302
518500,0.02371,-0.11513,0.00221,0.302
518600,0.02392,-0.11420,0.00325,0.302
518700,0.02493,-0.11408,0.00302,0.302
518800,0.02514,-0.11409,0.00305,0.302
518900,0.02594,-0.11522,0.00307,0.302
519000,0.02641,-0.11516,0.00338,0.302
519100,0.02743,-0.11445,0.00335,0.302
519200,0.02652,-0.11384,0.00307,0.302
519300,0.02662,-0.11309,0.00379,0.302
519400,0.02554,-0.11234,0.00397,0.301
519500,0.02542,-0.11284,0.00415,0.301
519600,0.02492,-0.11282,0.00382,0.302
519700,0.02521,-0.11233,0.00321,0.302
519800,0.02504,-0.11202,0.00273,0.300
519900,0.02659,-0.11141,0.00294,0.300
520000,0.02718,-0.11111,0.00264,0.300
520100,0.02717,-0.11079,0.00300,0.299
520200,0.02708,-0.11057,0.00374,0.300
520300,0.02859,-0.11018,0.00390,0.300
520400,0.02857,-0.11041,0.00416,0.300
520500,0.02832,-0.11136,0.00385,0.300
520600,0.02792,-0.11141,0.00346,0.300
520700,0.02691,-0.11259,0.00345,0.301
520800,0.02586,-0.11282,0.00388,0.301
520900,0.02606,-0.11339,0.00418,0.301
521000,0.02533,-0.11282,0.00430,0.301
521100,0.02427,-0.11197,0.00442,0.300
521200,0.02250,-0.11160,0.00411,0.300
521300,0.02150,-0.11166,0.00408,0.302
521400,0.02159,-0.11233,0.00407,0.303
521500,0.02254,-0.11289,0.00438,0.305
521600,0.02227,-0.11220,0.00445,0.304
521700,0.02137,-0.11156,0.00433,0.302
521800,0.02228,-0.11075,0.00453,0.302
521900,0.02285,-0.10971,0.00424,0.302
522000,0.02368,-0.11110,0.00452,0.303
522100,0.02461,-0.11121,0.00439,0.304
522200,0.02502,-0.11201,0.00448,0.305
522300,0.02534,-0.11239,0.00427,0.304
522400,0.02599,-0.11369,0.00410,0.305
522500,0.02593,-0.11394,0.00408,0.305
522600,0.02625,-0.11426,0.00432,0.306
522700,0.02799,-0.11465,0.00417,0.306
522800,0.02768,-0.11515,0.00410,0.306
522900,0.02744,-0.11520,0.00408,0.306
523000,0.02851,-0.11523,0.00437,0.306
523100,0.02683,-0.11541,0.00415,0.307
523200,0.02704,-0.11485,0.00417,0.306
523300,0.02611,-0.11471,0.00427,0.306
523400,0.02475,-0.11542,0.00426,0.306
523500,0.02404,-0.11614,0.00428,0.305
523600,0.02178,-0.11581,0.00384,0.305
523700,0.02070,-0.11527,0.00424,0.304
523800,0.01974,-0.11552,0.00436,0.305
523900,0.01829,-0.11579,0.00491,0.305
524000,0.01912,-0.11541,0.00505,0.306
524100,0.01928,-0.11580,0.00479,0.306
524200,0.01884,-0.11486,0.00420,0.306
524300,0.01915,-0.11440,0.00408,0.308
524400,0.01859,-0.11394,0.00456,0.310
524500,0.02005,-0.11326,0.00472,0.309
524600,0.02051,-0.11283,0.00457,0.308
524700,0.02067,-0.11325,0.00448,0.309
524800,0.02090,-0.11316,0.00459,0.310
524900,0.02207,-0.11340,0.00492,0.310
525000,0.02164,-0.11202,0.00518,0.310
525100,0.02235,-0.11270,0.00542,0.311
525200,0.02257,-0.11231,0.00527,0.312
525300,0.02235,-0.11233,0.00524,0.314
525400,0.02215,-0.11218,0.00513,0.315
525500,0.02207,-0.11219,0.00510,0.316
525600,0.02086,-0.11229,0.00480,0.317
525700,0.01972,-0.11347,0.00521,0.317
525800,0.01931,-0.11399,0.00513,0.317
525900,0.01945,-0.11379,0.00453,0.317
526000,0.02038,-0.11477,0.00469,0.317
526100,0.01952,-0.11549,0.00526,0.317
526200,0.01846,-0.11475,0.00519,0.317
526300,0.01773,-0.11475,0.00483,0.318
526400,0.01760,-0.11467,0.00477,0.318
526500,0.01802,-0.11502,0.00490,0.317
526600,0.01704,-0.11489,0.00464,0.316
526700,0.01651,-0.11480,0.00457,0.317
526800,0.01755,-0.11551,0.00459,0.318
526900,0.01796,-0.11497,0.00426,0.317
527000,0.01765,-0.11523,0.00416,0.317
527100,0.01805,-0.11426,0.00445,0.317
527200,0.01888,-0.11388,0.00430,0.318
527300,0.01951,-0.11467,0.00366,0.317
527400,0.01920,-0.11566,0.00312,0.319
527500,0.01986,-0.11697,0.00358,0.321
527600,0.01963,-0.11724,0.00318,0.321
527700,0.02037,-0.11721,0.00346,0.321
527800,0.02122,-0.11720,0.00355,0.321
527900,0.02099,-0.11740,0.00321,0.321
528000,0.02120,-0.11775,0.00346,0.321
528100,0.02175,-0.11899,0.00373,0.322
528200,0.02173,-0.12043,0.00353,0.321
528300,0.02133,-0.12088,0.00328,0.321
528400,0.02103,-0.12208,0.00278,0.320
528500,0.02017,-0.12286,0.00230,0.320
528600,0.01971,-0.12406,0.00163,0.319
528700,0.01989,-0.12539,0.00190,0.320
528800,0.02015,-0.12616,0.00176,0.320
528900,0.01968,-0.12627,0.00155,0.320
529000,0.01898,-0.12615,0.00165,0.320
529100,0.01873,-0.12718,0.00147,0.320
529200,0.01933,-0.12746,0.00131,0.320
529300,0.01864,-0.12728,0.00070,0.321
529400,0.01896,-0.12724,0.00042,0.320
529500,0.01928,-0.12617,-0.00007,0.320
529600,0.01947,-0.12570,0.00005,0.320
529700,0.01869,-0.12642,0.00042,0.320
529800,0.01807,-0.12620,0.00060,0.322
529900,0.01770,-0.12566,0.00047,0.322
530000,0.01659,-0.12578,0.00043,0.321
530100,0.01653,-0.12642,0.00026,0.322
530200,0.01644,-0.12674,-0.00019,0.323
530300,0.01542,-0.12618,-0.00060,0.323
530400,0.01451,-0.12523,-0.00093,0.324
530500,0.01415,-0.12423,-0.00059,0.324
530600,0.01381,-0.12376,-0.00097,0.324
530700,0.01384,-0.12308,-0.00131,0.323
530800,0.01521,-0.12341,-0.00148,0.323
530900,0.01446,-0.12309,-0.00182,0.323
531000,0.01476,-0.12355,-0.00169,0.323
531100,0.01541,-0.12395,-0.00198,0.323
531200,0.01608,-0.12413,-0.00167,0.323
531300,0.01806,-0.12406,-0.00171,0.322
531400,0.01797,-0.12352,-0.00225,0.321
531500,0.01634,-0.12230,-0.00299,0.320
531600,0.01545,-0.12248,-0.00381,0.320
531700,0.01526,-0.12233,-0.00399,0.321
531800,0.01331,-0.12142,-0.00408,0.321
531900,0.01297,-0.12206,-0.00416,0.321
532000,0.01183,-0.12127,-0.00443,0.320
532100,0.00998,-0.12170,-0.00458,0.319
532200,0.01028,-0.12115,-0.00492,0.318
532300,0.00831,-0.12145,-0.00502,0.318
532400,0.00790,-0.12135,-0.00556,0.317
532500,0.00677,-0.12100,-0.00618,0.318
532600,0.00635,-0.11954,-0.00648,0.317
532700,0.00687,-0.11957,-0.00606,0.318
532800,0.00670,-0.11971,-0.00630,0.317
532900,0.00585,-0.11937,-0.00655,0.315
533000,0.00422,-0.11868,-0.00726,0.314
533100,0.00568,-0.11758,-0.00732,0.315
533200,0.00503,-0.11759,-0.00737,0.314
533300,0.00646,-0.11647,-0.00748,0.316
533400,0.00793,-0.11563,-0.00782,0.315
533500,0.00994,-0.11514,-0.00816,0.316
533600,0.01173,-0.11480,-0.00817,0.316
533700,0.01312,-0.11417,-0.00844,0.316
533800,0.01398,-0.11250,-0.00881,0.316
533900,0.01463,-0.11096,-0.00887,0.316
534000,0.01546,-0.11163,-0.00892,0.316
534100,0.01576,-0.11115,-0.00848,0.318
534200,0.01652,-0.11311,-0.00839,0.318
534300,0.01552,-0.11358,-0.00838,0.316
534400,0.01692,-0.11502,-0.00875,0.315
534500,0.01711,-0.11555,-0.00866,0.316
534600,0.01655,-0.11472,-0.00830,0.316
534700,0.01664,-0.11483,-0.00838,0.315
534800,0.01592,-0.11507,-0.00845,0.315
534900,0.01719,-0.11556,-0.00939,0.314
535000,0.01815,-0.11758,-0.00975,0.314
535100,0.01739,-0.11737,-0.01000,0.314
535200,0.01769,-0.11763,-0.00983,0.313
535300,0.01791,-0.11677,-0.00941,0.312
535400,0.01833,-0.11718,-0.00946,0.312
535500,0.01764,-0.11686,-0.00954,0.312
535600,0.01877,-0.11583,-0.00928,0.312
535700,0.01898,-0.11436,-0.00931,0.311
535800,0.01974,-0.11455,-0.00911,0.312
535900,0.01966,-0.11487,-0.00903,0.312
536000,0.01757,-0.11431,-0.00900,0.312
536100,0.01768,-0.11434,-0.00971,0.312
536200,0.01830,-0.11457,-0.00993,0.311
536300,0.01956,-0.11488,-0.00980,0.311
536400,0.01961,-0.11387,-0.00958,0.311
536500,0.02014,-0.11392,-0.00982,0.311
536600,0.02071,-0.11445,-0.00990,0.311
536700,0.02060,-0.11355,-0.00988,0.312
536800,0.01969,-0.11334,-0.01000,0.310
536900,0.01967,-0.11378,-0.00964,0.311
537000,0.01979,-0.11412,-0.00908,0.312
537100,0.02037,-0.11553,-0.00908,0.313
537200,0.01950,-0.11592,-0.00894,0.313
537300,0.01900,-0.11506,-0.00793,0.313
537400,0.01867,-0.11391,-0.00784,0.313
537500,0.01838,-0.11302,-0.00814,0.312
537600,0.01782,-0.11304,-0.00766,0.311
537700,0.01752,-0.11354,-0.00767,0.310
537800,0.01697,-0.11304,-0.00747,0.311
537900,0.01641,-0.11191,-0.00793,0.311
538000,0.01643,-0.11136,-0.00783,0.312
538100,0.01715,-0.11136,-0.00831,0.311
538200,0.01690,-0.11170,-0.00851,0.311
538300,0.01595,-0.11152,-0.00857,0.311
538400,0.01621,-0.11081,-0.00874,0.312
538500,0.01565,-0.11020,-0.00866,0.312
538600,0.01530,-0.11026,-0.00837,0.312
538700,0.01472,-0.11021,-0.00826,0.312
538800,0.01421,-0.10972,-0.00811,0.311
538900,0.01455,-0.10946,-0.00800,0.311
539000,0.01560,-0.10977,-0.00810,0.311
539100,0.01541,-0.10958,-0.00810,0.311
539200,0.01495,-0.11028,-0.00776,0.311
539300,0.01422,-0.11043,-0.00762,0.310
539400,0.01438,-0.11108,-0.00716,0.311
539500,0.01352,-0.11135,-0.00693,0.311
539600,0.01393,-0.11151,-0.00683,0.310
539700,0.01405,-0.11171,-0.00674,0.309
539800,0.01418,-0.11193,-0.00664,0.309
539900,0.01384,-0.11231,-0.00675,0.307
540000,0.01460,-0.11196,-0.00668,0.308
540100,0.01369,-0.11105,-0.00684,0.307
540200,0.01345,-0.11079,-0.00678,0.306
540300,0.01369,-0.11113,-0.00680,0.305
540400,0.01392,-0.11093,-0.00645,0.305
540500,0.01176,-0.11053,-0.00698,0.305
540600,0.01044,-0.11024,-0.00669,0.305
540700,0.00959,-0.11030,-0.00668,0.305
540800,0.00954,-0.10920,-0.00670,0.306
540900,0.00972,-0.10888,-0.00687,0.306
541000,0.01027,-0.10801,-0.00723,0.306
541100,0.01051,-0.10752,-0.00711,0.305
541200,0.01022,-0.10665,-0.00742,0.305
541300,0.00907,-0.10651,-0.00770,0.304
541400,0.00848,-0.10621,-0.00721,0.304
541500,0.00916,-0.10638,-0.00699,0.303
541600,0.00803,-0.10599,-0.00623,0.304
541700,0.00675,-0.10685,-0.00575,0.305
541800,0.00782,-0.10849,-0.00556,0.306
541900,0.00723,-0.10920,-0.00524,0.305
542000,0.00804,-0.10835,-0.00551,0.306
542100,0.00848,-0.10832,-0.00559,0.305
542200,0.00747,-0.10797,-0.00556,0.306
542300,0.00775,-0.10692,-0.00568,0.305
542400,0.00648,-0.10684,-0.00547,0.304
542500,0.00673,-0.10633,-0.00526,0.304
542600,0.00590,-0.10750,-0.00532,0.304
542700,0.00283,-0.10692,-0.00563,0.304
542800,0.00069,-0.10663,-0.00556,0.304
542900,0.00068,-0.10736,-0.00548,0.304
543000,0.00123,-0.10804,-0.00525,0.305
543100,-0.00091,-0.10840,-0.00551,0.305
543200,-0.00044,-0.10896,-0.00573,0.305
543300,-0.00128,-0.10956,-0.00564,0.304
543400,-0.00197,-0.11087,-0.00542,0.304
543500,-0.00298,-0.11098,-0.00491,0.304
543600,-0.00381,-0.11112,-0.00501,0.303
543700,-0.00258,-0.11222,-0.00503,0.304
543800,-0.00126,-0.11381,-0.00496,0.304
543900,-0.00154,-0.11540,-0.00493,0.304
544000,-0.00295,-0.11525,-0.00524,0.304
544100,-0.00319,-0.11582,-0.00525,0.302
544200,-0.00331,-0.11510,-0.00531,0.302
544300,-0.00335,-0.11512,-0.00492,0.301
544400,-0.00482,-0.11422,-0.00511,0.301
544500,-0.00772,-0.11492,-0.00540,0.302
544600,-0.00843,-0.11574,-0.00575,0.303
544700,-0.00766,-0.11560,-0.00603,0.303
544800,-0.00715,-0.11690,-0.00631,0.304
544900,-0.00849,-0.11691,-0.00585,0.304
545000,-0.01004,-0.11746,-0.00597,0.304
545100,-0.01021,-0.11729,-0.00585,0.305
545200,-0.00995,-0.11673,-0.00585,0.306
545300,-0.00938,-0.11823,-0.00563,0.306
545400,-0.00940,-0.11875,-0.00588,0.306
545500,-0.00872,-0.11853,-0.00589,0.306
545600,-0.00877,-0.11991,-0.00612,0.307
545700,-0.00770,-0.12072,-0.00633,0.306
545800,-0.00745,-0.11995,-0.00625,0.307
545900,-0.00674,-0.12012,-0.00600,0.307
546000,-0.00516,-0.11962,-0.00603,0.308
546100,-0.00468,-0.11953,-0.00588,0.307
546200,-0.00487,-0.11947,-0.00596,0.307
546300,-0.00615,-0.11840,-0.00638,0.307
546400,-0.00574,-0.11945,-0.00638,0.305
546500,-0.00585,-0.11968,-0.00651,0.305
546600,-0.00599,-0.11908,-0.00656,0.305
546700,-0.00587,-0.11923,-0.00668,0.304
546800,-0.00563,-0.11868,-0.00714,0.304
546900,-0.00427,-0.11769,-0.00737,0.303
547000,-0.00398,-0.11671,-0.00811,0.302
547100,-0.00479,-0.11689,-0.00808,0.302
547200,-0.00355,-0.11674,-0.00862,0.301
547300,-0.00362,-0.11612,-0.00898,0.301
547400,-0.00286,-0.11616,-0.00931,0.301
547500,-0.00192,-0.11545,-0.00961,0.302
547600,-0.00189,-0.11375,-0.00996,0.302
547700,-0.00280,-0.11341,-0.01020,0.302
547800,-0.00375,-0.11400,-0.01061,0.302
547900,-0.00254,-0.11473,-0.01058,0.302
548000,-0.00206,-0.11447,-0.01071,0.300
548100,-0.00255,-0.11243,-0.01074,0.300
548200,-0.00194,-0.11155,-0.01079,0.301
548300,-0.00012,-0.11088,-0.01061,0.302
548400,-0.00101,-0.11076,-0.01001,0.302
548500,-0.00040,-0.11075,-0.01043,0.301
548600,-0.00022,-0.10945,-0.01075,0.301
548700,-0.00029,-0.10821,-0.01076,0.301
548800,-0.00011,-0.10711,-0.01115,0.302
548900,0.00025,-0.10721,-0.01136,0.303
549000,0.00010,-0.10591,-0.01172,0.303
549100,0.00010,-0.10539,-0.01198,0.303
549200,-0.00141,-0.10522,-0.01274,0.304
549300,-0.00107,-0.10504,-0.01287,0.305
549400,-0.00239,-0.10314,-0.01322,0.305
549500,-0.00211,-0.10157,-0.01324,0.305
549600,-0.00170,-0.10103,-0.01339,0.305
549700,-0.00091,-0.09995,-0.01310,0.307
549800,-0.00017,-0.09957,-0.01296,0.306
549900,0.00037,-0.09895,-0.01311,0.307
550000,0.00109,-0.09832,-0.01306,0.307
550100,0.00252,-0.09883,-0.01310,0.306
550200,0.00216,-0.09729,-0.01305,0.306
550300,0.00218,-0.09807,-0.01295,0.307
550400,0.00313,-0.09799,-0.01285,0.307
550500,0.00474,-0.09896,-0.01228,0.307
550600,0.00455,-0.09906,-0.01204,0.308
550700,0.00466,-0.09924,-0.01201,0.307
550800,0.00509,-0.10019,-0.01212,0.307
550900,0.00469,-0.10012,-0.01177,0.307
551000,0.00441,-0.10038,-0.01153,0.306
551100,0.00392,-0.10006,-0.01147,0.306
551200,0.00496,-0.10104,-0.01143,0.306
551300,0.00473,-0.10098,-0.01130,0.307
551400,0.00538,-0.10142,-0.01156,0.308
551500,0.00485,-0.10182,-0.01162,0.309
551600,0.00626,-0.10203,-0.01166,0.308
551700,0.00807,-0.10275,-0.01171,0.309
551800,0.00760,-0.10186,-0.01166,0.308
551900,0.00844,-0.10075,-0.01141,0.309
552000,0.00828,-0.10102,-0.01096,0.308
552100,0.00933,-0.10147,-0.01027,0.309
552200,0.01031,-0.10267,-0.00987,0.309
552300,0.01073,-0.10264,-0.00979,0.310
552400,0.01118,-0.10183,-0.00938,0.310
552500,0.01167,-0.10139,-0.00952,0.310
552600,0.01212,-0.10086,-0.00925,0.310
552700,0.01369,-0.10080,-0.00916,0.309
552800,0.01533,-0.10147,-0.00958,0.309
552900,0.01507,-0.10052,-0.00971,0.311
553000,0.01399,-0.09964,-0.00977,0.311
553100,0.01539,-0.09953,-0.00930,0.311
553200,0.01491,-0.09981,-0.00916,0.311
553300,0.01555,-0.10064,-0.00894,0.311
553400,0.01716,-0.10096,-0.00857,0.312
553500,0.01759,-0.10125,-0.00913,0.312
553600,0.01703,-0.10211,-0.00881,0.313
553700,0.01569,-0.10182,-0.00835,0.313
553800,0.01418,-0.10222,-0.00782,0.313
553900,0.01443,-0.10161,-0.00763,0.312
554000,0.01490,-0.10131,-0.00709,0.312
554100,0.01375,-0.10133,-0.00675,0.312
554200,0.01271,-0.10112,-0.00694,0.313
554300,0.01280,-0.10135,-0.00745,0.314
554400,0.01236,-0.10221,-0.00770,0.315
554500,0.01423,-0.10172,-0.00790,0.312
554600,0.01450,-0.10219,-0.00802,0.312
554700,0.01412,-0.10153,-0.00789,0.311
554800,0.01366,-0.10099,-0.00739,0.311
554900,0.01363,-0.10133,-0.00762,0.312
555000,0.01560,-0.10087,-0.00769,0.311
555100,0.01662,-0.10130,-0.00768,0.311
555200,0.01663,-0.10090,-0.00833,0.311
555300,0.01643,-0.10064,-0.00894,0.311
555400,0.01772,-0.10094,-0.00889,0.311
555500,0.01835,-0.10188,-0.00861,0.311
555600,0.01814,-0.10169,-0.00870,0.310
555700,0.01768,-0.10196,-0.00865,0.310
555800,0.01713,-0.10239,-0.00835,0.309
555900,0.01646,-0.10094,-0.00837,0.309
556000,0.01664,-0.10107,-0.00846,0.309
556100,0.01692,-0.10126,-0.00836,0.310
556200,0.01775,-0.10127,-0.00817,0.310
556300,0.01777,-0.10198,-0.00820,0.311
556400,0.01636,-0.10203,-0.00797,0.312
556500,0.01550,-0.10185,-0.00767,0.312
556600,0.01394,-0.10116,-0.00743,0.313
556700,0.01361,-0.10112,-0.00676,0.314
556800,0.01342,-0.10165,-0.00663,0.313
556900,0.01222,-0.10303,-0.00593,0.314
557000,0.01235,-0.10472,-0.00560,0.315
557100,0.01221,-0.10517,-0.00524,0.315
557200,0.01153,-0.10576,-0.00456,0.315
557300,0.01129,-0.10718,-0.00428,0.315
557400,0.01087,-0.10773,-0.00395,0.315
557500,0.01016,-0.10775,-0.00377,0.314
557600,0.01089,-0.10929,-0.00361,0.314
557700,0.01136,-0.10864,-0.00321,0.314
