i,word,power,danger
0,err,-0.291,0.355
0,fall,-0.288,0.330
1,crime,0.092,0.621
1,great,0.531,-0.204
2,strong,0.608,-0.112
2,rich,0.544,-0.171
3,criminal,-0.060,0.575
3,love,0.383,-0.341
4,destroy,0.079,0.634
4,infidelity,-0.164,0.503
5,murder,0.076,0.627
5,wrath,0.000,0.617
6,ill,-0.473,0.234
6,unpleasant,-0.363,0.337
7,sleep,-0.203,-0.448
7,god,0.416,-0.158
8,life,0.497,-0.209
8,despair,-0.236,0.470
9,wretch,-0.330,0.437
9,radiant,0.507,-0.119
10,serenity,0.060,-0.547
10,dead,-0.467,0.279
11,admired,0.464,-0.247
11,holy,0.107,-0.485
12,violent,0.090,0.574
12,death,-0.149,0.490
13,initiative,0.415,-0.150
13,possessed,0.178,0.395
14,monster,0.094,0.569
14,vitality,0.509,-0.245
15,monstrous,0.117,0.605
15,tormented,-0.172,0.547
16,peace,0.136,-0.550
16,greatest,0.539,-0.145
17,sorrow,-0.593,0.127
17,calm,-0.162,-0.556
18,life,0.497,-0.209
18,poverty,-0.434,0.310
19,library,-0.008,-0.458
19,books,-0.121,-0.434
20,sick,-0.494,0.223
20,holy,0.107,-0.485
21,perfect,0.493,-0.351
21,silk,-0.199,-0.462
22,rich,0.544,-0.171
22,blessing,0.318,-0.460
23,excellent,0.543,-0.264
23,opportunity,0.576,-0.134
24,cheer,0.603,-0.106
24,water,-0.076,-0.488
25,god,0.416,-0.158
25,six,-0.331,-0.248
26,meditation,-0.055,-0.470
26,little,-0.428,-0.163
27,wisdom,0.388,-0.432
27,creation,0.515,-0.241
28,alone,-0.448,-0.121
28,beautiful,0.348,-0.186
29,hospitality,0.265,-0.369
29,bed,-0.230,-0.308
30,sick,-0.494,0.223
30,small,-0.395,-0.250
31,hit,0.203,0.496
31,extremely,0.503,0.144
32,wealthy,0.506,-0.248
32,poor,-0.538,0.133
33,general,0.414,-0.237
33,embarrassment,-0.288,0.374
34,chair,-0.331,-0.342
34,gone,-0.457,-0.049
35,sofa,-0.319,-0.342
35,view,0.137,-0.427
36,betrayed,-0.199,0.451
36,easy,-0.056,-0.480
37,luxury,0.479,-0.183
37,represent,0.369,-0.234
38,saint,0.171,-0.397
38,order,0.269,-0.330
39,king,0.463,0.020
39,little,-0.428,-0.163
40,delightful,0.425,-0.134
40,beneath,-0.422,-0.131
41,poor,-0.538,0.133
41,clean,0.005,-0.464
42,delight,0.409,-0.204
42,reality,0.286,-0.288
43,small,-0.395,-0.250
43,big,0.418,-0.144
44,useless,-0.527,0.202
44,malice,-0.070,0.523
45,respected,0.430,-0.321
45,natural,-0.020,-0.520
46,ignorant,-0.417,0.249
46,respects,0.350,-0.310
47,confidence,0.442,-0.467
47,alone,-0.448,-0.121
48,worthy,0.293,-0.323
48,book,0.088,-0.414
49,fear,-0.200,0.534
49,misfortune,-0.205,0.479
50,tranquil,-0.091,-0.588
50,destruction,0.088,0.588
51,nice,0.295,-0.345
51,troop,0.212,0.236
52,danger,0.136,0.577
52,terror,-0.084,0.585
53,honest,0.276,-0.468
53,tiny,-0.427,-0.210
54,afraid,-0.297,0.533
54,little,-0.428,-0.163
55,kill,0.158,0.638
55,poor,-0.538,0.133
56,great,0.531,-0.204
56,pleased,0.455,-0.272
57,magnificence,0.602,0.013
57,wretched,-0.378,0.292
58,magnificent,0.614,-0.221
58,diamonds,0.602,-0.164
59,empty,-0.610,-0.011
59,devil,0.103,0.526
60,fear,-0.200,0.534
60,treasure,0.489,-0.232
61,danger,0.136,0.577
61,life,0.497,-0.209
62,adventure,0.530,-0.047
62,unfortunate,-0.440,0.287
63,success,0.758,-0.050
63,power,0.518,-0.022
64,intelligent,0.493,-0.258
64,eternal,0.381,-0.304
65,exhilarated,0.603,0.048
65,bed,-0.230,-0.308
66,useless,-0.527,0.202
66,hate,-0.140,0.544
67,produce,0.559,-0.117
67,great,0.531,-0.204
68,enthusiastic,0.619,-0.010
68,happiness,0.593,-0.158
69,evil,-0.040,0.560
69,death,-0.149,0.490
70,strong,0.608,-0.112
70,truth,0.321,-0.402
71,monster,0.094,0.569
71,dead,-0.467,0.279
72,suffer,-0.187,0.575
72,nothingness,-0.594,-0.090
73,wisdom,0.388,-0.432
73,laugh,0.368,-0.248
74,miserable,-0.463,0.277
74,life,0.497,-0.209
75,excellent,0.543,-0.264
75,marvellous,0.588,-0.046
76,joy,0.606,-0.111
76,admirable,0.529,-0.226
77,rich,0.544,-0.171
77,poor,-0.538,0.133
78,trouble,-0.068,0.476
78,alarmed,-0.007,0.447
79,beneath,-0.422,-0.131
79,discredit,-0.303,0.321
80,short,-0.461,0.055
80,good,0.180,-0.406
81,happy,0.558,-0.188
81,money,0.459,-0.160
82,bravery,0.581,-0.103
82,great,0.531,-0.204
83,dangerous,0.086,0.658
83,absent,-0.572,0.025
84,terrible,0.023,0.563
84,scolding,-0.115,0.536
85,asleep,-0.306,-0.361
85,god,0.416,-0.158
86,fear,-0.200,0.534
86,devil,0.103,0.526
87,grandeur,0.578,-0.060
87,family,0.281,-0.413
88,wasting,-0.475,0.255
88,army,0.373,0.256
89,grand,0.594,-0.106
89,charming,0.475,-0.180
90,magnificent,0.614,-0.221
90,genius,0.518,-0.144
91,perfect,0.493,-0.351
91,admirable,0.529,-0.226
92,peril,-0.014,0.607
92,nature,0.130,-0.470
93,monster,0.094,0.569
93,horror,-0.069,0.517
94,terrible,0.023,0.563
94,rest,-0.101,-0.532
95,wild,0.289,0.438
95,death,-0.149,0.490
96,natural,-0.020,-0.520
96,hangman,0.047,0.513
97,hate,-0.140,0.544
97,inspired,0.500,-0.189
98,wretch,-0.330,0.437
98,gaining,0.501,-0.146
99,waste,-0.453,0.325
99,poor,-0.538,0.133
100,life,0.497,-0.209
100,thank,0.177,-0.431
101,pleased,0.455,-0.272
101,ill,-0.473,0.234
102,die,-0.281,0.512
102,chill,0.014,-0.447
103,dying,-0.207,0.442
103,simple,-0.235,-0.374
104,great,0.531,-0.204
104,rest,-0.101,-0.532
105,powerful,0.695,-0.016
105,modest,-0.111,-0.447
106,calm,-0.162,-0.556
106,charity,0.143,-0.450
107,angel,0.186,-0.521
107,death,-0.149,0.490
108,freedom,0.548,-0.292
108,dead,-0.467,0.279
109,congratulate,0.525,-0.142
109,tyrant,0.108,0.528
110,kill,0.158,0.638
110,evil,-0.040,0.560
111,joy,0.606,-0.111
111,slavery,-0.292,0.507
112,destroy,0.079,0.634
112,wrath,0.000,0.617
113,revolution,0.366,0.350
113,enlightened,0.403,-0.276
114,burst,0.267,0.535
114,pity,-0.497,0.159
115,crime,0.092,0.621
115,mourn,-0.435,0.363
116,love,0.383,-0.341
116,true,0.367,-0.319
117,weep,-0.408,0.392
117,low,-0.526,-0.059
118,suffering,-0.326,0.487
118,elbow,-0.379,-0.226
119,explosion,0.247,0.569
119,death,-0.149,0.490
120,honest,0.276,-0.468
120,personality,0.413,-0.265
121,cheer,0.603,-0.106
121,prince,0.444,-0.290
122,wisdom,0.388,-0.432
122,enjoy,0.517,-0.166
123,palace,0.413,-0.254
123,cloud,-0.170,-0.433
124,riches,0.596,-0.181
124,future,0.469,-0.169
125,respect,0.325,-0.405
125,agony,-0.154,0.487
126,perfect,0.493,-0.351
126,ferocious,0.232,0.539
127,monster,0.094,0.569
127,great,0.531,-0.204
128,wrath,0.000,0.617
128,terrible,0.023,0.563
129,tranquil,-0.091,-0.588
129,progress,0.530,-0.161
130,leader,0.513,-0.166
130,low,-0.526,-0.059
131,effort,0.490,0.064
131,dying,-0.207,0.442
132,supreme,0.594,-0.068
132,death,-0.149,0.490
133,rich,0.544,-0.171
133,poor,-0.538,0.133
134,suffering,-0.326,0.487
134,dead,-0.467,0.279
135,pity,-0.497,0.159
135,scorned,-0.403,0.325
136,hatred,-0.120,0.571
136,blessing,0.318,-0.460
137,perfection,0.621,-0.088
137,grand,0.594,-0.106
138,greatness,0.684,-0.163
138,devil,0.103,0.526
139,great,0.531,-0.204
139,patriotic,0.504,-0.246
140,arrest,0.039,0.567
140,empire,0.525,0.042
141,presidency,0.529,-0.054
141,nature,0.130,-0.470
142,poor,-0.538,0.133
142,trouble,-0.068,0.476
143,intelligent,0.493,-0.258
143,distress,-0.126,0.539
144,poverty,-0.434,0.310
144,misery,-0.482,0.157
145,strongly,0.495,0.141
145,little,-0.428,-0.163
146,emperor,0.507,0.051
146,hostile,0.006,0.484
147,grand,0.594,-0.106
147,eternal,0.381,-0.304
148,generous,0.430,-0.410
148,patriotic,0.504,-0.246
149,danger,0.136,0.577
149,proud,0.568,-0.140
150,success,0.758,-0.050
150,crime,0.092,0.621
151,supreme,0.594,-0.068
151,sinister,0.061,0.548
152,great,0.531,-0.204
152,intelligent,0.493,-0.258
153,poor,-0.538,0.133
153,honor,0.497,-0.211
154,happy,0.558,-0.188
154,die,-0.281,0.512
155,weakly,-0.513,-0.019
155,emperor,0.507,0.051
156,fortune,0.592,-0.133
156,splendid,0.536,-0.108
157,rich,0.544,-0.171
157,palace,0.413,-0.254
158,progress,0.530,-0.161
158,pleasing,0.392,-0.324
159,prosperity,0.516,-0.217
159,eminence,0.470,-0.115
160,supreme,0.594,-0.068
160,dream,-0.117,-0.493
161,great,0.531,-0.204
161,vulgar,-0.095,0.520
162,dangerous,0.086,0.658
162,poverty,-0.434,0.310
163,success,0.758,-0.050
163,succeed,0.642,-0.114
164,happy,0.558,-0.188
164,splendor,0.519,-0.217
165,win,0.586,-0.159
165,battle,0.412,0.420
166,rich,0.544,-0.171
166,majesty,0.539,-0.144
167,respect,0.325,-0.405
167,virtue,0.406,-0.312
168,difficulties,-0.176,0.492
168,decay,-0.507,0.115
169,creation,0.515,-0.241
169,love,0.383,-0.341
170,life,0.497,-0.209
170,god,0.416,-0.158
171,chaos,-0.131,0.636
171,wrath,0.000,0.617
172,grand,0.594,-0.106
172,violent,0.090,0.574
173,combat,0.308,0.396
173,indestructible,0.501,-0.022
174,joy,0.606,-0.111
174,smiling,0.415,-0.219
175,easy,-0.056,-0.480
175,good,0.180,-0.406
176,strong,0.608,-0.112
176,majesty,0.539,-0.144
177,celebration,0.648,-0.078
177,confidence,0.442,-0.467
178,splendor,0.519,-0.217
178,serenity,0.060,-0.547
179,grandeur,0.578,-0.060
179,creation,0.515,-0.241
180,magnificent,0.614,-0.221
180,produce,0.559,-0.117
181,divine,0.521,-0.237
181,life,0.497,-0.209
182,sky,0.029,-0.519
182,dream,-0.117,-0.493
183,wisdom,0.388,-0.432
183,usurp,-0.083,0.488
184,great,0.531,-0.204
184,terrible,0.023,0.563
185,peril,-0.014,0.607
185,splendid,0.536,-0.108
186,powerful,0.695,-0.016
186,perfection,0.621,-0.088
187,superhuman,0.557,-0.039
187,love,0.383,-0.341
188,sadness,-0.568,0.164
188,suffering,-0.326,0.487
189,war,0.113,0.626
189,spectacle,0.462,-0.046
190,nothingness,-0.594,-0.090
190,terrify,-0.031,0.593
191,gigantic,0.561,0.027
191,respect,0.325,-0.405
192,life,0.497,-0.209
192,wretched,-0.378,0.292
193,twisted,-0.238,0.465
193,gray,-0.473,-0.133
194,quality,0.425,-0.311
194,emperor,0.507,0.051
195,beneath,-0.422,-0.131
195,fatigued,-0.393,0.199
196,proclamation,0.500,0.049
196,frightened,-0.199,0.459
197,honor,0.497,-0.211
197,truth,0.321,-0.402
198,brave,0.589,-0.054
198,glory,0.565,-0.149
199,cheer,0.603,-0.106
199,excellent,0.543,-0.264
200,money,0.459,-0.160
200,food,0.129,-0.401
201,low,-0.526,-0.059
201,worthy,0.293,-0.323
202,scrap,-0.485,0.124
202,small,-0.395,-0.250
203,afraid,-0.297,0.533
203,serene,-0.120,-0.478
204,dying,-0.207,0.442
204,hunger,-0.306,0.332
205,burst,0.267,0.535
205,hungry,-0.295,0.422
206,forward,0.325,-0.320
206,suspected,-0.076,0.410
207,polite,0.199,-0.390
207,paper,-0.320,-0.283
208,terror,-0.084,0.585
208,distrust,-0.300,0.426
209,evil,-0.040,0.560
209,sad,-0.471,0.069
210,sky,0.029,-0.519
210,engaged,0.466,-0.163
211,small,-0.395,-0.250
211,good,0.180,-0.406
212,vague,-0.495,0.034
212,exhausted,-0.440,0.207
213,energetic,0.639,0.020
213,suffering,-0.326,0.487
214,disagreeable,-0.393,0.416
214,low,-0.526,-0.059
215,gently,-0.011,-0.476
215,abruptly,0.063,0.396
216,threatened,-0.124,0.613
216,anger,0.122,0.499
217,gun,0.179,0.554
217,cheerful,0.491,-0.194
218,merry,0.540,-0.176
218,calming,-0.098,-0.557
219,happiness,0.593,-0.158
219,feeble,-0.559,0.080
220,enormous,0.446,0.002
220,shirt,-0.246,-0.371
221,respectable,0.384,-0.340
221,sleep,-0.203,-0.448
222,distrust,-0.300,0.426
222,embarrassment,-0.288,0.374
223,terror,-0.084,0.585
223,low,-0.526,-0.059
224,violently,0.055,0.600
224,shoot,0.091,0.594
225,suffering,-0.326,0.487
225,hunger,-0.306,0.332
226,vigorous,0.594,-0.055
226,ferocious,0.232,0.539
227,respectful,0.397,-0.391
227,miserable,-0.463,0.277
228,rose,-0.008,-0.423
228,tree,-0.140,-0.389
229,rest,-0.101,-0.532
229,sky,0.029,-0.519
230,poor,-0.538,0.133
230,sinister,0.061,0.548
231,desolate,-0.480,0.151
231,nature,0.130,-0.470
232,hope,0.298,-0.425
232,emperor,0.507,0.051
233,sleeping,-0.230,-0.437
233,money,0.459,-0.160
234,hungry,-0.295,0.422
234,charity,0.143,-0.450
235,wisdom,0.388,-0.432
235,great,0.531,-0.204
236,god,0.416,-0.158
236,saint,0.171,-0.397
237,inconvenience,-0.289,0.422
237,harmonious,0.324,-0.383
238,easily,0.052,-0.433
238,book,0.088,-0.414
239,vulgar,-0.095,0.520
239,frail,-0.514,0.044
240,cotton,-0.324,-0.407
240,short,-0.461,0.055
241,freedom,0.548,-0.292
241,peace,0.136,-0.550
242,poor,-0.538,0.133
242,angel,0.186,-0.521
243,evil,-0.040,0.560
243,familiar,0.204,-0.406
244,wise,0.330,-0.430
244,love,0.383,-0.341
245,satisfying,0.472,-0.196
245,vague,-0.495,0.034
246,dangerous,0.086,0.658
246,danger,0.136,0.577
247,catastrophe,0.163,0.575
247,terrible,0.023,0.563
248,protest,0.076,0.533
248,safe,0.293,-0.410
249,energetic,0.639,0.020
249,heroism,0.604,-0.024
250,violent,0.090,0.574
250,sinister,0.061,0.548
251,tranquil,-0.091,-0.588
251,terror,-0.084,0.585
252,prison,-0.115,0.402
252,today,-0.040,-0.361
253,sleep,-0.203,-0.448
253,chased,-0.152,0.444
254,hungry,-0.295,0.422
254,money,0.459,-0.160
255,learn,0.472,-0.128
255,convict,-0.015,0.467
256,dangerous,0.086,0.658
256,burglary,0.054,0.546
257,extraordinary,0.603,-0.167
257,joy,0.606,-0.111
258,rest,-0.101,-0.532
258,good,0.180,-0.406
259,scorned,-0.403,0.325
259,fool,-0.395,0.272
260,earn,0.540,-0.065
260,spent,-0.371,-0.003
261,bright,0.433,-0.250
261,gold,0.446,-0.181
262,gone,-0.457,-0.049
262,table,-0.289,-0.274
263,water,-0.076,-0.488
263,gently,-0.011,-0.476
264,suffer,-0.187,0.575
264,unfortunate,-0.440,0.287
265,hungry,-0.295,0.422
265,home,0.099,-0.413
266,happier,0.590,-0.162
266,sick,-0.494,0.223
267,wrath,0.000,0.617
267,joy,0.606,-0.111
268,blessing,0.318,-0.460
268,natural,-0.020,-0.520
269,poverty,-0.434,0.310
269,luxury,0.479,-0.183
270,ingenious,0.503,-0.040
270,glittering,0.451,-0.186
271,poor,-0.538,0.133
271,money,0.459,-0.160
272,revolution,0.366,0.350
272,family,0.281,-0.413
273,mistaken,-0.330,0.344
273,plenty,0.451,-0.145
274,rich,0.544,-0.171
274,great,0.531,-0.204
275,produce,0.559,-0.117
275,engage,0.430,0.017
276,comfortable,0.032,-0.542
276,easy,-0.056,-0.480
277,unfortunate,-0.440,0.287
277,convict,-0.015,0.467
278,future,0.469,-0.169
278,little,-0.428,-0.163
279,happy,0.558,-0.188
279,misfortune,-0.205,0.479
280,pity,-0.497,0.159
280,sore,-0.330,0.385
281,mother,0.333,-0.366
281,air,-0.110,-0.386
282,poor,-0.538,0.133
282,sleep,-0.203,-0.448
283,sister,0.168,-0.420
283,good,0.180,-0.406
284,order,0.269,-0.330
284,bed,-0.230,-0.308
285,peace,0.136,-0.550
285,horror,-0.069,0.517
286,monstrous,0.117,0.605
286,menace,0.189,0.554
287,assassin,0.090,0.613
287,god,0.416,-0.158
288,grand,0.594,-0.106
288,profit,0.356,-0.328
289,insignificant,-0.580,0.152
289,sluggish,-0.567,-0.074
290,died,-0.292,0.443
290,mother,0.333,-0.366
291,rude,-0.136,0.535
291,love,0.383,-0.341
292,famished,-0.245,0.330
292,falling,-0.186,0.356
293,little,-0.428,-0.163
293,down,-0.398,0.084
294,violent,0.090,0.574
294,annihilated,-0.212,0.475
295,gun,0.179,0.554
295,thief,-0.061,0.563
296,assassin,0.090,0.613
296,ferocious,0.232,0.539
297,victory,0.642,-0.136
297,abandonment,-0.434,0.208
298,great,0.531,-0.204
298,horrible,-0.117,0.552
299,unequal,-0.438,0.217
299,stifled,-0.247,0.342
300,poor,-0.538,0.133
300,life,0.497,-0.209
301,unlucky,-0.481,0.224
301,solitary,-0.448,-0.016
302,little,-0.428,-0.163
302,sister,0.168,-0.420
303,wait,-0.467,-0.040
303,six,-0.331,-0.248
304,pity,-0.497,0.159
304,asleep,-0.306,-0.361
305,suffer,-0.187,0.575
305,less,-0.520,-0.026
306,afraid,-0.297,0.533
306,liberty,0.499,-0.248
307,crime,0.092,0.621
307,accomplish,0.525,-0.178
308,rebellion,0.215,0.431
308,absence,-0.469,0.058
309,disaster,-0.069,0.570
309,theft,-0.083,0.512
310,despair,-0.236,0.470
310,unhappiness,-0.347,0.379
311,hardship,-0.084,0.482
311,recognized,0.374,-0.288
312,die,-0.281,0.512
312,poor,-0.538,0.133
313,violently,0.055,0.600
313,fatal,-0.081,0.508
314,delinquent,-0.031,0.603
314,ferocious,0.232,0.539
315,suffer,-0.187,0.575
315,penalty,-0.411,0.299
316,outrageous,0.194,0.567
316,suffering,-0.326,0.487
317,punishment,-0.026,0.527
317,truth,0.321,-0.402
318,war,0.113,0.626
318,weapon,0.180,0.571
319,fortify,0.574,0.064
319,hate,-0.140,0.544
320,slavery,-0.292,0.507
320,evil,-0.040,0.560
321,low,-0.526,-0.059
321,unhappiness,-0.347,0.379
322,divine,0.521,-0.237
322,splendor,0.519,-0.217
323,hell,0.008,0.638
323,wrath,0.000,0.617
324,misery,-0.482,0.157
324,clear,0.148,-0.374
325,misfortune,-0.205,0.479
325,vagueness,-0.460,0.120
326,suffering,-0.326,0.487
326,hideous,-0.209,0.461
327,opportunity,0.576,-0.134
327,ferocious,0.232,0.539
328,violent,0.090,0.574
328,wild,0.289,0.438
329,admirable,0.529,-0.226
329,worth,0.471,-0.246
330,skill,0.510,-0.098
330,strength,0.496,-0.078
331,demon,-0.029,0.617
331,terrible,0.023,0.563
332,monstrous,0.117,0.605
332,terror,-0.084,0.585
333,dazzling,0.551,0.017
333,emperor,0.507,0.051
334,cruelty,-0.017,0.528
334,misfortune,-0.205,0.479
335,dream,-0.117,-0.493
335,convict,-0.015,0.467
336,positive,0.490,-0.310
336,radiant,0.507,-0.119
337,evil,-0.040,0.560
337,action,0.538,0.099
338,wrath,0.000,0.617
338,hatred,-0.120,0.571
339,dangerous,0.086,0.658
339,fatal,-0.081,0.508
340,hurricane,0.266,0.562
340,desperate,-0.162,0.530
341,rest,-0.101,-0.532
341,water,-0.076,-0.488
342,furiously,0.098,0.616
342,drown,-0.208,0.549
343,tortured,-0.132,0.580
343,strength,0.496,-0.078
344,sky,0.029,-0.519
344,death,-0.149,0.490
345,monstrous,0.117,0.605
345,wild,0.289,0.438
346,nothingness,-0.594,-0.090
346,useless,-0.527,0.202
347,troubles,-0.222,0.559
347,corpse,-0.321,0.390
348,earnings,0.561,-0.197
348,liberty,0.499,-0.248
349,intelligent,0.493,-0.258
349,pleased,0.455,-0.272
350,owner,0.417,-0.217
350,little,-0.428,-0.163
351,aroused,0.440,0.168
351,liberation,0.435,-0.083
352,sleep,-0.203,-0.448
352,gloom,-0.448,0.185
353,losing,-0.323,0.423
353,easily,0.052,-0.433
354,six,-0.331,-0.248
354,table,-0.289,-0.274
355,true,0.367,-0.319
355,struggle,0.260,0.329
356,sinister,0.061,0.548
356,hideous,-0.209,0.461
357,cotton,-0.324,-0.407
357,meditation,-0.055,-0.470
358,bright,0.433,-0.250
358,quiet,-0.093,-0.486
359,low,-0.526,-0.059
359,small,-0.395,-0.250
360,easy,-0.056,-0.480
360,bed,-0.230,-0.308
361,short,-0.461,0.055
361,darkness,-0.209,0.355
362,command,0.355,0.268
362,stuck,-0.260,0.341
363,gently,-0.011,-0.476
363,gentleness,0.068,-0.464
364,energetic,0.639,0.020
364,action,0.538,0.099
365,fantastic,0.567,-0.190
365,terrible,0.023,0.563
366,earthquake,0.219,0.619
366,horrible,-0.117,0.552
367,perfect,0.493,-0.351
367,danger,0.136,0.577
368,tranquil,-0.091,-0.588
368,vague,-0.495,0.034
369,intelligent,0.493,-0.258
369,peacefully,0.152,-0.498
370,felicity,0.515,-0.146
370,hope,0.298,-0.425
371,glory,0.565,-0.149
371,calm,-0.162,-0.556
372,majestic,0.627,-0.148
372,confidence,0.442,-0.467
373,violent,0.090,0.574
373,evil,-0.040,0.560
374,divine,0.521,-0.237
374,nature,0.130,-0.470
375,terrifying,0.001,0.575
375,peace,0.136,-0.550
376,force,0.468,0.109
376,noise,-0.018,0.433
377,blessed,0.240,-0.440
377,grace,0.081,-0.430
378,troubles,-0.222,0.559
378,great,0.531,-0.204
379,abomination,-0.075,0.482
379,broken,-0.368,0.308
380,poor,-0.538,0.133
380,silence,-0.375,-0.174
381,sister,0.168,-0.420
381,order,0.269,-0.330
382,steal,-0.048,0.593
382,violent,0.090,0.574
383,advanced,0.445,-0.151
383,dejected,-0.234,0.386
384,rest,-0.101,-0.532
384,glad,0.516,-0.127
385,kind,0.169,-0.476
385,true,0.367,-0.319
386,sleep,-0.203,-0.448
386,trembling,-0.134,0.449
387,peace,0.136,-0.550
387,honest,0.276,-0.468
388,evil,-0.040,0.560
388,hasty,-0.027,0.488
389,rage,0.091,0.577
389,life,0.497,-0.209
390,calm,-0.162,-0.556
390,misfortune,-0.205,0.479
391,meditation,-0.055,-0.470
391,deserted,-0.388,0.223
392,terrifying,0.001,0.575
392,joyous,0.431,-0.266
393,fortune,0.592,-0.133
393,money,0.459,-0.160
394,confidence,0.442,-0.467
394,feeble,-0.559,0.080
395,effort,0.490,0.064
395,little,-0.428,-0.163
396,menacing,0.057,0.599
396,terrible,0.023,0.563
397,frightened,-0.199,0.459
397,tremble,-0.061,0.489
398,attitude,0.459,-0.073
398,blue,-0.252,-0.365
399,shining,0.500,-0.146
399,advanced,0.445,-0.151
400,terrified,-0.094,0.569
400,great,0.531,-0.204
401,lost,-0.327,0.315
401,deserted,-0.388,0.223
402,incredible,0.610,-0.037
402,fury,0.088,0.583
403,poor,-0.538,0.133
403,child,0.123,-0.329
404,violence,0.147,0.625
404,thief,-0.061,0.563
405,died,-0.292,0.443
405,shout,0.027,0.487
406,burst,0.267,0.535
406,feeble,-0.559,0.080
407,evil,-0.040,0.560
407,action,0.538,0.099
408,conquer,0.616,0.137
408,hatred,-0.120,0.571
409,intoxicated,-0.239,0.517
409,life,0.497,-0.209
410,monster,0.094,0.569
410,angel,0.186,-0.521
411,hurt,-0.239,0.496
411,painful,-0.232,0.485
412,supreme,0.594,-0.068
412,power,0.518,-0.022
413,less,-0.520,-0.026
413,intelligence,0.486,-0.164
414,chaos,-0.131,0.636
414,terror,-0.084,0.585
415,wretch,-0.330,0.437
415,despair,-0.236,0.470
416,sinister,0.061,0.548
416,unhappiness,-0.347,0.379
417,horrified,-0.141,0.592
417,violent,0.090,0.574
418,great,0.531,-0.204
418,resplendent,0.469,-0.163
419,magnificent,0.614,-0.221
419,extraordinary,0.603,-0.167
420,crime,0.092,0.621
420,monstrous,0.117,0.605
421,weep,-0.408,0.392
421,paradise,0.420,-0.231
422,majesty,0.539,-0.144
422,lynch,0.005,0.505
423,brilliant,0.560,-0.248
423,action,0.538,0.099
424,grand,0.594,-0.106
424,prince,0.444,-0.290
425,champ,0.584,-0.064
425,celebrated,0.468,-0.129
426,popular,0.440,-0.144
426,imperial,0.459,-0.004
427,glory,0.565,-0.149
427,fatal,-0.081,0.508
428,prize,0.440,-0.090
428,friends,0.309,-0.298
429,happiness,0.593,-0.158
429,future,0.469,-0.169
430,wart,-0.511,0.162
430,little,-0.428,-0.163
431,great,0.531,-0.204
431,liberty,0.499,-0.248
432,talent,0.505,-0.245
432,honest,0.276,-0.468
433,revolution,0.366,0.350
433,amusing,0.482,-0.100
434,consolidate,0.428,-0.300
434,approval,0.439,-0.267
435,divorce,-0.216,0.464
435,charming,0.475,-0.180
436,highness,0.513,-0.038
436,inconvenience,-0.289,0.422
437,genius,0.518,-0.144
437,revolutionary,0.487,0.183
438,glory,0.565,-0.149
438,quarrel,0.009,0.576
439,blind,-0.467,0.139
439,beneath,-0.422,-0.131
440,succeed,0.642,-0.114
440,idle,-0.600,-0.014
441,threatened,-0.124,0.613
441,nature,0.130,-0.470
442,new,0.262,-0.305
442,justice,0.355,-0.150
443,riches,0.596,-0.181
443,battle,0.412,0.420
444,insignificant,-0.580,0.152
444,wrongly,-0.414,0.344
445,wise,0.330,-0.430
445,elegance,0.393,-0.360
446,disturbed,-0.151,0.518
446,ravishing,0.520,0.066
447,serenity,0.060,-0.547
447,life,0.497,-0.209
448,splendor,0.519,-0.217
448,accomplish,0.525,-0.178
449,accident,-0.111,0.545
449,brutal,0.098,0.543
450,ill,-0.473,0.234
450,rosy,0.417,-0.288
451,goodness,0.303,-0.453
451,pity,-0.497,0.159
452,wisdom,0.388,-0.432
452,love,0.383,-0.341
453,pleased,0.455,-0.272
453,family,0.281,-0.413
454,fortune,0.592,-0.133
454,lovely,0.361,-0.322
455,passion,0.516,0.005
455,dream,-0.117,-0.493
456,sadness,-0.568,0.164
456,rich,0.544,-0.171
457,weak,-0.612,0.034
457,weeping,-0.359,0.418
458,leader,0.513,-0.166
458,miracle,0.480,-0.215
459,enthusiastic,0.619,-0.010
459,dazzling,0.551,0.017
460,life,0.497,-0.209
460,sunday,-0.085,-0.414
461,happiness,0.593,-0.158
461,bright,0.433,-0.250
462,perfect,0.493,-0.351
462,grand,0.594,-0.106
463,merry,0.540,-0.176
463,charming,0.475,-0.180
464,famous,0.615,-0.095
464,great,0.531,-0.204
465,friendship,0.293,-0.431
465,sex,0.508,0.092
466,worth,0.471,-0.246
466,manufacture,0.483,-0.114
467,joy,0.606,-0.111
467,energy,0.595,-0.150
468,audacious,0.534,0.099
468,rosy,0.417,-0.288
469,corruption,-0.030,0.554
469,alluring,0.533,-0.060
470,strong,0.608,-0.112
470,brilliant,0.560,-0.248
471,perfection,0.621,-0.088
471,divine,0.521,-0.237
472,invincible,0.651,-0.005
472,love,0.383,-0.341
473,succeed,0.642,-0.114
473,opportunity,0.576,-0.134
474,merry,0.540,-0.176
474,treasures,0.560,-0.064
475,malice,-0.070,0.523
475,wild,0.289,0.438
476,happy,0.558,-0.188
476,life,0.497,-0.209
477,brilliance,0.565,-0.221
477,popularity,0.594,-0.075
478,waste,-0.453,0.325
478,sky,0.029,-0.519
479,charming,0.475,-0.180
479,tiny,-0.427,-0.210
480,famous,0.615,-0.095
480,millionaire,0.583,-0.111
481,inspired,0.500,-0.189
481,love,0.383,-0.341
482,alone,-0.448,-0.121
482,refused,-0.406,0.213
483,happiness,0.593,-0.158
483,radiant,0.507,-0.119
484,triumphant,0.726,-0.072
484,magnificent,0.614,-0.221
485,glory,0.565,-0.149
485,disorder,-0.245,0.484
486,happy,0.558,-0.188
486,rosy,0.417,-0.288
487,engaged,0.466,-0.163
487,celebrated,0.468,-0.129
488,peace,0.136,-0.550
488,sire,0.376,-0.276
489,dangerous,0.086,0.658
489,miracle,0.480,-0.215
490,liberty,0.499,-0.248
490,colossal,0.480,0.006
491,wrath,0.000,0.617
491,fury,0.088,0.583
492,terrible,0.023,0.563
492,revolution,0.366,0.350
493,love,0.383,-0.341
493,nature,0.130,-0.470
494,water,-0.076,-0.488
494,smiling,0.415,-0.219
495,low,-0.526,-0.059
495,detest,-0.070,0.508
496,mother,0.333,-0.366
496,gone,-0.457,-0.049
497,lie,-0.242,0.413
497,little,-0.428,-0.163
498,wisdom,0.388,-0.432
498,horrible,-0.117,0.552
499,brilliant,0.560,-0.248
499,majesty,0.539,-0.144
500,calmness,-0.049,-0.591
500,peace,0.136,-0.550
501,enthusiasm,0.585,-0.086
501,stupidity,-0.511,0.247
502,battle,0.412,0.420
502,honor,0.497,-0.211
503,excess,0.282,0.360
503,god,0.416,-0.158
504,confidence,0.442,-0.467
504,arrest,0.039,0.567
505,heroic,0.621,-0.078
505,happy,0.558,-0.188
506,brave,0.589,-0.054
506,prosper,0.538,-0.208
507,glory,0.565,-0.149
507,professional,0.461,-0.258
508,great,0.531,-0.204
508,love,0.383,-0.341
509,charming,0.475,-0.180
509,error,-0.393,0.321
510,pleased,0.455,-0.272
510,alone,-0.448,-0.121
511,distrust,-0.300,0.426
511,mistake,-0.393,0.253
512,life,0.497,-0.209
512,flower,-0.176,-0.443
513,wise,0.330,-0.430
513,rest,-0.101,-0.532
514,diamonds,0.602,-0.164
514,sex,0.508,0.092
515,war,0.113,0.626
515,rob,-0.031,0.515
516,unfortunate,-0.440,0.287
516,proclamation,0.500,0.049
517,wrath,0.000,0.617
517,calm,-0.162,-0.556
518,joy,0.606,-0.111
518,happy,0.558,-0.188
519,death,-0.149,0.490
519,charming,0.475,-0.180
520,luxury,0.479,-0.183
520,valuable,0.437,-0.243
521,quarrel,0.009,0.576
521,immortal,0.488,-0.041
522,magnificent,0.614,-0.221
522,tranquil,-0.091,-0.588
523,creation,0.515,-0.241
523,nil,-0.525,-0.106
524,dead,-0.467,0.279
524,goddess,0.491,-0.206
525,energy,0.595,-0.150
525,merry,0.540,-0.176
526,opportunity,0.576,-0.134
526,poor,-0.538,0.133
527,amusing,0.482,-0.100
527,kiss,0.476,-0.117
528,invasion,0.273,0.415
528,gold,0.446,-0.181
529,fury,0.088,0.583
529,greatly,0.497,-0.021
530,difficulty,-0.191,0.464
530,surprising,0.471,-0.073
531,famous,0.615,-0.095
531,life,0.497,-0.209
532,paper,-0.320,-0.283
532,surprise,0.411,-0.010
533,kill,0.158,0.638
533,honest,0.276,-0.468
534,mourn,-0.435,0.363
534,respectability,0.440,-0.318
535,happy,0.558,-0.188
535,love,0.383,-0.341
536,burst,0.267,0.535
536,poor,-0.538,0.133
537,rest,-0.101,-0.532
537,power,0.518,-0.022
538,battle,0.412,0.420
538,common,-0.260,-0.337
539,hideous,-0.209,0.461
539,enormous,0.446,0.002
540,monster,0.094,0.569
540,superhuman,0.557,-0.039
541,little,-0.428,-0.163
541,order,0.269,-0.330
542,triumph,0.684,-0.116
542,elegance,0.393,-0.360
543,happiness,0.593,-0.158
543,terrible,0.023,0.563
544,joy,0.606,-0.111
544,rage,0.091,0.577
545,mother,0.333,-0.366
545,romance,0.389,-0.218
546,divine,0.521,-0.237
546,healthy,0.362,-0.428
547,magnificent,0.614,-0.221
547,confidence,0.442,-0.467
548,weary,-0.473,0.058
548,asleep,-0.306,-0.361
549,melancholy,-0.460,0.049
549,folly,-0.097,0.452
550,diamonds,0.602,-0.164
550,dazzling,0.551,0.017
551,pleasure,0.465,-0.144
551,alone,-0.448,-0.121
552,nature,0.130,-0.470
552,gloomy,-0.393,0.213
553,distress,-0.126,0.539
553,worse,-0.320,0.446
554,bravery,0.581,-0.103
554,life,0.497,-0.209
555,influential,0.610,-0.140
555,great,0.531,-0.204
556,joy,0.606,-0.111
556,monster,0.094,0.569
557,happy,0.558,-0.188
557,ferocious,0.232,0.539
558,unpleasantness,-0.282,0.461
558,mother,0.333,-0.366
559,confidence,0.442,-0.467
559,produce,0.559,-0.117
560,dead,-0.467,0.279
560,little,-0.428,-0.163
561,passionate,0.567,-0.119
561,luminous,0.361,-0.365
562,energy,0.595,-0.150
562,goodness,0.303,-0.453
563,scrap,-0.485,0.124
563,big,0.418,-0.144
564,afraid,-0.297,0.533
564,radiant,0.507,-0.119
565,refusal,-0.300,0.392
565,acquainted,0.230,-0.386
566,happy,0.558,-0.188
566,less,-0.520,-0.026
567,earn,0.540,-0.065
567,warrior,0.453,0.298
568,poor,-0.538,0.133
568,senseless,-0.504,0.179
569,mother,0.333,-0.366
569,money,0.459,-0.160
570,protest,0.076,0.533
570,bastard,-0.263,0.417
571,successful,0.647,-0.152
571,monstrous,0.117,0.605
572,evil,-0.040,0.560
572,progress,0.530,-0.161
573,threatening,0.075,0.575
573,future,0.469,-0.169
574,vulgar,-0.095,0.520
574,truth,0.321,-0.402
575,intelligent,0.493,-0.258
575,sex,0.508,0.092
576,grow,0.446,-0.209
576,gray,-0.473,-0.133
577,romance,0.389,-0.218
577,anarchy,0.032,0.437
578,prosper,0.538,-0.208
578,great,0.531,-0.204
579,worse,-0.320,0.446
579,rest,-0.101,-0.532
580,wonderfully,0.590,-0.146
580,mother,0.333,-0.366
581,happy,0.558,-0.188
581,hate,-0.140,0.544
582,diminished,-0.502,0.077
582,little,-0.428,-0.163
583,violent,0.090,0.574
583,beaten,-0.213,0.530
584,abandoned,-0.503,0.300
584,threatening,0.075,0.575
585,suffering,-0.326,0.487
585,orphan,-0.497,0.173
586,recognized,0.374,-0.288
586,alone,-0.448,-0.121
587,sadness,-0.568,0.164
587,pain,-0.192,0.531
588,great,0.531,-0.204
588,progress,0.530,-0.161
589,mother,0.333,-0.366
589,remembered,0.191,-0.412
590,grand,0.594,-0.106
590,manufacture,0.483,-0.114
591,advantage,0.490,-0.253
591,inspired,0.500,-0.189
592,rich,0.544,-0.171
592,less,-0.520,-0.026
593,fortune,0.592,-0.133
593,ingenious,0.503,-0.040
594,life,0.497,-0.209
594,important,0.468,-0.133
595,hungry,-0.295,0.422
595,father,0.310,-0.327
596,strong,0.608,-0.112
596,healthy,0.362,-0.428
597,joy,0.606,-0.111
597,honest,0.276,-0.468
598,poor,-0.538,0.133
598,miserable,-0.463,0.277
599,infirm,-0.392,0.281
599,good,0.180,-0.406
600,low,-0.526,-0.059
600,jolly,0.477,-0.182
601,wealthy,0.506,-0.248
601,empire,0.525,0.042
602,opportunity,0.576,-0.134
602,terror,-0.084,0.585
603,honor,0.497,-0.211
603,inventor,0.471,-0.073
604,rich,0.544,-0.171
604,adventurer,0.568,0.046
605,education,0.336,-0.427
605,ignorant,-0.417,0.249
606,dazzling,0.551,0.017
606,money,0.459,-0.160
607,vigorous,0.594,-0.055
607,angry,0.045,0.505
608,gray,-0.473,-0.133
608,father,0.310,-0.327
609,fortune,0.592,-0.133
609,advantage,0.490,-0.253
610,strong,0.608,-0.112
610,gun,0.179,0.554
611,destroy,0.079,0.634
611,empty,-0.610,-0.011
612,engaged,0.466,-0.163
612,parasitic,-0.281,0.398
613,excellent,0.543,-0.264
613,dead,-0.467,0.279
614,little,-0.428,-0.163
614,seed,-0.237,-0.373
615,great,0.531,-0.204
615,charming,0.475,-0.180
616,evil,-0.040,0.560
616,poor,-0.538,0.133
617,happy,0.558,-0.188
617,rich,0.544,-0.171
618,worth,0.471,-0.246
618,remarkable,0.383,-0.215
619,immense,0.471,0.001
619,wit,0.363,-0.248
620,died,-0.292,0.443
620,death,-0.149,0.490
621,happiness,0.593,-0.158
621,sister,0.168,-0.420
622,powerful,0.695,-0.016
622,supreme,0.594,-0.068
623,distress,-0.126,0.539
623,life,0.497,-0.209
624,weakness,-0.539,0.192
624,angel,0.186,-0.521
625,void,-0.611,0.016
625,serenity,0.060,-0.547
626,greatly,0.497,-0.021
626,gone,-0.457,-0.049
627,great,0.531,-0.204
627,advancement,0.454,-0.082
628,virtue,0.406,-0.312
628,family,0.281,-0.413
629,respect,0.325,-0.405
629,malicious,0.043,0.421
630,epidemic,0.035,0.527
630,natural,-0.020,-0.520
631,calm,-0.162,-0.556
631,peace,0.136,-0.550
632,menacing,0.057,0.599
632,slow,-0.542,-0.207
633,fortune,0.592,-0.133
633,arrest,0.039,0.567
634,creation,0.515,-0.241
634,truth,0.321,-0.402
635,education,0.336,-0.427
635,intelligence,0.486,-0.164
636,life,0.497,-0.209
636,personality,0.413,-0.265
637,mother,0.333,-0.366
637,easy,-0.056,-0.480
638,hatred,-0.120,0.571
638,attack,0.230,0.471
639,savage,0.134,0.516
639,ill,-0.473,0.234
640,wrath,0.000,0.617
640,ferocious,0.232,0.539
641,murder,0.076,0.627
641,evil,-0.040,0.560
642,power,0.518,-0.022
642,melancholy,-0.460,0.049
643,virtue,0.406,-0.312
643,honesty,0.340,-0.368
644,lost,-0.327,0.315
644,beneath,-0.422,-0.131
645,monstrous,0.117,0.605
645,threatening,0.075,0.575
646,terror,-0.084,0.585
646,difficulty,-0.191,0.464
647,rest,-0.101,-0.532
647,courtesy,0.061,-0.459
648,defeated,-0.415,0.328
648,family,0.281,-0.413
649,perfect,0.493,-0.351
649,produce,0.559,-0.117
650,bankruptcy,-0.361,0.477
650,rich,0.544,-0.171
651,kill,0.158,0.638
651,unlucky,-0.481,0.224
652,accident,-0.111,0.545
652,gone,-0.457,-0.049
653,raise,0.472,-0.140
653,broken,-0.368,0.308
654,strong,0.608,-0.112
654,devilish,-0.046,0.560
655,terrible,0.023,0.563
655,strength,0.496,-0.078
656,sadly,-0.548,0.147
656,poor,-0.538,0.133
657,die,-0.281,0.512
657,cry,-0.299,0.343
658,courage,0.526,-0.067
658,effort,0.490,0.064
659,tranquil,-0.091,-0.588
659,happy,0.558,-0.188
660,dead,-0.467,0.279
660,charity,0.143,-0.450
661,prosperity,0.516,-0.217
661,experience,0.512,-0.138
662,rich,0.544,-0.171
662,great,0.531,-0.204
663,rest,-0.101,-0.532
663,problem,-0.211,0.412
664,joyful,0.479,-0.182
664,strength,0.496,-0.078
665,little,-0.428,-0.163
665,good,0.180,-0.406
666,waste,-0.453,0.325
666,money,0.459,-0.160
667,passion,0.516,0.005
667,pleasure,0.465,-0.144
668,joy,0.606,-0.111
668,ruin,-0.368,0.319
669,mournful,-0.413,0.178
669,gloomy,-0.393,0.213
670,virtue,0.406,-0.312
670,short,-0.461,0.055
671,youth,0.440,-0.232
671,venomous,0.091,0.488
672,energy,0.595,-0.150
672,palace,0.413,-0.254
673,shame,-0.388,0.421
673,despair,-0.236,0.470
674,success,0.758,-0.050
674,strong,0.608,-0.112
675,confidence,0.442,-0.467
675,power,0.518,-0.022
676,thief,-0.061,0.563
676,householder,0.418,-0.186
677,goods,0.307,-0.343
677,bed,-0.230,-0.308
678,worth,0.471,-0.246
678,misery,-0.482,0.157
679,feeble,-0.559,0.080
679,talent,0.505,-0.245
680,happiness,0.593,-0.158
680,rich,0.544,-0.171
681,life,0.497,-0.209
681,virtuous,0.441,-0.248
682,shame,-0.388,0.421
682,unfortunate,-0.440,0.287
683,distress,-0.126,0.539
683,broken,-0.368,0.308
684,success,0.758,-0.050
684,happy,0.558,-0.188
685,despair,-0.236,0.470
685,mother,0.333,-0.366
686,furious,0.069,0.633
686,admirable,0.529,-0.226
687,hate,-0.140,0.544
687,unhappiness,-0.347,0.379
688,abandoned,-0.503,0.300
688,rage,0.091,0.577
689,burst,0.267,0.535
689,rich,0.544,-0.171
690,stupidity,-0.511,0.247
690,stupid,-0.395,0.260
691,great,0.531,-0.204
691,rest,-0.101,-0.532
692,horrible,-0.117,0.552
692,lucky,0.494,-0.244
693,monster,0.094,0.569
693,grow,0.446,-0.209
694,terrible,0.023,0.563
694,disease,-0.331,0.352
695,die,-0.281,0.512
695,together,0.249,-0.338
696,tremendous,0.433,0.207
696,frightful,-0.098,0.445
697,bloody,-0.025,0.623
697,fortune,0.592,-0.133
698,poor,-0.538,0.133
698,rag,-0.485,-0.025
699,shame,-0.388,0.421
699,water,-0.076,-0.488
700,great,0.531,-0.204
700,peace,0.136,-0.550
701,earnings,0.561,-0.197
701,wild,0.289,0.438
702,earn,0.540,-0.065
702,illness,-0.306,0.428
703,slavery,-0.292,0.507
703,weakness,-0.539,0.192
704,life,0.497,-0.209
704,death,-0.149,0.490
705,inactivity,-0.550,0.006
705,error,-0.393,0.321
706,quarrel,0.009,0.576
706,folly,-0.097,0.452
707,war,0.113,0.626
707,tragedy,-0.175,0.554
708,bored,-0.552,0.009
708,unemployed,-0.407,0.269
709,uneven,-0.396,0.231
709,little,-0.428,-0.163
710,king,0.463,0.020
710,conflict,0.091,0.398
711,amusing,0.482,-0.100
711,witty,0.464,-0.105
712,advantage,0.490,-0.253
712,stifling,0.081,0.495
713,wise,0.330,-0.430
713,hideous,-0.209,0.461
714,furious,0.069,0.633
714,wrath,0.000,0.617
715,supreme,0.594,-0.068
715,terror,-0.084,0.585
716,great,0.531,-0.204
716,obscenity,-0.103,0.535
717,terrified,-0.094,0.569
717,liberty,0.499,-0.248
718,crime,0.092,0.621
718,power,0.518,-0.022
719,jail,-0.027,0.567
719,life,0.497,-0.209
720,earn,0.540,-0.065
720,assure,0.430,-0.310
721,honest,0.276,-0.468
721,ill,-0.473,0.234
722,angry,0.045,0.505
722,true,0.367,-0.319
723,earnings,0.561,-0.197
723,angel,0.186,-0.521
724,poor,-0.538,0.133
724,pity,-0.497,0.159
725,happy,0.558,-0.188
725,great,0.531,-0.204
726,sorrow,-0.593,0.127
726,divine,0.521,-0.237
727,despairing,-0.255,0.462
727,unfortunate,-0.440,0.287
728,burst,0.267,0.535
728,liberty,0.499,-0.248
729,monstrous,0.117,0.605
729,violent,0.090,0.574
730,prodigious,0.560,-0.137
730,attack,0.230,0.471
731,monster,0.094,0.569
731,low,-0.526,-0.059
732,earn,0.540,-0.065
732,horror,-0.069,0.517
733,silk,-0.199,-0.462
733,little,-0.428,-0.163
734,happier,0.590,-0.162
734,honest,0.276,-0.468
735,afraid,-0.297,0.533
735,empty,-0.610,-0.011
736,good,0.180,-0.406
736,laugh,0.368,-0.248
737,hurt,-0.239,0.496
737,cried,-0.290,0.308
738,friendly,0.230,-0.368
738,white,-0.100,-0.394
739,ferocious,0.232,0.539
739,atrocious,-0.104,0.521
740,thief,-0.061,0.563
740,freely,0.322,-0.292
741,supreme,0.594,-0.068
741,liberty,0.499,-0.248
742,prodigious,0.560,-0.137
742,great,0.531,-0.204
743,leading,0.584,-0.078
743,calm,-0.162,-0.556
744,wretch,-0.330,0.437
744,insult,-0.129,0.524
745,respectful,0.397,-0.391
745,life,0.497,-0.209
746,handsome,0.374,-0.205
746,police,0.347,0.231
747,criminal,-0.060,0.575
747,effort,0.490,0.064
748,combat,0.308,0.396
748,darkness,-0.209,0.355
749,demon,-0.029,0.617
749,terror,-0.084,0.585
750,confidence,0.442,-0.467
750,joy,0.606,-0.111
751,happy,0.558,-0.188
751,honest,0.276,-0.468
752,rich,0.544,-0.171
752,poor,-0.538,0.133
753,asleep,-0.306,-0.361
753,beneath,-0.422,-0.131
754,pity,-0.497,0.159
754,anguish,-0.203,0.442
755,waiting,-0.328,0.071
755,morning,-0.074,-0.321
756,hell,0.008,0.638
756,mother,0.333,-0.366
757,recognized,0.374,-0.288
757,persons,0.153,-0.400
758,sick,-0.494,0.223
758,devil,0.103,0.526
759,ill,-0.473,0.234
759,repugnance,-0.185,0.440
760,wise,0.330,-0.430
760,dignity,0.389,-0.308
761,leading,0.584,-0.078
761,evil,-0.040,0.560
762,happy,0.558,-0.188
762,radiant,0.507,-0.119
763,violently,0.055,0.600
763,fine,0.143,-0.406
764,happiness,0.593,-0.158
764,insufficient,-0.507,0.126
765,champ,0.584,-0.064
765,honor,0.497,-0.211
766,disagreeable,-0.393,0.416
766,police,0.347,0.231
767,respectful,0.397,-0.391
767,poor,-0.538,0.133
768,ferocious,0.232,0.539
768,great,0.531,-0.204
769,violent,0.090,0.574
769,distrust,-0.300,0.426
770,tranquil,-0.091,-0.588
770,calm,-0.162,-0.556
771,courageous,0.524,-0.226
771,inferior,-0.522,-0.013
772,honorable,0.427,-0.381
772,complain,-0.192,0.378
773,guilty,-0.160,0.444
773,culpable,-0.215,0.391
774,furious,0.069,0.633
774,burst,0.267,0.535
775,adventure,0.530,-0.047
775,skill,0.510,-0.098
776,violence,0.147,0.625
776,wrath,0.000,0.617
777,wretched,-0.378,0.292
777,father,0.310,-0.327
778,jail,-0.027,0.567
778,theft,-0.083,0.512
779,good,0.180,-0.406
779,together,0.249,-0.338
780,lost,-0.327,0.315
780,daughter,0.130,-0.356
781,natural,-0.020,-0.520
781,family,0.281,-0.413
782,life,0.497,-0.209
782,pretended,-0.337,0.268
783,power,0.518,-0.022
783,truth,0.321,-0.402
784,low,-0.526,-0.059
784,recognized,0.374,-0.288
785,humiliated,-0.302,0.420
785,bad,-0.219,0.352
786,crime,0.092,0.621
786,hope,0.298,-0.425
787,clever,0.293,-0.378
787,stupid,-0.395,0.260
788,wasting,-0.475,0.255
788,little,-0.428,-0.163
789,complaint,-0.286,0.322
789,police,0.347,0.231
790,absent,-0.572,0.025
790,great,0.531,-0.204
791,honor,0.497,-0.211
791,wait,-0.467,-0.040
792,tranquil,-0.091,-0.588
792,promotion,0.519,-0.106
793,vengeance,0.165,0.591
793,rage,0.091,0.577
794,injustice,-0.127,0.476
794,kindness,0.152,-0.420
795,kind,0.169,-0.476
795,difficulty,-0.191,0.464
796,proud,0.568,-0.140
796,worse,-0.320,0.446
797,grandeur,0.578,-0.060
797,honest,0.276,-0.468
798,died,-0.292,0.443
798,small,-0.395,-0.250
799,respect,0.325,-0.405
799,truth,0.321,-0.402
800,violent,0.090,0.574
800,effort,0.490,0.064
801,admirable,0.529,-0.226
801,death,-0.149,0.490
802,freedom,0.548,-0.292
802,fear,-0.200,0.534
803,fragile,-0.530,-0.105
803,unhappy,-0.443,0.266
804,sincere,0.259,-0.455
804,virtue,0.406,-0.312
805,demon,-0.029,0.617
805,evil,-0.040,0.560
806,lie,-0.242,0.413
806,sister,0.168,-0.420
807,joy,0.606,-0.111
807,devoted,0.240,-0.381
808,great,0.531,-0.204
808,delight,0.409,-0.204
809,losing,-0.323,0.423
809,paper,-0.320,-0.283
810,respectable,0.384,-0.340
810,short,-0.461,0.055
811,rest,-0.101,-0.532
811,engaged,0.466,-0.163
812,small,-0.395,-0.250
812,little,-0.428,-0.163
813,gentle,0.167,-0.348
813,vicious,-0.120,0.341
814,stealing,-0.041,0.582
814,accomplish,0.525,-0.178
815,less,-0.520,-0.026
815,trouble,-0.068,0.476
816,journey,0.391,-0.152
816,fatigue,-0.391,0.142
817,careless,-0.426,0.114
817,silence,-0.375,-0.174
818,stupid,-0.395,0.260
818,good,0.180,-0.406
819,guarantee,0.366,-0.424
819,value,0.444,-0.202
820,devil,0.103,0.526
820,worth,0.471,-0.246
821,forgotten,-0.466,0.027
821,paper,-0.320,-0.283
822,ill,-0.473,0.234
822,simple,-0.235,-0.374
823,sleep,-0.203,-0.448
823,recognized,0.374,-0.288
824,shadow,-0.421,0.020
824,pause,-0.355,-0.174
825,peaceful,0.045,-0.533
825,surprising,0.471,-0.073
826,brilliance,0.565,-0.221
826,grand,0.594,-0.106
827,chaos,-0.131,0.636
827,battlefield,0.220,0.566
828,progress,0.530,-0.161
828,life,0.497,-0.209
829,adventure,0.530,-0.047
829,little,-0.428,-0.163
830,happy,0.558,-0.188
830,peace,0.136,-0.550
831,virtue,0.406,-0.312
831,gloom,-0.448,0.185
832,wise,0.330,-0.430
832,unhappy,-0.443,0.266
833,intoxicated,-0.239,0.517
833,great,0.531,-0.204
834,heroism,0.604,-0.024
834,generous,0.430,-0.410
835,danger,0.136,0.577
835,terror,-0.084,0.585
836,calmness,-0.049,-0.591
836,suffering,-0.326,0.487
837,absent,-0.572,0.025
837,vague,-0.495,0.034
838,anxiety,-0.116,0.501
838,chair,-0.331,-0.342
839,blind,-0.467,0.139
839,true,0.367,-0.319
840,tranquil,-0.091,-0.588
840,arrest,0.039,0.567
841,extraordinary,0.603,-0.167
841,sky,0.029,-0.519
842,increase,0.509,-0.100
842,bury,-0.288,0.348
843,life,0.497,-0.209
843,hideous,-0.209,0.461
844,earthquake,0.219,0.619
844,menace,0.189,0.554
845,madman,-0.136,0.518
845,wild,0.289,0.438
846,empty,-0.610,-0.011
846,theft,-0.083,0.512
847,fear,-0.200,0.534
847,ill,-0.473,0.234
848,joy,0.606,-0.111
848,violent,0.090,0.574
849,afraid,-0.297,0.533
849,terrible,0.023,0.563
850,catastrophe,0.163,0.575
850,peace,0.136,-0.550
851,dream,-0.117,-0.493
851,satisfied,0.367,-0.317
852,happiness,0.593,-0.158
852,grand,0.594,-0.106
853,chair,-0.331,-0.342
853,guilty,-0.160,0.444
854,power,0.518,-0.022
854,ignore,-0.454,0.061
855,magnificent,0.614,-0.221
855,great,0.531,-0.204
856,crime,0.092,0.621
856,monstrous,0.117,0.605
857,evil,-0.040,0.560
857,disgust,-0.224,0.506
858,assassin,0.090,0.613
858,thief,-0.061,0.563
859,hell,0.008,0.638
859,sky,0.029,-0.519
860,admirable,0.529,-0.226
860,useless,-0.527,0.202
861,greatest,0.539,-0.145
861,denounce,-0.128,0.491
862,execution,0.133,0.469
862,order,0.269,-0.330
863,luminous,0.361,-0.365
863,together,0.249,-0.338
864,life,0.497,-0.209
864,recognized,0.374,-0.288
865,terror,-0.084,0.585
865,giant,0.558,0.131
866,grand,0.594,-0.106
866,fortify,0.574,0.064
867,steal,-0.048,0.593
867,thief,-0.061,0.563
868,heroism,0.604,-0.024
868,honest,0.276,-0.468
869,crime,0.092,0.621
869,popularity,0.594,-0.075
870,shame,-0.388,0.421
870,virtue,0.406,-0.312
871,violently,0.055,0.600
871,courage,0.526,-0.067
872,vigorous,0.594,-0.055
872,poor,-0.538,0.133
873,respected,0.430,-0.321
873,denounce,-0.128,0.491
874,holiness,0.242,-0.413
874,forgotten,-0.466,0.027
875,life,0.497,-0.209
875,misery,-0.482,0.157
876,evil,-0.040,0.560
876,mother,0.333,-0.366
877,prosperity,0.516,-0.217
877,theft,-0.083,0.512
878,murder,0.076,0.627
878,grand,0.594,-0.106
879,die,-0.281,0.512
879,thief,-0.061,0.563
880,unhappy,-0.443,0.266
880,guilty,-0.160,0.444
881,neglect,-0.447,0.349
881,poor,-0.538,0.133
882,diamonds,0.602,-0.164
882,end,-0.369,0.106
883,fatal,-0.081,0.508
883,know,0.213,-0.279
884,betray,-0.025,0.588
884,worse,-0.320,0.446
885,small,-0.395,-0.250
885,false,-0.423,0.198
886,miserable,-0.463,0.277
886,recognized,0.374,-0.288
887,empty,-0.610,-0.011
887,unnecessary,-0.432,0.092
888,hideous,-0.209,0.461
888,fierce,0.258,0.429
889,destroyed,-0.293,0.465
889,glow,0.385,-0.292
890,destroy,0.079,0.634
890,annihilate,0.139,0.574
891,crime,0.092,0.621
891,joy,0.606,-0.111
892,great,0.531,-0.204
892,feeble,-0.559,0.080
893,terror,-0.084,0.585
893,idiot,-0.454,0.329
894,supreme,0.594,-0.068
894,intoxicated,-0.239,0.517
895,strengthen,0.633,0.006
895,fatality,-0.007,0.526
896,liberty,0.499,-0.248
896,honor,0.497,-0.211
897,horrors,-0.116,0.556
897,convict,-0.015,0.467
898,famous,0.615,-0.095
898,pleased,0.455,-0.272
899,hell,0.008,0.638
899,demon,-0.029,0.617
900,quality,0.425,-0.311
900,despair,-0.236,0.470
901,die,-0.281,0.512
901,peace,0.136,-0.550
902,happiness,0.593,-0.158
902,terrible,0.023,0.563
903,nightmare,-0.145,0.569
903,suffering,-0.326,0.487
904,adventure,0.530,-0.047
904,ailing,-0.445,0.291
905,live,0.399,-0.148
905,close,-0.390,-0.025
906,sky,0.029,-0.519
906,ashes,-0.451,-0.042
907,deserted,-0.388,0.223
907,erect,0.347,0.167
908,living,0.398,-0.180
908,tree,-0.140,-0.389
909,great,0.531,-0.204
909,recognized,0.374,-0.288
910,dead,-0.467,0.279
910,chill,0.014,-0.447
911,sleep,-0.203,-0.448
911,noise,-0.018,0.433
912,small,-0.395,-0.250
912,able,0.367,-0.194
913,terrible,0.023,0.563
913,order,0.269,-0.330
914,frightened,-0.199,0.459
914,stupid,-0.395,0.260
915,offensive,0.073,0.532
915,empire,0.525,0.042
916,immense,0.471,0.001
916,little,-0.428,-0.163
917,violent,0.090,0.574
917,white,-0.100,-0.394
918,devilish,-0.046,0.560
918,pity,-0.497,0.159
919,life,0.497,-0.209
919,decisive,0.439,-0.149
920,wretch,-0.330,0.437
920,greatly,0.497,-0.021
921,danger,0.136,0.577
921,truth,0.321,-0.402
922,grow,0.446,-0.209
922,advanced,0.445,-0.151
923,sinister,0.061,0.548
923,quality,0.425,-0.311
924,charming,0.475,-0.180
924,joyous,0.431,-0.266
925,excellent,0.543,-0.264
925,great,0.531,-0.204
926,miracle,0.480,-0.215
926,damage,-0.182,0.471
927,broken,-0.368,0.308
927,friend,0.213,-0.351
928,wait,-0.467,-0.040
928,able,0.367,-0.194
929,useless,-0.527,0.202
929,poor,-0.538,0.133
930,truth,0.321,-0.402
930,live,0.399,-0.148
931,badly,-0.363,0.306
931,thing,-0.332,-0.165
932,true,0.367,-0.319
932,ascend,0.447,-0.143
933,honest,0.276,-0.468
933,exist,0.348,-0.300
934,good,0.180,-0.406
934,together,0.249,-0.338
935,joy,0.606,-0.111
935,concert,0.551,-0.055
936,god,0.416,-0.158
936,fault,-0.356,0.252
937,crowd,0.249,0.344
937,quietly,-0.278,-0.310
938,simple,-0.235,-0.374
938,detached,-0.365,0.075
939,relaxed,-0.100,-0.552
939,fatal,-0.081,0.508
940,great,0.531,-0.204
940,despair,-0.236,0.470
941,trap,-0.224,0.358
941,white,-0.100,-0.394
942,wrath,0.000,0.617
942,vigorous,0.594,-0.055
943,courageous,0.524,-0.226
943,exorbitant,0.359,0.339
944,cheerful,0.491,-0.194
944,rosy,0.417,-0.288
945,comfort,0.175,-0.441
945,big,0.418,-0.144
946,broken,-0.368,0.308
946,melancholy,-0.460,0.049
947,die,-0.281,0.512
947,dazzling,0.551,0.017
948,poor,-0.538,0.133
948,life,0.497,-0.209
949,good,0.180,-0.406
949,barred,-0.037,0.426
950,leading,0.584,-0.078
950,tired,-0.498,0.132
951,lost,-0.327,0.315
951,bad,-0.219,0.352
952,loss,-0.395,0.351
952,sleep,-0.203,-0.448
953,strong,0.608,-0.112
953,terror,-0.084,0.585
954,useless,-0.527,0.202
954,trouble,-0.068,0.476
955,theft,-0.083,0.512
955,foolish,-0.492,-0.052
956,intensity,0.593,0.227
956,low,-0.526,-0.059
957,joy,0.606,-0.111
957,shame,-0.388,0.421
958,suffering,-0.326,0.487
958,illness,-0.306,0.428
959,general,0.414,-0.237
959,sister,0.168,-0.420
960,pillow,-0.317,-0.387
960,melancholy,-0.460,0.049
961,feeble,-0.559,0.080
961,gently,-0.011,-0.476
962,love,0.383,-0.341
962,holy,0.107,-0.485
963,granted,0.319,-0.369
963,lovely,0.361,-0.322
964,weep,-0.408,0.392
964,sleep,-0.203,-0.448
965,low,-0.526,-0.059
965,little,-0.428,-0.163
966,alone,-0.448,-0.121
966,gone,-0.457,-0.049
967,death,-0.149,0.490
967,frightful,-0.098,0.445
968,calm,-0.162,-0.556
968,lie,-0.242,0.413
969,joy,0.606,-0.111
969,terrible,0.023,0.563
970,happy,0.558,-0.188
970,pillow,-0.317,-0.387
971,rest,-0.101,-0.532
971,pained,-0.374,0.270
972,ill,-0.473,0.234
972,extremely,0.503,0.144
973,rosy,0.417,-0.288
973,big,0.418,-0.144
974,life,0.497,-0.209
974,eternal,0.381,-0.304
975,mad,-0.123,0.451
975,sister,0.168,-0.420
976,low,-0.526,-0.059
976,natural,-0.020,-0.520
977,joyous,0.431,-0.266
977,sleep,-0.203,-0.448
978,absent,-0.572,0.025
978,gone,-0.457,-0.049
979,poor,-0.538,0.133
979,truth,0.321,-0.402
980,joy,0.606,-0.111
980,great,0.531,-0.204
981,little,-0.428,-0.163
981,able,0.367,-0.194
982,extremely,0.503,0.144
982,negative,-0.420,0.293
983,rest,-0.101,-0.532
983,engaged,0.466,-0.163
984,lost,-0.327,0.315
984,acquainted,0.230,-0.386
985,courts,0.263,0.255
985,today,-0.040,-0.361
986,grand,0.594,-0.106
986,revolution,0.366,0.350
987,criminal,-0.060,0.575
987,greatly,0.497,-0.021
988,concert,0.551,-0.055
988,low,-0.526,-0.059
989,fear,-0.200,0.534
989,palace,0.413,-0.254
990,weak,-0.612,0.034
990,life,0.497,-0.209
991,theft,-0.083,0.512
991,strength,0.496,-0.078
992,great,0.531,-0.204
992,experienced,0.488,-0.100
993,pain,-0.192,0.531
993,offender,-0.003,0.530
994,brilliant,0.560,-0.248
994,clever,0.293,-0.378
995,truth,0.321,-0.402
995,closed,-0.422,-0.051
996,violent,0.090,0.574
996,leaf,-0.272,-0.306
997,virtue,0.406,-0.312
997,celebrity,0.443,-0.091
998,benefit,0.386,-0.334
998,small,-0.395,-0.250
999,happy,0.558,-0.188
999,rest,-0.101,-0.532
1000,unhappy,-0.443,0.266
1000,president,0.489,-0.024
1001,honor,0.497,-0.211
1001,respects,0.350,-0.310
1002,supreme,0.594,-0.068
1002,vague,-0.495,0.034
1003,terrible,0.023,0.563
1003,greatest,0.539,-0.145
1004,error,-0.393,0.321
1004,conscious,0.188,-0.280
1005,arrest,0.039,0.567
1005,forgotten,-0.466,0.027
1006,burst,0.267,0.535
1006,calm,-0.162,-0.556
1007,broken,-0.368,0.308
1007,silence,-0.375,-0.174
1008,agony,-0.154,0.487
1008,trembling,-0.134,0.449
1009,leading,0.584,-0.078
1009,advanced,0.445,-0.151
1010,criminal,-0.060,0.575
1010,badly,-0.363,0.306
1011,sadness,-0.568,0.164
1011,honest,0.276,-0.468
1012,grand,0.594,-0.106
1012,divine,0.521,-0.237
1013,hatred,-0.120,0.571
1013,wild,0.289,0.438
1014,victim,-0.323,0.387
1014,frightened,-0.199,0.459
1015,monstrous,0.117,0.605
1015,fatal,-0.081,0.508
1016,tragic,-0.107,0.601
1016,horrified,-0.141,0.592
1017,terrified,-0.094,0.569
1017,absent,-0.572,0.025
1018,excited,0.560,0.011
1018,crowd,0.249,0.344
1019,terrible,0.023,0.563
1019,miserable,-0.463,0.277
1020,dangerous,0.086,0.658
1020,violence,0.147,0.625
1021,crime,0.092,0.621
1021,battle,0.412,0.420
1022,menacing,0.057,0.599
1022,anxiety,-0.116,0.501
1023,apathy,-0.509,0.018
1023,melancholy,-0.460,0.049
1024,majestic,0.627,-0.148
1024,grand,0.594,-0.106
1025,stately,0.573,-0.064
1025,warrior,0.453,0.298
1026,broken,-0.368,0.308
1026,alarmed,-0.007,0.447
1027,thief,-0.061,0.563
1027,positively,0.516,-0.227
1028,theft,-0.083,0.512
1028,prisoner,-0.279,0.408
1029,intelligence,0.486,-0.164
1029,error,-0.393,0.321
1030,violent,0.090,0.574
1030,criminal,-0.060,0.575
1031,crime,0.092,0.621
1031,satanic,0.105,0.563
1032,enthusiasm,0.585,-0.086
1032,tragedy,-0.175,0.554
1033,life,0.497,-0.209
1033,beggar,-0.454,0.104
1034,energetic,0.639,0.020
1034,admiration,0.437,-0.272
1035,protest,0.076,0.533
1035,storm,0.086,0.531
1036,admirable,0.529,-0.226
1036,skill,0.510,-0.098
1037,monstrous,0.117,0.605
1037,terrible,0.023,0.563
1038,eruption,0.195,0.543
1038,forward,0.325,-0.320
1039,good,0.180,-0.406
1039,closed,-0.422,-0.051
1040,advantage,0.490,-0.253
1040,trouble,-0.068,0.476
1041,lose,-0.408,0.291
1041,water,-0.076,-0.488
1042,happy,0.558,-0.188
1042,dead,-0.467,0.279
1043,burst,0.267,0.535
1043,savage,0.134,0.516
1044,rest,-0.101,-0.532
1044,prisoner,-0.279,0.408
1045,crime,0.092,0.621
1045,steal,-0.048,0.593
1046,peace,0.136,-0.550
1046,mother,0.333,-0.366
1047,theft,-0.083,0.512
1047,wicked,0.055,0.474
1048,low,-0.526,-0.059
1048,broken,-0.368,0.308
1049,poor,-0.538,0.133
1049,education,0.336,-0.427
1050,father,0.310,-0.327
1050,stolen,-0.241,0.341
1051,succeed,0.642,-0.114
1051,furiously,0.098,0.616
1052,president,0.489,-0.024
1052,true,0.367,-0.319
1053,honor,0.497,-0.211
1053,inferior,-0.522,-0.013
1054,produce,0.559,-0.117
1054,extremely,0.503,0.144
1055,gray,-0.473,-0.133
1055,convict,-0.015,0.467
1056,divine,0.521,-0.237
1056,nature,0.130,-0.470
1057,hope,0.298,-0.425
1057,prisoner,-0.279,0.408
1058,positively,0.516,-0.227
1058,life,0.497,-0.209
1059,frail,-0.514,0.044
1059,force,0.468,0.109
1060,burst,0.267,0.535
1060,crowd,0.249,0.344
1061,pathetic,-0.484,0.258
1061,savage,0.134,0.516
1062,strong,0.608,-0.112
1062,sincere,0.259,-0.455
1063,famous,0.615,-0.095
1063,president,0.489,-0.024
1064,terrible,0.023,0.563
1064,concert,0.551,-0.055
1065,calm,-0.162,-0.556
1065,disorder,-0.245,0.484
1066,tranquil,-0.091,-0.588
1066,advanced,0.445,-0.151
1067,grand,0.594,-0.106
1067,terror,-0.084,0.585
1068,sadness,-0.568,0.164
1068,honorable,0.427,-0.381
1069,great,0.531,-0.204
1069,mad,-0.123,0.451
1070,criminal,-0.060,0.575
1070,rich,0.544,-0.171
1071,wretch,-0.330,0.437
1071,life,0.497,-0.209
1072,idiot,-0.454,0.329
1072,poor,-0.538,0.133
1073,distressing,-0.183,0.474
1073,condemn,0.032,0.495
1074,frightened,-0.199,0.459
1074,true,0.367,-0.319
1075,triumph,0.684,-0.116
1075,unhappy,-0.443,0.266
1076,despair,-0.236,0.470
1076,president,0.489,-0.024
1077,grand,0.594,-0.106
1077,splendid,0.536,-0.108
1078,magnificent,0.614,-0.221
1078,arrest,0.039,0.567
1079,divine,0.521,-0.237
1079,pity,-0.497,0.159
1080,less,-0.520,-0.026
1080,god,0.416,-0.158
1081,happy,0.558,-0.188
1081,asleep,-0.306,-0.361
1082,poor,-0.538,0.133
1082,faint,-0.493,0.253
1083,inspire,0.456,-0.204
1083,raise,0.472,-0.140
1084,dead,-0.467,0.279
1084,little,-0.428,-0.163
1085,easy,-0.056,-0.480
1085,lie,-0.242,0.413
1086,calm,-0.162,-0.556
1086,sick,-0.494,0.223
1087,tragic,-0.107,0.601
1087,serenity,0.060,-0.547
1088,life,0.497,-0.209
1088,dying,-0.207,0.442
1089,tremor,-0.071,0.514
1089,death,-0.149,0.490
1090,joy,0.606,-0.111
1090,happy,0.558,-0.188
1091,glory,0.565,-0.149
1091,asleep,-0.306,-0.361
1092,violence,0.147,0.625
1092,mother,0.333,-0.366
1093,excited,0.560,0.011
1093,poor,-0.538,0.133
1094,fear,-0.200,0.534
1094,natural,-0.020,-0.520
1095,ill,-0.473,0.234
1095,angry,0.045,0.505
1096,calm,-0.162,-0.556
1096,illness,-0.306,0.428
1097,forgotten,-0.466,0.027
1097,clean,0.005,-0.464
1098,little,-0.428,-0.163
1098,clothes,-0.006,-0.403
1099,confidence,0.442,-0.467
1099,prosperous,0.566,-0.220
1100,alone,-0.448,-0.121
1100,sister,0.168,-0.420
1101,evil,-0.040,0.560
1101,died,-0.292,0.443
1102,happy,0.558,-0.188
1102,pillow,-0.317,-0.387
1103,foolish,-0.492,-0.052
1103,good,0.180,-0.406
1104,terror,-0.084,0.585
1104,terrible,0.023,0.563
1105,engaged,0.466,-0.163
1105,satisfied,0.367,-0.317
1106,honorable,0.427,-0.381
1106,mad,-0.123,0.451
1107,difficulty,-0.191,0.464
1107,president,0.489,-0.024
1108,great,0.531,-0.204
1108,liberty,0.499,-0.248
1109,arrest,0.039,0.567
1109,intelligent,0.493,-0.258
1110,produce,0.559,-0.117
1110,prisoner,-0.279,0.408
1111,calm,-0.162,-0.556
1111,smooth,-0.176,-0.500
1112,betrayed,-0.199,0.451
1112,agitation,0.038,0.483
1113,gentleness,0.068,-0.464
1113,armed,0.187,0.411
1114,demon,-0.029,0.617
1114,joy,0.606,-0.111
1115,triumph,0.684,-0.116
1115,humiliation,-0.261,0.465
1116,success,0.758,-0.050
1116,victory,0.642,-0.136
1117,hell,0.008,0.638
1117,crime,0.092,0.621
1118,happiness,0.593,-0.158
1118,grand,0.594,-0.106
1119,terrible,0.023,0.563
1119,life,0.497,-0.209
1120,arrest,0.039,0.567
1120,fierce,0.258,0.429
1121,violently,0.055,0.600
1121,wrestler,0.481,0.253
1122,fear,-0.200,0.534
1122,unhappy,-0.443,0.266
1123,burst,0.267,0.535
1123,frightful,-0.098,0.445
1124,low,-0.526,-0.059
1124,alone,-0.448,-0.121
1125,fool,-0.395,0.272
1125,trembling,-0.134,0.449
1126,thief,-0.061,0.563
1126,convict,-0.015,0.467
1127,agony,-0.154,0.487
1127,pillow,-0.317,-0.387
1128,fury,0.088,0.583
1128,dead,-0.467,0.279
1129,sick,-0.494,0.223
1129,couch,-0.372,-0.369
1130,small,-0.395,-0.250
1130,elbow,-0.379,-0.226
1131,life,0.497,-0.209
1131,pity,-0.497,0.159
1132,death,-0.149,0.490
1132,mother,0.333,-0.366
1133,extraordinary,0.603,-0.167
1133,great,0.531,-0.204
1134,forgotten,-0.466,0.027
1134,frightful,-0.098,0.445
1135,perfect,0.493,-0.351
1135,evil,-0.040,0.560
1136,fright,-0.234,0.438
1136,sad,-0.471,0.069
1137,sister,0.168,-0.420
1137,deserted,-0.388,0.223
1138,poor,-0.538,0.133
1138,chair,-0.331,-0.342
1139,adventure,0.530,-0.047
1139,respect,0.325,-0.405
1140,little,-0.428,-0.163
1140,big,0.418,-0.144
1141,leading,0.584,-0.078
1141,noise,-0.018,0.433
1142,disorder,-0.245,0.484
1142,disturbed,-0.151,0.518
1143,betrayed,-0.199,0.451
1143,agitation,0.038,0.483
1144,nature,0.130,-0.470
1144,force,0.468,0.109
1145,rest,-0.101,-0.532
1145,died,-0.292,0.443
1146,unhappy,-0.443,0.266
1146,ascending,0.431,-0.125
1147,raise,0.472,-0.140
1147,recognized,0.374,-0.288
1148,mistake,-0.393,0.253
1148,correct,0.246,-0.382
1149,life,0.497,-0.209
1149,truth,0.321,-0.402
1150,terrible,0.023,0.563
1150,poor,-0.538,0.133
1151,paradise,0.420,-0.231
1151,lie,-0.242,0.413
1152,mother,0.333,-0.366
1152,aged,-0.437,0.160
1153,money,0.459,-0.160
1153,convict,-0.015,0.467
1154,succeed,0.642,-0.114
1154,ashes,-0.451,-0.042
1155,produce,0.559,-0.117
1155,nature,0.130,-0.470
1156,water,-0.076,-0.488
1156,little,-0.428,-0.163
1157,badly,-0.363,0.306
1157,spectacle,0.462,-0.046
1158,disorder,-0.245,0.484
1158,charming,0.475,-0.180
1159,brave,0.589,-0.054
1159,lover,0.522,-0.047
1160,battlefield,0.220,0.566
1160,big,0.418,-0.144
1161,great,0.531,-0.204
1161,sire,0.376,-0.276
1162,ruin,-0.368,0.319
1162,small,-0.395,-0.250
1163,fury,0.088,0.583
1163,army,0.373,0.256
1164,heroic,0.621,-0.078
1164,strong,0.608,-0.112
1165,beaten,-0.213,0.530
1165,attack,0.230,0.471
1166,furious,0.069,0.633
1166,bloody,-0.025,0.623
1167,death,-0.149,0.490
1167,agony,-0.154,0.487
1168,ruined,-0.373,0.295
1168,ambush,0.049,0.386
1169,rest,-0.101,-0.532
1169,broken,-0.368,0.308
1170,massacre,0.053,0.612
1170,calm,-0.162,-0.556
1171,perfect,0.493,-0.351
1171,saint,0.171,-0.397
1172,wrath,0.000,0.617
1172,fortunate,0.522,-0.199
1173,corpse,-0.321,0.390
1173,water,-0.076,-0.488
1174,poor,-0.538,0.133
1174,unfortunate,-0.440,0.287
1175,triumph,0.684,-0.116
1175,victory,0.642,-0.136
1176,feeble,-0.559,0.080
1176,succeeding,0.557,-0.075
1177,growth,0.449,-0.229
1177,lost,-0.327,0.315
1178,ruin,-0.368,0.319
1178,pail,-0.406,-0.198
1179,terrified,-0.094,0.569
1179,dead,-0.467,0.279
1180,terrible,0.023,0.563
1180,common,-0.260,-0.337
1181,rest,-0.101,-0.532
1181,wild,0.289,0.438
1182,die,-0.281,0.512
1182,combat,0.308,0.396
1183,attack,0.230,0.471
1183,less,-0.520,-0.026
1184,strong,0.608,-0.112
1184,firing,0.270,0.536
1185,great,0.531,-0.204
1185,family,0.281,-0.413
1186,massacre,0.053,0.612
1186,fury,0.088,0.583
1187,mutilated,-0.170,0.561
1187,action,0.538,0.099
1188,battle,0.412,0.420
1188,sky,0.029,-0.519
1189,victory,0.642,-0.136
1189,wonderful,0.605,-0.136
1190,invincible,0.651,-0.005
1190,war,0.113,0.626
1191,fortune,0.592,-0.133
1191,loss,-0.395,0.351
1192,peril,-0.014,0.607
1192,suffering,-0.326,0.487
1193,greatness,0.684,-0.163
1193,divine,0.521,-0.237
1194,triumph,0.684,-0.116
1194,supreme,0.594,-0.068
1195,shattered,-0.193,0.494
1195,enemy,0.024,0.471
1196,strategic,0.503,-0.048
1196,ability,0.420,-0.251
1197,battle,0.412,0.420
1197,gain,0.507,-0.191
1198,heroism,0.604,-0.024
1198,imperial,0.459,-0.004
1199,hostile,0.006,0.484
1199,opponent,0.062,0.479
1200,beaten,-0.213,0.530
1200,rest,-0.101,-0.532
1201,insignificant,-0.580,0.152
1201,great,0.531,-0.204
1202,calm,-0.162,-0.556
1202,honor,0.497,-0.211
1203,divine,0.521,-0.237
1203,quality,0.425,-0.311
1204,leader,0.513,-0.166
1204,tyrant,0.108,0.528
1205,menacing,0.057,0.599
1205,artillery,0.335,0.405
1206,battle,0.412,0.420
1206,pistol,0.155,0.522
1207,furiously,0.098,0.616
1207,fury,0.088,0.583
1208,brave,0.589,-0.054
1208,attack,0.230,0.471
1209,valiant,0.599,-0.089
1209,excellent,0.543,-0.264
1210,war,0.113,0.626
1210,displeased,-0.163,0.391
1211,great,0.531,-0.204
1211,strategic,0.503,-0.048
1212,action,0.538,0.099
1212,less,-0.520,-0.026
1213,tragic,-0.107,0.601
1213,forward,0.325,-0.320
1214,powerful,0.695,-0.016
1214,chaos,-0.131,0.636
1215,battle,0.412,0.420
1215,horrible,-0.117,0.552
1216,desperate,-0.162,0.530
1216,dead,-0.467,0.279
1217,prince,0.444,-0.290
1217,foremost,0.456,-0.088
1218,valiant,0.599,-0.089
1218,annihilated,-0.212,0.475
1219,injuring,-0.259,0.498
1219,strongly,0.495,0.141
1220,war,0.113,0.626
1220,artillery,0.335,0.405
1221,peril,-0.014,0.607
1221,broken,-0.368,0.308
1222,disorganized,-0.449,0.315
1222,reinforcements,0.449,0.061
1223,strong,0.608,-0.112
1223,destroyed,-0.293,0.465
1224,heroic,0.621,-0.078
1224,enthusiastic,0.619,-0.010
1225,rest,-0.101,-0.532
1225,ill,-0.473,0.234
1226,supreme,0.594,-0.068
1226,greatest,0.539,-0.145
1227,weep,-0.408,0.392
1227,storm,0.086,0.531
1228,joy,0.606,-0.111
1228,sleep,-0.203,-0.448
1229,reinforcement,0.501,-0.009
1229,little,-0.428,-0.163
1230,violence,0.147,0.625
1230,emperor,0.507,0.051
1231,battle,0.412,0.420
1231,chair,-0.331,-0.342
1232,battlefield,0.220,0.566
1232,soft,-0.218,-0.421
1233,war,0.113,0.626
1233,giant,0.558,0.131
1234,white,-0.100,-0.394
1234,sea,0.160,-0.338
1235,familiar,0.204,-0.406
1235,army,0.373,0.256
1236,mighty,0.653,-0.006
1236,magnificent,0.614,-0.221
1237,action,0.538,0.099
1237,storm,0.086,0.531
1238,superb,0.593,-0.189
1238,admirable,0.529,-0.226
1239,projectiles,0.308,0.436
1239,artillery,0.335,0.405
1240,terrified,-0.094,0.569
1240,bomb,0.212,0.536
1241,engagement,0.466,-0.221
1241,disconcerted,-0.299,0.358
1242,battle,0.412,0.420
1242,great,0.531,-0.204
1243,easy,-0.056,-0.480
1243,tomb,-0.307,0.274
1244,divine,0.521,-0.237
1244,combat,0.308,0.396
1245,monumental,0.452,-0.029
1245,greater,0.350,-0.159
1246,accident,-0.111,0.545
1246,dead,-0.467,0.279
1247,terrible,0.023,0.563
1247,emperor,0.507,0.051
1248,killing,0.152,0.629
1248,admirable,0.529,-0.226
1249,succeeding,0.557,-0.075
1249,disorganized,-0.449,0.315
1250,prince,0.444,-0.290
1250,wounded,-0.226,0.455
1251,battle,0.412,0.420
1251,less,-0.520,-0.026
1252,war,0.113,0.626
1252,astray,-0.255,0.404
1253,victory,0.642,-0.136
1253,evil,-0.040,0.560
1254,fortune,0.592,-0.133
1254,conquest,0.442,0.002
1255,artillery,0.335,0.405
1255,armed,0.187,0.411
1256,low,-0.526,-0.059
1256,negative,-0.420,0.293
1257,giant,0.558,0.131
1257,beaten,-0.213,0.530
1258,powerful,0.695,-0.016
1258,empire,0.525,0.042
1259,terrible,0.023,0.563
1259,spectacle,0.462,-0.046
1260,burst,0.267,0.535
1260,battle,0.412,0.420
1261,monster,0.094,0.569
1261,great,0.531,-0.204
1262,horrible,-0.117,0.552
1262,shadow,-0.421,0.020
1263,grand,0.594,-0.106
1263,calm,-0.162,-0.556
1264,earthquake,0.219,0.619
1264,tragic,-0.107,0.601
1265,yawning,-0.477,-0.083
1265,force,0.468,0.109
1266,rest,-0.101,-0.532
1266,loss,-0.395,0.351
1267,little,-0.428,-0.163
1267,battalion,0.282,0.353
1268,catastrophe,0.163,0.575
1268,ill,-0.473,0.234
1269,supreme,0.594,-0.068
1269,vitality,0.509,-0.245
1270,battle,0.412,0.420
1270,suffering,-0.326,0.487
1271,disaster,-0.069,0.570
1271,discouraged,-0.530,0.050
1272,terrible,0.023,0.563
1272,attack,0.230,0.471
1273,eruption,0.195,0.543
1273,great,0.531,-0.204
1274,monstrous,0.117,0.605
1274,explosions,0.052,0.525
1275,killing,0.152,0.629
1275,died,-0.292,0.443
1276,fatal,-0.081,0.508
1276,mistake,-0.393,0.253
1277,less,-0.520,-0.026
1277,wounded,-0.226,0.455
1278,hurricane,0.266,0.562
1278,fury,0.088,0.583
1279,victory,0.642,-0.136
1279,extraordinary,0.603,-0.167
1280,battle,0.412,0.420
1280,worse,-0.320,0.446
1281,broken,-0.368,0.308
1281,crisis,-0.047,0.423
1282,great,0.531,-0.204
1282,horrible,-0.117,0.552
1283,furious,0.069,0.633
1283,destroyed,-0.293,0.465
1284,shattered,-0.193,0.494
1284,loss,-0.395,0.351
1285,bloody,-0.025,0.623
1285,defeat,-0.403,0.283
1286,panic,-0.081,0.614
1286,feeble,-0.559,0.080
1287,calm,-0.162,-0.556
1287,disaster,-0.069,0.570
1288,giant,0.558,0.131
1288,life,0.497,-0.209
1289,battle,0.412,0.420
1289,artillery,0.335,0.405
1290,leading,0.584,-0.078
1290,action,0.538,0.099
1291,emperor,0.507,0.051
1291,immense,0.471,0.001
1292,peril,-0.014,0.607
1292,accomplish,0.525,-0.178
1293,prince,0.444,-0.290
1293,broken,-0.368,0.308
1294,die,-0.281,0.512
1294,terrible,0.023,0.563
1295,grand,0.594,-0.106
1295,catastrophe,0.163,0.575
1296,tranquil,-0.091,-0.588
1296,losing,-0.323,0.423
1297,hero,0.641,-0.091
1297,suicide,-0.107,0.594
1298,magnificent,0.614,-0.221
1298,battle,0.412,0.420
1299,treachery,-0.067,0.527
1299,unhappy,-0.443,0.266
1300,kill,0.158,0.638
1300,defeat,-0.403,0.283
1301,effort,0.490,0.064
1301,tremendous,0.433,0.207
1302,dead,-0.467,0.279
1302,emperor,0.507,0.051
1303,terror,-0.084,0.585
1303,despair,-0.236,0.470
1304,furious,0.069,0.633
1304,threatening,0.075,0.575
1305,victory,0.642,-0.136
1305,assassination,0.021,0.607
1306,terrified,-0.094,0.569
1306,great,0.531,-0.204
1307,panic,-0.081,0.614
1307,battle,0.412,0.420
1308,invincible,0.651,-0.005
1308,rest,-0.101,-0.532
1309,victorious,0.698,0.007
1309,abandoned,-0.503,0.300
1310,diminished,-0.502,0.077
1310,dying,-0.207,0.442
1311,artillery,0.335,0.405
1311,sky,0.029,-0.519
1312,supreme,0.594,-0.068
1312,brave,0.589,-0.054
1313,winner,0.656,-0.103
1313,violate,0.020,0.642
1314,conquer,0.616,0.137
1314,catastrophe,0.163,0.575
1315,victory,0.642,-0.136
1315,glory,0.565,-0.149
1316,war,0.113,0.626
1316,rage,0.091,0.577
1317,mighty,0.653,-0.006
1317,grand,0.594,-0.106
1318,divine,0.521,-0.237
1318,superior,0.562,-0.063
1319,revolution,0.366,0.350
1319,recognized,0.374,-0.288
1320,terrible,0.023,0.563
1320,dead,-0.467,0.279
1321,panic,-0.081,0.614
1321,battle,0.412,0.420
1322,suffer,-0.187,0.575
1322,superhuman,0.557,-0.039
1323,magnificent,0.614,-0.221
1323,majestic,0.627,-0.148
1324,victory,0.642,-0.136
1324,fortune,0.592,-0.133
1325,winning,0.669,-0.163
1325,glory,0.565,-0.149
1326,war,0.113,0.626
1326,extraordinary,0.603,-0.167
1327,prodigious,0.560,-0.137
1327,courage,0.526,-0.067
1328,beaten,-0.213,0.530
1328,splendid,0.536,-0.108
1329,emperor,0.507,0.051
1329,convict,-0.015,0.467
1330,triumph,0.684,-0.116
1330,battle,0.412,0.420
1331,superb,0.593,-0.189
1331,admired,0.464,-0.247
1332,hero,0.641,-0.091
1332,grand,0.594,-0.106
1333,great,0.531,-0.204
1333,worth,0.471,-0.246
1334,glory,0.565,-0.149
1334,power,0.518,-0.022
1335,massacre,0.053,0.612
1335,wonderfully,0.590,-0.146
1336,loss,-0.395,0.351
1336,smallest,-0.454,0.032
1337,battlefield,0.220,0.566
1337,catastrophe,0.163,0.575
1338,furious,0.069,0.633
1338,fury,0.088,0.583
1339,victory,0.642,-0.136
1339,terrible,0.023,0.563
1340,eruption,0.195,0.543
1340,divine,0.521,-0.237
1341,gain,0.507,-0.191
1341,fatal,-0.081,0.508
1342,progress,0.530,-0.161
1342,revolution,0.366,0.350
1343,arrest,0.039,0.567
1343,liberty,0.499,-0.248
1344,dismemberment,-0.047,0.533
1344,encouraged,0.436,-0.182
1345,dictatorship,0.144,0.525
1345,empire,0.525,0.042
1346,heroic,0.621,-0.078
1346,glory,0.565,-0.149
1347,true,0.367,-0.319
1347,throne,0.442,-0.072
1348,celebrated,0.468,-0.129
1348,badly,-0.363,0.306
1349,terrible,0.023,0.563
1349,blessing,0.318,-0.460
1350,poisonous,0.002,0.544
1350,unhealthy,-0.375,0.300
1351,divine,0.521,-0.237
1351,great,0.531,-0.204
1352,void,-0.611,0.016
1352,empty,-0.610,-0.011
1353,terror,-0.084,0.585
1353,liberty,0.499,-0.248
1354,peace,0.136,-0.550
1354,ill,-0.473,0.234
1355,war,0.113,0.626
1355,battlefield,0.220,0.566
1356,victory,0.642,-0.136
1356,massacre,0.053,0.612
1357,battle,0.412,0.420
1357,action,0.538,0.099
1358,triumph,0.684,-0.116
1358,glory,0.565,-0.149
1359,hero,0.641,-0.091
1359,dead,-0.467,0.279
1360,stealing,-0.041,0.582
1360,fighting,0.285,0.428
1361,maxim,0.496,-0.212
1361,deceived,-0.280,0.430
1362,great,0.531,-0.204
1362,evil,-0.040,0.560
1363,sinister,0.061,0.548
1363,less,-0.520,-0.026
1364,audacious,0.534,0.099
1364,disturbed,-0.151,0.518
1365,produce,0.559,-0.117
1365,little,-0.428,-0.163
1366,sky,0.029,-0.519
1366,serene,-0.120,-0.478
1367,catastrophe,0.163,0.575
1367,terrified,-0.094,0.569
1368,joy,0.606,-0.111
1368,brave,0.589,-0.054
1369,rage,0.091,0.577
1369,useless,-0.527,0.202
1370,disaster,-0.069,0.570
1370,terrible,0.023,0.563
1371,destruction,0.088,0.588
1371,remembered,0.191,-0.412
1372,dead,-0.467,0.279
1372,hideous,-0.209,0.461
1373,frightened,-0.199,0.459
1373,attitude,0.459,-0.073
1374,burst,0.267,0.535
1374,honest,0.276,-0.468
1375,furious,0.069,0.633
1375,happy,0.558,-0.188
1376,great,0.531,-0.204
1376,honor,0.497,-0.211
1377,battle,0.412,0.420
1377,death,-0.149,0.490
1378,life,0.497,-0.209
1378,low,-0.526,-0.059
1379,shoot,0.091,0.594
1379,surprising,0.471,-0.073
1380,manufacture,0.483,-0.114
1380,remembered,0.191,-0.412
1381,fortune,0.592,-0.133
1381,arrest,0.039,0.567
1382,wretch,-0.330,0.437
1382,money,0.459,-0.160
1383,died,-0.292,0.443
1383,strength,0.496,-0.078
1384,leading,0.584,-0.078
1384,liberty,0.499,-0.248
1385,violence,0.147,0.625
1385,honest,0.276,-0.468
1386,triumph,0.684,-0.116
1386,criminal,-0.060,0.575
1387,great,0.531,-0.204
1387,prosperity,0.516,-0.217
1388,grand,0.594,-0.106
1388,abandoned,-0.503,0.300
1389,confidence,0.442,-0.467
1389,bankruptcy,-0.361,0.477
1390,lacking,-0.469,0.094
1390,purpose,0.370,-0.181
1391,treasures,0.560,-0.064
1391,devil,0.103,0.526
1392,engaged,0.466,-0.163
1392,immense,0.471,0.001
1393,treasure,0.489,-0.232
1393,wait,-0.467,-0.040
1394,rob,-0.031,0.515
1394,assured,0.289,-0.382
1395,success,0.758,-0.050
1395,evil,-0.040,0.560
1396,cadaver,-0.317,0.461
1396,bleeding,-0.097,0.479
1397,burst,0.267,0.535
1397,gun,0.179,0.554
1398,convict,-0.015,0.467
1398,reduced,-0.414,0.090
1399,respectful,0.397,-0.391
1399,smiling,0.415,-0.219
1400,devil,0.103,0.526
1400,reassured,0.040,-0.472
1401,fabulous,0.530,-0.224
1401,great,0.531,-0.204
1402,torture,0.029,0.541
1402,god,0.416,-0.158
1403,admirable,0.529,-0.226
1403,effort,0.490,0.064
1404,father,0.310,-0.327
1404,tree,-0.140,-0.389
1405,small,-0.395,-0.250
1405,refused,-0.406,0.213
1406,strong,0.608,-0.112
1406,recognized,0.374,-0.288
1407,money,0.459,-0.160
1407,buried,-0.263,0.281
1408,brave,0.589,-0.054
1408,trouble,-0.068,0.476
1409,battered,-0.211,0.495
1409,damages,-0.222,0.473
1410,war,0.113,0.626
1410,grand,0.594,-0.106
1411,powerful,0.695,-0.016
1411,terrorism,0.131,0.650
1412,progress,0.530,-0.161
1412,prince,0.444,-0.290
1413,bloodshed,0.004,0.633
1413,heroic,0.621,-0.078
1414,triumph,0.684,-0.116
1414,corruption,-0.030,0.554
1415,victory,0.642,-0.136
1415,conquering,0.623,0.088
1416,enraged,0.111,0.626
1416,liberty,0.499,-0.248
1417,success,0.758,-0.050
1417,violence,0.147,0.625
1418,crime,0.092,0.621
1418,danger,0.136,0.577
1419,confidence,0.442,-0.467
1419,war,0.113,0.626
1420,magnificent,0.614,-0.221
1420,battle,0.412,0.420
1421,alarming,0.100,0.487
1421,water,-0.076,-0.488
1422,great,0.531,-0.204
1422,gigantic,0.561,0.027
1423,simple,-0.235,-0.374
1423,clouds,-0.156,-0.388
1424,prodigy,0.487,-0.071
1424,canvas,-0.185,-0.447
1425,hurricane,0.266,0.562
1425,monstrous,0.117,0.605
1426,marvellous,0.588,-0.046
1426,superior,0.562,-0.063
1427,ailing,-0.445,0.291
1427,gone,-0.457,-0.049
1428,violent,0.090,0.574
1428,damaged,-0.363,0.366
1429,accident,-0.111,0.545
1429,cry,-0.299,0.343
1430,horrible,-0.117,0.552
1430,losing,-0.323,0.423
1431,fear,-0.200,0.534
1431,terrible,0.023,0.563
1432,life,0.497,-0.209
1432,convict,-0.015,0.467
1433,affirmative,0.447,-0.181
1433,broken,-0.368,0.308
1434,anguish,-0.203,0.442
1434,advanced,0.445,-0.151
1435,despairing,-0.255,0.462
1435,unfortunate,-0.440,0.287
1436,strength,0.496,-0.078
1436,fall,-0.288,0.330
1437,rage,0.091,0.577
1437,applause,0.484,-0.077
1438,poor,-0.538,0.133
1438,anxiety,-0.116,0.501
1439,book,0.088,-0.414
1439,sea,0.160,-0.338
1440,dead,-0.467,0.279
1440,water,-0.076,-0.488
1441,grand,0.594,-0.106
1441,life,0.497,-0.209
1442,magnificent,0.614,-0.221
1442,exist,0.348,-0.300
1443,terror,-0.084,0.585
1443,mother,0.333,-0.366
1444,brilliant,0.560,-0.248
1444,terrified,-0.094,0.569
1445,tranquil,-0.091,-0.588
1445,joyous,0.431,-0.266
1446,horrible,-0.117,0.552
1446,family,0.281,-0.413
1447,great,0.531,-0.204
1447,christmas,0.412,-0.308
1448,war,0.113,0.626
1448,greatly,0.497,-0.021
1449,responsible,0.422,-0.211
1449,small,-0.395,-0.250
1450,harm,-0.183,0.429
1450,wrong,-0.203,0.387
1451,terribly,-0.159,0.474
1451,engaged,0.466,-0.163
1452,annoying,-0.150,0.539
1452,love,0.383,-0.341
1453,mother,0.333,-0.366
1453,birthday,0.452,-0.099
1454,wild,0.289,0.438
1454,colossal,0.480,0.006
1455,able,0.367,-0.194
1455,clothes,-0.006,-0.403
1456,wonderfully,0.590,-0.146
1456,feeble,-0.559,0.080
1457,great,0.531,-0.204
1457,thief,-0.061,0.563
1458,dangerously,0.044,0.601
1458,death,-0.149,0.490
1459,champ,0.584,-0.064
1459,adventure,0.530,-0.047
1460,victorious,0.698,0.007
1460,stealing,-0.041,0.582
1461,superior,0.562,-0.063
1461,fine,0.143,-0.406
1462,wrath,0.000,0.617
1462,jealous,-0.105,0.475
1463,enraged,0.111,0.626
1463,hatred,-0.120,0.571
1464,intelligent,0.493,-0.258
1464,mistake,-0.393,0.253
1465,action,0.538,0.099
1465,kind,0.169,-0.476
1466,grand,0.594,-0.106
1466,evil,-0.040,0.560
1467,succeed,0.642,-0.114
1467,fear,-0.200,0.534
1468,penniless,-0.608,0.172
1468,millionaire,0.583,-0.111
1469,dangerous,0.086,0.658
1469,empty,-0.610,-0.011
1470,rage,0.091,0.577
1470,chair,-0.331,-0.342
1471,absent,-0.572,0.025
1471,terrible,0.023,0.563
1472,weak,-0.612,0.034
1472,peace,0.136,-0.550
1473,sadly,-0.548,0.147
1473,life,0.497,-0.209
1474,savage,0.134,0.516
1474,water,-0.076,-0.488
1475,silence,-0.375,-0.174
1475,heart,0.302,-0.228
1476,snowflake,-0.197,-0.402
1476,big,0.418,-0.144
1477,true,0.367,-0.319
1477,little,-0.428,-0.163
1478,truth,0.321,-0.402
1478,anguish,-0.203,0.442
1479,empty,-0.610,-0.011
1479,down,-0.398,0.084
1480,plenty,0.451,-0.145
1480,malicious,0.043,0.421
1481,rescue,0.609,0.087
1481,paper,-0.320,-0.283
1482,magnificent,0.614,-0.221
1482,marvel,0.616,-0.142
1483,wonderful,0.605,-0.136
1483,rich,0.544,-0.171
1484,riches,0.596,-0.181
1484,joy,0.606,-0.111
1485,fantastic,0.567,-0.190
1485,eternal,0.381,-0.304
1486,monster,0.094,0.569
1486,ill,-0.473,0.234
1487,poor,-0.538,0.133
1487,company,0.382,-0.333
1488,boldness,0.467,-0.081
1488,recognized,0.374,-0.288
1489,terrified,-0.094,0.569
1489,life,0.497,-0.209
1490,fear,-0.200,0.534
1490,audacity,0.552,0.005
1491,wrath,0.000,0.617
1491,hideous,-0.209,0.461
1492,desperation,-0.052,0.546
1492,tiny,-0.427,-0.210
1493,natural,-0.020,-0.520
1493,water,-0.076,-0.488
1494,tranquil,-0.091,-0.588
1494,violent,0.090,0.574
1495,effort,0.490,0.064
1495,fall,-0.288,0.330
1496,tragic,-0.107,0.601
1496,great,0.531,-0.204
1497,terror,-0.084,0.585
1497,wise,0.330,-0.430
1498,anxiety,-0.116,0.501
1498,trouble,-0.068,0.476
1499,void,-0.611,0.016
1499,afraid,-0.297,0.533
1500,monstrous,0.117,0.605
1500,sinister,0.061,0.548
1501,terrified,-0.094,0.569
1501,terrible,0.023,0.563
1502,inspired,0.500,-0.189
1502,natural,-0.020,-0.520
1503,advanced,0.445,-0.151
1503,little,-0.428,-0.163
1504,dead,-0.467,0.279
1504,mother,0.333,-0.366
1505,weep,-0.408,0.392
1505,painful,-0.232,0.485
1506,terror,-0.084,0.585
1506,desperate,-0.162,0.530
1507,life,0.497,-0.209
1507,christmas,0.412,-0.308
1508,modest,-0.111,-0.447
1508,deserted,-0.388,0.223
1509,intelligent,0.493,-0.258
1509,poor,-0.538,0.133
1510,depression,-0.418,0.342
1510,vigor,0.526,-0.071
1511,threatening,0.075,0.575
1511,serenity,0.060,-0.547
1512,king,0.463,0.020
1512,forward,0.325,-0.320
1513,majestic,0.627,-0.148
1513,great,0.531,-0.204
1514,proud,0.568,-0.140
1514,honor,0.497,-0.211
1515,success,0.758,-0.050
1515,kind,0.169,-0.476
1516,alarmed,-0.007,0.447
1516,captain,0.436,0.088
1517,majesty,0.539,-0.144
1517,little,-0.428,-0.163
1518,assure,0.430,-0.310
1518,blind,-0.467,0.139
1519,diminutive,-0.515,-0.095
1519,box,-0.290,-0.229
1520,six,-0.331,-0.248
1520,down,-0.398,0.084
1521,money,0.459,-0.160
1521,encounter,0.415,-0.117
1522,leading,0.584,-0.078
1522,great,0.531,-0.204
1523,sky,0.029,-0.519
1523,ascent,0.429,-0.083
1524,advancing,0.491,-0.223
1524,lose,-0.408,0.291
1525,suffering,-0.326,0.487
1525,ash,-0.470,-0.039
1526,disturbed,-0.151,0.518
1526,water,-0.076,-0.488
1527,frightened,-0.199,0.459
1527,little,-0.428,-0.163
1528,mother,0.333,-0.366
1528,good,0.180,-0.406
1529,effort,0.490,0.064
1529,sickly,-0.355,0.247
1530,tremor,-0.071,0.514
1530,difficulty,-0.191,0.464
1531,confidence,0.442,-0.467
1531,joy,0.606,-0.111
1532,great,0.531,-0.204
1532,gold,0.446,-0.181
1533,tiny,-0.427,-0.210
1533,alone,-0.448,-0.121
1534,christmas,0.412,-0.308
1534,gloomy,-0.393,0.213
1535,rich,0.544,-0.171
1535,poor,-0.538,0.133
1536,wealthy,0.506,-0.248
1536,polite,0.199,-0.390
1537,battered,-0.211,0.495
1537,beggar,-0.454,0.104
1538,low,-0.526,-0.059
1538,less,-0.520,-0.026
1539,happy,0.558,-0.188
1539,water,-0.076,-0.488
1540,weeping,-0.359,0.418
1540,sick,-0.494,0.223
1541,weep,-0.408,0.392
1541,inspired,0.500,-0.189
1542,terror,-0.084,0.585
1542,fear,-0.200,0.534
1543,demon,-0.029,0.617
1543,tragic,-0.107,0.601
1544,great,0.531,-0.204
1544,ill,-0.473,0.234
1545,unhappy,-0.443,0.266
1545,rob,-0.031,0.515
1546,poor,-0.538,0.133
1546,strength,0.496,-0.078
1547,advantage,0.490,-0.253
1547,little,-0.428,-0.163
1548,confidence,0.442,-0.467
1548,fierce,0.258,0.429
1549,steal,-0.048,0.593
1549,lucky,0.494,-0.244
1550,healthy,0.362,-0.428
1550,rosy,0.417,-0.288
1551,joyous,0.431,-0.266
1551,melancholy,-0.460,0.049
1552,admirable,0.529,-0.226
1552,life,0.497,-0.209
1553,ill,-0.473,0.234
1553,whip,0.052,0.487
1554,order,0.269,-0.330
1554,desire,0.395,-0.148
1555,poor,-0.538,0.133
1555,worth,0.471,-0.246
1556,laugh,0.368,-0.248
1556,table,-0.289,-0.274
1557,abandoned,-0.503,0.300
1557,hatred,-0.120,0.571
1558,important,0.468,-0.133
1558,little,-0.428,-0.163
1559,splendor,0.519,-0.217
1559,amusing,0.482,-0.100
1560,amaze,0.566,-0.038
1560,surprise,0.411,-0.010
1561,obscene,-0.217,0.488
1561,charming,0.475,-0.180
1562,unhappy,-0.443,0.266
1562,future,0.469,-0.169
1563,brave,0.589,-0.054
1563,rich,0.544,-0.171
1564,generous,0.430,-0.410
1564,water,-0.076,-0.488
1565,intoxicated,-0.239,0.517
1565,dead,-0.467,0.279
1566,millionaire,0.583,-0.111
1566,low,-0.526,-0.059
1567,abandoned,-0.503,0.300
1567,drunken,-0.186,0.479
1568,violence,0.147,0.625
1568,happiness,0.593,-0.158
1569,joy,0.606,-0.111
1569,shining,0.500,-0.146
1570,wrath,0.000,0.617
1570,violent,0.090,0.574
1571,terrible,0.023,0.563
1571,despair,-0.236,0.470
1572,burst,0.267,0.535
1572,loss,-0.395,0.351
1573,dirty,-0.431,0.209
1573,absence,-0.469,0.058
1574,fabulous,0.530,-0.224
1574,confused,-0.300,0.292
1575,mute,-0.438,-0.052
1575,sun,0.271,-0.334
1576,millionaire,0.583,-0.111
1576,thief,-0.061,0.563
1577,marvellous,0.588,-0.046
1577,low,-0.526,-0.059
1578,joy,0.606,-0.111
1578,terror,-0.084,0.585
1579,terrified,-0.094,0.569
1579,fear,-0.200,0.534
1580,chair,-0.331,-0.342
1580,fresh,0.045,-0.442
1581,worse,-0.320,0.446
1581,attitude,0.459,-0.073
1582,furious,0.069,0.633
1582,relieve,0.030,-0.443
1583,monster,0.094,0.569
1583,majesty,0.539,-0.144
1584,worrying,-0.254,0.491
1584,imbecile,-0.349,0.340
1585,magnificent,0.614,-0.221
1585,gigantic,0.561,0.027
1586,alone,-0.448,-0.121
1586,good,0.180,-0.406
1587,admirable,0.529,-0.226
1587,respect,0.325,-0.405
1588,splendor,0.519,-0.217
1588,low,-0.526,-0.059
1589,orange,-0.251,-0.368
1589,fresh,0.045,-0.442
1590,respectability,0.440,-0.318
1590,withdrawn,-0.423,0.127
1591,disrespectful,-0.305,0.463
1591,asleep,-0.306,-0.361
1592,faint,-0.493,0.253
1592,gone,-0.457,-0.049
1593,sleeping,-0.230,-0.437
1593,sleep,-0.203,-0.448
1594,small,-0.395,-0.250
1594,view,0.137,-0.427
1595,little,-0.428,-0.163
1595,ashes,-0.451,-0.042
1596,christmas,0.412,-0.308
1596,mother,0.333,-0.366
1597,discouraged,-0.530,0.050
1597,shining,0.500,-0.146
1598,despair,-0.236,0.470
1598,pen,-0.266,-0.310
1599,marvel,0.616,-0.142
1599,masterpiece,0.522,-0.209
1600,enthusiasm,0.585,-0.086
1600,great,0.531,-0.204
1601,supreme,0.594,-0.068
1601,laugh,0.368,-0.248
1602,monster,0.094,0.569
1602,marry,0.449,-0.096
1603,motionless,-0.411,-0.083
1603,embarrassed,-0.313,0.259
1604,explosion,0.247,0.569
1604,poor,-0.538,0.133
1605,generous,0.430,-0.410
1605,rich,0.544,-0.171
1606,violent,0.090,0.574
1606,terrible,0.023,0.563
1607,holy,0.107,-0.485
1607,paradise,0.420,-0.231
1608,advanced,0.445,-0.151
1608,good,0.180,-0.406
1609,great,0.531,-0.204
1609,talent,0.505,-0.245
1610,honest,0.276,-0.468
1610,true,0.367,-0.319
1611,truth,0.321,-0.402
1611,mother,0.333,-0.366
1612,happiness,0.593,-0.158
1612,love,0.383,-0.341
1613,lose,-0.408,0.291
1613,short,-0.461,0.055
1614,scrap,-0.485,0.124
1614,paper,-0.320,-0.283
1615,strong,0.608,-0.112
1615,superior,0.562,-0.063
1616,pleasure,0.465,-0.144
1616,purpose,0.370,-0.181
1617,hideous,-0.209,0.461
1617,money,0.459,-0.160
1618,weak,-0.612,0.034
1618,simple,-0.235,-0.374
1619,great,0.531,-0.204
1619,alone,-0.448,-0.121
1620,joy,0.606,-0.111
1620,fear,-0.200,0.534
1621,magnificent,0.614,-0.221
1621,magnificence,0.602,0.013
1622,afraid,-0.297,0.533
1622,insignificant,-0.580,0.152
1623,truth,0.321,-0.402
1623,blazing,0.406,0.215
1624,insulting,-0.104,0.524
1624,gently,-0.011,-0.476
1625,leading,0.584,-0.078
1625,poorly,-0.373,0.376
1626,poor,-0.538,0.133
1626,hating,-0.103,0.519
1627,worse,-0.320,0.446
1627,criticise,-0.152,0.445
1628,great,0.531,-0.204
1628,fool,-0.395,0.272
1629,wealthy,0.506,-0.248
1629,gold,0.446,-0.181
1630,gone,-0.457,-0.049
1630,fresh,0.045,-0.442
1631,gun,0.179,0.554
1631,forgotten,-0.466,0.027
1632,calm,-0.162,-0.556
1632,monster,0.094,0.569
1633,masterpiece,0.522,-0.209
1633,truth,0.321,-0.402
1634,mistaken,-0.330,0.344
1634,recognized,0.374,-0.288
1635,close,-0.390,-0.025
1635,excuse,-0.168,0.315
1636,dead,-0.467,0.279
1636,honest,0.276,-0.468
1637,joy,0.606,-0.111
1637,little,-0.428,-0.163
1638,violent,0.090,0.574
1638,beaten,-0.213,0.530
1639,great,0.531,-0.204
1639,desperate,-0.162,0.530
1640,audacity,0.552,0.005
1640,devil,0.103,0.526
1641,respectful,0.397,-0.391
1641,enormous,0.446,0.002
1642,gun,0.179,0.554
1642,feeble,-0.559,0.080
1643,sadness,-0.568,0.164
1643,lose,-0.408,0.291
1644,uneasy,-0.254,0.340
1644,air,-0.110,-0.386
1645,useless,-0.527,0.202
1645,dead,-0.467,0.279
1646,fatality,-0.007,0.526
1646,money,0.459,-0.160
1647,little,-0.428,-0.163
1647,remembered,0.191,-0.412
1648,peace,0.136,-0.550
1648,reassured,0.040,-0.472
1649,weary,-0.473,0.058
1649,short,-0.461,0.055
1650,asleep,-0.306,-0.361
1650,book,0.088,-0.414
1651,great,0.531,-0.204
1651,wild,0.289,0.438
1652,gigantic,0.561,0.027
1652,low,-0.526,-0.059
1653,small,-0.395,-0.250
1653,reality,0.286,-0.288
1654,together,0.249,-0.338
1654,darkness,-0.209,0.355
1655,closed,-0.422,-0.051
1655,brush,-0.345,-0.168
1656,threatened,-0.124,0.613
1656,suffering,-0.326,0.487
1657,honest,0.276,-0.468
1657,stress,-0.131,0.465
1658,disagreeable,-0.393,0.416
1658,waste,-0.453,0.325
1659,youth,0.440,-0.232
1659,eternity,0.439,-0.160
1660,opportunity,0.576,-0.134
1660,little,-0.428,-0.163
1661,hit,0.203,0.496
1661,engaged,0.466,-0.163
1662,lucky,0.494,-0.244
1662,less,-0.520,-0.026
1663,great,0.531,-0.204
1663,dead,-0.467,0.279
1664,assassination,0.021,0.607
1664,empire,0.525,0.042
1665,stabbed,-0.104,0.595
1665,grandeur,0.578,-0.060
1666,horrible,-0.117,0.552
1666,madness,-0.095,0.493
1667,sadness,-0.568,0.164
1667,hideous,-0.209,0.461
1668,hell,0.008,0.638
1668,terrible,0.023,0.563
1669,losing,-0.323,0.423
1669,frightful,-0.098,0.445
1670,sinister,0.061,0.548
1670,melancholy,-0.460,0.049
1671,powerful,0.695,-0.016
1671,monstrous,0.117,0.605
1672,violently,0.055,0.600
1672,tremble,-0.061,0.489
1673,life,0.497,-0.209
1673,memorable,0.418,-0.299
1674,wild,0.289,0.438
1674,kind,0.169,-0.476
1675,poor,-0.538,0.133
1675,vague,-0.495,0.034
1676,confidence,0.442,-0.467
1676,tranquil,-0.091,-0.588
1677,frail,-0.514,0.044
1677,sleep,-0.203,-0.448
1678,joy,0.606,-0.111
1678,happiness,0.593,-0.158
1679,fortune,0.592,-0.133
1679,happy,0.558,-0.188
1680,shy,-0.542,-0.096
1680,youth,0.440,-0.232
1681,great,0.531,-0.204
1681,passion,0.516,0.005
1682,life,0.497,-0.209
1682,love,0.383,-0.341
1683,died,-0.292,0.443
1683,kind,0.169,-0.476
1684,poor,-0.538,0.133
1684,charming,0.475,-0.180
1685,sorrow,-0.593,0.127
1685,irresistible,0.565,0.010
1686,orphan,-0.497,0.173
1686,secure,0.413,-0.314
1687,communication,0.228,-0.306
1687,floor,-0.345,-0.146
1688,rest,-0.101,-0.532
1688,christmas,0.412,-0.308
1689,happy,0.558,-0.188
1689,beaten,-0.213,0.530
1690,evil,-0.040,0.560
1690,misery,-0.482,0.157
1691,life,0.497,-0.209
1691,mother,0.333,-0.366
1692,joy,0.606,-0.111
1692,love,0.383,-0.341
1693,triumphant,0.726,-0.072
1693,disgust,-0.224,0.506
1694,strong,0.608,-0.112
1694,divine,0.521,-0.237
1695,alone,-0.448,-0.121
1695,little,-0.428,-0.163
1696,leading,0.584,-0.078
1696,poor,-0.538,0.133
1697,great,0.531,-0.204
1697,wretch,-0.330,0.437
1698,deaf,-0.486,0.091
1698,gossip,-0.221,0.408
1699,terror,-0.084,0.585
1699,recognized,0.374,-0.288
1700,alarm,0.197,0.459
1700,six,-0.331,-0.248
1701,terrified,-0.094,0.569
1701,good,0.180,-0.406
1702,thread,-0.289,-0.336
1702,big,0.418,-0.144
1703,engaged,0.466,-0.163
1703,charity,0.143,-0.450
1704,experienced,0.488,-0.100
1704,startling,0.491,0.018
1705,rag,-0.485,-0.025
1705,mad,-0.123,0.451
1706,raise,0.472,-0.140
1706,force,0.468,0.109
1707,lose,-0.408,0.291
1707,reassured,0.040,-0.472
1708,low,-0.526,-0.059
1708,ill,-0.473,0.234
1709,sinister,0.061,0.548
1709,chair,-0.331,-0.342
1710,fatigue,-0.391,0.142
1710,falling,-0.186,0.356
1711,persons,0.153,-0.400
1711,distinguished,0.393,-0.158
1712,formidable,0.462,0.009
1712,view,0.137,-0.427
1713,dead,-0.467,0.279
1713,natural,-0.020,-0.520
1714,spite,-0.294,0.365
1714,little,-0.428,-0.163
1715,true,0.367,-0.319
1715,deserted,-0.388,0.223
1716,absent,-0.572,0.025
1716,youth,0.440,-0.232
1717,trouble,-0.068,0.476
1717,precious,0.371,-0.292
1718,useless,-0.527,0.202
1718,dream,-0.117,-0.493
1719,beloved,0.438,-0.253
1719,melancholy,-0.460,0.049
1720,love,0.383,-0.341
1720,holy,0.107,-0.485
1721,false,-0.423,0.198
1721,wrong,-0.203,0.387
1722,great,0.531,-0.204
1722,life,0.497,-0.209
1723,leading,0.584,-0.078
1723,safe,0.293,-0.410
1724,dead,-0.467,0.279
1724,wild,0.289,0.438
1725,lost,-0.327,0.315
1725,strategy,0.440,-0.017
1726,betrayed,-0.199,0.451
1726,suspicious,-0.106,0.417
1727,closed,-0.422,-0.051
1727,today,-0.040,-0.361
1728,fail,-0.374,0.273
1728,good,0.180,-0.406
1729,sinister,0.061,0.548
1729,leader,0.513,-0.166
1730,advantage,0.490,-0.253
1730,lucky,0.494,-0.244
1731,deserted,-0.388,0.223
1731,moonlight,0.003,-0.431
1732,vexed,-0.110,0.483
1732,aroused,0.440,0.168
1733,danger,0.136,0.577
1733,order,0.269,-0.330
1734,wild,0.289,0.438
1734,little,-0.428,-0.163
1735,hope,0.298,-0.425
1735,wit,0.363,-0.248
1736,branch,-0.303,-0.241
1736,retarded,-0.362,0.103
1737,reassured,0.040,-0.472
1737,good,0.180,-0.406
1738,progress,0.530,-0.161
1738,forward,0.325,-0.320
1739,effort,0.490,0.064
1739,blind,-0.467,0.139
1740,today,-0.040,-0.361
1740,waiting,-0.328,0.071
1741,popular,0.440,-0.144
1741,survive,0.453,0.038
1742,great,0.531,-0.204
1742,gardens,-0.153,-0.413
1743,revolution,0.366,0.350
1743,clearness,0.235,-0.390
1744,little,-0.428,-0.163
1744,abruptly,0.063,0.396
1745,wait,-0.467,-0.040
1745,lying,-0.180,0.344
1746,mournful,-0.413,0.178
1746,acquainted,0.230,-0.386
1747,despair,-0.236,0.470
1747,fall,-0.288,0.330
1748,low,-0.526,-0.059
1748,solitary,-0.448,-0.016
1749,gloomy,-0.393,0.213
1749,forming,0.256,-0.261
1750,colossal,0.480,0.006
1750,wretched,-0.378,0.292
1751,peril,-0.014,0.607
1751,hope,0.298,-0.425
1752,tree,-0.140,-0.389
1752,thing,-0.332,-0.165
1753,silent,-0.354,-0.245
1753,dilapidated,-0.234,0.268
1754,shadow,-0.421,0.020
1754,eyes,-0.025,-0.343
1755,less,-0.520,-0.026
1755,recognized,0.374,-0.288
1756,view,0.137,-0.427
1756,together,0.249,-0.338
1757,advancing,0.491,-0.223
1757,easy,-0.056,-0.480
1758,mistake,-0.393,0.253
1758,frightful,-0.098,0.445
1759,terrible,0.023,0.563
1759,life,0.497,-0.209
1760,incredible,0.610,-0.037
1760,death,-0.149,0.490
1761,dirty,-0.431,0.209
1761,rubbish,-0.416,0.172
1762,abandon,-0.399,0.326
1762,strength,0.496,-0.078
1763,despairing,-0.255,0.462
1763,illuminate,0.475,-0.180
1764,energy,0.595,-0.150
1764,supreme,0.594,-0.068
1765,rest,-0.101,-0.532
1765,contented,0.409,-0.171
1766,afraid,-0.297,0.533
1766,weep,-0.408,0.392
1767,hurt,-0.239,0.496
1767,raise,0.472,-0.140
1768,low,-0.526,-0.059
1768,crying,-0.287,0.379
1769,great,0.531,-0.204
1769,lucky,0.494,-0.244
1770,terror,-0.084,0.585
1770,violent,0.090,0.574
1771,melancholy,-0.460,0.049
1771,little,-0.428,-0.163
1772,mutilated,-0.170,0.561
1772,gloom,-0.448,0.185
1773,tragic,-0.107,0.601
1773,ruin,-0.368,0.319
1774,wild,0.289,0.438
1774,natural,-0.020,-0.520
1775,blind,-0.467,0.139
1775,noise,-0.018,0.433
1776,furious,0.069,0.633
1776,calm,-0.162,-0.556
1777,burst,0.267,0.535
1777,horrible,-0.117,0.552
1778,sky,0.029,-0.519
1778,deserted,-0.388,0.223
1779,faint,-0.493,0.253
1779,died,-0.292,0.443
1780,poor,-0.538,0.133
1780,asleep,-0.306,-0.361
1781,fear,-0.200,0.534
1781,less,-0.520,-0.026
1782,great,0.531,-0.204
1782,tiny,-0.427,-0.210
1783,sinister,0.061,0.548
1783,horror,-0.069,0.517
1784,terrible,0.023,0.563
1784,dead,-0.467,0.279
1785,terror,-0.084,0.585
1785,ruin,-0.368,0.319
1786,horrible,-0.117,0.552
1786,radiant,0.507,-0.119
1787,freedom,0.548,-0.292
1787,calm,-0.162,-0.556
1788,faint,-0.493,0.253
1788,vague,-0.495,0.034
1789,distrust,-0.300,0.426
1789,tremor,-0.071,0.514
1790,sleeping,-0.230,-0.437
1790,gently,-0.011,-0.476
1791,low,-0.526,-0.059
1791,hasty,-0.027,0.488
1792,violently,0.055,0.600
1792,fatal,-0.081,0.508
1793,weak,-0.612,0.034
1793,life,0.497,-0.209
1794,terrified,-0.094,0.569
1794,earn,0.540,-0.065
1795,trembling,-0.134,0.449
1795,lame,-0.425,0.183
1796,frightened,-0.199,0.459
1796,alarming,0.100,0.487
1797,lucky,0.494,-0.244
1797,recognized,0.374,-0.288
1798,bed,-0.230,-0.308
1798,garden,-0.027,-0.383
1799,bright,0.433,-0.250
1799,advanced,0.445,-0.151
1800,dangerous,0.086,0.658
1800,goodness,0.303,-0.453
1801,crippled,-0.491,0.227
1801,recommendation,0.270,-0.368
1802,blessing,0.318,-0.460
1802,life,0.497,-0.209
1803,wonderful,0.605,-0.136
1803,joy,0.606,-0.111
1804,honest,0.276,-0.468
1804,good,0.180,-0.406
1805,less,-0.520,-0.026
1805,rosy,0.417,-0.288
1806,father,0.310,-0.327
1806,bad,-0.219,0.352
1807,jail,-0.027,0.567
1807,deathbed,-0.288,0.421
1808,powerful,0.695,-0.016
1808,intelligence,0.486,-0.164
1809,honorable,0.427,-0.381
1809,prince,0.444,-0.290
1810,abduction,0.141,0.662
1810,dead,-0.467,0.279
1811,burst,0.267,0.535
1811,died,-0.292,0.443
1812,suspect,-0.057,0.438
1812,coach,0.391,0.136
1813,great,0.531,-0.204
1813,stolen,-0.241,0.341
1814,wonderful,0.605,-0.136
1814,rage,0.091,0.577
1815,tenderness,0.020,-0.485
1815,little,-0.428,-0.163
1816,wealthy,0.506,-0.248
1816,hit,0.203,0.496
1817,beggar,-0.454,0.104
1817,alone,-0.448,-0.121
1818,fantastic,0.567,-0.190
1818,horrible,-0.117,0.552
1819,death,-0.149,0.490
1819,recognized,0.374,-0.288
1820,foiled,-0.404,0.156
1820,silent,-0.354,-0.245
1821,fall,-0.288,0.330
1821,noise,-0.018,0.433
1822,success,0.758,-0.050
1822,dangerous,0.086,0.658
1823,secure,0.413,-0.314
1823,remembered,0.191,-0.412
1824,afraid,-0.297,0.533
1824,liberty,0.499,-0.248
1825,sadness,-0.568,0.164
1825,depression,-0.418,0.342
1826,honest,0.276,-0.468
1826,uncertainty,-0.378,0.302
1827,kill,0.158,0.638
1827,arrest,0.039,0.567
1828,brilliant,0.560,-0.248
1828,positively,0.516,-0.227
1829,powerful,0.695,-0.016
1829,lose,-0.408,0.291
1830,leading,0.584,-0.078
1830,water,-0.076,-0.488
1831,wild,0.289,0.438
1831,blind,-0.467,0.139
1832,monstrous,0.117,0.605
1832,happy,0.558,-0.188
1833,success,0.758,-0.050
1833,energetic,0.639,0.020
1834,short,-0.461,0.055
1834,cry,-0.299,0.343
1835,war,0.113,0.626
1835,rage,0.091,0.577
1836,confidence,0.442,-0.467
1836,hunter,0.277,0.383
1837,weak,-0.612,0.034
1837,waste,-0.453,0.325
1838,perfect,0.493,-0.351
1838,great,0.531,-0.204
1839,disorder,-0.245,0.484
1839,lose,-0.408,0.291
1840,intelligent,0.493,-0.258
1840,low,-0.526,-0.059
1841,robber,-0.066,0.451
1841,view,0.137,-0.427
1842,cheered,0.467,-0.157
1842,smiling,0.415,-0.219
1843,ascend,0.447,-0.143
1843,peaceable,-0.072,-0.454
1844,dull,-0.562,-0.054
1844,tiny,-0.427,-0.210
1845,wonderfully,0.590,-0.146
1845,calm,-0.162,-0.556
1846,little,-0.428,-0.163
1846,sheet,-0.330,-0.189
1847,terrified,-0.094,0.569
1847,mournful,-0.413,0.178
1848,experienced,0.488,-0.100
1848,vague,-0.495,0.034
1849,monstrous,0.117,0.605
1849,grow,0.446,-0.209
1850,beloved,0.438,-0.253
1850,closed,-0.422,-0.051
1851,rest,-0.101,-0.532
1851,smiled,0.264,-0.303
1852,emptiness,-0.546,-0.005
1852,vagueness,-0.460,0.120
1853,peace,0.136,-0.550
1853,terrible,0.023,0.563
1854,life,0.497,-0.209
1854,death,-0.149,0.490
1855,saint,0.171,-0.397
1855,proper,0.243,-0.333
1856,order,0.269,-0.330
1856,branch,-0.303,-0.241
1857,devil,0.103,0.526
1857,chased,-0.152,0.444
1858,rosary,-0.070,-0.472
1858,command,0.355,0.268
1859,holy,0.107,-0.485
1859,adoration,0.437,-0.132
1860,glorification,0.409,-0.190
1860,common,-0.260,-0.337
1861,hostile,0.006,0.484
1861,christ,0.326,-0.186
1862,sleep,-0.203,-0.448
1862,recreation,0.382,-0.198
1863,suffer,-0.187,0.575
1863,poverty,-0.434,0.310
1864,low,-0.526,-0.059
1864,reign,0.454,-0.159
1865,cheerfulness,0.504,-0.124
1865,power,0.518,-0.022
1866,sister,0.168,-0.420
1866,prayer,0.062,-0.368
1867,great,0.531,-0.204
1867,torture,0.029,0.541
1868,life,0.497,-0.209
1868,passion,0.516,0.005
1869,loss,-0.395,0.351
1869,grow,0.446,-0.209
1870,blessed,0.240,-0.440
1870,greatly,0.497,-0.021
1871,praised,0.356,-0.357
1871,holy,0.107,-0.485
1872,good,0.180,-0.406
1872,grace,0.081,-0.430
1873,love,0.383,-0.341
1873,alone,-0.448,-0.121
1874,tragic,-0.107,0.601
1874,grand,0.594,-0.106
1875,cemetery,-0.222,0.411
1875,mediocre,-0.419,0.198
1876,worse,-0.320,0.446
1876,frightful,-0.098,0.445
1877,culprit,-0.255,0.431
1877,mother,0.333,-0.366
1878,false,-0.423,0.198
1878,festival,0.437,-0.117
1879,family,0.281,-0.413
1879,remembered,0.191,-0.412
1880,rosy,0.417,-0.288
1880,aggravated,-0.136,0.481
1881,great,0.531,-0.204
1881,dead,-0.467,0.279
1882,wealthy,0.506,-0.248
1882,ecstasy,0.461,0.083
1883,happiness,0.593,-0.158
1883,grand,0.594,-0.106
1884,succeed,0.642,-0.114
1884,felicity,0.515,-0.146
1885,life,0.497,-0.209
1885,water,-0.076,-0.488
1886,charming,0.475,-0.180
1886,greatly,0.497,-0.021
1887,joy,0.606,-0.111
1887,burst,0.267,0.535
1888,dazzling,0.551,0.017
1888,embarrass,-0.227,0.412
1889,smooth,-0.176,-0.500
1889,epic,0.518,-0.097
1890,weeping,-0.359,0.418
1890,memorable,0.418,-0.299
1891,mother,0.333,-0.366
1891,aged,-0.437,0.160
1892,father,0.310,-0.327
1892,accuse,-0.062,0.439
1893,great,0.531,-0.204
1893,rosy,0.417,-0.288
1894,abandoned,-0.503,0.300
1894,hurt,-0.239,0.496
1895,sister,0.168,-0.420
1895,big,0.418,-0.144
1896,little,-0.428,-0.163
1896,beautiful,0.348,-0.186
1897,charming,0.475,-0.180
1897,holy,0.107,-0.485
1898,flowers,-0.021,-0.400
1898,thing,-0.332,-0.165
1899,paradise,0.420,-0.231
1899,lie,-0.242,0.413
1900,weeping,-0.359,0.418
1900,mother,0.333,-0.366
1901,win,0.586,-0.159
1901,completed,0.293,-0.320
1902,luxury,0.479,-0.183
1902,constitute,0.377,-0.312
1903,scrap,-0.485,0.124
1903,silence,-0.375,-0.174
1904,poor,-0.538,0.133
1904,chastisement,-0.031,0.490
1905,danger,0.136,0.577
1905,fear,-0.200,0.534
1906,pillow,-0.317,-0.387
1906,privilege,0.465,-0.151
1907,terror,-0.084,0.585
1907,greatest,0.539,-0.145
1908,joy,0.606,-0.111
1908,life,0.497,-0.209
1909,great,0.531,-0.204
1909,respect,0.325,-0.405
1910,fortune,0.592,-0.133
1910,dead,-0.467,0.279
1911,eternal,0.381,-0.304
1911,alone,-0.448,-0.121
1912,perfect,0.493,-0.351
1912,calmness,-0.049,-0.591
1913,lifeless,-0.552,0.202
1913,corpse,-0.321,0.390
1914,virtue,0.406,-0.312
1914,severe,0.043,0.411
1915,celebrate,0.638,-0.040
1915,poor,-0.538,0.133
1916,magnificent,0.614,-0.221
1916,handsome,0.374,-0.205
1917,less,-0.520,-0.026
1917,love,0.383,-0.341
1918,order,0.269,-0.330
1918,second,-0.325,-0.203
1919,penniless,-0.608,0.172
1919,great,0.531,-0.204
1920,destroyed,-0.293,0.465
1920,empire,0.525,0.042
1921,mother,0.333,-0.366
1921,recreation,0.382,-0.198
1922,death,-0.149,0.490
1922,holy,0.107,-0.485
1923,detest,-0.070,0.508
1923,fierce,0.258,0.429
1924,prince,0.444,-0.290
1924,delighted,0.430,-0.196
1925,frightening,0.126,0.602
1925,raise,0.472,-0.140
1926,thief,-0.061,0.563
1926,virtue,0.406,-0.312
1927,gigantic,0.561,0.027
1927,shadow,-0.421,0.020
1928,divine,0.521,-0.237
1928,six,-0.331,-0.248
1929,excellent,0.543,-0.264
1929,merry,0.540,-0.176
1930,mother,0.333,-0.366
1930,blind,-0.467,0.139
1931,wealthy,0.506,-0.248
1931,charming,0.475,-0.180
1932,nature,0.130,-0.470
1932,smallest,-0.454,0.032
1933,sister,0.168,-0.420
1933,laugh,0.368,-0.248
1934,life,0.497,-0.209
1934,inanimate,-0.479,-0.099
1935,great,0.531,-0.204
1935,frightful,-0.098,0.445
1936,chosen,0.398,-0.285
1936,unprofitable,-0.432,0.146
1937,entirety,0.377,-0.271
1937,view,0.137,-0.427
1938,low,-0.526,-0.059
1938,gray,-0.473,-0.133
1939,lesser,-0.420,-0.167
1939,closed,-0.422,-0.051
1940,grand,0.594,-0.106
1940,unequal,-0.438,0.217
1941,little,-0.428,-0.163
1941,prison,-0.115,0.402
1942,famous,0.615,-0.095
1942,holy,0.107,-0.485
1943,revolution,0.366,0.350
1943,engaged,0.466,-0.163
1944,pleasure,0.465,-0.144
1944,amused,0.455,-0.077
1945,charming,0.475,-0.180
1945,youth,0.440,-0.232
1946,great,0.531,-0.204
1946,prince,0.444,-0.290
1947,aged,-0.437,0.160
1947,silent,-0.354,-0.245
1948,poor,-0.538,0.133
1948,bored,-0.552,0.009
1949,honor,0.497,-0.211
1949,love,0.383,-0.341
1950,truth,0.321,-0.402
1950,adoration,0.437,-0.132
1951,famous,0.615,-0.095
1951,father,0.310,-0.327
1952,holy,0.107,-0.485
1952,satisfy,0.470,-0.057
1953,mother,0.333,-0.366
1953,outrage,-0.098,0.450
1954,rest,-0.101,-0.532
1954,king,0.463,0.020
1955,sacred,0.368,-0.311
1955,general,0.414,-0.237
1956,progress,0.530,-0.161
1956,favorable,0.376,-0.397
1957,dead,-0.467,0.279
1957,nature,0.130,-0.470
1958,aching,-0.151,0.579
1958,die,-0.281,0.512
1959,extraordinary,0.603,-0.167
1959,education,0.336,-0.427
1960,insult,-0.129,0.524
1960,respect,0.325,-0.405
1961,superhuman,0.557,-0.039
1961,vacuum,-0.496,-0.100
1962,leading,0.584,-0.078
1962,liberty,0.499,-0.248
1963,encounter,0.415,-0.117
1963,common,-0.260,-0.337
1964,ill,-0.473,0.234
1964,truth,0.321,-0.402
1965,great,0.531,-0.204
1965,relaxed,-0.100,-0.552
1966,wonderful,0.605,-0.136
1966,splendor,0.519,-0.217
1967,vigorous,0.594,-0.055
1967,horrors,-0.116,0.556
1968,magnificent,0.614,-0.221
1968,diamonds,0.602,-0.164
1969,tragic,-0.107,0.601
1969,terrifies,-0.006,0.593
1970,chosen,0.398,-0.285
1970,ecstasy,0.461,0.083
1971,monstrous,0.117,0.605
1971,infidelity,-0.164,0.503
1972,poor,-0.538,0.133
1972,pity,-0.497,0.159
1973,water,-0.076,-0.488
1973,six,-0.331,-0.248
1974,low,-0.526,-0.059
1974,lie,-0.242,0.413
1975,violence,0.147,0.625
1975,dead,-0.467,0.279
1976,unfortunate,-0.440,0.287
1976,family,0.281,-0.413
1977,progress,0.530,-0.161
1977,astonishing,0.548,-0.027
1978,dream,-0.117,-0.493
1978,corpse,-0.321,0.390
1979,divine,0.521,-0.237
1979,honest,0.276,-0.468
1980,kill,0.158,0.638
1980,war,0.113,0.626
1981,combat,0.308,0.396
1981,eternal,0.381,-0.304
1982,destroy,0.079,0.634
1982,truth,0.321,-0.402
1983,unhealthy,-0.375,0.300
1983,formidable,0.462,0.009
1984,low,-0.526,-0.059
1984,virtue,0.406,-0.312
1985,die,-0.281,0.512
1985,rich,0.544,-0.171
1986,poor,-0.538,0.133
1986,sick,-0.494,0.223
1987,respectful,0.397,-0.391
1987,respects,0.350,-0.310
1988,grand,0.594,-0.106
1988,liberty,0.499,-0.248
1989,intelligent,0.493,-0.258
1989,intelligence,0.486,-0.164
1990,love,0.383,-0.341
1990,alarming,0.100,0.487
1991,majestic,0.627,-0.148
1991,great,0.531,-0.204
1992,grandeur,0.578,-0.060
1992,creation,0.515,-0.241
1993,goodness,0.303,-0.453
1993,sincere,0.259,-0.455
1994,powerful,0.695,-0.016
1994,superior,0.562,-0.063
1995,revolution,0.366,0.350
1995,force,0.468,0.109
1996,reject,-0.243,0.414
1996,god,0.416,-0.158
1997,nothingness,-0.594,-0.090
1997,short,-0.461,0.055
1998,energy,0.595,-0.150
1998,wisdom,0.388,-0.432
1999,action,0.538,0.099
1999,love,0.383,-0.341
2000,progress,0.530,-0.161
2000,faith,0.222,-0.423
2001,perfection,0.621,-0.088
2001,emperor,0.507,0.051
2002,hell,0.008,0.638
2002,supreme,0.594,-0.068
2003,wrath,0.000,0.617
2003,suicide,-0.107,0.594
2004,lazy,-0.459,-0.102
2004,meditate,0.032,-0.467
2005,die,-0.281,0.512
2005,grandeur,0.578,-0.060
2006,grand,0.594,-0.106
2006,divine,0.521,-0.237
2007,impress,0.560,-0.044
2007,wrongly,-0.414,0.344
2008,majesty,0.539,-0.144
2008,liberty,0.499,-0.248
2009,life,0.497,-0.209
2009,death,-0.149,0.490
2010,happiness,0.593,-0.158
2010,terror,-0.084,0.585
2011,sky,0.029,-0.519
2011,gloom,-0.448,0.185
2012,truth,0.321,-0.402
2012,father,0.310,-0.327
2013,dangerous,0.086,0.658
2013,burst,0.267,0.535
2014,prison,-0.115,0.402
2014,safety,0.365,-0.141
2015,prestige,0.547,-0.220
2015,discouraged,-0.530,0.050
2016,displease,-0.297,0.477
2016,little,-0.428,-0.163
2017,alone,-0.448,-0.121
2017,purpose,0.370,-0.181
2018,assassin,0.090,0.613
2018,thief,-0.061,0.563
2019,generous,0.430,-0.410
2019,action,0.538,0.099
2020,poor,-0.538,0.133
2020,destroyed,-0.293,0.465
2021,natural,-0.020,-0.520
2021,penetration,0.364,0.323
2022,quality,0.425,-0.311
2022,extremely,0.503,0.144
2023,disagreeable,-0.393,0.416
2023,stupidity,-0.511,0.247
2024,ill,-0.473,0.234
2024,dying,-0.207,0.442
2025,peace,0.136,-0.550
2025,dead,-0.467,0.279
2026,little,-0.428,-0.163
2026,interrogation,0.171,0.375
2027,danger,0.136,0.577
2027,death,-0.149,0.490
2028,education,0.336,-0.427
2028,wild,0.289,0.438
2029,fall,-0.288,0.330
2029,order,0.269,-0.330
2030,die,-0.281,0.512
2030,terrible,0.023,0.563
2031,sky,0.029,-0.519
2031,engaged,0.466,-0.163
2032,corpse,-0.321,0.390
2032,asleep,-0.306,-0.361
2033,natural,-0.020,-0.520
2033,quiet,-0.093,-0.486
2034,shout,0.027,0.487
2034,father,0.310,-0.327
2035,dead,-0.467,0.279
2035,company,0.382,-0.333
2036,sunshine,0.289,-0.407
2036,sleeping,-0.230,-0.437
2037,shame,-0.388,0.421
2037,angel,0.186,-0.521
2038,burst,0.267,0.535
2038,sadly,-0.548,0.147
2039,less,-0.520,-0.026
2039,hungry,-0.295,0.422
2040,leading,0.584,-0.078
2040,difficulty,-0.191,0.464
2041,terror,-0.084,0.585
2041,wise,0.330,-0.430
2042,success,0.758,-0.050
2042,distrust,-0.300,0.426
2043,deaf,-0.486,0.091
2043,blind,-0.467,0.139
2044,confidence,0.442,-0.467
2044,great,0.531,-0.204
2045,abuse,-0.058,0.566
2045,life,0.497,-0.209
2046,wound,-0.208,0.395
2046,live,0.399,-0.148
2047,excellent,0.543,-0.264
2047,insufficient,-0.507,0.126
2048,mother,0.333,-0.366
2048,chair,-0.331,-0.342
2049,strong,0.608,-0.112
2049,ability,0.420,-0.251
2050,strength,0.496,-0.078
2050,despise,-0.196,0.401
2051,peace,0.136,-0.550
2051,good,0.180,-0.406
2052,died,-0.292,0.443
2052,crucifixion,0.018,0.512
2053,fine,0.143,-0.406
2053,prayer,0.062,-0.368
2054,praised,0.356,-0.357
2054,holy,0.107,-0.485
2055,happiness,0.593,-0.158
2055,die,-0.281,0.512
2056,dead,-0.467,0.279
2056,life,0.497,-0.209
2057,wonderful,0.605,-0.136
2057,mother,0.333,-0.366
2058,hope,0.298,-0.425
2058,blessed,0.240,-0.440
2059,spite,-0.294,0.365
2059,king,0.463,0.020
2060,reject,-0.243,0.414
2060,coffin,-0.359,0.255
2061,confidence,0.442,-0.467
2061,crucifixion,0.018,0.512
2062,glory,0.565,-0.149
2062,empire,0.525,0.042
2063,peace,0.136,-0.550
2063,general,0.414,-0.237
2064,great,0.531,-0.204
2064,broken,-0.368,0.308
2065,murderer,0.084,0.678
2065,council,0.179,-0.418
2066,enlightened,0.403,-0.276
2066,miracles,0.461,-0.135
2067,ill,-0.473,0.234
2067,revolutionary,0.487,0.183
2068,terrible,0.023,0.563
2068,poor,-0.538,0.133
2069,blessed,0.240,-0.440
2069,king,0.463,0.020
2070,saint,0.171,-0.397
2070,bad,-0.219,0.352
2071,hell,0.008,0.638
2071,ferocious,0.232,0.539
2072,supremacy,0.565,-0.052
2072,dead,-0.467,0.279
2073,hate,-0.140,0.544
2073,died,-0.292,0.443
2074,mother,0.333,-0.366
2074,sister,0.168,-0.420
2075,father,0.310,-0.327
2075,six,-0.331,-0.248
2076,strong,0.608,-0.112
2076,perfect,0.493,-0.351
2077,lame,-0.425,0.183
2077,little,-0.428,-0.163
2078,empty,-0.610,-0.011
2078,coffin,-0.359,0.255
2079,troublesome,0.011,0.424
2079,silence,-0.375,-0.174
2080,produce,0.559,-0.117
2080,corpse,-0.321,0.390
2081,superior,0.562,-0.063
2081,pleased,0.455,-0.272
2082,happy,0.558,-0.188
2082,wait,-0.467,-0.040
2083,anxiety,-0.116,0.501
2083,difficulty,-0.191,0.464
2084,father,0.310,-0.327
2084,contented,0.409,-0.171
2085,died,-0.292,0.443
2085,recompense,0.484,-0.151
2086,deceased,-0.446,0.359
2086,worse,-0.320,0.446
2087,empty,-0.610,-0.011
2087,cemetery,-0.222,0.411
2088,burst,0.267,0.535
2088,bomb,0.212,0.536
2089,dead,-0.467,0.279
2089,crucifixion,0.018,0.512
2090,life,0.497,-0.209
2090,savage,0.134,0.516
2091,coffin,-0.359,0.255
2091,closed,-0.422,-0.051
2092,alone,-0.448,-0.121
2092,police,0.347,0.231
2093,hungry,-0.295,0.422
2093,asleep,-0.306,-0.361
2094,sick,-0.494,0.223
2094,prisoner,-0.279,0.408
2095,goods,0.307,-0.343
2095,imperial,0.459,-0.004
2096,little,-0.428,-0.163
2096,good,0.180,-0.406
2097,adventure,0.530,-0.047
2097,father,0.310,-0.327
2098,troubles,-0.222,0.559
2098,danger,0.136,0.577
2099,cemetery,-0.222,0.411
2099,drunkard,-0.132,0.434
2100,holy,0.107,-0.485
2100,water,-0.076,-0.488
2101,drunk,-0.190,0.417
2101,provided,0.222,-0.363
2102,terrible,0.023,0.563
2102,corpse,-0.321,0.390
2103,gray,-0.473,-0.133
2103,hearse,-0.293,0.219
2104,closed,-0.422,-0.051
2104,special,0.386,-0.169
2105,rest,-0.101,-0.532
2105,sun,0.271,-0.334
2106,asleep,-0.306,-0.361
2106,small,-0.395,-0.250
2107,famous,0.615,-0.095
2107,poverty,-0.434,0.310
2108,tragic,-0.107,0.601
2108,crucifixion,0.018,0.512
2109,difficulty,-0.191,0.464
2109,mother,0.333,-0.366
2110,success,0.758,-0.050
2110,powerful,0.695,-0.016
2111,confidence,0.442,-0.467
2111,perfect,0.493,-0.351
2112,productive,0.455,-0.117
2112,cemetery,-0.222,0.411
2113,die,-0.281,0.512
2113,dead,-0.467,0.279
2114,burst,0.267,0.535
2114,unsuccessful,-0.551,0.118
2115,grand,0.594,-0.106
2115,anxiety,-0.116,0.501
2116,strong,0.608,-0.112
2116,died,-0.292,0.443
2117,supreme,0.594,-0.068
2117,leading,0.584,-0.078
2118,waste,-0.453,0.325
2118,enemy,0.024,0.471
2119,feeble,-0.559,0.080
2119,little,-0.428,-0.163
2120,superior,0.562,-0.063
2120,anguish,-0.203,0.442
2121,advancing,0.491,-0.223
2121,life,0.497,-0.209
2122,great,0.531,-0.204
2122,small,-0.395,-0.250
2123,peace,0.136,-0.550
2123,terrible,0.023,0.563
2124,dull,-0.562,-0.054
2124,death,-0.149,0.490
2125,lose,-0.408,0.291
2125,experienced,0.488,-0.100
2126,holy,0.107,-0.485
2126,water,-0.076,-0.488
2127,patience,-0.126,-0.459
2127,alone,-0.448,-0.121
2128,strong,0.608,-0.112
2128,lost,-0.327,0.315
2129,supreme,0.594,-0.068
2129,dirt,-0.384,0.269
2130,devil,0.103,0.526
2130,coffin,-0.359,0.255
2131,positively,0.516,-0.227
2131,desperate,-0.162,0.530
2132,corpse,-0.321,0.390
2132,cried,-0.290,0.308
2133,wild,0.289,0.438
2133,yawning,-0.477,-0.083
2134,cemetery,-0.222,0.411
2134,good,0.180,-0.406
2135,suicide,-0.107,0.594
2135,despair,-0.236,0.470
2136,true,0.367,-0.319
2136,friendly,0.230,-0.368
2137,ill,-0.473,0.234
2137,bury,-0.288,0.348
2138,die,-0.281,0.512
2138,life,0.497,-0.209
2139,violence,0.147,0.625
2139,faint,-0.493,0.253
2140,powerful,0.695,-0.016
2140,poor,-0.538,0.133
2141,dead,-0.467,0.279
2141,little,-0.428,-0.163
2142,father,0.310,-0.327
2142,hair,-0.264,-0.285
2143,corpse,-0.321,0.390
2143,alarming,0.100,0.487
2144,joy,0.606,-0.111
2144,terror,-0.084,0.585
2145,paradise,0.420,-0.231
2145,mad,-0.123,0.451
2146,sinister,0.061,0.548
2146,inspired,0.500,-0.189
2147,empty,-0.610,-0.011
2147,difficulty,-0.191,0.464
2148,life,0.497,-0.209
2148,pity,-0.497,0.159
2149,cemetery,-0.222,0.411
2149,deserted,-0.388,0.223
2150,poor,-0.538,0.133
2150,wait,-0.467,-0.040
2151,earthquake,0.219,0.619
2151,wretched,-0.378,0.292
2152,success,0.758,-0.050
2152,vigorous,0.594,-0.055
2153,corpse,-0.321,0.390
2153,gone,-0.457,-0.049
2154,successful,0.647,-0.152
2154,radiant,0.507,-0.119
2155,terrified,-0.094,0.569
2155,fear,-0.200,0.534
2156,joy,0.606,-0.111
2156,alarming,0.100,0.487
2157,mother,0.333,-0.366
2157,rosary,-0.070,-0.472
2158,dead,-0.467,0.279
2158,downcast,-0.415,0.298
2159,low,-0.526,-0.059
2159,grow,0.446,-0.209
2160,powerful,0.695,-0.016
2160,broken,-0.368,0.308
2161,adventure,0.530,-0.047
2161,banished,-0.215,0.465
2162,success,0.758,-0.050
2162,disturbed,-0.151,0.518
2163,great,0.531,-0.204
2163,admiration,0.437,-0.272
2164,triumph,0.684,-0.116
2164,excellent,0.543,-0.264
2165,natural,-0.020,-0.520
2165,unhappiness,-0.347,0.379
2166,confidence,0.442,-0.467
2166,father,0.310,-0.327
2167,glory,0.565,-0.149
2167,action,0.538,0.099
2168,happy,0.558,-0.188
2168,advantage,0.490,-0.253
2169,infirm,-0.392,0.281
2169,lame,-0.425,0.183
2170,serenity,0.060,-0.547
2170,life,0.497,-0.209
2171,died,-0.292,0.443
2171,money,0.459,-0.160
2172,produce,0.559,-0.117
2172,wild,0.289,0.438
2173,joy,0.606,-0.111
2173,happiness,0.593,-0.158
2174,devil,0.103,0.526
2174,virtue,0.406,-0.312
2175,hatred,-0.120,0.571
2175,youth,0.440,-0.232
2176,crime,0.092,0.621
2176,terrible,0.023,0.563
2177,great,0.531,-0.204
2177,downcast,-0.415,0.298
2178,disgrace,-0.326,0.332
2178,beneath,-0.422,-0.131
2179,power,0.518,-0.022
2179,rigorous,0.372,0.279
2180,weariness,-0.475,0.160
2180,sleep,-0.203,-0.448
2181,homicide,-0.005,0.681
2181,violence,0.147,0.625
2182,slavery,-0.292,0.507
2182,hope,0.298,-0.425
2183,rage,0.091,0.577
2183,liberty,0.499,-0.248
2184,divine,0.521,-0.237
2184,virtue,0.406,-0.312
2185,feeble,-0.559,0.080
2185,torture,0.029,0.541
2186,wretch,-0.330,0.437
2186,painful,-0.232,0.485
2187,gain,0.507,-0.191
2187,punishment,-0.026,0.527
2188,life,0.497,-0.209
2188,youth,0.440,-0.232
2189,love,0.383,-0.341
2189,holy,0.107,-0.485
2190,joy,0.606,-0.111
2190,peaceful,0.045,-0.533
2191,crime,0.092,0.621
2191,torment,-0.183,0.488
2192,joyous,0.431,-0.266
2192,little,-0.428,-0.163
2193,evil,-0.040,0.560
2193,obscene,-0.217,0.488
2194,giant,0.558,0.131
2194,enormous,0.446,0.002
2195,hatred,-0.120,0.571
2195,liberty,0.499,-0.248
2196,monster,0.094,0.569
2196,fabulous,0.530,-0.224
2197,treasures,0.560,-0.064
2197,terrible,0.023,0.563
2198,dead,-0.467,0.279
2198,honest,0.276,-0.468
2199,agreeable,0.344,-0.285
2199,home,0.099,-0.413
2200,joy,0.606,-0.111
2200,happiness,0.593,-0.158
2201,fights,0.140,0.610
2201,popularity,0.594,-0.075
2202,wisdom,0.388,-0.432
2202,terrified,-0.094,0.569
2203,epic,0.518,-0.097
2203,natural,-0.020,-0.520
2204,suffering,-0.326,0.487
2204,abuse,-0.058,0.566
2205,demon,-0.029,0.617
2205,fortune,0.592,-0.133
2206,great,0.531,-0.204
2206,fine,0.143,-0.406
2207,extraordinary,0.603,-0.167
2207,divine,0.521,-0.237
2208,battle,0.412,0.420
2208,produce,0.559,-0.117
2209,hideous,-0.209,0.461
2209,raise,0.472,-0.140
2210,nature,0.130,-0.470
2210,melancholy,-0.460,0.049
2211,poor,-0.538,0.133
2211,dirty,-0.431,0.209
2212,happy,0.558,-0.188
2212,earn,0.540,-0.065
2213,water,-0.076,-0.488
2213,glow,0.385,-0.292
2214,homeless,-0.478,0.284
2214,action,0.538,0.099
2215,famous,0.615,-0.095
2215,great,0.531,-0.204
2216,magnificent,0.614,-0.221
2216,abandoned,-0.503,0.300
2217,family,0.281,-0.413
2217,anguish,-0.203,0.442
2218,powerful,0.695,-0.016
2218,hatred,-0.120,0.571
2219,king,0.463,0.020
2219,good,0.180,-0.406
2220,grand,0.594,-0.106
2220,sleep,-0.203,-0.448
2221,monstrous,0.117,0.605
2221,terror,-0.084,0.585
2222,respected,0.430,-0.321
2222,admired,0.464,-0.247
2223,vulgar,-0.095,0.520
2223,third,-0.266,-0.261
2224,die,-0.281,0.512
2224,poor,-0.538,0.133
2225,audacity,0.552,0.005
2225,sky,0.029,-0.519
2226,fear,-0.200,0.534
2226,brotherhood,0.418,-0.363
2227,mother,0.333,-0.366
2227,small,-0.395,-0.250
2228,great,0.531,-0.204
2228,accident,-0.111,0.545
2229,strong,0.608,-0.112
2229,charming,0.475,-0.180
2230,memorable,0.418,-0.299
2230,strategic,0.503,-0.048
2231,gigantic,0.561,0.027
2231,king,0.463,0.020
2232,violence,0.147,0.625
2232,pear,-0.263,-0.375
2233,perfect,0.493,-0.351
2233,overthrow,0.143,0.432
2234,traitor,-0.058,0.484
2234,ridiculous,-0.310,0.301
2235,granted,0.319,-0.369
2235,defect,-0.381,0.293
2236,respectful,0.397,-0.391
2236,villainous,-0.048,0.506
2237,hero,0.641,-0.091
2237,giant,0.558,0.131
2238,generous,0.430,-0.410
2238,irresistible,0.565,0.010
2239,prodigious,0.560,-0.137
2239,dead,-0.467,0.279
2240,ridicule,-0.238,0.417
2240,man,0.252,-0.175
2241,happy,0.558,-0.188
2241,imprison,-0.004,0.509
2242,beggar,-0.454,0.104
2242,dragon,0.327,0.201
2243,great,0.531,-0.204
2243,poor,-0.538,0.133
2244,terrified,-0.094,0.569
2244,worse,-0.320,0.446
2245,tyrant,0.108,0.528
2245,alarm,0.197,0.459
2246,supreme,0.594,-0.068
2246,disgust,-0.224,0.506
2247,ferocious,0.232,0.539
2247,prosper,0.538,-0.208
2248,domination,0.471,0.213
2248,greatly,0.497,-0.021
2249,marvel,0.616,-0.142
2249,luxury,0.479,-0.183
2250,majesty,0.539,-0.144
2250,disorder,-0.245,0.484
2251,superb,0.593,-0.189
2251,prodigious,0.560,-0.137
2252,mighty,0.653,-0.006
2252,great,0.531,-0.204
2253,progress,0.530,-0.161
2253,died,-0.292,0.443
2254,thief,-0.061,0.563
2254,scolding,-0.115,0.536
2255,audacity,0.552,0.005
2255,less,-0.520,-0.026
2256,victory,0.642,-0.136
2256,catastrophe,0.163,0.575
2257,future,0.469,-0.169
2257,true,0.367,-0.319
2258,suffering,-0.326,0.487
2258,distress,-0.126,0.539
2259,learn,0.472,-0.128
2259,teach,0.429,-0.224
2260,splendid,0.536,-0.108
2260,truth,0.321,-0.402
2261,empty,-0.610,-0.011
2261,mother,0.333,-0.366
2262,life,0.497,-0.209
2262,pity,-0.497,0.159
2263,abandoned,-0.503,0.300
2263,merry,0.540,-0.176
2264,ill,-0.473,0.234
2264,deserted,-0.388,0.223
2265,dead,-0.467,0.279
2265,misery,-0.482,0.157
2266,miserable,-0.463,0.277
2266,family,0.281,-0.413
2267,distress,-0.126,0.539
2267,memorable,0.418,-0.299
2268,suffering,-0.326,0.487
2268,absence,-0.469,0.058
2269,great,0.531,-0.204
2269,poor,-0.538,0.133
2270,vague,-0.495,0.034
2270,melancholy,-0.460,0.049
2271,progress,0.530,-0.161
2271,truth,0.321,-0.402
2272,dream,-0.117,-0.493
2272,inheritance,0.446,-0.232
2273,angered,-0.038,0.605
2273,life,0.497,-0.209
2274,rage,0.091,0.577
2274,admired,0.464,-0.247
2275,grand,0.594,-0.106
2275,amusing,0.482,-0.100
2276,exterminate,0.180,0.490
2276,small,-0.395,-0.250
2277,magnificent,0.614,-0.221
2277,broken,-0.368,0.308
2278,great,0.531,-0.204
2278,died,-0.292,0.443
2279,marvellous,0.588,-0.046
2279,deceived,-0.280,0.430
2280,revolution,0.366,0.350
2280,confused,-0.300,0.292
2281,heroic,0.621,-0.078
2281,beaten,-0.213,0.530
2282,horrified,-0.141,0.592
2282,vulgar,-0.095,0.520
2283,indecent,-0.308,0.417
2283,stifling,0.081,0.495
2284,genius,0.518,-0.144
2284,death,-0.149,0.490
2285,crime,0.092,0.621
2285,grand,0.594,-0.106
2286,terror,-0.084,0.585
2286,horror,-0.069,0.517
2287,cleverness,0.497,-0.249
2287,hope,0.298,-0.425
2288,peace,0.136,-0.550
2288,education,0.336,-0.427
2289,fortune,0.592,-0.133
2289,supreme,0.594,-0.068
2290,great,0.531,-0.204
2290,faith,0.222,-0.423
2291,incapable,-0.407,0.254
2291,big,0.418,-0.144
2292,furious,0.069,0.633
2292,wrath,0.000,0.617
2293,audacity,0.552,0.005
2293,yelling,0.169,0.433
2294,enraged,0.111,0.626
2294,majesty,0.539,-0.144
2295,little,-0.428,-0.163
2295,fault,-0.356,0.252
2296,died,-0.292,0.443
2296,mother,0.333,-0.366
2297,magnificent,0.614,-0.221
2297,hell,0.008,0.638
2298,rob,-0.031,0.515
2298,inheritance,0.446,-0.232
2299,fortune,0.592,-0.133
2299,empire,0.525,0.042
2300,great,0.531,-0.204
2300,gray,-0.473,-0.133
2301,elegance,0.393,-0.360
2301,vulgar,-0.095,0.520
2302,enthusiastic,0.619,-0.010
2302,glorious,0.548,-0.199
2303,heroic,0.621,-0.078
2303,wealthy,0.506,-0.248
2304,virtue,0.406,-0.312
2304,family,0.281,-0.413
2305,life,0.497,-0.209
2305,less,-0.520,-0.026
2306,perfection,0.621,-0.088
2306,grand,0.594,-0.106
2307,perfect,0.493,-0.351
2307,positive,0.490,-0.310
2308,sadness,-0.568,0.164
2308,intelligence,0.486,-0.164
2309,scoundrel,-0.151,0.455
2309,trembling,-0.134,0.449
2310,good,0.180,-0.406
2310,wit,0.363,-0.248
2311,domination,0.471,0.213
2311,nature,0.130,-0.470
2312,fortune,0.592,-0.133
2312,died,-0.292,0.443
2313,proud,0.568,-0.140
2313,poor,-0.538,0.133
2314,joy,0.606,-0.111
2314,terrible,0.023,0.563
2315,wrath,0.000,0.617
2315,revolution,0.366,0.350
2316,insult,-0.129,0.524
2316,respect,0.325,-0.405
2317,prince,0.444,-0.290
2317,loss,-0.395,0.351
2318,thief,-0.061,0.563
2318,burnt,-0.211,0.443
2319,produce,0.559,-0.117
2319,great,0.531,-0.204
2320,king,0.463,0.020
2320,restored,0.317,-0.336
2321,happy,0.558,-0.188
2321,evil,-0.040,0.560
2322,poor,-0.538,0.133
2322,pity,-0.497,0.159
2323,hope,0.298,-0.425
2323,hideous,-0.209,0.461
2324,charming,0.475,-0.180
2324,little,-0.428,-0.163
2325,poorly,-0.373,0.376
2325,creator,0.483,-0.185
2326,sadness,-0.568,0.164
2326,ingenious,0.503,-0.040
2327,shy,-0.542,-0.096
2327,timid,-0.460,-0.045
2328,grand,0.594,-0.106
2328,revolution,0.366,0.350
2329,battle,0.412,0.420
2329,prince,0.444,-0.290
2330,company,0.382,-0.333
2330,general,0.414,-0.237
2331,audacity,0.552,0.005
2331,down,-0.398,0.084
2332,admirable,0.529,-0.226
2332,storm,0.086,0.531
2333,heroic,0.621,-0.078
2333,effort,0.490,0.064
2334,cemetery,-0.222,0.411
2334,alone,-0.448,-0.121
2335,education,0.336,-0.427
2335,battalion,0.282,0.353
2336,honor,0.497,-0.211
2336,pleased,0.455,-0.272
2337,quality,0.425,-0.311
2337,king,0.463,0.020
2338,illegal,-0.200,0.508
2338,blue,-0.252,-0.365
2339,war,0.113,0.626
2339,commandant,0.477,0.069
2340,empire,0.525,0.042
2340,emperor,0.507,0.051
2341,joy,0.606,-0.111
2341,admirable,0.529,-0.226
2342,great,0.531,-0.204
2342,love,0.383,-0.341
2343,rich,0.544,-0.171
2343,natural,-0.020,-0.520
2344,slow,-0.542,-0.207
2344,shame,-0.388,0.421
2345,afraid,-0.297,0.533
2345,criminal,-0.060,0.575
2346,weeping,-0.359,0.418
2346,recognized,0.374,-0.288
2347,happiness,0.593,-0.158
2347,sincere,0.259,-0.455
2348,life,0.497,-0.209
2348,father,0.310,-0.327
2349,increase,0.509,-0.100
2349,melancholy,-0.460,0.049
2350,majestic,0.627,-0.148
2350,frightened,-0.199,0.459
2351,prince,0.444,-0.290
2351,gray,-0.473,-0.133
2352,aged,-0.437,0.160
2352,library,-0.008,-0.458
2353,tragic,-0.107,0.601
2353,cursing,-0.060,0.526
2354,king,0.463,0.020
2354,pleasures,0.419,-0.172
2355,holy,0.107,-0.485
2355,paradise,0.420,-0.231
2356,war,0.113,0.626
2356,hatred,-0.120,0.571
2357,friend,0.213,-0.351
2357,shock,0.013,0.374
2358,little,-0.428,-0.163
2358,view,0.137,-0.427
2359,revolution,0.366,0.350
2359,reigning,0.419,-0.021
2360,great,0.531,-0.204
2360,superior,0.562,-0.063
2361,charming,0.475,-0.180
2361,acquainted,0.230,-0.386
2362,majesty,0.539,-0.144
2362,deaf,-0.486,0.091
2363,dead,-0.467,0.279
2363,harmonious,0.324,-0.383
2364,ruined,-0.373,0.295
2364,solitary,-0.448,-0.016
2365,attack,0.230,0.471
2365,idol,0.493,0.092
2366,insult,-0.129,0.524
2366,respect,0.325,-0.405
2367,extraordinary,0.603,-0.167
2367,brilliant,0.560,-0.248
2368,brave,0.589,-0.054
2368,empire,0.525,0.042
2369,grand,0.594,-0.106
2369,scrap,-0.485,0.124
2370,destroy,0.079,0.634
2370,mission,0.463,-0.084
2371,proud,0.568,-0.140
2371,disturbing,-0.081,0.455
2372,wise,0.330,-0.430
2372,misfortune,-0.205,0.479
2373,glory,0.565,-0.149
2373,liberty,0.499,-0.248
2374,mother,0.333,-0.366
2374,unjust,-0.293,0.355
2375,furious,0.069,0.633
2375,skill,0.510,-0.098
2376,grandeur,0.578,-0.060
2376,respectful,0.397,-0.391
2377,hate,-0.140,0.544
2377,vulgar,-0.095,0.520
2378,enthusiastic,0.619,-0.010
2378,generous,0.430,-0.410
2379,disagreeable,-0.393,0.416
2379,unpleasant,-0.363,0.337
2380,abandoned,-0.503,0.300
2380,ill,-0.473,0.234
2381,father,0.310,-0.327
2381,six,-0.331,-0.248
2382,affirmatively,0.428,-0.282
2382,little,-0.428,-0.163
2383,weeping,-0.359,0.418
2383,engaged,0.466,-0.163
2384,evil,-0.040,0.560
2384,worse,-0.320,0.446
2385,dead,-0.467,0.279
2385,delay,-0.387,0.207
2386,sorrow,-0.593,0.127
2386,heroism,0.604,-0.024
2387,produce,0.559,-0.117
2387,corpse,-0.321,0.390
2388,battlefield,0.220,0.566
2388,love,0.383,-0.341
2389,battle,0.412,0.420
2389,life,0.497,-0.209
2390,died,-0.292,0.443
2390,forgotten,-0.466,0.027
2391,chair,-0.331,-0.342
2391,small,-0.395,-0.250
2392,disturbed,-0.151,0.518
2392,disturbing,-0.081,0.455
2393,brave,0.589,-0.054
2393,opportunity,0.576,-0.134
2394,threatened,-0.124,0.613
2394,wealthy,0.506,-0.248
2395,happy,0.558,-0.188
2395,monster,0.094,0.569
2396,absent,-0.572,0.025
2396,poor,-0.538,0.133
2397,low,-0.526,-0.059
2397,empire,0.525,0.042
2398,grand,0.594,-0.106
2398,life,0.497,-0.209
2399,extraordinary,0.603,-0.167
2399,gallantry,0.548,-0.165
2400,monstrous,0.117,0.605
2400,guillotine,0.045,0.466
2401,chaos,-0.131,0.636
2401,joy,0.606,-0.111
2402,progress,0.530,-0.161
2402,revolution,0.366,0.350
2403,despair,-0.236,0.470
2403,admired,0.464,-0.247
2404,goodness,0.303,-0.453
2404,father,0.310,-0.327
2405,died,-0.292,0.443
2405,natural,-0.020,-0.520
2406,divine,0.521,-0.237
2406,great,0.531,-0.204
2407,hatred,-0.120,0.571
2407,monster,0.094,0.569
2408,terrifying,0.001,0.575
2408,grandiose,0.549,-0.148
2409,fascination,0.564,-0.076
2409,irresistible,0.565,0.010
2410,enthusiasm,0.585,-0.086
2410,dull,-0.562,-0.054
2411,heroic,0.621,-0.078
2411,grand,0.594,-0.106
2412,emperor,0.507,0.051
2412,eternal,0.381,-0.304
2413,brilliant,0.560,-0.248
2413,succeeding,0.557,-0.075
2414,powerful,0.695,-0.016
2414,conquering,0.623,0.088
2415,intoxicated,-0.239,0.517
2415,dazzling,0.551,0.017
2416,violent,0.090,0.574
2416,divine,0.521,-0.237
2417,glory,0.565,-0.149
2417,family,0.281,-0.413
2418,father,0.310,-0.327
2418,democratic,0.375,-0.193
2419,natural,-0.020,-0.520
2419,melancholy,-0.460,0.049
2420,pity,-0.497,0.159
2420,experienced,0.488,-0.100
2421,love,0.383,-0.341
2421,infallible,0.450,-0.058
2422,life,0.497,-0.209
2422,wild,0.289,0.438
2423,victorious,0.698,0.007
2423,disturbed,-0.151,0.518
2424,adventure,0.530,-0.047
2424,less,-0.520,-0.026
2425,cotton,-0.324,-0.407
2425,detest,-0.070,0.508
2426,empire,0.525,0.042
2426,clumsy,-0.483,0.201
2427,little,-0.428,-0.163
2427,simple,-0.235,-0.374
2428,joy,0.606,-0.111
2428,pleasure,0.465,-0.144
2429,wicked,0.055,0.474
2429,imperial,0.459,-0.004
2430,order,0.269,-0.330
2430,together,0.249,-0.338
2431,possessed,0.178,0.395
2431,ugly,-0.282,0.320
2432,irresistible,0.565,0.010
2432,easy,-0.056,-0.480
2433,pleased,0.455,-0.272
2433,slave,-0.276,0.426
2434,asleep,-0.306,-0.361
2434,good,0.180,-0.406
2435,devil,0.103,0.526
2435,coach,0.391,0.136
2436,little,-0.428,-0.163
2436,cried,-0.290,0.308
2437,love,0.383,-0.341
2437,fine,0.143,-0.406
2438,advanced,0.445,-0.151
2438,kneeling,-0.416,0.124
2439,disagreeable,-0.393,0.416
2439,experienced,0.488,-0.100
2440,respect,0.325,-0.405
2440,death,-0.149,0.490
2441,loss,-0.395,0.351
2441,sleep,-0.203,-0.448
2442,disturbed,-0.151,0.518
2442,less,-0.520,-0.026
2443,triumphant,0.726,-0.072
2443,victory,0.642,-0.136
2444,wrath,0.000,0.617
2444,admirable,0.529,-0.226
2445,battlefield,0.220,0.566
2445,emperor,0.507,0.051
2446,low,-0.526,-0.059
2446,little,-0.428,-0.163
2447,silence,-0.375,-0.174
2447,middle,-0.330,-0.214
2448,father,0.310,-0.327
2448,laugh,0.368,-0.248
2449,heroic,0.621,-0.078
2449,abandoned,-0.503,0.300
2450,dull,-0.562,-0.054
2450,blazing,0.406,0.215
2451,betrayed,-0.199,0.451
2451,king,0.463,0.020
2452,worse,-0.320,0.446
2452,idol,0.493,0.092
2453,intoxicated,-0.239,0.517
2453,great,0.531,-0.204
2454,majesty,0.539,-0.144
2454,dead,-0.467,0.279
2455,wrath,0.000,0.617
2455,calm,-0.162,-0.556
2456,aggravated,-0.136,0.481
2456,immense,0.471,0.001
2457,sacred,0.368,-0.311
2457,lost,-0.327,0.315
2458,revolutionary,0.487,0.183
2458,engaged,0.466,-0.163
2459,youth,0.440,-0.232
2459,transformation,0.399,-0.121
2460,enthusiastic,0.619,-0.010
2460,liberty,0.499,-0.248
2461,power,0.518,-0.022
2461,future,0.469,-0.169
2462,education,0.336,-0.427
2462,nature,0.130,-0.470
2463,general,0.414,-0.237
2463,super,0.452,-0.125
2464,extremely,0.503,0.144
2464,little,-0.428,-0.163
2465,friendship,0.293,-0.431
2465,excite,0.497,0.084
2466,tragic,-0.107,0.601
2466,wealthy,0.506,-0.248
2467,war,0.113,0.626
2467,apocalypse,0.122,0.589
2468,great,0.531,-0.204
2468,rosy,0.417,-0.288
2469,overthrow,0.143,0.432
2469,good,0.180,-0.406
2470,liberty,0.499,-0.248
2470,inspired,0.500,-0.189
2471,mighty,0.653,-0.006
2471,peace,0.136,-0.550
2472,divine,0.521,-0.237
2472,wise,0.330,-0.430
2473,enthusiastic,0.619,-0.010
2473,natural,-0.020,-0.520
2474,relaxation,-0.062,-0.509
2474,future,0.469,-0.169
2475,poverty,-0.434,0.310
2475,intellectual,0.430,-0.310
2476,suffering,-0.326,0.487
2476,fighting,0.285,0.428
2477,positive,0.490,-0.310
2477,progress,0.530,-0.161
2478,violence,0.147,0.625
2478,terrified,-0.094,0.569
2479,grandeur,0.578,-0.060
2479,dazzling,0.551,0.017
2480,powerful,0.695,-0.016
2480,confidence,0.442,-0.467
2481,goodness,0.303,-0.453
2481,immense,0.471,0.001
2482,wealthy,0.506,-0.248
2482,liberty,0.499,-0.248
2483,generous,0.430,-0.410
2483,orphaned,-0.448,0.257
2484,orphan,-0.497,0.173
2484,raging,0.135,0.502
2485,enraged,0.111,0.626
2485,crime,0.092,0.621
2486,poor,-0.538,0.133
2486,death,-0.149,0.490
2487,great,0.531,-0.204
2487,honor,0.497,-0.211
2488,false,-0.423,0.198
2488,father,0.310,-0.327
2489,rest,-0.101,-0.532
2489,youth,0.440,-0.232
2490,honorable,0.427,-0.381
2490,beneath,-0.422,-0.131
2491,bloody,-0.025,0.623
2491,brave,0.589,-0.054
2492,quarrel,0.009,0.576
2492,revolution,0.366,0.350
2493,intelligent,0.493,-0.258
2493,respect,0.325,-0.405
2494,stray,-0.217,0.435
2494,view,0.137,-0.427
2495,sire,0.376,-0.276
2495,king,0.463,0.020
2496,succeed,0.642,-0.114
2496,corruption,-0.030,0.554
2497,accident,-0.111,0.545
2497,misfortune,-0.205,0.479
2498,burst,0.267,0.535
2498,poor,-0.538,0.133
2499,inspired,0.500,-0.189
2499,memorable,0.418,-0.299
2500,great,0.531,-0.204
2500,life,0.497,-0.209
2501,merry,0.540,-0.176
2501,harmony,0.101,-0.510
2502,progress,0.530,-0.161
2502,revolution,0.366,0.350
2503,excellent,0.543,-0.264
2503,mother,0.333,-0.366
2504,enraged,0.111,0.626
2504,tremendous,0.433,0.207
2505,intelligence,0.486,-0.164
2505,general,0.414,-0.237
2506,success,0.758,-0.050
2506,dead,-0.467,0.279
2507,healthy,0.362,-0.428
2507,blind,-0.467,0.139
2508,admired,0.464,-0.247
2508,firmness,0.468,-0.229
2509,friendship,0.293,-0.431
2509,nature,0.130,-0.470
2510,joy,0.606,-0.111
2510,scorned,-0.403,0.325
2511,pity,-0.497,0.159
2511,rejected,-0.389,0.263
2512,future,0.469,-0.169
2512,attitude,0.459,-0.073
2513,indecision,-0.387,0.202
2513,foot,-0.283,-0.148
2514,good,0.180,-0.406
2514,buried,-0.263,0.281
2515,ridiculous,-0.310,0.301
2515,unanswered,-0.381,0.054
2516,absent,-0.572,0.025
2516,hope,0.298,-0.425
2517,strong,0.608,-0.112
2517,brave,0.589,-0.054
2518,intensity,0.593,0.227
2518,death,-0.149,0.490
2519,mortified,-0.269,0.458
2519,gentleness,0.068,-0.464
2520,great,0.531,-0.204
2520,angel,0.186,-0.521
2521,burst,0.267,0.535
2521,danger,0.136,0.577
2522,sadly,-0.548,0.147
2522,congratulate,0.525,-0.142
2523,priority,0.481,-0.215
2523,youth,0.440,-0.232
2524,gray,-0.473,-0.133
2524,reassured,0.040,-0.472
2525,revolution,0.366,0.350
2525,armed,0.187,0.411
2526,liberty,0.499,-0.248
2526,difficulty,-0.191,0.464
2527,chaos,-0.131,0.636
2527,uneasiness,-0.200,0.419
2528,tragedy,-0.175,0.554
2528,creation,0.515,-0.241
2529,pain,-0.192,0.531
2529,exist,0.348,-0.300
2530,emperor,0.507,0.051
2530,alone,-0.448,-0.121
2531,peace,0.136,-0.550
2531,passion,0.516,0.005
2532,attack,0.230,0.471
2532,leeches,-0.246,0.406
2533,happiness,0.593,-0.158
2533,life,0.497,-0.209
2534,weep,-0.408,0.392
2534,honor,0.497,-0.211
2535,ferocious,0.232,0.539
2535,shame,-0.388,0.421
2536,generous,0.430,-0.410
2536,brave,0.589,-0.054
2537,slayer,0.093,0.635
2537,great,0.531,-0.204
2538,victory,0.642,-0.136
2538,conquer,0.616,0.137
2539,success,0.758,-0.050
2539,conquering,0.623,0.088
2540,glory,0.565,-0.149
2540,small,-0.395,-0.250
2541,hate,-0.140,0.544
2541,cotton,-0.324,-0.407
2542,poisoned,-0.144,0.529
2542,admired,0.464,-0.247
2543,war,0.113,0.626
2543,grand,0.594,-0.106
2544,learn,0.472,-0.128
2544,short,-0.461,0.055
2545,intoxicated,-0.239,0.517
2545,celebrated,0.468,-0.129
2546,produce,0.559,-0.117
2546,evil,-0.040,0.560
2547,rage,0.091,0.577
2547,bored,-0.552,0.009
2548,great,0.531,-0.204
2548,inheritance,0.446,-0.232
2549,advantage,0.490,-0.253
2549,low,-0.526,-0.059
2550,attack,0.230,0.471
2550,love,0.383,-0.341
2551,happiness,0.593,-0.158
2551,quarrel,0.009,0.576
2552,superb,0.593,-0.189
2552,poor,-0.538,0.133
2553,burst,0.267,0.535
2553,enthusiasm,0.585,-0.086
2554,grand,0.594,-0.106
2554,pan,-0.134,-0.394
2555,famous,0.615,-0.095
2555,unfortunate,-0.440,0.287
2556,death,-0.149,0.490
2556,granted,0.319,-0.369
2557,lie,-0.242,0.413
2557,false,-0.423,0.198
2558,masterpiece,0.522,-0.209
2558,wild,0.289,0.438
2559,bombardment,0.218,0.583
2559,admirable,0.529,-0.226
2560,uproar,0.050,0.441
2560,clash,0.063,0.436
2561,crime,0.092,0.621
2561,fatal,-0.081,0.508
2562,great,0.531,-0.204
2562,greatly,0.497,-0.021
2563,burst,0.267,0.535
2563,argue,-0.042,0.501
2564,enthusiasm,0.585,-0.086
2564,amaze,0.566,-0.038
2565,majesty,0.539,-0.144
2565,complete,0.307,-0.227
2566,artillery,0.335,0.405
2566,frightened,-0.199,0.459
2567,war,0.113,0.626
2567,grand,0.594,-0.106
2568,triumph,0.684,-0.116
2568,splendid,0.536,-0.108
2569,threaten,0.087,0.606
2569,battle,0.412,0.420
2570,conquer,0.616,0.137
2570,glory,0.565,-0.149
2571,beaten,-0.213,0.530
2571,epic,0.518,-0.097
2572,grandeur,0.578,-0.060
2572,wild,0.289,0.438
2573,joy,0.606,-0.111
2573,mother,0.333,-0.366
2574,pleasing,0.392,-0.324
2574,true,0.367,-0.319
2575,recognized,0.374,-0.288
2575,discomfort,-0.233,0.392
2576,life,0.497,-0.209
2576,youth,0.440,-0.232
2577,money,0.459,-0.160
2577,gold,0.446,-0.181
2578,worse,-0.320,0.446
2578,honest,0.276,-0.468
2579,learn,0.472,-0.128
2579,badly,-0.363,0.306
2580,difficulties,-0.176,0.492
2580,six,-0.331,-0.248
2581,fear,-0.200,0.534
2581,respectful,0.397,-0.391
2582,excellence,0.580,-0.231
2582,great,0.531,-0.204
2583,poor,-0.538,0.133
2583,love,0.383,-0.341
2584,strong,0.608,-0.112
2584,bravery,0.581,-0.103
2585,win,0.586,-0.159
2585,blast,0.240,0.548
2586,angry,0.045,0.505
2586,timid,-0.460,-0.045
2587,revolution,0.366,0.350
2587,father,0.310,-0.327
2588,good,0.180,-0.406
2588,new,0.262,-0.305
2589,respect,0.325,-0.405
2589,spite,-0.294,0.365
2590,greatly,0.497,-0.021
2590,fool,-0.395,0.272
2591,life,0.497,-0.209
2591,courage,0.526,-0.067
2592,water,-0.076,-0.488
2592,badly,-0.363,0.306
2593,six,-0.331,-0.248
2593,breakfast,0.059,-0.399
2594,calming,-0.098,-0.557
2594,rosy,0.417,-0.288
2595,rich,0.544,-0.171
2595,able,0.367,-0.194
2596,special,0.386,-0.169
2596,ragged,-0.340,0.220
2597,slavery,-0.292,0.507
2597,worse,-0.320,0.446
2598,action,0.538,0.099
2598,jealous,-0.105,0.475
2599,enthusiastic,0.619,-0.010
2599,grand,0.594,-0.106
2600,bankruptcy,-0.361,0.477
2600,beaten,-0.213,0.530
2601,success,0.758,-0.050
2601,honor,0.497,-0.211
2602,rescue,0.609,0.087
2602,battle,0.412,0.420
2603,magnificent,0.614,-0.221
2603,dream,-0.117,-0.493
2604,cursed,-0.150,0.492
2604,love,0.383,-0.341
2605,terrorist,0.095,0.652
2605,void,-0.611,0.016
2606,strong,0.608,-0.112
2606,sadly,-0.548,0.147
2607,suffering,-0.326,0.487
2607,violent,0.090,0.574
2608,sorrow,-0.593,0.127
2608,sad,-0.471,0.069
2609,joy,0.606,-0.111
2609,happy,0.558,-0.188
2610,heroic,0.621,-0.078
2610,valiant,0.599,-0.089
2611,poverty,-0.434,0.310
2611,misery,-0.482,0.157
2612,brilliant,0.560,-0.248
2612,wealthy,0.506,-0.248
2613,admirable,0.529,-0.226
2613,great,0.531,-0.204
2614,hatred,-0.120,0.571
2614,poor,-0.538,0.133
2615,riches,0.596,-0.181
2615,rich,0.544,-0.171
2616,truth,0.321,-0.402
2616,meditation,-0.055,-0.470
2617,energetic,0.639,0.020
2617,conquering,0.623,0.088
2618,enthusiastic,0.619,-0.010
2618,gaining,0.501,-0.146
2619,liberty,0.499,-0.248
2619,worse,-0.320,0.446
2620,torture,0.029,0.541
2620,unhappiness,-0.347,0.379
2621,calm,-0.162,-0.556
2621,revolution,0.366,0.350
2622,peace,0.136,-0.550
2622,incapable,-0.407,0.254
2623,passionate,0.567,-0.119
2623,rest,-0.101,-0.532
2624,useless,-0.527,0.202
2624,books,-0.121,-0.434
2625,less,-0.520,-0.026
2625,chosen,0.398,-0.285
2626,rich,0.544,-0.171
2626,asleep,-0.306,-0.361
2627,fortune,0.592,-0.133
2627,talent,0.505,-0.245
2628,gun,0.179,0.554
2628,life,0.497,-0.209
2629,glory,0.565,-0.149
2629,poor,-0.538,0.133
2630,youth,0.440,-0.232
2630,mother,0.333,-0.366
2631,hero,0.641,-0.091
2631,prodigious,0.560,-0.137
2632,sadly,-0.548,0.147
2632,embarrassment,-0.288,0.374
2633,books,-0.121,-0.434
2633,intolerable,-0.144,0.364
2634,advantage,0.490,-0.253
2634,rest,-0.101,-0.532
2635,wisdom,0.388,-0.432
2635,disagreeable,-0.393,0.416
2636,happiness,0.593,-0.158
2636,unhappiness,-0.347,0.379
2637,honor,0.497,-0.211
2637,assure,0.430,-0.310
2638,energy,0.595,-0.150
2638,low,-0.526,-0.059
2639,monster,0.094,0.569
2639,misery,-0.482,0.157
2640,poor,-0.538,0.133
2640,sinister,0.061,0.548
2641,hit,0.203,0.496
2641,general,0.414,-0.237
2642,soiled,-0.390,0.293
2642,bitterness,-0.295,0.360
2643,wrath,0.000,0.617
2643,calming,-0.098,-0.557
2644,hero,0.641,-0.091
2644,life,0.497,-0.209
2645,truth,0.321,-0.402
2645,future,0.469,-0.169
2646,gigantic,0.561,0.027
2646,soul,0.008,-0.388
2647,family,0.281,-0.413
2647,nature,0.130,-0.470
2648,inspired,0.500,-0.189
2648,vague,-0.495,0.034
2649,respects,0.350,-0.310
2649,father,0.310,-0.327
2650,rage,0.091,0.577
2650,artillery,0.335,0.405
2651,war,0.113,0.626
2651,rest,-0.101,-0.532
2652,low,-0.526,-0.059
2652,money,0.459,-0.160
2653,burst,0.267,0.535
2653,life,0.497,-0.209
2654,million,0.433,-0.085
2654,handkerchief,-0.346,-0.231
2655,traitor,-0.058,0.484
2655,imbecile,-0.349,0.340
2656,horrible,-0.117,0.552
2656,idiot,-0.454,0.329
2657,scoundrel,-0.151,0.455
2657,romantic,0.303,-0.290
2658,afraid,-0.297,0.533
2658,poor,-0.538,0.133
2659,stupid,-0.395,0.260
2659,political,0.305,0.285
2660,chaos,-0.131,0.636
2660,disorder,-0.245,0.484
2661,miserable,-0.463,0.277
2661,less,-0.520,-0.026
2662,despair,-0.236,0.470
2662,book,0.088,-0.414
2663,hideous,-0.209,0.461
2663,big,0.418,-0.144
2664,crime,0.092,0.621
2664,wonderfully,0.590,-0.146
2665,calmness,-0.049,-0.591
2665,proud,0.568,-0.140
2666,life,0.497,-0.209
2666,absence,-0.469,0.058
2667,death,-0.149,0.490
2667,charming,0.475,-0.180
2668,excellent,0.543,-0.264
2668,shy,-0.542,-0.096
2669,creation,0.515,-0.241
2669,truth,0.321,-0.402
2670,little,-0.428,-0.163
2670,other,-0.317,-0.176
2671,weary,-0.473,0.058
2671,sad,-0.471,0.069
2672,shirt,-0.246,-0.371
2672,blue,-0.252,-0.365
2673,insignificant,-0.580,0.152
2673,badly,-0.363,0.306
2674,peaceful,0.045,-0.533
2674,indifferent,-0.397,-0.172
2675,naturally,0.105,-0.408
2675,six,-0.331,-0.248
2676,rest,-0.101,-0.532
2676,father,0.310,-0.327
2677,insipid,-0.449,0.024
2677,order,0.269,-0.330
2678,sky,0.029,-0.519
2678,joyous,0.431,-0.266
2679,wonderful,0.605,-0.136
2679,fugitive,-0.077,0.572
2680,despair,-0.236,0.470
2680,lacking,-0.469,0.094
2681,fascinating,0.595,-0.116
2681,recognized,0.374,-0.288
2682,poor,-0.538,0.133
2682,little,-0.428,-0.163
2683,magnificent,0.614,-0.221
2683,rich,0.544,-0.171
2684,blue,-0.252,-0.365
2684,celestial,0.258,-0.316
2685,father,0.310,-0.327
2685,beneath,-0.422,-0.131
2686,nature,0.130,-0.470
2686,homely,-0.115,-0.418
2687,simple,-0.235,-0.374
2687,closed,-0.422,-0.051
2688,dangerous,0.086,0.658
2688,radiant,0.507,-0.119
2689,power,0.518,-0.022
2689,fatal,-0.081,0.508
2690,great,0.531,-0.204
2690,battered,-0.211,0.495
2691,luxury,0.479,-0.183
2691,tremendous,0.433,0.207
2692,little,-0.428,-0.163
2692,excess,0.282,0.360
2693,attack,0.230,0.471
2693,conquest,0.442,0.002
2694,tragedies,-0.045,0.569
2694,idiots,-0.388,0.312
2695,difficulty,-0.191,0.464
2695,vague,-0.495,0.034
2696,violent,0.090,0.574
2696,effort,0.490,0.064
2697,daring,0.356,0.183
2697,heart,0.302,-0.228
2698,disagreeable,-0.393,0.416
2698,lovely,0.361,-0.322
2699,splendid,0.536,-0.108
2699,admired,0.464,-0.247
2700,motionless,-0.411,-0.083
2700,gentleman,0.285,-0.267
2701,great,0.531,-0.204
2701,thunder,0.116,0.435
2702,respected,0.430,-0.321
2702,blue,-0.252,-0.365
2703,immense,0.471,0.001
2703,closed,-0.422,-0.051
2704,furious,0.069,0.633
2704,lost,-0.327,0.315
2705,marvellous,0.588,-0.046
2705,purpose,0.370,-0.181
2706,merry,0.540,-0.176
2706,wild,0.289,0.438
2707,advancing,0.491,-0.223
2707,advanced,0.445,-0.151
2708,thrilled,0.572,-0.056
2708,angry,0.045,0.505
2709,joy,0.606,-0.111
2709,angelic,0.238,-0.441
2710,madman,-0.136,0.518
2710,vexed,-0.110,0.483
2711,love,0.383,-0.341
2711,fine,0.143,-0.406
2712,horrified,-0.141,0.592
2712,advantage,0.490,-0.253
2713,agreeable,0.344,-0.285
2713,laugh,0.368,-0.248
2714,grand,0.594,-0.106
2714,tranquil,-0.091,-0.588
2715,fortune,0.592,-0.133
2715,torture,0.029,0.541
2716,independence,0.572,-0.157
2716,terrifying,0.001,0.575
2717,delight,0.409,-0.204
2717,common,-0.260,-0.337
2718,charming,0.475,-0.180
2718,vague,-0.495,0.034
2719,abandoned,-0.503,0.300
2719,passionate,0.567,-0.119
2720,progress,0.530,-0.161
2720,natural,-0.020,-0.520
2721,family,0.281,-0.413
2721,simple,-0.235,-0.374
2722,treasure,0.489,-0.232
2722,asleep,-0.306,-0.361
2723,happy,0.558,-0.188
2723,spite,-0.294,0.365
2724,merry,0.540,-0.176
2724,desperate,-0.162,0.530
2725,furious,0.069,0.633
2725,poor,-0.538,0.133
2726,vexed,-0.110,0.483
2726,pleasure,0.465,-0.144
2727,ferocious,0.232,0.539
2727,quarrel,0.009,0.576
2728,extremely,0.503,0.144
2728,satisfied,0.367,-0.317
2729,wrath,0.000,0.617
2729,great,0.531,-0.204
2730,blunder,-0.374,0.342
2730,gladiator,0.424,0.245
2731,happiness,0.593,-0.158
2731,charming,0.475,-0.180
2732,success,0.758,-0.050
2732,rich,0.544,-0.171
2733,delighted,0.430,-0.196
2733,good,0.180,-0.406
2734,beneath,-0.422,-0.131
2734,daughter,0.130,-0.356
2735,sick,-0.494,0.223
2735,lover,0.522,-0.047
2736,gone,-0.457,-0.049
2736,gloomy,-0.393,0.213
2737,recognized,0.374,-0.288
2737,living,0.398,-0.180
2738,explosion,0.247,0.569
2738,opportunity,0.576,-0.134
2739,marvel,0.616,-0.142
2739,wrath,0.000,0.617
2740,combat,0.308,0.396
2740,immense,0.471,0.001
2741,terrible,0.023,0.563
2741,future,0.469,-0.169
2742,divine,0.521,-0.237
2742,exist,0.348,-0.300
2743,greatly,0.497,-0.021
2743,together,0.249,-0.338
2744,tragic,-0.107,0.601
2744,foolish,-0.492,-0.052
2745,evil,-0.040,0.560
2745,progress,0.530,-0.161
2746,demon,-0.029,0.617
2746,wild,0.289,0.438
2747,crime,0.092,0.621
2747,ferocious,0.232,0.539
2748,heroism,0.604,-0.024
2748,great,0.531,-0.204
2749,hatred,-0.120,0.571
2749,foe,-0.087,0.534
2750,chaos,-0.131,0.636
2750,murder,0.076,0.627
2751,destroy,0.079,0.634
2751,peril,-0.014,0.607
2752,incurable,-0.295,0.391
2752,ignorance,-0.423,0.181
2753,assassin,0.090,0.613
2753,idle,-0.600,-0.014
2754,ruffian,-0.056,0.489
2754,fine,0.143,-0.406
2755,opportunity,0.576,-0.134
2755,abandoned,-0.503,0.300
2756,fortune,0.592,-0.133
2756,family,0.281,-0.413
2757,sky,0.029,-0.519
2757,undertake,0.428,-0.064
2758,terrible,0.023,0.563
2758,less,-0.520,-0.026
2759,violence,0.147,0.625
2759,brilliant,0.560,-0.248
2760,crime,0.092,0.621
2760,poor,-0.538,0.133
2761,wretch,-0.330,0.437
2761,admiration,0.437,-0.272
2762,monstrous,0.117,0.605
2762,grand,0.594,-0.106
2763,nature,0.130,-0.470
2763,canvas,-0.185,-0.447
2764,fantastic,0.567,-0.190
2764,tragedies,-0.045,0.569
2765,president,0.489,-0.024
2765,dawn,0.050,-0.418
2766,dynasty,0.470,-0.083
2766,flower,-0.176,-0.443
2767,abandoned,-0.503,0.300
2767,wild,0.289,0.438
2768,tramp,-0.421,0.277
2768,exist,0.348,-0.300
2769,divine,0.521,-0.237
2769,terrible,0.023,0.563
2770,poor,-0.538,0.133
2770,wise,0.330,-0.430
2771,enthusiastic,0.619,-0.010
2771,future,0.469,-0.169
2772,empty,-0.610,-0.011
2772,happy,0.558,-0.188
2773,confidence,0.442,-0.467
2773,love,0.383,-0.341
2774,merry,0.540,-0.176
2774,dream,-0.117,-0.493
2775,absent,-0.572,0.025
2775,pain,-0.192,0.531
2776,depressed,-0.527,0.291
2776,painful,-0.232,0.485
2777,little,-0.428,-0.163
2777,encounter,0.415,-0.117
2778,died,-0.292,0.443
2778,truth,0.321,-0.402
2779,inspired,0.500,-0.189
2779,memorable,0.418,-0.299
2780,terror,-0.084,0.585
2780,trouble,-0.068,0.476
2781,low,-0.526,-0.059
2781,wild,0.289,0.438
2782,unhappy,-0.443,0.266
2782,vague,-0.495,0.034
2783,happiness,0.593,-0.158
2783,leading,0.584,-0.078
2784,life,0.497,-0.209
2784,forgotten,-0.466,0.027
2785,horrible,-0.117,0.552
2785,lost,-0.327,0.315
2786,fortune,0.592,-0.133
2786,honorable,0.427,-0.381
2787,respectful,0.397,-0.391
2787,honor,0.497,-0.211
2788,abandoned,-0.503,0.300
2788,sick,-0.494,0.223
2789,action,0.538,0.099
2789,empire,0.525,0.042
2790,brilliant,0.560,-0.248
2790,fear,-0.200,0.534
2791,great,0.531,-0.204
2791,enlightened,0.403,-0.276
2792,perfect,0.493,-0.351
2792,sad,-0.471,0.069
2793,suffer,-0.187,0.575
2793,generous,0.430,-0.410
2794,die,-0.281,0.512
2794,fatal,-0.081,0.508
2795,paper,-0.320,-0.283
2795,artist,0.290,-0.248
2796,greatest,0.539,-0.145
2796,waste,-0.453,0.325
2797,value,0.444,-0.202
2797,blind,-0.467,0.139
2798,triumph,0.684,-0.116
2798,absent,-0.572,0.025
2799,dull,-0.562,-0.054
2799,emaciated,-0.431,0.301
2800,weep,-0.408,0.392
2800,corrupt,-0.093,0.558
2801,poverty,-0.434,0.310
2801,hideous,-0.209,0.461
2802,bleed,-0.176,0.562
2802,drunken,-0.186,0.479
2803,goodness,0.303,-0.453
2803,bless,0.167,-0.466
2804,generous,0.430,-0.410
2804,adventure,0.530,-0.047
2805,unhappy,-0.443,0.266
2805,captain,0.436,0.088
2806,great,0.531,-0.204
2806,extremely,0.503,0.144
2807,peril,-0.014,0.607
2807,wealthy,0.506,-0.248
2808,terror,-0.084,0.585
2808,evil,-0.040,0.560
2809,liberty,0.499,-0.248
2809,audacity,0.552,0.005
2810,humiliation,-0.261,0.465
2810,weariness,-0.475,0.160
2811,happiness,0.593,-0.158
2811,education,0.336,-0.427
2812,battle,0.412,0.420
2812,general,0.414,-0.237
2813,sister,0.168,-0.420
2813,paper,-0.320,-0.283
2814,burst,0.267,0.535
2814,dull,-0.562,-0.054
2815,handsome,0.374,-0.205
2815,uncomfortable,-0.310,0.289
2816,gently,-0.011,-0.476
2816,soft,-0.218,-0.421
2817,cool,0.414,-0.239
2817,fall,-0.288,0.330
2818,beaten,-0.213,0.530
2818,useless,-0.527,0.202
2819,ill,-0.473,0.234
2819,laugh,0.368,-0.248
2820,satisfied,0.367,-0.317
2820,wretched,-0.378,0.292
2821,water,-0.076,-0.488
2821,sleep,-0.203,-0.448
2822,food,0.129,-0.401
2822,air,-0.110,-0.386
2823,thief,-0.061,0.563
2823,shining,0.500,-0.146
2824,distress,-0.126,0.539
2824,poverty,-0.434,0.310
2825,misery,-0.482,0.157
2825,true,0.367,-0.319
2826,crime,0.092,0.621
2826,violently,0.055,0.600
2827,unfortunate,-0.440,0.287
2827,hideous,-0.209,0.461
2828,abandoned,-0.503,0.300
2828,rest,-0.101,-0.532
2829,agonizing,-0.180,0.502
2829,death,-0.149,0.490
2830,depraved,-0.149,0.567
2830,corrupt,-0.093,0.558
2831,great,0.531,-0.204
2831,honest,0.276,-0.468
2832,construction,0.414,-0.163
2832,paper,-0.320,-0.283
2833,wild,0.289,0.438
2833,misfortune,-0.205,0.479
2834,grand,0.594,-0.106
2834,ferocious,0.232,0.539
2835,horrible,-0.117,0.552
2835,infirm,-0.392,0.281
2836,obscene,-0.217,0.488
2836,dirt,-0.384,0.269
2837,monstrous,0.117,0.605
2837,horrors,-0.116,0.556
2838,dream,-0.117,-0.493
2838,sleeping,-0.230,-0.437
2839,glory,0.565,-0.149
2839,forgotten,-0.466,0.027
2840,cruel,-0.092,0.521
2840,hideous,-0.209,0.461
2841,betrayed,-0.199,0.451
2841,gray,-0.473,-0.133
2842,rich,0.544,-0.171
2842,great,0.531,-0.204
2843,big,0.418,-0.144
2843,together,0.249,-0.338
2844,giant,0.558,0.131
2844,shining,0.500,-0.146
2845,youth,0.440,-0.232
2845,melancholy,-0.460,0.049
2846,terrifying,0.001,0.575
2846,dull,-0.562,-0.054
2847,magnificence,0.602,0.013
2847,peace,0.136,-0.550
2848,calm,-0.162,-0.556
2848,horrible,-0.117,0.552
2849,little,-0.428,-0.163
2849,ashes,-0.451,-0.042
2850,burst,0.267,0.535
2850,pity,-0.497,0.159
2851,triumph,0.684,-0.116
2851,joy,0.606,-0.111
2852,mistake,-0.393,0.253
2852,good,0.180,-0.406
2853,show,0.374,0.071
2853,daughter,0.130,-0.356
2854,clever,0.293,-0.378
2854,father,0.310,-0.327
2855,irritating,-0.078,0.566
2855,poor,-0.538,0.133
2856,mother,0.333,-0.366
2856,water,-0.076,-0.488
2857,terrified,-0.094,0.569
2857,lazy,-0.459,-0.102
2858,battle,0.412,0.420
2858,slow,-0.542,-0.207
2859,wounded,-0.226,0.455
2859,bleeding,-0.097,0.479
2860,peace,0.136,-0.550
2860,liberty,0.499,-0.248
2861,broken,-0.368,0.308
2861,forgotten,-0.466,0.027
2862,sob,-0.410,0.252
2862,sister,0.168,-0.420
2863,beastly,0.251,0.529
2863,treasure,0.489,-0.232
2864,joy,0.606,-0.111
2864,enthusiasm,0.585,-0.086
2865,rich,0.544,-0.171
2865,worth,0.471,-0.246
2866,respected,0.430,-0.321
2866,ill,-0.473,0.234
2867,absent,-0.572,0.025
2867,radiant,0.507,-0.119
2868,horror,-0.069,0.517
2868,gloom,-0.448,0.185
2869,happy,0.558,-0.188
2869,weeping,-0.359,0.418
2870,angelic,0.238,-0.441
2870,vague,-0.495,0.034
2871,lucky,0.494,-0.244
2871,low,-0.526,-0.059
2872,success,0.758,-0.050
2872,fortune,0.592,-0.133
2873,talent,0.505,-0.245
2873,poor,-0.538,0.133
2874,violently,0.055,0.600
2874,accident,-0.111,0.545
2875,injured,-0.265,0.417
2875,stupid,-0.395,0.260
2876,dangerously,0.044,0.601
2876,suffocation,-0.109,0.573
2877,generous,0.430,-0.410
2877,goodness,0.303,-0.453
2878,honest,0.276,-0.468
2878,honor,0.497,-0.211
2879,fatal,-0.081,0.508
2879,grace,0.081,-0.430
2880,scoundrel,-0.151,0.455
2880,chair,-0.331,-0.342
2881,respected,0.430,-0.321
2881,low,-0.526,-0.059
2882,forgotten,-0.466,0.027
2882,formidable,0.462,0.009
2883,lost,-0.327,0.315
2883,reality,0.286,-0.288
2884,sick,-0.494,0.223
2884,life,0.497,-0.209
2885,wrath,0.000,0.617
2885,divine,0.521,-0.237
2886,monstrous,0.117,0.605
2886,lose,-0.408,0.291
2887,alarm,0.197,0.459
2887,wait,-0.467,-0.040
2888,descending,-0.324,0.188
2888,impossible,-0.235,0.254
2889,wonderful,0.605,-0.136
2889,empty,-0.610,-0.011
2890,joy,0.606,-0.111
2890,losing,-0.323,0.423
2891,happiness,0.593,-0.158
2891,miserable,-0.463,0.277
2892,despair,-0.236,0.470
2892,broken,-0.368,0.308
2893,evil,-0.040,0.560
2893,engaged,0.466,-0.163
2894,dangerous,0.086,0.658
2894,famous,0.615,-0.095
2895,reign,0.454,-0.159
2895,force,0.468,0.109
2896,slow,-0.542,-0.207
2896,misery,-0.482,0.157
2897,useless,-0.527,0.202
2897,close,-0.390,-0.025
2898,dull,-0.562,-0.054
2898,sad,-0.471,0.069
2899,rich,0.544,-0.171
2899,kind,0.169,-0.476
2900,father,0.310,-0.327
2900,persons,0.153,-0.400
2901,joy,0.606,-0.111
2901,joyous,0.431,-0.266
2902,significant,0.441,-0.122
2902,closed,-0.422,-0.051
2903,violently,0.055,0.600
2903,angel,0.186,-0.521
2904,life,0.497,-0.209
2904,learn,0.472,-0.128
2905,family,0.281,-0.413
2905,little,-0.428,-0.163
2906,extraordinary,0.603,-0.167
2906,wounded,-0.226,0.455
2907,devil,0.103,0.526
2907,mother,0.333,-0.366
2908,alone,-0.448,-0.121
2908,silence,-0.375,-0.174
2909,anxiety,-0.116,0.501
2909,ardent,0.435,0.126
2910,wrath,0.000,0.617
2910,monstrous,0.117,0.605
2911,horrible,-0.117,0.552
2911,hideous,-0.209,0.461
2912,disorder,-0.245,0.484
2912,beggar,-0.454,0.104
2913,fortune,0.592,-0.133
2913,low,-0.526,-0.059
2914,die,-0.281,0.512
2914,sleep,-0.203,-0.448
2915,favorable,0.376,-0.397
2915,lose,-0.408,0.291
2916,mother,0.333,-0.366
2916,fool,-0.395,0.272
2917,burst,0.267,0.535
2917,sinister,0.061,0.548
2918,mighty,0.653,-0.006
2918,lucky,0.494,-0.244
2919,beastly,0.251,0.529
2919,devilish,-0.046,0.560
2920,intelligent,0.493,-0.258
2920,rest,-0.101,-0.532
2921,devil,0.103,0.526
2921,closed,-0.422,-0.051
2922,energetic,0.639,0.020
2922,irritation,-0.057,0.538
2923,pity,-0.497,0.159
2923,viper,0.098,0.481
2924,danger,0.136,0.577
2924,great,0.531,-0.204
2925,threatened,-0.124,0.613
2925,joy,0.606,-0.111
2926,wait,-0.467,-0.040
2926,lost,-0.327,0.315
2927,waste,-0.453,0.325
2927,low,-0.526,-0.059
2928,deserted,-0.388,0.223
2928,persons,0.153,-0.400
2929,fail,-0.374,0.273
2929,good,0.180,-0.406
2930,father,0.310,-0.327
2930,abominable,-0.092,0.433
2931,ignorant,-0.417,0.249
2931,police,0.347,0.231
2932,trap,-0.224,0.358
2932,daughter,0.130,-0.356
2933,ferocious,0.232,0.539
2933,terrible,0.023,0.563
2934,confidence,0.442,-0.467
2934,calm,-0.162,-0.556
2935,threatened,-0.124,0.613
2935,wretch,-0.330,0.437
2936,acquainted,0.230,-0.386
2936,silent,-0.354,-0.245
2937,cursed,-0.150,0.492
2937,little,-0.428,-0.163
2938,surprising,0.471,-0.073
2938,big,0.418,-0.144
2939,afraid,-0.297,0.533
2939,brave,0.589,-0.054
2940,crime,0.092,0.621
2940,fear,-0.200,0.534
2941,immense,0.471,0.001
2941,small,-0.395,-0.250
2942,rest,-0.101,-0.532
2942,execution,0.133,0.469
2943,bang,0.272,0.491
2943,pistol,0.155,0.522
2944,violence,0.147,0.625
2944,company,0.382,-0.333
2945,love,0.383,-0.341
2945,true,0.367,-0.319
2946,burst,0.267,0.535
2946,gray,-0.473,-0.133
2947,prodigious,0.560,-0.137
2947,terrible,0.023,0.563
2948,beneath,-0.422,-0.131
2948,white,-0.100,-0.394
2949,waste,-0.453,0.325
2949,lucky,0.494,-0.244
2950,wise,0.330,-0.430
2950,important,0.468,-0.133
2951,empty,-0.610,-0.011
2951,great,0.531,-0.204
2952,noise,-0.018,0.433
2952,falling,-0.186,0.356
2953,afraid,-0.297,0.533
2953,advancing,0.491,-0.223
2954,bloody,-0.025,0.623
2954,nightmare,-0.145,0.569
2955,silence,-0.375,-0.174
2955,soul,0.008,-0.388
2956,confidence,0.442,-0.467
2956,beastly,0.251,0.529
2957,advantage,0.490,-0.253
2957,mother,0.333,-0.366
2958,devil,0.103,0.526
2958,six,-0.331,-0.248
2959,recognized,0.374,-0.288
2959,harm,-0.183,0.429
2960,anxiety,-0.116,0.501
2960,repulsive,-0.099,0.442
2961,ugly,-0.282,0.320
2961,white,-0.100,-0.394
2962,waste,-0.453,0.325
2962,father,0.310,-0.327
2963,lose,-0.408,0.291
2963,other,-0.317,-0.176
2964,silk,-0.199,-0.462
2964,little,-0.428,-0.163
2965,glowing,0.448,-0.225
2965,agility,0.434,-0.006
2966,sinister,0.061,0.548
2966,blue,-0.252,-0.365
2967,hell,0.008,0.638
2967,demon,-0.029,0.617
2968,violent,0.090,0.574
2968,action,0.538,0.099
2969,crime,0.092,0.621
2969,engaged,0.466,-0.163
2970,burst,0.267,0.535
2970,life,0.497,-0.209
2971,confidence,0.442,-0.467
2971,inspire,0.456,-0.204
2972,dignity,0.389,-0.308
2972,money,0.459,-0.160
2973,ill,-0.473,0.234
2973,mother,0.333,-0.366
2974,horror,-0.069,0.517
2974,fall,-0.288,0.330
2975,recognized,0.374,-0.288
2975,alone,-0.448,-0.121
2976,force,0.468,0.109
2976,absence,-0.469,0.058
2977,threatening,0.075,0.575
2977,calm,-0.162,-0.556
2978,pistol,0.155,0.522
2978,clear,0.148,-0.374
2979,fool,-0.395,0.272
2979,melancholy,-0.460,0.049
2980,horrible,-0.117,0.552
2980,serenity,0.060,-0.547
2981,generous,0.430,-0.410
2981,chair,-0.331,-0.342
2982,tragic,-0.107,0.601
2982,moonlight,0.003,-0.431
2983,tranquil,-0.091,-0.588
2983,fear,-0.200,0.534
2984,empty,-0.610,-0.011
2984,violent,0.090,0.574
2985,menace,0.189,0.554
2985,hurt,-0.239,0.496
2986,happy,0.558,-0.188
2986,monster,0.094,0.569
2987,evil,-0.040,0.560
2987,honor,0.497,-0.211
2988,great,0.531,-0.204
2988,prosperity,0.516,-0.217
2989,cotton,-0.324,-0.407
2989,shirt,-0.246,-0.371
2990,confidence,0.442,-0.467
2990,faith,0.222,-0.423
2991,slight,-0.364,-0.209
2991,protector,0.306,-0.284
2992,valuable,0.437,-0.243
2992,possession,0.424,0.008
2993,value,0.444,-0.202
2993,wretched,-0.378,0.292
2994,horrible,-0.117,0.552
2994,asleep,-0.306,-0.361
2995,worth,0.471,-0.246
2995,pity,-0.497,0.159
2996,vague,-0.495,0.034
2996,satisfied,0.367,-0.317
2997,misery,-0.482,0.157
2997,mad,-0.123,0.451
2998,earn,0.540,-0.065
2998,devil,0.103,0.526
2999,idiot,-0.454,0.329
2999,order,0.269,-0.330
3000,dull,-0.562,-0.054
3000,terrible,0.023,0.563
3001,slaughtering,0.186,0.583
3001,enormous,0.446,0.002
3002,excellent,0.543,-0.264
3002,slowness,-0.460,-0.068
3003,danger,0.136,0.577
3003,brave,0.589,-0.054
3004,proud,0.568,-0.140
3004,love,0.383,-0.341
3005,ferocious,0.232,0.539
3005,calm,-0.162,-0.556
3006,wild,0.289,0.438
3006,beast,0.159,0.410
3007,pistol,0.155,0.522
3007,upset,-0.251,0.427
3008,life,0.497,-0.209
3008,power,0.518,-0.022
3009,crime,0.092,0.621
3009,assassination,0.021,0.607
3010,heroic,0.621,-0.078
3010,good,0.180,-0.406
3011,peril,-0.014,0.607
3011,death,-0.149,0.490
3012,assassin,0.090,0.613
3012,mockery,-0.287,0.491
3013,sacred,0.368,-0.311
3013,false,-0.423,0.198
3014,catastrophe,0.163,0.575
3014,fury,0.088,0.583
3015,triumph,0.684,-0.116
3015,violent,0.090,0.574
3016,christmas,0.412,-0.308
3016,charity,0.143,-0.450
3017,merry,0.540,-0.176
3017,poor,-0.538,0.133
3018,wrath,0.000,0.617
3018,generous,0.430,-0.410
3019,rich,0.544,-0.171
3019,great,0.531,-0.204
3020,revenge,0.168,0.504
3020,poison,-0.031,0.484
3021,idiot,-0.454,0.329
3021,miserable,-0.463,0.277
3022,joy,0.606,-0.111
3022,happiness,0.593,-0.158
3023,powerful,0.695,-0.016
3023,lie,-0.242,0.413
3024,villain,0.091,0.508
3024,true,0.367,-0.319
3025,engineer,0.380,-0.142
3025,floor,-0.345,-0.146
3026,poor,-0.538,0.133
3026,little,-0.428,-0.163
3027,frenzy,0.409,0.249
3027,fresh,0.045,-0.442
3028,weak,-0.612,0.034
3028,battle,0.412,0.420
3029,goodness,0.303,-0.453
3029,rest,-0.101,-0.532
3030,explosion,0.247,0.569
3030,evil,-0.040,0.560
3031,chaos,-0.131,0.636
3031,violence,0.147,0.625
3032,life,0.497,-0.209
3032,drunken,-0.186,0.479
3033,terrified,-0.094,0.569
3033,peace,0.136,-0.550
3034,rage,0.091,0.577
3034,merry,0.540,-0.176
3035,confidence,0.442,-0.467
3035,prodigious,0.560,-0.137
3036,wound,-0.208,0.395
3036,six,-0.331,-0.248
3037,desperate,-0.162,0.530
3037,pistol,0.155,0.522
3038,success,0.758,-0.050
3038,triumph,0.684,-0.116
3039,destroying,0.044,0.565
3039,horrible,-0.117,0.552
3040,rest,-0.101,-0.532
3040,wild,0.289,0.438
3041,handkerchief,-0.346,-0.231
3041,purse,-0.218,-0.344
3042,big,0.418,-0.144
3042,bed,-0.230,-0.308
3043,dead,-0.467,0.279
3043,low,-0.526,-0.059
3044,violence,0.147,0.625
3044,tranquil,-0.091,-0.588
3045,fantastic,0.567,-0.190
3045,life,0.497,-0.209
3046,thief,-0.061,0.563
3046,agitation,0.038,0.483
3047,confidence,0.442,-0.467
3047,murder,0.076,0.627
3048,produce,0.559,-0.117
3048,drunken,-0.186,0.479
3049,prisoner,-0.279,0.408
3049,insolence,-0.152,0.434
3050,painful,-0.232,0.485
3050,anxiety,-0.116,0.501
3051,wrath,0.000,0.617
3051,terror,-0.084,0.585
3052,catastrophe,0.163,0.575
3052,desperate,-0.162,0.530
3053,riches,0.596,-0.181
3053,great,0.531,-0.204
3054,fortune,0.592,-0.133
3054,advantage,0.490,-0.253
3055,guarantee,0.366,-0.424
3055,worth,0.471,-0.246
3056,grand,0.594,-0.106
3056,fear,-0.200,0.534
3057,true,0.367,-0.319
3057,paper,-0.320,-0.283
3058,disagreeable,-0.393,0.416
3058,power,0.518,-0.022
3059,confidence,0.442,-0.467
3059,little,-0.428,-0.163
3060,distrust,-0.300,0.426
3060,prisoner,-0.279,0.408
3061,clever,0.293,-0.378
3061,handkerchief,-0.346,-0.231
3062,lie,-0.242,0.413
3062,live,0.399,-0.148
3063,cried,-0.290,0.308
3063,mistress,0.346,0.118
3064,died,-0.292,0.443
3064,lose,-0.408,0.291
3065,crime,0.092,0.621
3065,wrath,0.000,0.617
3066,monstrous,0.117,0.605
3066,calm,-0.162,-0.556
3067,fascination,0.564,-0.076
3067,horrible,-0.117,0.552
3068,life,0.497,-0.209
3068,annihilated,-0.212,0.475
3069,dull,-0.562,-0.054
3069,faint,-0.493,0.253
3070,natural,-0.020,-0.520
3070,difficulty,-0.191,0.464
3071,quiet,-0.093,-0.486
3071,prisoner,-0.279,0.408
3072,terrible,0.023,0.563
3072,evil,-0.040,0.560
3073,bloody,-0.025,0.623
3073,pistol,0.155,0.522
3074,peril,-0.014,0.607
3074,hope,0.298,-0.425
3075,ruffian,-0.056,0.489
3075,false,-0.423,0.198
3076,big,0.418,-0.144
3076,beast,0.159,0.410
3077,ferocious,0.232,0.539
3077,slow,-0.542,-0.207
3078,gain,0.507,-0.191
3078,formidable,0.462,0.009
3079,wonderful,0.605,-0.136
3079,threatening,0.075,0.575
3080,wretch,-0.330,0.437
3080,unhappy,-0.443,0.266
3081,liberty,0.499,-0.248
3081,unfortunate,-0.440,0.287
3082,fear,-0.200,0.534
3082,faint,-0.493,0.253
3083,life,0.497,-0.209
3083,worth,0.471,-0.246
3084,grand,0.594,-0.106
3084,suffering,-0.326,0.487
3085,horrible,-0.117,0.552
3085,glowing,0.448,-0.225
3086,pistol,0.155,0.522
3086,low,-0.526,-0.059
3087,rescue,0.609,0.087
3087,peril,-0.014,0.607
3088,assassin,0.090,0.613
3088,victim,-0.323,0.387
3089,fears,-0.206,0.530
3089,advancing,0.491,-0.223
3090,devil,0.103,0.526
3090,paper,-0.320,-0.283
3091,action,0.538,0.099
3091,prisoner,-0.279,0.408
3092,losing,-0.323,0.423
3092,cried,-0.290,0.308
3093,waste,-0.453,0.325
3093,crazy,-0.137,0.478
3094,greatly,0.497,-0.021
3094,able,0.367,-0.194
3095,abandoned,-0.503,0.300
3095,terrified,-0.094,0.569
3096,rest,-0.101,-0.532
3096,advanced,0.445,-0.151
3097,pistol,0.155,0.522
3097,less,-0.520,-0.026
3098,emperor,0.507,0.051
3098,surrender,-0.469,0.193
3099,armed,0.187,0.411
3099,throng,0.287,0.237
3100,smiled,0.264,-0.303
3100,middle,-0.330,-0.214
3101,empty,-0.610,-0.011
3101,terrible,0.023,0.563
3102,weeping,-0.359,0.418
3102,drunken,-0.186,0.479
3103,good,0.180,-0.406
3103,health,0.219,-0.363
3104,dignity,0.389,-0.308
3104,prisoner,-0.279,0.408
3105,advantage,0.490,-0.253
3105,general,0.414,-0.237
3106,devil,0.103,0.526
3106,valuable,0.437,-0.243
3107,fury,0.088,0.583
3107,nasty,-0.305,0.351
3108,mistaken,-0.330,0.344
3108,lost,-0.327,0.315
3109,heroic,0.621,-0.078
3109,betrayed,-0.199,0.451
3110,wonderful,0.605,-0.136
3110,hatred,-0.120,0.571
3111,mother,0.333,-0.366
3111,force,0.468,0.109
3112,epic,0.518,-0.097
3112,revolution,0.366,0.350
3113,grandeur,0.578,-0.060
3113,storm,0.086,0.531
3114,tranquil,-0.091,-0.588
3114,great,0.531,-0.204
3115,heroism,0.604,-0.024
3115,weary,-0.473,0.058
3116,peace,0.136,-0.550
3116,compel,0.107,0.462
3117,empire,0.525,0.042
3117,truth,0.321,-0.402
3118,divine,0.521,-0.237
3118,fatal,-0.081,0.508
3119,strength,0.496,-0.078
3119,true,0.367,-0.319
3120,family,0.281,-0.413
3120,bleeding,-0.097,0.479
3121,battle,0.412,0.420
3121,blind,-0.467,0.139
3122,victorious,0.698,0.007
3122,strong,0.608,-0.112
3123,famous,0.615,-0.095
3123,great,0.531,-0.204
3124,grandeur,0.578,-0.060
3124,calm,-0.162,-0.556
3125,magnificent,0.614,-0.221
3125,perfect,0.493,-0.351
3126,majesty,0.539,-0.144
3126,misfortune,-0.205,0.479
3127,rage,0.091,0.577
3127,admirable,0.529,-0.226
3128,victory,0.642,-0.136
3128,fortune,0.592,-0.133
3129,joy,0.606,-0.111
3129,enthusiasm,0.585,-0.086
3130,wrath,0.000,0.617
3130,threaten,0.087,0.606
3131,triumphant,0.726,-0.072
3131,triumph,0.684,-0.116
3132,demon,-0.029,0.617
3132,monstrous,0.117,0.605
3133,hideous,-0.209,0.461
3133,penetrate,0.242,0.424
3134,skill,0.510,-0.098
3134,revolution,0.366,0.350
3135,liberty,0.499,-0.248
3135,power,0.518,-0.022
3136,peace,0.136,-0.550
3136,genius,0.518,-0.144
3137,revolutionary,0.487,0.183
3137,family,0.281,-0.413
3138,future,0.469,-0.169
3138,dynasty,0.470,-0.083
3139,success,0.758,-0.050
3139,catastrophe,0.163,0.575
3140,triumph,0.684,-0.116
3140,enthusiasm,0.585,-0.086
3141,progress,0.530,-0.161
3141,wrongly,-0.414,0.344
3142,arrest,0.039,0.567
3142,chair,-0.331,-0.342
3143,shame,-0.388,0.421
3143,laziness,-0.505,-0.029
3144,strengthening,0.588,-0.192
3144,revolution,0.366,0.350
3145,abused,-0.252,0.593
3145,happy,0.558,-0.188
3146,deceived,-0.280,0.430
3146,royalty,0.440,-0.177
3147,fortune,0.592,-0.133
3147,prince,0.444,-0.290
3148,excellent,0.543,-0.264
3148,admirable,0.529,-0.226
3149,strong,0.608,-0.112
3149,fascinating,0.595,-0.116
3150,success,0.758,-0.050
3150,marvellous,0.588,-0.046
3151,wrath,0.000,0.617
3151,brave,0.589,-0.054
3152,wisdom,0.388,-0.432
3152,prodigious,0.560,-0.137
3153,creative,0.425,-0.277
3153,dynasty,0.470,-0.083
3154,glory,0.565,-0.149
3154,great,0.531,-0.204
3155,majesty,0.539,-0.144
3155,pleased,0.455,-0.272
3156,popularity,0.594,-0.075
3156,honor,0.497,-0.211
3157,violently,0.055,0.600
3157,progress,0.530,-0.161
3158,war,0.113,0.626
3158,privileged,0.433,-0.257
3159,afraid,-0.297,0.533
3159,disturbed,-0.151,0.518
3160,admiration,0.437,-0.272
3160,truth,0.321,-0.402
3161,fortune,0.592,-0.133
3161,poor,-0.538,0.133
3162,enthusiastic,0.619,-0.010
3162,king,0.463,0.020
3163,wrath,0.000,0.617
3163,catastrophe,0.163,0.575
3164,prodigious,0.560,-0.137
3164,fear,-0.200,0.534
3165,great,0.531,-0.204
3165,power,0.518,-0.022
3166,court,0.355,0.215
3166,free,0.229,-0.285
3167,superior,0.562,-0.063
3167,view,0.137,-0.427
3168,admirable,0.529,-0.226
3168,goodness,0.303,-0.453
3169,rescue,0.609,0.087
3169,criminal,-0.060,0.575
3170,violence,0.147,0.625
3170,death,-0.149,0.490
3171,generous,0.430,-0.410
3171,pity,-0.497,0.159
3172,dead,-0.467,0.279
3172,sincere,0.259,-0.455
3173,tragic,-0.107,0.601
3173,action,0.538,0.099
3174,wrongly,-0.414,0.344
3174,prince,0.444,-0.290
3175,hurricane,0.266,0.562
3175,perfect,0.493,-0.351
3176,fatality,-0.007,0.526
3176,error,-0.393,0.321
3177,life,0.497,-0.209
3177,revolution,0.366,0.350
3178,divine,0.521,-0.237
3178,hasty,-0.027,0.488
3179,power,0.518,-0.022
3179,legitimacy,0.379,-0.274
3180,excellent,0.543,-0.264
3180,accident,-0.111,0.545
3181,enraged,0.111,0.626
3181,attack,0.230,0.471
3182,war,0.113,0.626
3182,peace,0.136,-0.550
3183,terrible,0.023,0.563
3183,education,0.336,-0.427
3184,happiness,0.593,-0.158
3184,dull,-0.562,-0.054
3185,great,0.531,-0.204
3185,dignity,0.389,-0.308
3186,felicity,0.515,-0.146
3186,revolution,0.366,0.350
3187,produce,0.559,-0.117
3187,prosperity,0.516,-0.217
3188,dangerous,0.086,0.658
3188,monstrous,0.117,0.605
3189,wealth,0.502,-0.149
3189,mistaken,-0.330,0.344
3190,violence,0.147,0.625
3190,bankruptcy,-0.361,0.477
3191,strong,0.608,-0.112
3191,feeble,-0.559,0.080
3192,greatness,0.684,-0.163
3192,powerful,0.695,-0.016
3193,revolutionary,0.487,0.183
3193,admiration,0.437,-0.272
3194,courageous,0.524,-0.226
3194,superior,0.562,-0.063
3195,great,0.531,-0.204
3195,honest,0.276,-0.468
3196,hatred,-0.120,0.571
3196,threatening,0.075,0.575
3197,sinister,0.061,0.548
3197,irritated,-0.152,0.418
3198,war,0.113,0.626
3198,cholera,-0.059,0.600
3199,terrible,0.023,0.563
3199,revolution,0.366,0.350
3200,dull,-0.562,-0.054
3200,stormy,0.045,0.514
3201,subversive,-0.024,0.401
3201,floor,-0.345,-0.146
3202,less,-0.520,-0.026
3202,sleep,-0.203,-0.448
3203,low,-0.526,-0.059
3203,proclamation,0.500,0.049
3204,enthusiasm,0.585,-0.086
3204,passion,0.516,0.005
3205,patriotic,0.504,-0.246
3205,revolutionary,0.487,0.183
3206,strong,0.608,-0.112
3206,force,0.468,0.109
3207,power,0.518,-0.022
3207,future,0.469,-0.169
3208,audacity,0.552,0.005
3208,action,0.538,0.099
3209,beaten,-0.213,0.530
3209,cowardly,-0.523,0.193
3210,honor,0.497,-0.211
3210,alarmed,-0.007,0.447
3211,poor,-0.538,0.133
3211,attack,0.230,0.471
3212,menacing,0.057,0.599
3212,great,0.531,-0.204
3213,idle,-0.600,-0.014
3213,leader,0.513,-0.166
3214,excited,0.560,0.011
3214,significant,0.441,-0.122
3215,learn,0.472,-0.128
3215,persons,0.153,-0.400
3216,brave,0.589,-0.054
3216,pistol,0.155,0.522
3217,honest,0.276,-0.468
3217,fall,-0.288,0.330
3218,gray,-0.473,-0.133
3218,paper,-0.320,-0.283
3219,strong,0.608,-0.112
3219,water,-0.076,-0.488
3220,little,-0.428,-0.163
3220,deserted,-0.388,0.223
3221,beneath,-0.422,-0.131
3221,police,0.347,0.231
3222,repose,-0.330,-0.260
3222,damp,-0.385,-0.063
3223,remarkable,0.383,-0.215
3223,pan,-0.134,-0.394
3224,tranquil,-0.091,-0.588
3224,storm,0.086,0.531
3225,gun,0.179,0.554
3225,pistol,0.155,0.522
3226,action,0.538,0.099
3226,significant,0.441,-0.122
3227,great,0.531,-0.204
3227,liberty,0.499,-0.248
3228,creation,0.515,-0.241
3228,audacity,0.552,0.005
3229,less,-0.520,-0.026
3229,revolutionary,0.487,0.183
3230,leader,0.513,-0.166
3230,boldness,0.467,-0.081
3231,army,0.373,0.256
3231,tree,-0.140,-0.389
3232,dangerous,0.086,0.658
3232,courageous,0.524,-0.226
3233,proud,0.568,-0.140
3233,explode,0.270,0.438
3234,suffering,-0.326,0.487
3234,intoxicated,-0.239,0.517
3235,enthusiasm,0.585,-0.086
3235,evil,-0.040,0.560
3236,chaos,-0.131,0.636
3236,heroic,0.621,-0.078
3237,furiously,0.098,0.616
3237,ferocious,0.232,0.539
3238,war,0.113,0.626
3238,slavery,-0.292,0.507
3239,terrorism,0.131,0.650
3239,catastrophe,0.163,0.575
3240,progress,0.530,-0.161
3240,lose,-0.408,0.291
3241,perfect,0.493,-0.351
3241,excellent,0.543,-0.264
3242,enthusiastic,0.619,-0.010
3242,family,0.281,-0.413
3243,firmness,0.468,-0.229
3243,glow,0.385,-0.292
3244,ill,-0.473,0.234
3244,vague,-0.495,0.034
3245,other,-0.317,-0.176
3245,leaving,-0.241,0.267
3246,superb,0.593,-0.189
3246,terrible,0.023,0.563
3247,wild,0.289,0.438
3247,gone,-0.457,-0.049
3248,energetic,0.639,0.020
3248,easy,-0.056,-0.480
3249,abandoned,-0.503,0.300
3249,luminous,0.361,-0.365
3250,enthusiasm,0.585,-0.086
3250,revolution,0.366,0.350
3251,fall,-0.288,0.330
3251,mist,-0.410,-0.132
3252,dead,-0.467,0.279
3252,mistake,-0.393,0.253
3253,lucky,0.494,-0.244
3253,plague,-0.267,0.362
3254,sleep,-0.203,-0.448
3254,live,0.399,-0.148
3255,books,-0.121,-0.434
3255,purpose,0.370,-0.181
3256,ferocious,0.232,0.539
3256,rich,0.544,-0.171
3257,success,0.758,-0.050
3257,afraid,-0.297,0.533
3258,life,0.497,-0.209
3258,heartbroken,-0.376,0.326
3259,terrible,0.023,0.563
3259,hope,0.298,-0.425
3260,heroic,0.621,-0.078
3260,angelic,0.238,-0.441
3261,distress,-0.126,0.539
3261,passion,0.516,0.005
3262,dangerous,0.086,0.658
3262,poverty,-0.434,0.310
3263,narcotic,-0.063,0.532
3263,sleep,-0.203,-0.448
3264,idle,-0.600,-0.014
3264,intelligence,0.486,-0.164
3265,generous,0.430,-0.410
3265,feeble,-0.559,0.080
3266,crime,0.092,0.621
3266,suicide,-0.107,0.594
3267,die,-0.281,0.512
3267,alone,-0.448,-0.121
3268,joy,0.606,-0.111
3268,sadness,-0.568,0.164
3269,hope,0.298,-0.425
3269,depressing,-0.354,0.285
3270,happy,0.558,-0.188
3270,calm,-0.162,-0.556
3271,unhappiness,-0.347,0.379
3271,love,0.383,-0.341
3272,little,-0.428,-0.163
3272,grace,0.081,-0.430
3273,magnificent,0.614,-0.221
3273,fantastic,0.567,-0.190
3274,savage,0.134,0.516
3274,water,-0.076,-0.488
3275,triumph,0.684,-0.116
3275,irresistible,0.565,0.010
3276,assassin,0.090,0.613
3276,opportunity,0.576,-0.134
3277,force,0.468,0.109
3277,mediocre,-0.419,0.198
3278,crime,0.092,0.621
3278,disorder,-0.245,0.484
3279,excellent,0.543,-0.264
3279,admirable,0.529,-0.226
3280,hope,0.298,-0.425
3280,importance,0.426,-0.110
3281,fortress,0.471,-0.210
3281,hideous,-0.209,0.461
3282,father,0.310,-0.327
3282,prison,-0.115,0.402
3283,idiot,-0.454,0.329
3283,trembling,-0.134,0.449
3284,exorbitant,0.359,0.339
3284,end,-0.369,0.106
3285,incident,-0.143,0.412
3285,police,0.347,0.231
3286,regard,0.296,-0.318
3286,possession,0.424,0.008
3287,solitary,-0.448,-0.016
3287,able,0.367,-0.194
3288,treasure,0.489,-0.232
3288,prisoner,-0.279,0.408
3289,sheep,-0.334,-0.292
3289,paper,-0.320,-0.283
3290,strongly,0.495,0.141
3290,force,0.468,0.109
3291,recognized,0.374,-0.288
3291,precisely,0.259,-0.297
3292,crime,0.092,0.621
3292,miscarriage,-0.230,0.517
3293,successful,0.647,-0.152
3293,happy,0.558,-0.188
3294,discouraged,-0.530,0.050
3294,love,0.383,-0.341
3295,dead,-0.467,0.279
3295,misery,-0.482,0.157
3296,happiness,0.593,-0.158
3296,rich,0.544,-0.171
3297,ill,-0.473,0.234
3297,mother,0.333,-0.366
3298,natural,-0.020,-0.520
3298,acceptance,0.248,-0.377
3299,famous,0.615,-0.095
3299,president,0.489,-0.024
3300,magnificent,0.614,-0.221
3300,water,-0.076,-0.488
3301,joy,0.606,-0.111
3301,troubles,-0.222,0.559
3302,wild,0.289,0.438
3302,pity,-0.497,0.159
3303,terrified,-0.094,0.569
3303,life,0.497,-0.209
3304,happy,0.558,-0.188
3304,angel,0.186,-0.521
3305,poor,-0.538,0.133
3305,devil,0.103,0.526
3306,wait,-0.467,-0.040
3306,decidedly,0.363,-0.180
3307,fabulous,0.530,-0.224
3307,dream,-0.117,-0.493
3308,quarrel,0.009,0.576
3308,hope,0.298,-0.425
3309,succeed,0.642,-0.114
3309,less,-0.520,-0.026
3310,cheerful,0.491,-0.194
3310,luminous,0.361,-0.365
3311,feeble,-0.559,0.080
3311,action,0.538,0.099
3312,happiness,0.593,-0.158
3312,liberty,0.499,-0.248
3313,terrified,-0.094,0.569
3313,progress,0.530,-0.161
3314,joy,0.606,-0.111
3314,madness,-0.095,0.493
3315,disagreeable,-0.393,0.416
3315,father,0.310,-0.327
3316,true,0.367,-0.319
3316,fine,0.143,-0.406
3317,peace,0.136,-0.550
3317,glad,0.516,-0.127
3318,poor,-0.538,0.133
3318,worse,-0.320,0.446
3319,sitting,-0.245,-0.294
3319,heart,0.302,-0.228
3320,intoxicated,-0.239,0.517
3320,ecstatic,0.490,-0.076
3321,nice,0.295,-0.345
3321,laugh,0.368,-0.248
3322,pleased,0.455,-0.272
3322,woman,0.238,-0.261
3323,money,0.459,-0.160
3323,gloomy,-0.393,0.213
3324,grand,0.594,-0.106
3324,combat,0.308,0.396
3325,low,-0.526,-0.059
3325,garden,-0.027,-0.383
3326,wonderful,0.605,-0.136
3326,sky,0.029,-0.519
3327,clever,0.293,-0.378
3327,little,-0.428,-0.163
3328,great,0.531,-0.204
3328,love,0.383,-0.341
3329,life,0.497,-0.209
3329,ruin,-0.368,0.319
3330,short,-0.461,0.055
3330,curtains,-0.237,-0.350
3331,lacking,-0.469,0.094
3331,new,0.262,-0.305
3332,independent,0.432,-0.304
3332,gossip,-0.221,0.408
3333,happy,0.558,-0.188
3333,less,-0.520,-0.026
3334,happiness,0.593,-0.158
3334,die,-0.281,0.512
3335,sorrow,-0.593,0.127
3335,advantage,0.490,-0.253
3336,heroic,0.621,-0.078
3336,danger,0.136,0.577
3337,opportunity,0.576,-0.134
3337,education,0.336,-0.427
3338,little,-0.428,-0.163
3338,adoration,0.437,-0.132
3339,anxiety,-0.116,0.501
3339,jealous,-0.105,0.475
3340,poor,-0.538,0.133
3340,short,-0.461,0.055
3341,virtue,0.406,-0.312
3341,living,0.398,-0.180
3342,mother,0.333,-0.366
3342,big,0.418,-0.144
3343,magnificent,0.614,-0.221
3343,books,-0.121,-0.434
3344,beloved,0.438,-0.253
3344,white,-0.100,-0.394
3345,modest,-0.111,-0.447
3345,father,0.310,-0.327
3346,sick,-0.494,0.223
3346,love,0.383,-0.341
3347,independent,0.432,-0.304
3347,fine,0.143,-0.406
3348,holy,0.107,-0.485
3348,cloud,-0.170,-0.433
3349,angel,0.186,-0.521
3349,alone,-0.448,-0.121
3350,humility,-0.104,-0.439
3350,saint,0.171,-0.397
3351,extraordinary,0.603,-0.167
3351,charming,0.475,-0.180
3352,great,0.531,-0.204
3352,poor,-0.538,0.133
3353,splendid,0.536,-0.108
3353,life,0.497,-0.209
3354,creator,0.483,-0.185
3354,celebrated,0.468,-0.129
3355,wonderful,0.605,-0.136
3355,joy,0.606,-0.111
3356,sadness,-0.568,0.164
3356,calm,-0.162,-0.556
3357,liberty,0.499,-0.248
3357,protect,0.474,-0.074
3358,death,-0.149,0.490
3358,white,-0.100,-0.394
3359,grandeur,0.578,-0.060
3359,savage,0.134,0.516
3360,majesty,0.539,-0.144
3360,rude,-0.136,0.535
3361,great,0.531,-0.204
3361,creation,0.515,-0.241
3362,marvellous,0.588,-0.046
3362,sleeping,-0.230,-0.437
3363,intelligence,0.486,-0.164
3363,clearness,0.235,-0.390
3364,life,0.497,-0.209
3364,losing,-0.323,0.423
3365,magnificent,0.614,-0.221
3365,water,-0.076,-0.488
3366,gallantry,0.548,-0.165
3366,nature,0.130,-0.470
3367,hope,0.298,-0.425
3367,love,0.383,-0.341
3368,peril,-0.014,0.607
3368,education,0.336,-0.427
3369,admirable,0.529,-0.226
3369,fears,-0.206,0.530
3370,worth,0.471,-0.246
3370,combat,0.308,0.396
3371,triumph,0.684,-0.116
3371,fantastic,0.567,-0.190
3372,dangerous,0.086,0.658
3372,rich,0.544,-0.171
3373,passion,0.516,0.005
3373,charming,0.475,-0.180
3374,riches,0.596,-0.181
3374,great,0.531,-0.204
3375,happiness,0.593,-0.158
3375,wild,0.289,0.438
3376,smiling,0.415,-0.219
3376,alone,-0.448,-0.121
3377,horrible,-0.117,0.552
3377,mother,0.333,-0.366
3378,dream,-0.117,-0.493
3378,hideous,-0.209,0.461
3379,ignorance,-0.423,0.181
3379,little,-0.428,-0.163
3380,fear,-0.200,0.534
3380,respect,0.325,-0.405
3381,horror,-0.069,0.517
3381,sacred,0.368,-0.311
3382,violently,0.055,0.600
3382,peace,0.136,-0.550
3383,joy,0.606,-0.111
3383,happy,0.558,-0.188
3384,war,0.113,0.626
3384,wretch,-0.330,0.437
3385,sleep,-0.203,-0.448
3385,easy,-0.056,-0.480
3386,accident,-0.111,0.545
3386,sunken,-0.446,0.257
3387,badly,-0.363,0.306
3387,father,0.310,-0.327
3388,poor,-0.538,0.133
3388,lovely,0.361,-0.322
3389,burst,0.267,0.535
3389,splendor,0.519,-0.217
3390,terror,-0.084,0.585
3390,wild,0.289,0.438
3391,fear,-0.200,0.534
3391,life,0.497,-0.209
3392,love,0.383,-0.341
3392,virtue,0.406,-0.312
3393,terrible,0.023,0.563
3393,lose,-0.408,0.291
3394,triumphant,0.726,-0.072
3394,superb,0.593,-0.189
3395,shame,-0.388,0.421
3395,horror,-0.069,0.517
3396,dangerous,0.086,0.658
3396,great,0.531,-0.204
3397,marvellous,0.588,-0.046
3397,ravishing,0.520,0.066
3398,proud,0.568,-0.140
3398,dazzling,0.551,0.017
3399,horrors,-0.116,0.556
3399,enjoy,0.517,-0.166
3400,shy,-0.542,-0.096
3400,gaining,0.501,-0.146
3401,joy,0.606,-0.111
3401,battle,0.412,0.420
3402,abused,-0.252,0.593
3402,passion,0.516,0.005
3403,evil,-0.040,0.560
3403,rest,-0.101,-0.532
3404,charming,0.475,-0.180
3404,badly,-0.363,0.306
3405,poor,-0.538,0.133
3405,indifferent,-0.397,-0.172
3406,war,0.113,0.626
3406,weapon,0.180,0.571
3407,love,0.383,-0.341
3407,vexed,-0.110,0.483
3408,recognized,0.374,-0.288
3408,trembling,-0.134,0.449
3409,ill,-0.473,0.234
3409,pity,-0.497,0.159
3410,dangerous,0.086,0.658
3410,greatly,0.497,-0.021
3411,lover,0.522,-0.047
3411,power,0.518,-0.022
3412,slow,-0.542,-0.207
3412,fears,-0.206,0.530
3413,happy,0.558,-0.188
3413,luminous,0.361,-0.365
3414,sadness,-0.568,0.164
3414,mother,0.333,-0.366
3415,natural,-0.020,-0.520
3415,nature,0.130,-0.470
3416,short,-0.461,0.055
3416,reading,-0.073,-0.425
3417,menacing,0.057,0.599
3417,accident,-0.111,0.545
3418,supreme,0.594,-0.068
3418,calmness,-0.049,-0.591
3419,war,0.113,0.626
3419,suffering,-0.326,0.487
3420,tremor,-0.071,0.514
3420,love,0.383,-0.341
3421,intoxicated,-0.239,0.517
3421,radiant,0.507,-0.119
3422,wrath,0.000,0.617
3422,ferocious,0.232,0.539
3423,happiness,0.593,-0.158
3423,suffer,-0.187,0.575
3424,evil,-0.040,0.560
3424,honest,0.276,-0.468
3425,extraordinary,0.603,-0.167
3425,joy,0.606,-0.111
3426,thief,-0.061,0.563
3426,rest,-0.101,-0.532
3427,afraid,-0.297,0.533
3427,experience,0.512,-0.138
3428,sadness,-0.568,0.164
3428,sadly,-0.548,0.147
3429,despairing,-0.255,0.462
3429,virtue,0.406,-0.312
3430,hero,0.641,-0.091
3430,poor,-0.538,0.133
3431,absence,-0.469,0.058
3431,father,0.310,-0.327
3432,shining,0.500,-0.146
3432,charming,0.475,-0.180
3433,ill,-0.473,0.234
3433,vague,-0.495,0.034
3434,unhappy,-0.443,0.266
3434,anger,0.122,0.499
3435,brilliant,0.560,-0.248
3435,enthusiasm,0.585,-0.086
3436,happiness,0.593,-0.158
3436,commandant,0.477,0.069
3437,life,0.497,-0.209
3437,cheerfulness,0.504,-0.124
3438,small,-0.395,-0.250
3438,forgotten,-0.466,0.027
3439,liberty,0.499,-0.248
3439,bored,-0.552,0.009
3440,perfection,0.621,-0.088
3440,rosy,0.417,-0.288
3441,prodigious,0.560,-0.137
3441,peace,0.136,-0.550
3442,imprison,-0.004,0.509
3442,sunk,-0.390,0.264
3443,happy,0.558,-0.188
3443,father,0.310,-0.327
3444,orderly,0.163,-0.421
3444,elbow,-0.379,-0.226
3445,second,-0.325,-0.203
3445,third,-0.266,-0.261
3446,terrible,0.023,0.563
3446,advanced,0.445,-0.151
3447,faint,-0.493,0.253
3447,six,-0.331,-0.248
3448,unity,0.181,-0.383
3448,manner,-0.191,-0.265
3449,ill,-0.473,0.234
3449,armed,0.187,0.411
3450,gray,-0.473,-0.133
3450,whip,0.052,0.487
3451,forward,0.325,-0.320
3451,dawn,0.050,-0.418
3452,rest,-0.101,-0.532
3452,battered,-0.211,0.495
3453,love,0.383,-0.341
3453,unhealthy,-0.375,0.300
3454,evil,-0.040,0.560
3454,cursed,-0.150,0.492
3455,water,-0.076,-0.488
3455,nature,0.130,-0.470
3456,blast,0.240,0.548
3456,sick,-0.494,0.223
3457,burst,0.267,0.535
3457,ferocious,0.232,0.539
3458,famous,0.615,-0.095
3458,monstrous,0.117,0.605
3459,chaos,-0.131,0.636
3459,horrible,-0.117,0.552
3460,shame,-0.388,0.421
3460,despair,-0.236,0.470
3461,horrors,-0.116,0.556
3461,disorder,-0.245,0.484
3462,hell,0.008,0.638
3462,apocalypse,0.122,0.589
3463,dull,-0.562,-0.054
3463,whip,0.052,0.487
3464,anguish,-0.203,0.442
3464,persecution,0.155,0.454
3465,terrified,-0.094,0.569
3465,less,-0.520,-0.026
3466,perfect,0.493,-0.351
3466,peace,0.136,-0.550
3467,torture,0.029,0.541
3467,king,0.463,0.020
3468,tragic,-0.107,0.601
3468,champ,0.584,-0.064
3469,violence,0.147,0.625
3469,natural,-0.020,-0.520
3470,leading,0.584,-0.078
3470,shining,0.500,-0.146
3471,rosy,0.417,-0.288
3471,sleep,-0.203,-0.448
3472,sky,0.029,-0.519
3472,love,0.383,-0.341
3473,happiness,0.593,-0.158
3473,liberty,0.499,-0.248
3474,merry,0.540,-0.176
3474,poor,-0.538,0.133
3475,joy,0.606,-0.111
3475,calm,-0.162,-0.556
3476,fears,-0.206,0.530
3476,ill,-0.473,0.234
3477,great,0.531,-0.204
3477,horrible,-0.117,0.552
3478,distress,-0.126,0.539
3478,wounded,-0.226,0.455
3479,afraid,-0.297,0.533
3479,happy,0.558,-0.188
3480,strong,0.608,-0.112
3480,sadness,-0.568,0.164
3481,intoxicated,-0.239,0.517
3481,rosy,0.417,-0.288
3482,adventure,0.530,-0.047
3482,secure,0.413,-0.314
3483,life,0.497,-0.209
3483,ruin,-0.368,0.319
3484,recognized,0.374,-0.288
3484,salvation,0.385,-0.259
3485,perfect,0.493,-0.351
3485,meditating,-0.115,-0.379
3486,pleased,0.455,-0.272
3486,mother,0.333,-0.366
3487,money,0.459,-0.160
3487,sun,0.271,-0.334
3488,sleep,-0.203,-0.448
3488,meditation,-0.055,-0.470
3489,sky,0.029,-0.519
3489,air,-0.110,-0.386
3490,fierce,0.258,0.429
3490,slowness,-0.460,-0.068
3491,threatening,0.075,0.575
3491,weakness,-0.539,0.192
3492,wild,0.289,0.438
3492,attack,0.230,0.471
3493,terrible,0.023,0.563
3493,difficulty,-0.191,0.464
3494,furious,0.069,0.633
3494,dead,-0.467,0.279
3495,strong,0.608,-0.112
3495,tragic,-0.107,0.601
3496,vigorous,0.594,-0.055
3496,twisted,-0.238,0.465
3497,ferocious,0.232,0.539
3497,laziness,-0.505,-0.029
3498,earn,0.540,-0.065
3498,torment,-0.183,0.488
3499,glory,0.565,-0.149
3499,honest,0.276,-0.468
3500,hell,0.008,0.638
3500,joy,0.606,-0.111
3501,monstrous,0.117,0.605
3501,produce,0.559,-0.117
3502,hurricane,0.266,0.562
3502,storm,0.086,0.531
3503,terrible,0.023,0.563
3503,risk,-0.023,0.403
3504,great,0.531,-0.204
3504,small,-0.395,-0.250
3505,masterpiece,0.522,-0.209
3505,skill,0.510,-0.098
3506,useless,-0.527,0.202
3506,water,-0.076,-0.488
3507,horrible,-0.117,0.552
3507,miserable,-0.463,0.277
3508,low,-0.526,-0.059
3508,less,-0.520,-0.026
3509,brilliant,0.560,-0.248
3509,idle,-0.600,-0.014
3510,blockhead,-0.502,0.114
3510,gently,-0.011,-0.476
3511,fatal,-0.081,0.508
3511,assured,0.289,-0.382
3512,life,0.497,-0.209
3512,engaged,0.466,-0.163
3513,great,0.531,-0.204
3513,love,0.383,-0.341
3514,painful,-0.232,0.485
3514,truth,0.321,-0.402
3515,badly,-0.363,0.306
3515,insolent,-0.229,0.386
3516,agony,-0.154,0.487
3516,little,-0.428,-0.163
3517,dangerous,0.086,0.658
3517,sorrow,-0.593,0.127
3518,fortune,0.592,-0.133
3518,grand,0.594,-0.106
3519,brilliant,0.560,-0.248
3519,absent,-0.572,0.025
3520,money,0.459,-0.160
3520,lacking,-0.469,0.094
3521,astray,-0.255,0.404
3521,father,0.310,-0.327
3522,calm,-0.162,-0.556
3522,mistaken,-0.330,0.344
3523,magnificent,0.614,-0.221
3523,terrified,-0.094,0.569
3524,bravery,0.581,-0.103
3524,beneath,-0.422,-0.131
3525,terrible,0.023,0.563
3525,alarm,0.197,0.459
3526,terror,-0.084,0.585
3526,courage,0.526,-0.067
3527,great,0.531,-0.204
3527,reassured,0.040,-0.472
3528,succeeding,0.557,-0.075
3528,scream,0.086,0.480
3529,burst,0.267,0.535
3529,wane,-0.493,0.141
3530,tranquil,-0.091,-0.588
3530,merry,0.540,-0.176
3531,afraid,-0.297,0.533
3531,serenity,0.060,-0.547
3532,gone,-0.457,-0.049
3532,fresh,0.045,-0.442
3533,invincible,0.651,-0.005
3533,sadness,-0.568,0.164
3534,fear,-0.200,0.534
3534,alarm,0.197,0.459
3535,future,0.469,-0.169
3535,repugnant,-0.140,0.478
3536,sleep,-0.203,-0.448
3536,true,0.367,-0.319
3537,die,-0.281,0.512
3537,terrified,-0.094,0.569
3538,couch,-0.372,-0.369
3538,badly,-0.363,0.306
3539,terror,-0.084,0.585
3539,nightmare,-0.145,0.569
3540,rest,-0.101,-0.532
3540,reassured,0.040,-0.472
3541,empty,-0.610,-0.011
3541,anxiety,-0.116,0.501
3542,fascination,0.564,-0.076
3542,irresistible,0.565,0.010
3543,void,-0.611,0.016
3543,love,0.383,-0.341
3544,creation,0.515,-0.241
3544,palace,0.413,-0.254
3545,potent,0.529,0.070
3545,future,0.469,-0.169
3546,divine,0.521,-0.237
3546,immortal,0.488,-0.041
3547,happiness,0.593,-0.158
3547,life,0.497,-0.209
3548,intensity,0.593,0.227
3548,die,-0.281,0.512
3549,angelic,0.238,-0.441
3549,sacred,0.368,-0.311
3550,great,0.531,-0.204
3550,despair,-0.236,0.470
3551,shame,-0.388,0.421
3551,honor,0.497,-0.211
3552,joy,0.606,-0.111
3552,suffer,-0.187,0.575
3553,dead,-0.467,0.279
3553,hope,0.298,-0.425
3554,heroic,0.621,-0.078
3554,grand,0.594,-0.106
3555,earthquake,0.219,0.619
3555,vulgar,-0.095,0.520
3556,charming,0.475,-0.180
3556,hideous,-0.209,0.461
3557,education,0.336,-0.427
3557,love,0.383,-0.341
3558,sorrow,-0.593,0.127
3558,generous,0.430,-0.410
3559,tranquil,-0.091,-0.588
3559,absent,-0.572,0.025
3560,foolish,-0.492,-0.052
3560,anguish,-0.203,0.442
3561,burst,0.267,0.535
3561,raise,0.472,-0.140
3562,shame,-0.388,0.421
3562,useless,-0.527,0.202
3563,scarcely,-0.496,0.227
3563,tremor,-0.071,0.514
3564,joy,0.606,-0.111
3564,luminous,0.361,-0.365
3565,thief,-0.061,0.563
3565,indecent,-0.308,0.417
3566,low,-0.526,-0.059
3566,gently,-0.011,-0.476
3567,death,-0.149,0.490
3567,experienced,0.488,-0.100
3568,virtue,0.406,-0.312
3568,dying,-0.207,0.442
3569,fear,-0.200,0.534
3569,gladiator,0.424,0.245
3570,reading,-0.073,-0.425
3570,new,0.262,-0.305
3571,afraid,-0.297,0.533
3571,happy,0.558,-0.188
3572,die,-0.281,0.512
3572,angel,0.186,-0.521
3573,passion,0.516,0.005
3573,love,0.383,-0.341
3574,superb,0.593,-0.189
3574,intoxicated,-0.239,0.517
3575,wonder,0.540,-0.119
3575,cool,0.414,-0.239
3576,splendid,0.536,-0.108
3576,despair,-0.236,0.470
3577,wise,0.330,-0.430
3577,youth,0.440,-0.232
3578,bankruptcy,-0.361,0.477
3578,small,-0.395,-0.250
3579,hatred,-0.120,0.571
3579,terrible,0.023,0.563
3580,opportunity,0.576,-0.134
3580,evil,-0.040,0.560
3581,grand,0.594,-0.106
3581,great,0.531,-0.204
3582,dead,-0.467,0.279
3582,sex,0.508,0.092
3583,broken,-0.368,0.308
3583,simple,-0.235,-0.374
3584,life,0.497,-0.209
3584,misery,-0.482,0.157
3585,masterful,0.514,-0.229
3585,annoy,-0.231,0.467
3586,crime,0.092,0.621
3586,diamonds,0.602,-0.164
3587,education,0.336,-0.427
3587,mother,0.333,-0.366
3588,catastrophe,0.163,0.575
3588,disaster,-0.069,0.570
3589,empty,-0.610,-0.011
3589,little,-0.428,-0.163
3590,leading,0.584,-0.078
3590,good,0.180,-0.406
3591,produce,0.559,-0.117
3591,great,0.531,-0.204
3592,strong,0.608,-0.112
3592,cholera,-0.059,0.600
3593,burst,0.267,0.535
3593,admiration,0.437,-0.272
3594,possessed,0.178,0.395
3594,order,0.269,-0.330
3595,enemy,0.024,0.471
3595,tuesday,-0.290,-0.203
3596,unequal,-0.438,0.217
3596,smaller,-0.423,0.000
3597,furious,0.069,0.633
3597,sleep,-0.203,-0.448
3598,crying,-0.287,0.379
3598,superiority,0.422,0.031
3599,aggressive,0.135,0.587
3599,ill,-0.473,0.234
3600,short,-0.461,0.055
3600,little,-0.428,-0.163
3601,poor,-0.538,0.133
3601,distress,-0.126,0.539
3602,evil,-0.040,0.560
3602,punish,0.008,0.535
3603,famous,0.615,-0.095
3603,mother,0.333,-0.366
3604,stray,-0.217,0.435
3604,stupid,-0.395,0.260
3605,blessed,0.240,-0.440
3605,simple,-0.235,-0.374
3606,triumphant,0.726,-0.072
3606,calm,-0.162,-0.556
3607,great,0.531,-0.204
3607,savage,0.134,0.516
3608,brutal,0.098,0.543
3608,quality,0.425,-0.311
3609,small,-0.395,-0.250
3609,little,-0.428,-0.163
3610,poor,-0.538,0.133
3610,money,0.459,-0.160
3611,threatening,0.075,0.575
3611,low,-0.526,-0.059
3612,force,0.468,0.109
3612,blue,-0.252,-0.365
3613,know,0.213,-0.279
3613,eyes,-0.025,-0.343
3614,skill,0.510,-0.098
3614,admiration,0.437,-0.272
3615,bout,0.131,0.431
3615,good,0.180,-0.406
3616,naturally,0.105,-0.408
3616,restrain,-0.136,0.397
3617,calmness,-0.049,-0.591
3617,comfortable,0.032,-0.542
3618,burst,0.267,0.535
3618,great,0.531,-0.204
3619,less,-0.520,-0.026
3619,homely,-0.115,-0.418
3620,joy,0.606,-0.111
3620,little,-0.428,-0.163
3621,shaking,-0.123,0.393
3621,hunt,0.124,0.340
3622,alone,-0.448,-0.121
3622,lost,-0.327,0.315
3623,greatly,0.497,-0.021
3623,monument,0.345,-0.294
3624,marvellous,0.588,-0.046
3624,grandiose,0.549,-0.148
3625,mighty,0.653,-0.006
3625,terrible,0.023,0.563
3626,slow,-0.542,-0.207
3626,sick,-0.494,0.223
3627,superb,0.593,-0.189
3627,tranquil,-0.091,-0.588
3628,magnificent,0.614,-0.221
3628,majestic,0.627,-0.148
3629,grand,0.594,-0.106
3629,force,0.468,0.109
3630,revolution,0.366,0.350
3630,immense,0.471,0.001
3631,produce,0.559,-0.117
3631,great,0.531,-0.204
3632,afraid,-0.297,0.533
3632,terrified,-0.094,0.569
3633,ill,-0.473,0.234
3633,frightened,-0.199,0.459
3634,confidence,0.442,-0.467
3634,inspired,0.500,-0.189
3635,wait,-0.467,-0.040
3635,good,0.180,-0.406
3636,explosion,0.247,0.569
3636,useless,-0.527,0.202
3637,goodness,0.303,-0.453
3637,monument,0.345,-0.294
3638,crime,0.092,0.621
3638,abandoned,-0.503,0.300
3639,prodigious,0.560,-0.137
3639,genius,0.518,-0.144
3640,merry,0.540,-0.176
3640,homeless,-0.478,0.284
3641,progress,0.530,-0.161
3641,acquainted,0.230,-0.386
3642,great,0.531,-0.204
3642,gigantic,0.561,0.027
3643,frightened,-0.199,0.459
3643,smaller,-0.423,0.000
3644,confidence,0.442,-0.467
3644,fear,-0.200,0.534
3645,terror,-0.084,0.585
3645,glad,0.516,-0.127
3646,gray,-0.473,-0.133
3646,rubbish,-0.416,0.172
3647,curtains,-0.237,-0.350
3647,down,-0.398,0.084
3648,benefit,0.386,-0.334
3648,sleep,-0.203,-0.448
3649,pleased,0.455,-0.272
3649,fierce,0.258,0.429
3650,admirable,0.529,-0.226
3650,respect,0.325,-0.405
3651,afraid,-0.297,0.533
3651,charming,0.475,-0.180
3652,poor,-0.538,0.133
3652,angel,0.186,-0.521
3653,ill,-0.473,0.234
3653,fun,0.493,-0.059
3654,raging,0.135,0.502
3654,engagement,0.466,-0.221
3655,famous,0.615,-0.095
3655,guillotine,0.045,0.466
3656,life,0.497,-0.209
3656,alone,-0.448,-0.121
3657,violence,0.147,0.625
3657,storm,0.086,0.531
3658,burst,0.267,0.535
3658,fury,0.088,0.583
3659,sleep,-0.203,-0.448
3659,gently,-0.011,-0.476
3660,stink,-0.469,0.305
3660,tiny,-0.427,-0.210
3661,terror,-0.084,0.585
3661,dull,-0.562,-0.054
3662,fresh,0.045,-0.442
3662,good,0.180,-0.406
3663,afraid,-0.297,0.533
3663,reassured,0.040,-0.472
3664,tremble,-0.061,0.489
3664,little,-0.428,-0.163
3665,courage,0.526,-0.067
3665,raging,0.135,0.502
3666,monster,0.094,0.569
3666,poor,-0.538,0.133
3667,dawn,0.050,-0.418
3667,underneath,-0.385,-0.140
3668,merry,0.540,-0.176
3668,alone,-0.448,-0.121
3669,gloom,-0.448,0.185
3669,recognized,0.374,-0.288
3670,benefit,0.386,-0.334
3670,beating,-0.028,0.480
3671,punishment,-0.026,0.527
3671,convict,-0.015,0.467
3672,dangerous,0.086,0.658
3672,terrible,0.023,0.563
3673,crime,0.092,0.621
3673,great,0.531,-0.204
3674,liberty,0.499,-0.248
3674,plunder,0.055,0.546
3675,weak,-0.612,0.034
3675,error,-0.393,0.321
3676,rest,-0.101,-0.532
3676,force,0.468,0.109
3677,dream,-0.117,-0.493
3677,hideous,-0.209,0.461
3678,enormous,0.446,0.002
3678,new,0.262,-0.305
3679,narcotic,-0.063,0.532
3679,solitary,-0.448,-0.016
3680,famous,0.615,-0.095
3680,unfaithful,-0.234,0.542
3681,vigorous,0.594,-0.055
3681,terrible,0.023,0.563
3682,gloom,-0.448,0.185
3682,good,0.180,-0.406
3683,little,-0.428,-0.163
3683,down,-0.398,0.084
3684,damage,-0.182,0.471
3684,broken,-0.368,0.308
3685,burglar,-0.165,0.507
3685,prisoner,-0.279,0.408
3686,water,-0.076,-0.488
3686,order,0.269,-0.330
3687,youth,0.440,-0.232
3687,asleep,-0.306,-0.361
3688,truth,0.321,-0.402
3688,drugged,-0.208,0.453
3689,danger,0.136,0.577
3689,great,0.531,-0.204
3690,empty,-0.610,-0.011
3690,ruin,-0.368,0.319
3691,rotten,-0.279,0.341
3691,able,0.367,-0.194
3692,court,0.355,0.215
3692,impossibility,-0.245,0.317
3693,fugitive,-0.077,0.572
3693,unequal,-0.438,0.217
3694,stupidity,-0.511,0.247
3694,liberty,0.499,-0.248
3695,thief,-0.061,0.563
3695,strength,0.496,-0.078
3696,terrible,0.023,0.563
3696,desperate,-0.162,0.530
3697,terrified,-0.094,0.569
3697,death,-0.149,0.490
3698,prison,-0.115,0.402
3698,new,0.262,-0.305
3699,arrest,0.039,0.567
3699,dead,-0.467,0.279
3700,chosen,0.398,-0.285
3700,order,0.269,-0.330
3701,wretch,-0.330,0.437
3701,low,-0.526,-0.059
3702,great,0.531,-0.204
3702,recognized,0.374,-0.288
3703,elegance,0.393,-0.360
3703,wait,-0.467,-0.040
3704,peace,0.136,-0.550
3704,betrayed,-0.199,0.451
3705,risky,0.209,0.499
3705,sheep,-0.334,-0.292
3706,hell,0.008,0.638
3706,afraid,-0.297,0.533
3707,peril,-0.014,0.607
3707,burst,0.267,0.535
3708,inspiration,0.468,-0.236
3708,hope,0.298,-0.425
3709,little,-0.428,-0.163
3709,together,0.249,-0.338
3710,damaged,-0.363,0.366
3710,paralyzed,-0.381,0.195
3711,sure,0.214,-0.308
3711,eight,-0.258,-0.244
3712,tranquil,-0.091,-0.588
3712,water,-0.076,-0.488
3713,disdainful,-0.382,0.268
3713,noise,-0.018,0.433
3714,life,0.497,-0.209
3714,easy,-0.056,-0.480
3715,savage,0.134,0.516
3715,gray,-0.473,-0.133
3716,assassinate,0.161,0.658
3716,kill,0.158,0.638
3717,fool,-0.395,0.272
3717,biscuit,-0.116,-0.458
3718,father,0.310,-0.327
3718,good,0.180,-0.406
3719,hell,0.008,0.638
3719,terrible,0.023,0.563
3720,powerful,0.695,-0.016
3720,thief,-0.061,0.563
3721,courageous,0.524,-0.226
3721,natural,-0.020,-0.520
3722,attractive,0.459,-0.193
3722,vague,-0.495,0.034
3723,monster,0.094,0.569
3723,horrible,-0.117,0.552
3724,excluded,-0.464,0.330
3724,vitality,0.509,-0.245
3725,wart,-0.511,0.162
3725,ignorant,-0.417,0.249
3726,quality,0.425,-0.311
3726,intelligence,0.486,-0.164
3727,phenomenal,0.629,-0.110
3727,hit,0.203,0.496
3728,great,0.531,-0.204
3728,miracles,0.461,-0.135
3729,honest,0.276,-0.468
3729,bastard,-0.263,0.417
3730,wonderful,0.605,-0.136
3730,love,0.383,-0.341
3731,heroic,0.621,-0.078
3731,dazzling,0.551,0.017
3732,crime,0.092,0.621
3732,ferocious,0.232,0.539
3733,rescue,0.609,0.087
3733,combat,0.308,0.396
3734,misery,-0.482,0.157
3734,survive,0.453,0.038
3735,less,-0.520,-0.026
3735,mission,0.463,-0.084
3736,war,0.113,0.626
3736,suffer,-0.187,0.575
3737,bleed,-0.176,0.562
3737,weep,-0.408,0.392
3738,life,0.497,-0.209
3738,exist,0.348,-0.300
3739,produce,0.559,-0.117
3739,constitute,0.377,-0.312
3740,great,0.531,-0.204
3740,horrible,-0.117,0.552
3741,murderer,0.084,0.678
3741,honest,0.276,-0.468
3742,crime,0.092,0.621
3742,monstrous,0.117,0.605
3743,suffocation,-0.109,0.573
3743,divine,0.521,-0.237
3744,happy,0.558,-0.188
3744,fear,-0.200,0.534
3745,fortunate,0.522,-0.199
3745,rest,-0.101,-0.532
3746,marvel,0.616,-0.142
3746,joy,0.606,-0.111
3747,thief,-0.061,0.563
3747,vulgar,-0.095,0.520
3748,gold,0.446,-0.181
3748,spite,-0.294,0.365
3749,great,0.531,-0.204
3749,splendor,0.519,-0.217
3750,admirable,0.529,-0.226
3750,king,0.463,0.020
3751,sinister,0.061,0.548
3751,unhealthy,-0.375,0.300
3752,suffering,-0.326,0.487
3752,evil,-0.040,0.560
3753,monstrous,0.117,0.605
3753,life,0.497,-0.209
3754,steal,-0.048,0.593
3754,power,0.518,-0.022
3755,devil,0.103,0.526
3755,death,-0.149,0.490
3756,creation,0.515,-0.241
3756,natural,-0.020,-0.520
3757,produce,0.559,-0.117
3757,rich,0.544,-0.171
3758,thief,-0.061,0.563
3758,prisoner,-0.279,0.408
3759,grand,0.594,-0.106
3759,savage,0.134,0.516
3760,gross,-0.387,0.317
3760,pure,0.172,-0.352
3761,stupid,-0.395,0.260
3761,good,0.180,-0.406
3762,corruption,-0.030,0.554
3762,decomposition,-0.307,0.324
3763,executioner,0.146,0.417
3763,dagger,0.086,0.409
3764,engaged,0.466,-0.163
3764,fight,0.415,0.244
3765,efficacious,0.505,-0.082
3765,meditation,-0.055,-0.470
3766,arrest,0.039,0.567
3766,terrible,0.023,0.563
3767,life,0.497,-0.209
3767,prisoner,-0.279,0.408
3768,crime,0.092,0.621
3768,death,-0.149,0.490
3769,hell,0.008,0.638
3769,distress,-0.126,0.539
3770,water,-0.076,-0.488
3770,short,-0.461,0.055
3771,unhappy,-0.443,0.266
3771,lie,-0.242,0.413
3772,rest,-0.101,-0.532
3772,sleep,-0.203,-0.448
3773,stealing,-0.041,0.582
3773,poor,-0.538,0.133
3774,annihilate,0.139,0.574
3774,love,0.383,-0.341
3775,energetic,0.639,0.020
3775,betray,-0.025,0.588
3776,ear,-0.346,-0.185
3776,candles,-0.251,-0.296
3777,thief,-0.061,0.563
3777,miserable,-0.463,0.277
3778,evil,-0.040,0.560
3778,radiant,0.507,-0.119
3779,menacing,0.057,0.599
3779,sadness,-0.568,0.164
3780,fantastic,0.567,-0.190
3780,miracles,0.461,-0.135
3781,menace,0.189,0.554
3781,fugitive,-0.077,0.572
3782,suffering,-0.326,0.487
3782,wretch,-0.330,0.437
3783,diabolical,-0.033,0.570
3783,melancholy,-0.460,0.049
3784,grand,0.594,-0.106
3784,desperate,-0.162,0.530
3785,prodigious,0.560,-0.137
3785,healthy,0.362,-0.428
3786,great,0.531,-0.204
3786,progress,0.530,-0.161
3787,danger,0.136,0.577
3787,prince,0.444,-0.290
3788,famous,0.615,-0.095
3788,honest,0.276,-0.468
3789,wrath,0.000,0.617
3789,prosperous,0.566,-0.220
3790,peril,-0.014,0.607
3790,ill,-0.473,0.234
3791,catastrophe,0.163,0.575
3791,fears,-0.206,0.530
3792,monstrous,0.117,0.605
3792,dull,-0.562,-0.054
3793,admirable,0.529,-0.226
3793,miscarriage,-0.230,0.517
3794,diamonds,0.602,-0.164
3794,dazzling,0.551,0.017
3795,fear,-0.200,0.534
3795,rest,-0.101,-0.532
3796,misery,-0.482,0.157
3796,weary,-0.473,0.058
3797,magnificent,0.614,-0.221
3797,grand,0.594,-0.106
3798,suffer,-0.187,0.575
3798,intelligence,0.486,-0.164
3799,wisdom,0.388,-0.432
3799,progress,0.530,-0.161
3800,strong,0.608,-0.112
3800,distress,-0.126,0.539
3801,despair,-0.236,0.470
3801,future,0.469,-0.169
3802,die,-0.281,0.512
3802,idiot,-0.454,0.329
3803,extraordinary,0.603,-0.167
3803,marvellous,0.588,-0.046
3804,wrath,0.000,0.617
3804,great,0.531,-0.204
3805,hurricane,0.266,0.562
3805,hatred,-0.120,0.571
3806,suicide,-0.107,0.594
3806,terror,-0.084,0.585
3807,worth,0.471,-0.246
3807,ill,-0.473,0.234
3808,wounds,-0.198,0.443
3808,trouble,-0.068,0.476
3809,kill,0.158,0.638
3809,suffering,-0.326,0.487
3810,brilliant,0.560,-0.248
3810,sadness,-0.568,0.164
3811,danger,0.136,0.577
3811,lover,0.522,-0.047
3812,force,0.468,0.109
3812,little,-0.428,-0.163
3813,generous,0.430,-0.410
3813,love,0.383,-0.341
3814,life,0.497,-0.209
3814,fatality,-0.007,0.526
3815,intoxicated,-0.239,0.517
3815,poor,-0.538,0.133
3816,respected,0.430,-0.321
3816,kiss,0.476,-0.117
3817,happy,0.558,-0.188
3817,dazzling,0.551,0.017
3818,vigorous,0.594,-0.055
3818,strength,0.496,-0.078
3819,power,0.518,-0.022
3819,nature,0.130,-0.470
3820,worth,0.471,-0.246
3820,imbecile,-0.349,0.340
3821,witty,0.464,-0.105
3821,stupid,-0.395,0.260
3822,unhappy,-0.443,0.266
3822,love,0.383,-0.341
3823,divine,0.521,-0.237
3823,immense,0.471,0.001
3824,life,0.497,-0.209
3824,fright,-0.234,0.438
3825,gallantry,0.548,-0.165
3825,shy,-0.542,-0.096
3826,pleasing,0.392,-0.324
3826,adoration,0.437,-0.132
3827,astonishingly,0.550,0.049
3827,charming,0.475,-0.180
3828,little,-0.428,-0.163
3828,loving,0.375,-0.241
3829,truth,0.321,-0.402
3829,penetration,0.364,0.323
3830,freedom,0.548,-0.292
3830,weep,-0.408,0.392
3831,intoxicated,-0.239,0.517
3831,great,0.531,-0.204
3832,happiness,0.593,-0.158
3832,perfect,0.493,-0.351
3833,hero,0.641,-0.091
3833,rich,0.544,-0.171
3834,poor,-0.538,0.133
3834,dead,-0.467,0.279
3835,adventure,0.530,-0.047
3835,deaf,-0.486,0.091
3836,rest,-0.101,-0.532
3836,life,0.497,-0.209
3837,important,0.468,-0.133
3837,father,0.310,-0.327
3838,hell,0.008,0.638
3838,nightmare,-0.145,0.569
3839,ignorant,-0.417,0.249
3839,ecstasy,0.461,0.083
3840,splendid,0.536,-0.108
3840,less,-0.520,-0.026
3841,perfect,0.493,-0.351
3841,angel,0.186,-0.521
3842,delighted,0.430,-0.196
3842,little,-0.428,-0.163
3843,sleep,-0.203,-0.448
3843,order,0.269,-0.330
3844,love,0.383,-0.341
3844,sunk,-0.390,0.264
3845,paradise,0.420,-0.231
3845,good,0.180,-0.406
3846,produce,0.559,-0.117
3846,luminous,0.361,-0.365
3847,great,0.531,-0.204
3847,ravishing,0.520,0.066
3848,peace,0.136,-0.550
3848,delight,0.409,-0.204
3849,happiness,0.593,-0.158
3849,happy,0.558,-0.188
3850,perfection,0.621,-0.088
3850,important,0.468,-0.133
3851,splendor,0.519,-0.217
3851,embarrassment,-0.288,0.374
3852,downcast,-0.415,0.298
3852,pursuing,0.323,0.300
3853,contented,0.409,-0.171
3853,encounter,0.415,-0.117
3854,low,-0.526,-0.059
3854,recognized,0.374,-0.288
3855,threatening,0.075,0.575
3855,dull,-0.562,-0.054
3856,greatly,0.497,-0.021
3856,gray,-0.473,-0.133
3857,screech,-0.139,0.407
3857,shaking,-0.123,0.393
3858,terror,-0.084,0.585
3858,ferocious,0.232,0.539
3859,sinister,0.061,0.548
3859,hideous,-0.209,0.461
3860,burst,0.267,0.535
3860,biscuit,-0.116,-0.458
3861,mother,0.333,-0.366
3861,clever,0.293,-0.378
3862,kiss,0.476,-0.117
3862,stupid,-0.395,0.260
3863,confidence,0.442,-0.467
3863,gently,-0.011,-0.476
3864,feeble,-0.559,0.080
3864,fool,-0.395,0.272
3865,poor,-0.538,0.133
3865,devil,0.103,0.526
3866,low,-0.526,-0.059
3866,armed,0.187,0.411
3867,growling,-0.023,0.541
3867,ill,-0.473,0.234
3868,terrible,0.023,0.563
3868,laugh,0.368,-0.248
3869,afraid,-0.297,0.533
3869,burst,0.267,0.535
3870,father,0.310,-0.327
3870,rotten,-0.279,0.341
3871,weak,-0.612,0.034
3871,bang,0.272,0.491
3872,surprising,0.471,-0.073
3872,attitude,0.459,-0.073
3873,furious,0.069,0.633
3873,shame,-0.388,0.421
3874,rest,-0.101,-0.532
3874,pleased,0.455,-0.272
3875,great,0.531,-0.204
3875,hit,0.203,0.496
3876,low,-0.526,-0.059
3876,sleep,-0.203,-0.448
3877,tranquil,-0.091,-0.588
3877,savage,0.134,0.516
3878,fear,-0.200,0.534
3878,terrible,0.023,0.563
3879,ferocious,0.232,0.539
3879,sinister,0.061,0.548
3880,wonderful,0.605,-0.136
3880,happy,0.558,-0.188
3881,die,-0.281,0.512
3881,life,0.497,-0.209
3882,incredible,0.610,-0.037
3882,love,0.383,-0.341
3883,sacred,0.368,-0.311
3883,short,-0.461,0.055
3884,slave,-0.276,0.426
3884,confused,-0.300,0.292
3885,assure,0.430,-0.310
3885,faith,0.222,-0.423
3886,low,-0.526,-0.059
3886,little,-0.428,-0.163
3887,violence,0.147,0.625
3887,outrageous,0.194,0.567
3888,weak,-0.612,0.034
3888,atrocity,0.040,0.520
3889,gloom,-0.448,0.185
3889,smiling,0.415,-0.219
3890,money,0.459,-0.160
3890,mad,-0.123,0.451
3891,worth,0.471,-0.246
3891,love,0.383,-0.341
3892,faint,-0.493,0.253
3892,weeping,-0.359,0.418
3893,weep,-0.408,0.392
3893,goddess,0.491,-0.206
3894,tranquil,-0.091,-0.588
3894,terrifies,-0.006,0.593
3895,gain,0.507,-0.191
3895,low,-0.526,-0.059
3896,hope,0.298,-0.425
3896,wait,-0.467,-0.040
3897,happy,0.558,-0.188
3897,pleasant,0.253,-0.441
3898,successful,0.647,-0.152
3898,sad,-0.471,0.069
3899,sorrow,-0.593,0.127
3899,intoxicated,-0.239,0.517
3900,desperate,-0.162,0.530
3900,senseless,-0.504,0.179
3901,slow,-0.542,-0.207
3901,death,-0.149,0.490
3902,nature,0.130,-0.470
3902,dejected,-0.234,0.386
3903,natural,-0.020,-0.520
3903,love,0.383,-0.341
3904,furious,0.069,0.633
3904,sadness,-0.568,0.164
3905,strong,0.608,-0.112
3905,dead,-0.467,0.279
3906,poor,-0.538,0.133
3906,emaciated,-0.431,0.301
3907,honor,0.497,-0.211
3907,effort,0.490,0.064
3908,success,0.758,-0.050
3908,great,0.531,-0.204
3909,battle,0.412,0.420
3909,peace,0.136,-0.550
3910,scabbard,-0.426,-0.079
3910,ridiculous,-0.310,0.301
3911,alone,-0.448,-0.121
3911,father,0.310,-0.327
3912,bitterness,-0.295,0.360
3912,reading,-0.073,-0.425
3913,die,-0.281,0.512
3913,nature,0.130,-0.470
3914,corpse,-0.321,0.390
3914,aged,-0.437,0.160
3915,low,-0.526,-0.059
3915,attitude,0.459,-0.073
3916,joy,0.606,-0.111
3916,calm,-0.162,-0.556
3917,tenderness,0.020,-0.485
3917,embarrassment,-0.288,0.374
3918,irritating,-0.078,0.566
3918,anxiety,-0.116,0.501
3919,wrath,0.000,0.617
3919,feeble,-0.559,0.080
3920,riches,0.596,-0.181
3920,rich,0.544,-0.171
3921,advancing,0.491,-0.223
3921,losing,-0.323,0.423
3922,pity,-0.497,0.159
3922,angry,0.045,0.505
3923,furious,0.069,0.633
3923,deserted,-0.388,0.223
3924,violent,0.090,0.574
3924,life,0.497,-0.209
3925,marry,0.449,-0.096
3925,precipice,-0.090,0.410
3926,criminal,-0.060,0.575
3926,frightened,-0.199,0.459
3927,hurricane,0.266,0.562
3927,honor,0.497,-0.211
3928,monument,0.345,-0.294
3928,cannonball,0.272,0.358
3929,fortune,0.592,-0.133
3929,violently,0.055,0.600
3930,worth,0.471,-0.246
3930,despair,-0.236,0.470
3931,burst,0.267,0.535
3931,happy,0.558,-0.188
3932,slow,-0.542,-0.207
3932,hope,0.298,-0.425
3933,revolution,0.366,0.350
3933,advanced,0.445,-0.151
3934,intoxicated,-0.239,0.517
3934,discouragement,-0.493,0.143
3935,love,0.383,-0.341
3935,father,0.310,-0.327
3936,die,-0.281,0.512
3936,ill,-0.473,0.234
3937,truth,0.321,-0.402
3937,mad,-0.123,0.451
3938,little,-0.428,-0.163
3938,good,0.180,-0.406
3939,lover,0.522,-0.047
3939,proper,0.243,-0.333
3940,tragic,-0.107,0.601
3940,knowledge,0.426,-0.282
3941,youth,0.440,-0.232
3941,marry,0.449,-0.096
3942,burst,0.267,0.535
3942,slap,-0.041,0.500
3943,insult,-0.129,0.524
3943,assured,0.289,-0.382
3944,power,0.518,-0.022
3944,father,0.310,-0.327
3945,aged,-0.437,0.160
3945,god,0.416,-0.158
3946,voiceless,-0.508,-0.033
3946,anguish,-0.203,0.442
3947,happy,0.558,-0.188
3947,calm,-0.162,-0.556
3948,troubles,-0.222,0.559
3948,tranquil,-0.091,-0.588
3949,difficulty,-0.191,0.464
3949,view,0.137,-0.427
3950,alarm,0.197,0.459
3950,alone,-0.448,-0.121
3951,fear,-0.200,0.534
3951,alarming,0.100,0.487
3952,cotton,-0.324,-0.407
3952,gray,-0.473,-0.133
3953,gain,0.507,-0.191
3953,despair,-0.236,0.470
3954,suffer,-0.187,0.575
3954,evil,-0.040,0.560
3955,adventure,0.530,-0.047
3955,shining,0.500,-0.146
3956,vague,-0.495,0.034
3956,knowing,0.210,-0.335
3957,happiness,0.593,-0.158
3957,fighting,0.285,0.428
3958,wonderful,0.605,-0.136
3958,joy,0.606,-0.111
3959,terrified,-0.094,0.569
3959,intoxicated,-0.239,0.517
3960,empty,-0.610,-0.011
3960,despairing,-0.255,0.462
3961,die,-0.281,0.512
3961,love,0.383,-0.341
3962,gloom,-0.448,0.185
3962,heaven,0.214,-0.361
3963,successful,0.647,-0.152
3963,lost,-0.327,0.315
3964,waste,-0.453,0.325
3964,miserable,-0.463,0.277
3965,greatest,0.539,-0.145
3965,precious,0.371,-0.292
3966,magnificent,0.614,-0.221
3966,famous,0.615,-0.095
3967,serenity,0.060,-0.547
3967,mother,0.333,-0.366
3968,money,0.459,-0.160
3968,books,-0.121,-0.434
3969,father,0.310,-0.327
3969,table,-0.289,-0.274
3970,hope,0.298,-0.425
3970,pleasure,0.465,-0.144
3971,president,0.489,-0.024
3971,savant,0.347,-0.223
3972,joy,0.606,-0.111
3972,trembling,-0.134,0.449
3973,enjoy,0.517,-0.166
3973,ill,-0.473,0.234
3974,worse,-0.320,0.446
3974,drugs,-0.142,0.408
3975,extraordinary,0.603,-0.167
3975,withered,-0.501,0.068
3976,riots,0.029,0.556
3976,fighting,0.285,0.428
3977,war,0.113,0.626
3977,suffer,-0.187,0.575
3978,empty,-0.610,-0.011
3978,love,0.383,-0.341
3979,riot,0.057,0.629
3979,nothingness,-0.594,-0.090
3980,strong,0.608,-0.112
3980,great,0.531,-0.204
3981,power,0.518,-0.022
3981,force,0.468,0.109
3982,wisdom,0.388,-0.432
3982,water,-0.076,-0.488
3983,quarrel,0.009,0.576
3983,progress,0.530,-0.161
3984,catastrophe,0.163,0.575
3984,fear,-0.200,0.534
3985,annihilate,0.139,0.574
3985,bravery,0.581,-0.103
3986,invincible,0.651,-0.005
3986,bloodshed,0.004,0.633
3987,victory,0.642,-0.136
3987,happy,0.558,-0.188
3988,war,0.113,0.626
3988,battle,0.412,0.420
3989,wrath,0.000,0.617
3989,reject,-0.243,0.414
3990,attack,0.230,0.471
3990,king,0.463,0.020
3991,destruction,0.088,0.588
3991,fury,0.088,0.583
3992,progress,0.530,-0.161
3992,civilization,0.383,-0.252
3993,bloody,-0.025,0.623
3993,protest,0.076,0.533
3994,grand,0.594,-0.106
3994,brawl,0.087,0.593
3995,violence,0.147,0.625
3995,rage,0.091,0.577
3996,intensity,0.593,0.227
3996,power,0.518,-0.022
3997,suffering,-0.326,0.487
3997,immense,0.471,0.001
3998,apocalypse,0.122,0.589
3998,reign,0.454,-0.159
3999,terrible,0.023,0.563
3999,tyrant,0.108,0.528
4000,great,0.531,-0.204
4000,less,-0.520,-0.026
4001,glory,0.565,-0.149
4001,divine,0.521,-0.237
4002,shame,-0.388,0.421
4002,worse,-0.320,0.446
4003,riot,0.057,0.629
4003,dull,-0.562,-0.054
4004,strong,0.608,-0.112
4004,violent,0.090,0.574
4005,massacre,0.053,0.612
4005,troubles,-0.222,0.559
4006,triumph,0.684,-0.116
4006,majestic,0.627,-0.148
4007,peace,0.136,-0.550
4007,gloom,-0.448,0.185
4008,grandeur,0.578,-0.060
4008,extinction,0.002,0.464
4009,excited,0.560,0.011
4009,riots,0.029,0.556
4010,great,0.531,-0.204
4010,life,0.497,-0.209
4011,gigantic,0.561,0.027
4011,death,-0.149,0.490
4012,cholera,-0.059,0.600
4012,wise,0.330,-0.430
4013,battlefield,0.220,0.566
4013,bravery,0.581,-0.103
4014,valiant,0.599,-0.089
4014,sadness,-0.568,0.164
4015,died,-0.292,0.443
4015,loss,-0.395,0.351
4016,attack,0.230,0.471
4016,formidable,0.462,0.009
4017,worth,0.471,-0.246
4017,know,0.213,-0.279
4018,pistol,0.155,0.522
4018,bland,-0.479,-0.059
4019,revolutionary,0.487,0.183
4019,general,0.414,-0.237
4020,coffin,-0.359,0.255
4020,multitude,0.409,0.153
4021,terrified,-0.094,0.569
4021,anxiety,-0.116,0.501
4022,artillery,0.335,0.405
4022,troops,0.267,0.246
4023,menacing,0.057,0.599
4023,empire,0.525,0.042
4024,enthusiasm,0.585,-0.086
4024,violent,0.090,0.574
4025,wounded,-0.226,0.455
4025,popular,0.440,-0.144
4026,riot,0.057,0.629
4026,terrible,0.023,0.563
4027,peace,0.136,-0.550
4027,small,-0.395,-0.250
4028,prodigious,0.560,-0.137
4028,storm,0.086,0.531
4029,war,0.113,0.626
4029,died,-0.292,0.443
4030,terror,-0.084,0.585
4030,advanced,0.445,-0.151
4031,blast,0.240,0.548
4031,fatal,-0.081,0.508
4032,tempest,0.148,0.427
4032,torn,-0.325,0.249
4033,extraordinary,0.603,-0.167
4033,wrath,0.000,0.617
4034,formidable,0.462,0.009
4034,closed,-0.422,-0.051
4035,gun,0.179,0.554
4035,armed,0.187,0.411
4036,death,-0.149,0.490
4036,gold,0.446,-0.181
4037,firing,0.270,0.536
4037,order,0.269,-0.330
4038,gunshot,0.113,0.651
4038,know,0.213,-0.279
4039,absent,-0.572,0.025
4039,isolated,-0.385,0.092
4040,difficulty,-0.191,0.464
4040,crowd,0.249,0.344
4041,abandoned,-0.503,0.300
4041,destroyed,-0.293,0.465
4042,famous,0.615,-0.095
4042,less,-0.520,-0.026
4043,little,-0.428,-0.163
4043,torn,-0.325,0.249
4044,money,0.459,-0.160
4044,blue,-0.252,-0.365
4045,riot,0.057,0.629
4045,chosen,0.398,-0.285
4046,air,-0.110,-0.386
4046,abruptly,0.063,0.396
4047,gigantic,0.561,0.027
4047,combat,0.308,0.396
4048,battle,0.412,0.420
4048,beaten,-0.213,0.530
4049,dead,-0.467,0.279
4049,wounded,-0.226,0.455
4050,rest,-0.101,-0.532
4050,fighting,0.285,0.428
4051,great,0.531,-0.204
4051,rebellion,0.215,0.431
4052,war,0.113,0.626
4052,wrath,0.000,0.617
4053,calm,-0.162,-0.556
4053,serene,-0.120,-0.478
4054,riot,0.057,0.629
4054,firing,0.270,0.536
4055,kill,0.158,0.638
4055,blind,-0.467,0.139
4056,rag,-0.485,-0.025
4056,infirm,-0.392,0.281
4057,afraid,-0.297,0.533
4057,courageous,0.524,-0.226
4058,empty,-0.610,-0.011
4058,ill,-0.473,0.234
4059,chair,-0.331,-0.342
4059,deserted,-0.388,0.223
4060,monster,0.094,0.569
4060,irritation,-0.057,0.538
4061,tremor,-0.071,0.514
4061,anxiety,-0.116,0.501
4062,dull,-0.562,-0.054
4062,alarm,0.197,0.459
4063,hurricane,0.266,0.562
4063,formidable,0.462,0.009
4064,great,0.531,-0.204
4064,attack,0.230,0.471
4065,pistol,0.155,0.522
4065,frightened,-0.199,0.459
4066,nature,0.130,-0.470
4066,popular,0.440,-0.144
4067,hospitality,0.265,-0.369
4067,acquainted,0.230,-0.386
4068,mother,0.333,-0.366
4068,gone,-0.457,-0.049
4069,ill,-0.473,0.234
4069,immense,0.471,0.001
4070,devil,0.103,0.526
4070,shout,0.027,0.487
4071,loss,-0.395,0.351
4071,little,-0.428,-0.163
4072,suffer,-0.187,0.575
4072,money,0.459,-0.160
4073,satisfied,0.367,-0.317
4073,forward,0.325,-0.320
4074,joy,0.606,-0.111
4074,peace,0.136,-0.550
4075,sadness,-0.568,0.164
4075,decay,-0.507,0.115
4076,nature,0.130,-0.470
4076,grateful,0.201,-0.430
4077,dangerous,0.086,0.658
4077,great,0.531,-0.204
4078,dull,-0.562,-0.054
4078,poor,-0.538,0.133
4079,pistol,0.155,0.522
4079,good,0.180,-0.406
4080,evil,-0.040,0.560
4080,wretch,-0.330,0.437
4081,gun,0.179,0.554
4081,queen,0.539,-0.124
4082,insult,-0.129,0.524
4082,mother,0.333,-0.366
4083,battle,0.412,0.420
4083,bastard,-0.263,0.417
4084,empire,0.525,0.042
4084,engaged,0.466,-0.163
4085,riot,0.057,0.629
4085,emperor,0.507,0.051
4086,powerful,0.695,-0.016
4086,calm,-0.162,-0.556
4087,wounded,-0.226,0.455
4087,neat,0.055,-0.456
4088,die,-0.281,0.512
4088,honor,0.497,-0.211
4089,broken,-0.368,0.308
4089,cannonball,0.272,0.358
4090,gun,0.179,0.554
4090,pleasure,0.465,-0.144
4091,water,-0.076,-0.488
4091,rifle,0.264,0.409
4092,fear,-0.200,0.534
4092,kind,0.169,-0.476
4093,wrath,0.000,0.617
4093,wasting,-0.475,0.255
4094,cursed,-0.150,0.492
4094,amusing,0.482,-0.100
4095,great,0.531,-0.204
4095,extremely,0.503,0.144
4096,intoxicated,-0.239,0.517
4096,friends,0.309,-0.298
4097,peaceful,0.045,-0.533
4097,recognized,0.374,-0.288
4098,firing,0.270,0.536
4098,rest,-0.101,-0.532
4099,fierce,0.258,0.429
4099,sleeping,-0.230,-0.437
4100,grand,0.594,-0.106
4100,fort,0.483,-0.068
4101,pistol,0.155,0.522
4101,gray,-0.473,-0.133
4102,soiled,-0.390,0.293
4102,forgotten,-0.466,0.027
4103,devil,0.103,0.526
4103,mother,0.333,-0.366
4104,evening,-0.303,-0.194
4104,know,0.213,-0.279
4105,friends,0.309,-0.298
4105,precisely,0.259,-0.297
4106,great,0.531,-0.204
4106,terrible,0.023,0.563
4107,famous,0.615,-0.095
4107,little,-0.428,-0.163
4108,crooked,-0.273,0.313
4108,today,-0.040,-0.361
4109,decrepit,-0.375,0.230
4109,barely,-0.345,-0.191
4110,armed,0.187,0.411
4110,devastated,-0.339,0.295
4111,blind,-0.467,0.139
4111,short,-0.461,0.055
4112,horrible,-0.117,0.552
4112,rest,-0.101,-0.532
4113,fantastic,0.567,-0.190
4113,drunk,-0.190,0.417
4114,joy,0.606,-0.111
4114,natural,-0.020,-0.520
4115,family,0.281,-0.413
4115,trapdoor,-0.149,0.409
4116,alone,-0.448,-0.121
4116,father,0.310,-0.327
4117,humble,0.044,-0.448
4117,remarkable,0.383,-0.215
4118,beneath,-0.422,-0.131
4118,striking,0.199,0.336
4119,amusing,0.482,-0.100
4119,badly,-0.363,0.306
4120,tragic,-0.107,0.601
4120,burst,0.267,0.535
4121,detonation,0.214,0.548
4121,pistol,0.155,0.522
4122,crippled,-0.491,0.227
4122,lame,-0.425,0.183
4123,honor,0.497,-0.211
4123,tremble,-0.061,0.489
4124,perfect,0.493,-0.351
4124,monster,0.094,0.569
4125,less,-0.520,-0.026
4125,chalk,-0.482,-0.150
4126,subordinate,-0.438,0.071
4126,friends,0.309,-0.298
4127,empty,-0.610,-0.011
4127,delicious,0.349,-0.202
4128,ingenious,0.503,-0.040
4128,alone,-0.448,-0.121
4129,hope,0.298,-0.425
4129,true,0.367,-0.319
4130,marvellous,0.588,-0.046
4130,quiet,-0.093,-0.486
4131,disgusting,-0.277,0.532
4131,great,0.531,-0.204
4132,happy,0.558,-0.188
4132,wretch,-0.330,0.437
4133,advantage,0.490,-0.253
4133,hideous,-0.209,0.461
4134,peace,0.136,-0.550
4134,love,0.383,-0.341
4135,cried,-0.290,0.308
4135,stolen,-0.241,0.341
4136,poverty,-0.434,0.310
4136,revolution,0.366,0.350
4137,extraordinary,0.603,-0.167
4137,progress,0.530,-0.161
4138,exceptional,0.580,-0.037
4138,death,-0.149,0.490
4139,magnificence,0.602,0.013
4139,disorder,-0.245,0.484
4140,fortune,0.592,-0.133
4140,distress,-0.126,0.539
4141,rich,0.544,-0.171
4141,misery,-0.482,0.157
4142,empty,-0.610,-0.011
4142,creation,0.515,-0.241
4143,evil,-0.040,0.560
4143,insult,-0.129,0.524
4144,prince,0.444,-0.290
4144,dream,-0.117,-0.493
4145,great,0.531,-0.204
4145,stupidity,-0.511,0.247
4146,massacre,0.053,0.612
4146,revolution,0.366,0.350
4147,kill,0.158,0.638
4147,love,0.383,-0.341
4148,madman,-0.136,0.518
4148,less,-0.520,-0.026
4149,mother,0.333,-0.366
4149,vivacious,0.479,0.029
4150,respectful,0.397,-0.391
4150,shout,0.027,0.487
4151,engaged,0.466,-0.163
4151,god,0.416,-0.158
4152,riot,0.057,0.629
4152,water,-0.076,-0.488
4153,hurt,-0.239,0.496
4153,cotton,-0.324,-0.407
4154,worse,-0.320,0.446
4154,ill,-0.473,0.234
4155,empty,-0.610,-0.011
4155,popularity,0.594,-0.075
4156,abandoned,-0.503,0.300
4156,terrible,0.023,0.563
4157,nightmare,-0.145,0.569
4157,death,-0.149,0.490
4158,wild,0.289,0.438
4158,palace,0.413,-0.254
4159,gun,0.179,0.554
4159,drunk,-0.190,0.417
4160,gunshot,0.113,0.651
4160,pistol,0.155,0.522
4161,attack,0.230,0.471
4161,true,0.367,-0.319
4162,terror,-0.084,0.585
4162,terrified,-0.094,0.569
4163,gold,0.446,-0.181
4163,gone,-0.457,-0.049
4164,empty,-0.610,-0.011
4164,skilled,0.557,-0.182
4165,leading,0.584,-0.078
4165,sleepy,-0.308,-0.344
4166,low,-0.526,-0.059
4166,vague,-0.495,0.034
4167,love,0.383,-0.341
4167,dream,-0.117,-0.493
4168,hero,0.641,-0.091
4168,horrible,-0.117,0.552
4169,perfect,0.493,-0.351
4169,rich,0.544,-0.171
4170,fortune,0.592,-0.133
4170,gun,0.179,0.554
4171,enthusiasm,0.585,-0.086
4171,angry,0.045,0.505
4172,die,-0.281,0.512
4172,believing,0.386,-0.310
4173,horror,-0.069,0.517
4173,mother,0.333,-0.366
4174,vengeance,0.165,0.591
4174,avenging,0.161,0.529
4175,satisfied,0.367,-0.317
4175,festival,0.437,-0.117
4176,smashed,-0.278,0.358
4176,construction,0.414,-0.163
4177,gray,-0.473,-0.133
4177,armed,0.187,0.411
4178,great,0.531,-0.204
4178,exterminate,0.180,0.490
4179,terrible,0.023,0.563
4179,engaged,0.466,-0.163
4180,terror,-0.084,0.585
4180,jolly,0.477,-0.182
4181,poverty,-0.434,0.310
4181,radiant,0.507,-0.119
4182,wrath,0.000,0.617
4182,joy,0.606,-0.111
4183,courage,0.526,-0.067
4183,revolutionary,0.487,0.183
4184,furious,0.069,0.633
4184,excellent,0.543,-0.264
4185,gun,0.179,0.554
4185,pistol,0.155,0.522
4186,mistaken,-0.330,0.344
4186,diversion,0.428,0.057
4187,dominate,0.447,0.280
4187,together,0.249,-0.338
4188,little,-0.428,-0.163
4188,preserve,0.319,-0.280
4189,dangerous,0.086,0.658
4189,grand,0.594,-0.106
4190,riot,0.057,0.629
4190,less,-0.520,-0.026
4191,tremor,-0.071,0.514
4191,alarm,0.197,0.459
4192,alone,-0.448,-0.121
4192,melancholy,-0.460,0.049
4193,tragic,-0.107,0.601
4193,tranquil,-0.091,-0.588
4194,weapon,0.180,0.571
4194,life,0.497,-0.209
4195,supreme,0.594,-0.068
4195,love,0.383,-0.341
4196,fruit,-0.039,-0.439
4196,close,-0.390,-0.025
4197,fort,0.483,-0.068
4197,fine,0.143,-0.406
4198,pot,-0.299,-0.225
4198,portrait,-0.075,-0.361
4199,table,-0.289,-0.274
4199,charitable,0.192,-0.343
4200,pathetic,-0.484,0.258
4200,adventure,0.530,-0.047
4201,terrible,0.023,0.563
4201,gloom,-0.448,0.185
4202,strong,0.608,-0.112
4202,badly,-0.363,0.306
4203,pains,-0.214,0.398
4203,distracted,-0.412,0.135
4204,gun,0.179,0.554
4204,amusing,0.482,-0.100
4205,afraid,-0.297,0.533
4205,heartbreaking,-0.084,0.467
4206,great,0.531,-0.204
4206,gigantic,0.561,0.027
4207,lucky,0.494,-0.244
4207,ill,-0.473,0.234
4208,low,-0.526,-0.059
4208,attract,0.420,-0.090
4209,energetic,0.639,0.020
4209,disdainful,-0.382,0.268
4210,gold,0.446,-0.181
4210,aged,-0.437,0.160
4211,true,0.367,-0.319
4211,accomplished,0.409,-0.241
4212,celebrated,0.468,-0.129
4212,cry,-0.299,0.343
4213,serenity,0.060,-0.547
4213,shot,-0.008,0.433
4214,tragic,-0.107,0.601
4214,gun,0.179,0.554
4215,grand,0.594,-0.106
4215,savage,0.134,0.516
4216,drunken,-0.186,0.479
4216,drunk,-0.190,0.417
4217,closed,-0.422,-0.051
4217,second,-0.325,-0.203
4218,disturbed,-0.151,0.518
4218,low,-0.526,-0.059
4219,terrified,-0.094,0.569
4219,third,-0.266,-0.261
4220,small,-0.395,-0.250
4220,little,-0.428,-0.163
4221,murderer,0.084,0.678
4221,pistol,0.155,0.522
4222,wrath,0.000,0.617
4222,superhuman,0.557,-0.039
4223,struggle,0.260,0.329
4223,pray,0.020,-0.406
4224,explosion,0.247,0.569
4224,assassin,0.090,0.613
4225,crime,0.092,0.621
4225,assassination,0.021,0.607
4226,monster,0.094,0.569
4226,progress,0.530,-0.161
4227,kill,0.158,0.638
4227,bloody,-0.025,0.623
4228,joy,0.606,-0.111
4228,die,-0.281,0.512
4229,action,0.538,0.099
4229,morgue,-0.407,0.362
4230,tragic,-0.107,0.601
4230,life,0.497,-0.209
4231,opportunity,0.576,-0.134
4231,despair,-0.236,0.470
4232,love,0.383,-0.341
4232,youth,0.440,-0.232
4233,small,-0.395,-0.250
4233,closed,-0.422,-0.051
4234,crowd,0.249,0.344
4234,cavalry,0.404,0.048
4235,dull,-0.562,-0.054
4235,low,-0.526,-0.059
4236,solitary,-0.448,-0.016
4236,shadow,-0.421,0.020
4237,hopes,0.354,-0.293
4237,army,0.373,0.256
4238,startling,0.491,0.018
4238,chill,0.014,-0.447
4239,abandoned,-0.503,0.300
4239,water,-0.076,-0.488
4240,weary,-0.473,0.058
4240,patience,-0.126,-0.459
4241,life,0.497,-0.209
4241,forward,0.325,-0.320
4242,stronghold,0.497,-0.037
4242,broken,-0.368,0.308
4243,drown,-0.208,0.549
4243,horror,-0.069,0.517
4244,rest,-0.101,-0.532
4244,vague,-0.495,0.034
4245,grand,0.594,-0.106
4245,dull,-0.562,-0.054
4246,monstrous,0.117,0.605
4246,terrible,0.023,0.563
4247,death,-0.149,0.490
4247,popular,0.440,-0.144
4248,powerful,0.695,-0.016
4248,triumph,0.684,-0.116
4249,menacing,0.057,0.599
4249,insignificant,-0.580,0.152
4250,battle,0.412,0.420
4250,dead,-0.467,0.279
4251,weak,-0.612,0.034
4251,terrifies,-0.006,0.593
4252,peace,0.136,-0.550
4252,glow,0.385,-0.292
4253,short,-0.461,0.055
4253,elbow,-0.379,-0.226
4254,little,-0.428,-0.163
4254,forward,0.325,-0.320
4255,heroic,0.621,-0.078
4255,proud,0.568,-0.140
4256,victorious,0.698,0.007
4256,tranquil,-0.091,-0.588
4257,war,0.113,0.626
4257,brave,0.589,-0.054
4258,wrath,0.000,0.617
4258,valiant,0.599,-0.089
4259,combat,0.308,0.396
4259,pillow,-0.317,-0.387
4260,burst,0.267,0.535
4260,glory,0.565,-0.149
4261,die,-0.281,0.512
4261,honor,0.497,-0.211
4262,danger,0.136,0.577
4262,untrue,-0.459,0.326
4263,splendid,0.536,-0.108
4263,shout,0.027,0.487
4264,superb,0.593,-0.189
4264,action,0.538,0.099
4265,liberty,0.499,-0.248
4265,degrading,-0.388,0.385
4266,war,0.113,0.626
4266,grand,0.594,-0.106
4267,crime,0.092,0.621
4267,progress,0.530,-0.161
4268,divine,0.521,-0.237
4268,tyrant,0.108,0.528
4269,terrible,0.023,0.563
4269,benefit,0.386,-0.334
4270,glory,0.565,-0.149
4270,great,0.531,-0.204
4271,truth,0.321,-0.402
4271,true,0.367,-0.319
4272,peace,0.136,-0.550
4272,fortress,0.471,-0.210
4273,marvel,0.616,-0.142
4273,conquer,0.616,0.137
4274,storm,0.086,0.531
4274,low,-0.526,-0.059
4275,die,-0.281,0.512
4275,dead,-0.467,0.279
4276,grand,0.594,-0.106
4276,calm,-0.162,-0.556
4277,hasty,-0.027,0.488
4277,popular,0.440,-0.144
4278,gun,0.179,0.554
4278,big,0.418,-0.144
4279,alone,-0.448,-0.121
4279,kneeling,-0.416,0.124
4280,tranquil,-0.091,-0.588
4280,terrible,0.023,0.563
4281,enormous,0.446,0.002
4281,multitude,0.409,0.153
4282,sinister,0.061,0.548
4282,sleep,-0.203,-0.448
4283,burst,0.267,0.535
4283,detonation,0.214,0.548
4284,waste,-0.453,0.325
4284,inspire,0.456,-0.204
4285,death,-0.149,0.490
4285,thrill,0.507,-0.039
4286,peril,-0.014,0.607
4286,motionless,-0.411,-0.083
4287,attack,0.230,0.471
4287,abandon,-0.399,0.326
4288,shout,0.027,0.487
4288,abruptly,0.063,0.396
4289,grand,0.594,-0.106
4289,fear,-0.200,0.534
4290,powerful,0.695,-0.016
4290,bloody,-0.025,0.623
4291,low,-0.526,-0.059
4291,revolution,0.366,0.350
4292,superior,0.562,-0.063
4292,sky,0.029,-0.519
4293,brave,0.589,-0.054
4293,enthusiasm,0.585,-0.086
4294,magnificent,0.614,-0.221
4294,energetic,0.639,0.020
4295,hurt,-0.239,0.496
4295,dead,-0.467,0.279
4296,rest,-0.101,-0.532
4296,perilous,0.049,0.511
4297,water,-0.076,-0.488
4297,inundation,-0.060,0.425
4298,burst,0.267,0.535
4298,gun,0.179,0.554
4299,combat,0.308,0.396
4299,able,0.367,-0.194
4300,threatened,-0.124,0.613
4300,peril,-0.014,0.607
4301,fear,-0.200,0.534
4301,angry,0.045,0.505
4302,firing,0.270,0.536
4302,shot,-0.008,0.433
4303,terrified,-0.094,0.569
4303,wait,-0.467,-0.040
4304,threatening,0.075,0.575
4304,accomplished,0.409,-0.241
4305,weak,-0.612,0.034
4305,dull,-0.562,-0.054
4306,horrible,-0.117,0.552
4306,advantage,0.490,-0.253
4307,ill,-0.473,0.234
4307,fatal,-0.081,0.508
4308,dead,-0.467,0.279
4308,disorder,-0.245,0.484
4309,whirlwind,0.280,0.353
4309,luck,0.328,-0.254
4310,joy,0.606,-0.111
4310,nightmare,-0.145,0.569
4311,majesty,0.539,-0.144
4311,attack,0.230,0.471
4312,wounded,-0.226,0.455
4312,reinforcements,0.449,0.061
4313,valiant,0.599,-0.089
4313,poor,-0.538,0.133
4314,life,0.497,-0.209
4314,less,-0.520,-0.026
4315,war,0.113,0.626
4315,afraid,-0.297,0.533
4316,grand,0.594,-0.106
4316,calm,-0.162,-0.556
4317,extraordinary,0.603,-0.167
4317,mistaken,-0.330,0.344
4318,unhappy,-0.443,0.266
4318,darkness,-0.209,0.355
4319,suffer,-0.187,0.575
4319,feeble,-0.559,0.080
4320,die,-0.281,0.512
4320,gun,0.179,0.554
4321,useless,-0.527,0.202
4321,comfortable,0.032,-0.542
4322,stupid,-0.395,0.260
4322,lost,-0.327,0.315
4323,blouse,-0.252,-0.280
4323,bit,-0.326,-0.090
4324,happy,0.558,-0.188
4324,rich,0.544,-0.171
4325,unfortunate,-0.440,0.287
4325,stifling,0.081,0.495
4326,sorrowful,-0.506,0.258
4326,little,-0.428,-0.163
4327,low,-0.526,-0.059
4327,death,-0.149,0.490
4328,kiss,0.476,-0.117
4328,trouble,-0.068,0.476
4329,poor,-0.538,0.133
4329,love,0.383,-0.341
4330,infidelity,-0.164,0.503
4330,tremor,-0.071,0.514
4331,small,-0.395,-0.250
4331,father,0.310,-0.327
4332,defeat,-0.403,0.283
4332,amusing,0.482,-0.100
4333,champ,0.584,-0.064
4333,alone,-0.448,-0.121
4334,jealous,-0.105,0.475
4334,loving,0.375,-0.241
4335,construction,0.414,-0.163
4335,purpose,0.370,-0.181
4336,joy,0.606,-0.111
4336,tragic,-0.107,0.601
4337,supreme,0.594,-0.068
4337,catastrophe,0.163,0.575
4338,fortune,0.592,-0.133
4338,die,-0.281,0.512
4339,contented,0.409,-0.171
4339,paper,-0.320,-0.283
4340,heroic,0.621,-0.078
4340,merry,0.540,-0.176
4341,rage,0.091,0.577
4341,increase,0.509,-0.100
4342,fear,-0.200,0.534
4342,sadly,-0.548,0.147
4343,terrible,0.023,0.563
4343,revolution,0.366,0.350
4344,angel,0.186,-0.521
4344,gloom,-0.448,0.185
4345,effort,0.490,0.064
4345,alarmed,-0.007,0.447
4346,trustworthy,0.380,-0.453
4346,sadness,-0.568,0.164
4347,rest,-0.101,-0.532
4347,difficulty,-0.191,0.464
4348,gone,-0.457,-0.049
4348,little,-0.428,-0.163
4349,confidence,0.442,-0.467
4349,anxiety,-0.116,0.501
4350,peace,0.136,-0.550
4350,experienced,0.488,-0.100
4351,wisdom,0.388,-0.432
4351,charming,0.475,-0.180
4352,serenity,0.060,-0.547
4352,sick,-0.494,0.223
4353,calm,-0.162,-0.556
4353,truth,0.321,-0.402
4354,succeed,0.642,-0.114
4354,happy,0.558,-0.188
4355,wise,0.330,-0.430
4355,peaceful,0.045,-0.533
4356,happiness,0.593,-0.158
4356,optimism,0.482,-0.267
4357,felicity,0.515,-0.146
4357,pleased,0.455,-0.272
4358,agony,-0.154,0.487
4358,forgotten,-0.466,0.027
4359,natural,-0.020,-0.520
4359,little,-0.428,-0.163
4360,horrible,-0.117,0.552
4360,despair,-0.236,0.470
4361,stupid,-0.395,0.260
4361,restored,0.317,-0.336
4362,dull,-0.562,-0.054
4362,terrible,0.023,0.563
4363,violence,0.147,0.625
4363,fortune,0.592,-0.133
4364,supreme,0.594,-0.068
4364,doomed,-0.251,0.499
4365,poor,-0.538,0.133
4365,rest,-0.101,-0.532
4366,divine,0.521,-0.237
4366,less,-0.520,-0.026
4367,succeed,0.642,-0.114
4367,life,0.497,-0.209
4368,family,0.281,-0.413
4368,mother,0.333,-0.366
4369,immense,0.471,0.001
4369,exist,0.348,-0.300
4370,despairing,-0.255,0.462
4370,fatal,-0.081,0.508
4371,calmness,-0.049,-0.591
4371,terrifying,0.001,0.575
4372,despair,-0.236,0.470
4372,recognized,0.374,-0.288
4373,idiot,-0.454,0.329
4373,cowardly,-0.523,0.193
4374,great,0.531,-0.204
4374,hate,-0.140,0.544
4375,love,0.383,-0.341
4375,future,0.469,-0.169
4376,fighting,0.285,0.428
4376,dumb,-0.489,0.094
4377,tragic,-0.107,0.601
4377,meditation,-0.055,-0.470
4378,peril,-0.014,0.607
4378,stormy,0.045,0.514
4379,burst,0.267,0.535
4379,fury,0.088,0.583
4380,gloomy,-0.393,0.213
4380,noise,-0.018,0.433
4381,six,-0.331,-0.248
4381,air,-0.110,-0.386
4382,hungry,-0.295,0.422
4382,little,-0.428,-0.163
4383,violently,0.055,0.600
4383,gigantic,0.561,0.027
4384,poor,-0.538,0.133
4384,low,-0.526,-0.059
4385,confidence,0.442,-0.467
4385,ferocious,0.232,0.539
4386,anguish,-0.203,0.442
4386,contented,0.409,-0.171
4387,paper,-0.320,-0.283
4387,folded,-0.346,0.137
4388,honest,0.276,-0.468
4388,respect,0.325,-0.405
4389,satisfied,0.367,-0.317
4389,good,0.180,-0.406
4390,dream,-0.117,-0.493
4390,projectile,0.261,0.425
4391,magnificent,0.614,-0.221
4391,pleased,0.455,-0.272
4392,wrath,0.000,0.617
4392,joy,0.606,-0.111
4393,die,-0.281,0.512
4393,intoxicated,-0.239,0.517
4394,catastrophe,0.163,0.575
4394,splendor,0.519,-0.217
4395,war,0.113,0.626
4395,future,0.469,-0.169
4396,fortune,0.592,-0.133
4396,gun,0.179,0.554
4397,opportunity,0.576,-0.134
4397,terrified,-0.094,0.569
4398,fort,0.483,-0.068
4398,poison,-0.031,0.484
4399,strong,0.608,-0.112
4399,lavish,0.382,-0.099
4400,riches,0.596,-0.181
4400,fantastic,0.567,-0.190
4401,experience,0.512,-0.138
4401,drunken,-0.186,0.479
4402,scrap,-0.485,0.124
4402,gently,-0.011,-0.476
4403,triumphant,0.726,-0.072
4403,glorious,0.548,-0.199
4404,great,0.531,-0.204
4404,cowardly,-0.523,0.193
4405,gun,0.179,0.554
4405,short,-0.461,0.055
4406,insult,-0.129,0.524
4406,villain,0.091,0.508
4407,wretch,-0.330,0.437
4407,villainous,-0.048,0.506
4408,furiously,0.098,0.616
4408,projectile,0.261,0.425
4409,raging,0.135,0.502
4409,forward,0.325,-0.320
4410,joy,0.606,-0.111
4410,losing,-0.323,0.423
4411,died,-0.292,0.443
4411,gloom,-0.448,0.185
4412,war,0.113,0.626
4412,terrible,0.023,0.563
4413,action,0.538,0.099
4413,fatal,-0.081,0.508
4414,battle,0.412,0.420
4414,great,0.531,-0.204
4415,suffer,-0.187,0.575
4415,suicide,-0.107,0.594
4416,poor,-0.538,0.133
4416,miserable,-0.463,0.277
4417,masterful,0.514,-0.229
4417,life,0.497,-0.209
4418,extraordinary,0.603,-0.167
4418,accomplishment,0.581,-0.151
4419,brilliant,0.560,-0.248
4419,arrest,0.039,0.567
4420,powerfully,0.598,-0.083
4420,jagged,-0.434,0.264
4421,catastrophe,0.163,0.575
4421,suffering,-0.326,0.487
4422,grand,0.594,-0.106
4422,terrible,0.023,0.563
4423,terror,-0.084,0.585
4423,gigantic,0.561,0.027
4424,fury,0.088,0.583
4424,trouble,-0.068,0.476
4425,violent,0.090,0.574
4425,progress,0.530,-0.161
4426,nothingness,-0.594,-0.090
4426,weapon,0.180,0.571
4427,dangerous,0.086,0.658
4427,furious,0.069,0.633
4428,majesty,0.539,-0.144
4428,attack,0.230,0.471
4429,hero,0.641,-0.091
4429,heroic,0.621,-0.078
4430,chaos,-0.131,0.636
4430,war,0.113,0.626
4431,order,0.269,-0.330
4431,abruptly,0.063,0.396
4432,gray,-0.473,-0.133
4432,blind,-0.467,0.139
4433,tranquil,-0.091,-0.588
4433,terrible,0.023,0.563
4434,faint,-0.493,0.253
4434,dead,-0.467,0.279
4435,useless,-0.527,0.202
4435,waste,-0.453,0.325
4436,valiant,0.599,-0.089
4436,admired,0.464,-0.247
4437,leader,0.513,-0.166
4437,silence,-0.375,-0.174
4438,wrath,0.000,0.617
4438,gigantic,0.561,0.027
4439,energetic,0.639,0.020
4439,war,0.113,0.626
4440,tragic,-0.107,0.601
4440,catastrophe,0.163,0.575
4441,great,0.531,-0.204
4441,education,0.336,-0.427
4442,rest,-0.101,-0.532
4442,colossal,0.480,0.006
4443,dead,-0.467,0.279
4443,wounded,-0.226,0.455
4444,advantage,0.490,-0.253
4444,sleep,-0.203,-0.448
4445,fight,0.415,0.244
4445,freely,0.322,-0.292
4446,bloody,-0.025,0.623
4446,leader,0.513,-0.166
4447,exhausted,-0.440,0.207
4447,crying,-0.287,0.379
4448,lucky,0.494,-0.244
4448,difficulty,-0.191,0.464
4449,horror,-0.069,0.517
4449,strength,0.496,-0.078
4450,joy,0.606,-0.111
4450,terrible,0.023,0.563
4451,afraid,-0.297,0.533
4451,wisdom,0.388,-0.432
4452,murder,0.076,0.627
4452,creation,0.515,-0.241
4453,death,-0.149,0.490
4453,severe,0.043,0.411
4454,hatred,-0.120,0.571
4454,great,0.531,-0.204
4455,stabbed,-0.104,0.595
4455,worse,-0.320,0.446
4456,success,0.758,-0.050
4456,attack,0.230,0.471
4457,triumphant,0.726,-0.072
4457,revolution,0.366,0.350
4458,rosy,0.417,-0.288
4458,formidable,0.462,0.009
4459,abandoned,-0.503,0.300
4459,storm,0.086,0.531
4460,enthusiastic,0.619,-0.010
4460,painful,-0.232,0.485
4461,hero,0.641,-0.091
4461,supreme,0.594,-0.068
4462,terrible,0.023,0.563
4462,protest,0.076,0.533
4463,rich,0.544,-0.171
4463,great,0.531,-0.204
4464,afraid,-0.297,0.533
4464,grand,0.594,-0.106
4465,shot,-0.008,0.433
4465,powder,-0.331,-0.201
4466,pity,-0.497,0.159
4466,raise,0.472,-0.140
4467,murder,0.076,0.627
4467,suicide,-0.107,0.594
4468,family,0.281,-0.413
4468,mother,0.333,-0.366
4469,suffer,-0.187,0.575
4469,dead,-0.467,0.279
4470,fragile,-0.530,-0.105
4470,loveliness,0.414,-0.315
4471,education,0.336,-0.427
4471,unhappy,-0.443,0.266
4472,gun,0.179,0.554
4472,worse,-0.320,0.446
4473,abandoned,-0.503,0.300
4473,healthy,0.362,-0.428
4474,happiness,0.593,-0.158
4474,poor,-0.538,0.133
4475,cemetery,-0.222,0.411
4475,little,-0.428,-0.163
4476,triumph,0.684,-0.116
4476,joy,0.606,-0.111
4477,violent,0.090,0.574
4477,orphan,-0.497,0.173
4478,suffering,-0.326,0.487
4478,die,-0.281,0.512
4479,great,0.531,-0.204
4479,destroying,0.044,0.565
4480,heroic,0.621,-0.078
4480,savior,0.414,-0.312
4481,generous,0.430,-0.410
4481,quarrel,0.009,0.576
4482,heroism,0.604,-0.024
4482,revolutionary,0.487,0.183
4483,grand,0.594,-0.106
4483,death,-0.149,0.490
4484,difficulty,-0.191,0.464
4484,reinforcement,0.501,-0.009
4485,rest,-0.101,-0.532
4485,prisoner,-0.279,0.408
4486,supreme,0.594,-0.068
4486,guarantee,0.366,-0.424
4487,magnificent,0.614,-0.221
4487,violent,0.090,0.574
4488,gun,0.179,0.554
4488,angel,0.186,-0.521
4489,fame,0.574,-0.096
4489,blessing,0.318,-0.460
4490,bloodshed,0.004,0.633
4490,conquer,0.616,0.137
4491,creation,0.515,-0.241
4491,courage,0.526,-0.067
4492,grand,0.594,-0.106
4492,advancing,0.491,-0.223
4493,valiant,0.599,-0.089
4493,future,0.469,-0.169
4494,triumph,0.684,-0.116
4494,victory,0.642,-0.136
4495,liberty,0.499,-0.248
4495,equality,0.261,-0.413
4496,void,-0.611,0.016
4496,opportunity,0.576,-0.134
4497,happy,0.558,-0.188
4497,great,0.531,-0.204
4498,fear,-0.200,0.534
4498,distress,-0.126,0.539
4499,terrible,0.023,0.563
4499,accomplish,0.525,-0.178
4500,suffer,-0.187,0.575
4500,die,-0.281,0.512
4501,death,-0.149,0.490
4501,agony,-0.154,0.487
4502,disturbed,-0.151,0.518
4502,haggard,-0.371,0.275
4503,dead,-0.467,0.279
4503,despair,-0.236,0.470
4504,pleased,0.455,-0.272
4504,chosen,0.398,-0.285
4505,kill,0.158,0.638
4505,perfect,0.493,-0.351
4506,water,-0.076,-0.488
4506,uncomfortable,-0.310,0.289
4507,command,0.355,0.268
4507,down,-0.398,0.084
4508,recognized,0.374,-0.288
4508,security,0.333,-0.326
4509,sinister,0.061,0.548
4509,aggravated,-0.136,0.481
4510,attack,0.230,0.471
4510,mournful,-0.413,0.178
4511,fear,-0.200,0.534
4511,true,0.367,-0.319
4512,battle,0.412,0.420
4512,fortress,0.471,-0.210
4513,war,0.113,0.626
4513,firing,0.270,0.536
4514,chaos,-0.131,0.636
4514,peril,-0.014,0.607
4515,victory,0.642,-0.136
4515,weapon,0.180,0.571
4516,peaceful,0.045,-0.533
4516,tremor,-0.071,0.514
4517,ferocious,0.232,0.539
4517,horrible,-0.117,0.552
4518,raise,0.472,-0.140
4518,cloud,-0.170,-0.433
4519,burst,0.267,0.535
4519,brutal,0.098,0.543
4520,danger,0.136,0.577
4520,defect,-0.381,0.293
4521,battle,0.412,0.420
4521,exaggerated,0.214,0.475
4522,weakness,-0.539,0.192
4522,great,0.531,-0.204
4523,anxiety,-0.116,0.501
4523,joyous,0.431,-0.266
4524,epic,0.518,-0.097
4524,broken,-0.368,0.308
4525,proud,0.568,-0.140
4525,true,0.367,-0.319
4526,asleep,-0.306,-0.361
4526,short,-0.461,0.055
4527,gun,0.179,0.554
4527,natural,-0.020,-0.520
4528,hit,0.203,0.496
4528,dissatisfied,-0.350,0.364
4529,low,-0.526,-0.059
4529,company,0.382,-0.333
4530,combat,0.308,0.396
4530,order,0.269,-0.330
4531,terrifying,0.001,0.575
4531,terrible,0.023,0.563
4532,killing,0.152,0.629
4532,war,0.113,0.626
4533,kill,0.158,0.638
4533,love,0.383,-0.341
4534,dead,-0.467,0.279
4534,infallible,0.450,-0.058
4535,firing,0.270,0.536
4535,wounded,-0.226,0.455
4536,gun,0.179,0.554
4536,little,-0.428,-0.163
4537,sky,0.029,-0.519
4537,rifle,0.264,0.409
4538,artillery,0.335,0.405
4538,death,-0.149,0.490
4539,storm,0.086,0.531
4539,fixed,-0.061,-0.362
4540,triumph,0.684,-0.116
4540,glory,0.565,-0.149
4541,dream,-0.117,-0.493
4541,sun,0.271,-0.334
4542,hope,0.298,-0.425
4542,unhappiness,-0.347,0.379
4543,monstrous,0.117,0.605
4543,absent,-0.572,0.025
4544,sorrow,-0.593,0.127
4544,happy,0.558,-0.188
4545,useless,-0.527,0.202
4545,vexed,-0.110,0.483
4546,sacred,0.368,-0.311
4546,flower,-0.176,-0.443
4547,afraid,-0.297,0.533
4547,charming,0.475,-0.180
4548,respect,0.325,-0.405
4548,inspire,0.456,-0.204
4549,vague,-0.495,0.034
4549,little,-0.428,-0.163
4550,view,0.137,-0.427
4550,simple,-0.235,-0.374
4551,burst,0.267,0.535
4551,horrible,-0.117,0.552
4552,calm,-0.162,-0.556
4552,hope,0.298,-0.425
4553,suffering,-0.326,0.487
4553,greatly,0.497,-0.021
4554,happy,0.558,-0.188
4554,glory,0.565,-0.149
4555,great,0.531,-0.204
4555,truth,0.321,-0.402
4556,losing,-0.323,0.423
4556,assault,0.037,0.483
4557,supreme,0.594,-0.068
4557,battle,0.412,0.420
4558,gun,0.179,0.554
4558,terrified,-0.094,0.569
4559,kill,0.158,0.638
4559,abandoned,-0.503,0.300
4560,heroic,0.621,-0.078
4560,valiant,0.599,-0.089
4561,enthusiasm,0.585,-0.086
4561,bravery,0.581,-0.103
4562,action,0.538,0.099
4562,inspiration,0.468,-0.236
4563,war,0.113,0.626
4563,peril,-0.014,0.607
4564,rioting,0.087,0.561
4564,rest,-0.101,-0.532
4565,death,-0.149,0.490
4565,company,0.382,-0.333
4566,celebrated,0.468,-0.129
4566,assault,0.037,0.483
4567,raging,0.135,0.502
4567,general,0.414,-0.237
4568,brave,0.589,-0.054
4568,courageous,0.524,-0.226
4569,furious,0.069,0.633
4569,firing,0.270,0.536
4570,empty,-0.610,-0.011
4570,revolution,0.366,0.350
4571,chaos,-0.131,0.636
4571,wonderful,0.605,-0.136
4572,hope,0.298,-0.425
4572,alarm,0.197,0.459
4573,weapon,0.180,0.571
4573,tremble,-0.061,0.489
4574,welcomed,0.398,-0.242
4574,lost,-0.327,0.315
4575,wrath,0.000,0.617
4575,disturbed,-0.151,0.518
4576,wounded,-0.226,0.455
4576,small,-0.395,-0.250
4577,war,0.113,0.626
4577,less,-0.520,-0.026
4578,die,-0.281,0.512
4578,insult,-0.129,0.524
4579,greatness,0.684,-0.163
4579,peril,-0.014,0.607
4580,heroism,0.604,-0.024
4580,brave,0.589,-0.054
4581,low,-0.526,-0.059
4581,love,0.383,-0.341
4582,furiously,0.098,0.616
4582,firing,0.270,0.536
4583,little,-0.428,-0.163
4583,upper,0.400,-0.138
4584,inconvenience,-0.289,0.422
4584,diminished,-0.502,0.077
4585,success,0.758,-0.050
4585,joy,0.606,-0.111
4586,engaged,0.466,-0.163
4586,quietly,-0.278,-0.310
4587,company,0.382,-0.333
4587,cloud,-0.170,-0.433
4588,assault,0.037,0.483
4588,small,-0.395,-0.250
4589,danger,0.136,0.577
4589,fear,-0.200,0.534
4590,killing,0.152,0.629
4590,dead,-0.467,0.279
4591,firing,0.270,0.536
4591,dull,-0.562,-0.054
4592,advancing,0.491,-0.223
4592,little,-0.428,-0.163
4593,terrible,0.023,0.563
4593,charming,0.475,-0.180
4594,anxiety,-0.116,0.501
4594,death,-0.149,0.490
4595,giant,0.558,0.131
4595,rest,-0.101,-0.532
4596,grand,0.594,-0.106
4596,short,-0.461,0.055
4597,leading,0.584,-0.078
4597,wild,0.289,0.438
4598,combat,0.308,0.396
4598,small,-0.395,-0.250
4599,poor,-0.538,0.133
4599,stray,-0.217,0.435
4600,abandoned,-0.503,0.300
4600,miserable,-0.463,0.277
4601,little,-0.428,-0.163
4601,gardens,-0.153,-0.413
4602,storm,0.086,0.531
4602,sun,0.271,-0.334
4603,intoxicated,-0.239,0.517
4603,admiration,0.437,-0.272
4604,wonderful,0.605,-0.136
4604,terrible,0.023,0.563
4605,joy,0.606,-0.111
4605,divine,0.521,-0.237
4606,weeping,-0.359,0.418
4606,love,0.383,-0.341
4607,magnificent,0.614,-0.221
4607,sorrow,-0.593,0.127
4608,happy,0.558,-0.188
4608,weep,-0.408,0.392
4609,less,-0.520,-0.026
4609,immortal,0.488,-0.041
4610,brilliant,0.560,-0.248
4610,desperate,-0.162,0.530
4611,royalty,0.440,-0.177
4611,legitimate,0.327,-0.291
4612,happiness,0.593,-0.158
4612,great,0.531,-0.204
4613,marvellous,0.588,-0.046
4613,creation,0.515,-0.241
4614,grand,0.594,-0.106
4614,magnificence,0.602,0.013
4615,splendid,0.536,-0.108
4615,harmony,0.101,-0.510
4616,sky,0.029,-0.519
4616,mess,-0.178,0.485
4617,weak,-0.612,0.034
4617,empty,-0.610,-0.011
4618,leading,0.584,-0.078
4618,hungry,-0.295,0.422
4619,poor,-0.538,0.133
4619,love,0.383,-0.341
4620,admiration,0.437,-0.272
4620,smiling,0.415,-0.219
4621,superb,0.593,-0.189
4621,splendor,0.519,-0.217
4622,burst,0.267,0.535
4622,force,0.468,0.109
4623,father,0.310,-0.327
4623,order,0.269,-0.330
4624,danger,0.136,0.577
4624,useless,-0.527,0.202
4625,firing,0.270,0.536
4625,sinister,0.061,0.548
4626,sky,0.029,-0.519
4626,royalty,0.440,-0.177
4627,grand,0.594,-0.106
4627,water,-0.076,-0.488
4628,frightened,-0.199,0.459
4628,enemy,0.024,0.471
4629,dead,-0.467,0.279
4629,hungry,-0.295,0.422
4630,alive,0.390,-0.124
4630,table,-0.289,-0.274
4631,heroism,0.604,-0.024
4631,low,-0.526,-0.059
4632,war,0.113,0.626
4632,calm,-0.162,-0.556
4633,menacing,0.057,0.599
4633,desperate,-0.162,0.530
4634,gun,0.179,0.554
4634,fear,-0.200,0.534
4635,apocalypse,0.122,0.589
4635,disturbed,-0.151,0.518
4636,terrible,0.023,0.563
4636,life,0.497,-0.209
4637,peace,0.136,-0.550
4637,sinister,0.061,0.548
4638,shout,0.027,0.487
4638,lost,-0.327,0.315
4639,battle,0.412,0.420
4639,less,-0.520,-0.026
4640,firing,0.270,0.536
4640,armament,0.200,0.414
4641,secure,0.413,-0.314
4641,fortress,0.471,-0.210
4642,perfect,0.493,-0.351
4642,irritating,-0.078,0.566
4643,tranquil,-0.091,-0.588
4643,die,-0.281,0.512
4644,rest,-0.101,-0.532
4644,inactive,-0.520,-0.078
4645,pistol,0.155,0.522
4645,assault,0.037,0.483
4646,death,-0.149,0.490
4646,recompense,0.484,-0.151
4647,blast,0.240,0.548
4647,faint,-0.493,0.253
4648,revenge,0.168,0.504
4648,prisoner,-0.279,0.408
4649,supremacy,0.565,-0.052
4649,attack,0.230,0.471
4650,victim,-0.323,0.387
4650,difficulty,-0.191,0.464
4651,calm,-0.162,-0.556
4651,terrible,0.023,0.563
4652,easily,0.052,-0.433
4652,live,0.399,-0.148
4653,low,-0.526,-0.059
4653,military,0.320,0.236
4654,kill,0.158,0.638
4654,pistol,0.155,0.522
4655,death,-0.149,0.490
4655,recognized,0.374,-0.288
4656,police,0.347,0.231
4656,other,-0.317,-0.176
4657,tragic,-0.107,0.601
4657,firing,0.270,0.536
4658,battle,0.412,0.420
4658,ferocious,0.232,0.539
4659,wrath,0.000,0.617
4659,fortress,0.471,-0.210
4660,refusal,-0.300,0.392
4660,force,0.468,0.109
4661,dead,-0.467,0.279
4661,life,0.497,-0.209
4662,enraged,0.111,0.626
4662,afraid,-0.297,0.533
4663,poor,-0.538,0.133
4663,protect,0.474,-0.074
4664,triumph,0.684,-0.116
4664,peril,-0.014,0.607
4665,divine,0.521,-0.237
4665,great,0.531,-0.204
4666,progress,0.530,-0.161
4666,death,-0.149,0.490
4667,troubles,-0.222,0.559
4667,peace,0.136,-0.550
4668,future,0.469,-0.169
4668,eternal,0.381,-0.304
4669,successful,0.647,-0.152
4669,happy,0.558,-0.188
4670,violence,0.147,0.625
4670,war,0.113,0.626
4671,succeed,0.642,-0.114
4671,glorious,0.548,-0.199
4672,success,0.758,-0.050
4672,victory,0.642,-0.136
4673,hell,0.008,0.638
4673,combat,0.308,0.396
4674,grand,0.594,-0.106
4674,violent,0.090,0.574
4675,magnificent,0.614,-0.221
4675,supreme,0.594,-0.068
4676,positive,0.490,-0.310
4676,riots,0.029,0.556
4677,catastrophe,0.163,0.575
4677,enthusiasm,0.585,-0.086
4678,divine,0.521,-0.237
4678,revolution,0.366,0.350
4679,tragic,-0.107,0.601
4679,intoxicated,-0.239,0.517
4680,die,-0.281,0.512
4680,progress,0.530,-0.161
4681,suffer,-0.187,0.575
4681,grandeur,0.578,-0.060
4682,love,0.383,-0.341
4682,true,0.367,-0.319
4683,admirable,0.529,-0.226
4683,virtuoso,0.520,-0.232
4684,splendid,0.536,-0.108
4684,genius,0.518,-0.144
4685,demoralized,-0.419,0.349
4685,power,0.518,-0.022
4686,greatness,0.684,-0.163
4686,peril,-0.014,0.607
4687,degenerate,-0.278,0.456
4687,immense,0.471,0.001
4688,abandoned,-0.503,0.300
4688,great,0.531,-0.204
4689,battle,0.412,0.420
4689,wisdom,0.388,-0.432
4690,war,0.113,0.626
4690,tragic,-0.107,0.601
4691,hell,0.008,0.638
4691,nothingness,-0.594,-0.090
4692,powerful,0.695,-0.016
4692,hurricane,0.266,0.562
4693,furious,0.069,0.633
4693,projectiles,0.308,0.436
4694,terrible,0.023,0.563
4694,formidable,0.462,0.009
4695,heroic,0.621,-0.078
4695,bravery,0.581,-0.103
4696,violent,0.090,0.574
4696,action,0.538,0.099
4697,firing,0.270,0.536
4697,gun,0.179,0.554
4698,great,0.531,-0.204
4698,honor,0.497,-0.211
4699,burst,0.267,0.535
4699,dead,-0.467,0.279
4700,battle,0.412,0.420
4700,poor,-0.538,0.133
4701,slaughter,0.067,0.641
4701,extraordinary,0.603,-0.167
4702,hell,0.008,0.638
4702,pistol,0.155,0.522
4703,fighting,0.285,0.428
4703,wounded,-0.226,0.455
4704,weapon,0.180,0.571
4704,happy,0.558,-0.188
4705,hero,0.641,-0.091
4705,giant,0.558,0.131
4706,superb,0.593,-0.189
4706,monster,0.094,0.569
4707,youth,0.440,-0.232
4707,loyalty,0.359,-0.331
4708,grand,0.594,-0.106
4708,produce,0.559,-0.117
4709,attack,0.230,0.471
4709,nature,0.130,-0.470
4710,battle,0.412,0.420
4710,die,-0.281,0.512
4711,life,0.497,-0.209
4711,despairing,-0.255,0.462
4712,dead,-0.467,0.279
4712,rifle,0.264,0.409
4713,horrible,-0.117,0.552
4713,desperate,-0.162,0.530
4714,violence,0.147,0.625
4714,vigorous,0.594,-0.055
4715,furiously,0.098,0.616
4715,death,-0.149,0.490
4716,enraged,0.111,0.626
4716,wrath,0.000,0.617
4717,small,-0.395,-0.250
4717,beneath,-0.422,-0.131
4718,kill,0.158,0.638
4718,war,0.113,0.626
4719,fury,0.088,0.583
4719,beaten,-0.213,0.530
4720,weapon,0.180,0.571
4720,burst,0.267,0.535
4721,terror,-0.084,0.585
4721,infernal,0.005,0.537
4722,furious,0.069,0.633
4722,monstrous,0.117,0.605
4723,empty,-0.610,-0.011
4723,gun,0.179,0.554
4724,chaos,-0.131,0.636
4724,menacing,0.057,0.599
4725,bloody,-0.025,0.623
4725,tranquil,-0.091,-0.588
4726,shoot,0.091,0.594
4726,artillery,0.335,0.405
4727,dead,-0.467,0.279
4727,hideous,-0.209,0.461
4728,drunken,-0.186,0.479
4728,death,-0.149,0.490
4729,lullaby,-0.134,-0.458
4729,persons,0.153,-0.400
4730,drunkard,-0.132,0.434
4730,obscured,-0.407,0.171
4731,strong,0.608,-0.112
4731,brilliant,0.560,-0.248
4732,smile,0.334,-0.221
4732,eight,-0.258,-0.244
4733,ferocious,0.232,0.539
4733,shattered,-0.193,0.494
4734,supreme,0.594,-0.068
4734,loss,-0.395,0.351
4735,suicide,-0.107,0.594
4735,peace,0.136,-0.550
4736,violently,0.055,0.600
4736,low,-0.526,-0.059
4737,tranquil,-0.091,-0.588
4737,raging,0.135,0.502
4738,massacre,0.053,0.612
4738,dead,-0.467,0.279
4739,easy,-0.056,-0.480
4739,risk,-0.023,0.403
4740,battle,0.412,0.420
4740,attack,0.230,0.471
4741,violence,0.147,0.625
4741,power,0.518,-0.022
4742,raise,0.472,-0.140
4742,forward,0.325,-0.320
4743,giant,0.558,0.131
4743,gain,0.507,-0.191
4744,peace,0.136,-0.550
4744,impoverished,-0.492,0.128
4745,shame,-0.388,0.421
4745,efficacious,0.505,-0.082
4746,success,0.758,-0.050
4746,mighty,0.653,-0.006
4747,great,0.531,-0.204
4747,terrible,0.023,0.563
4748,joy,0.606,-0.111
4748,creation,0.515,-0.241
4749,masterpiece,0.522,-0.209
4749,cleverness,0.497,-0.249
4750,gigantic,0.561,0.027
4750,poisoning,-0.022,0.527
4751,rich,0.544,-0.171
4751,water,-0.076,-0.488
4752,evil,-0.040,0.560
4752,misery,-0.482,0.157
4753,splendor,0.519,-0.217
4753,loss,-0.395,0.351
4754,wonderful,0.605,-0.136
4754,fortune,0.592,-0.133
4755,marvellous,0.588,-0.046
4755,stupidity,-0.511,0.247
4756,eternal,0.381,-0.304
4756,exhausted,-0.440,0.207
4757,great,0.531,-0.204
4757,intelligent,0.493,-0.258
4758,grandiose,0.549,-0.148
4758,power,0.518,-0.022
4759,tremendous,0.433,0.207
4759,alone,-0.448,-0.121
4760,vegetation,-0.035,-0.396
4760,branch,-0.303,-0.241
4761,monstrous,0.117,0.605
4761,fear,-0.200,0.534
4762,crime,0.092,0.621
4762,liberty,0.499,-0.248
4763,danger,0.136,0.577
4763,natural,-0.020,-0.520
4764,solitary,-0.448,-0.016
4764,political,0.305,0.285
4765,honest,0.276,-0.468
4765,truth,0.321,-0.402
4766,sinister,0.061,0.548
4766,false,-0.423,0.198
4767,suicide,-0.107,0.594
4767,sincerity,0.266,-0.390
4768,great,0.531,-0.204
4768,professional,0.461,-0.258
4769,hideous,-0.209,0.461
4769,scrap,-0.485,0.124
4770,bloody,-0.025,0.623
4770,nothingness,-0.594,-0.090
4771,evil,-0.040,0.560
4771,true,0.367,-0.319
4772,abandoned,-0.503,0.300
4772,prostitution,-0.041,0.507
4773,understanding,0.225,-0.391
4773,good,0.180,-0.406
4774,rage,0.091,0.577
4774,audacity,0.552,0.005
4775,mud,-0.426,-0.058
4775,inundation,-0.060,0.425
4776,maximum,0.473,0.007
4776,king,0.463,0.020
4777,monstrous,0.117,0.605
4777,fame,0.574,-0.096
4778,horror,-0.069,0.517
4778,less,-0.520,-0.026
4779,great,0.531,-0.204
4779,fatal,-0.081,0.508
4780,hell,0.008,0.638
4780,hideous,-0.209,0.461
4781,extraordinary,0.603,-0.167
4781,empire,0.525,0.042
4782,grand,0.594,-0.106
4782,splendid,0.536,-0.108
4783,battle,0.412,0.420
4783,suffocation,-0.109,0.573
4784,extremely,0.503,0.144
4784,water,-0.076,-0.488
4785,advanced,0.445,-0.151
4785,small,-0.395,-0.250
4786,diseased,-0.448,0.264
4786,difficulty,-0.191,0.464
4787,less,-0.520,-0.026
4787,drain,-0.327,0.129
4788,dignity,0.389,-0.308
4788,recognized,0.374,-0.288
4789,famous,0.615,-0.095
4789,excited,0.560,0.011
4790,riches,0.596,-0.181
4790,giant,0.558,0.131
4791,rest,-0.101,-0.532
4791,rag,-0.485,-0.025
4792,tragic,-0.107,0.601
4792,great,0.531,-0.204
4793,respect,0.325,-0.405
4793,scorn,-0.193,0.428
4794,worthy,0.293,-0.323
4794,completed,0.293,-0.320
4795,healthful,0.320,-0.427
4795,engaged,0.466,-0.163
4796,waste,-0.453,0.325
4796,wild,0.289,0.438
4797,splendor,0.519,-0.217
4797,progress,0.530,-0.161
4798,good,0.180,-0.406
4798,common,-0.260,-0.337
4799,police,0.347,0.231
4799,drainage,-0.349,0.094
4800,ferocity,0.240,0.482
4800,hypocritical,-0.172,0.489
4801,revolution,0.366,0.350
4801,vague,-0.495,0.034
4802,growth,0.449,-0.229
4802,slight,-0.364,-0.209
4803,respect,0.325,-0.405
4803,eight,-0.258,-0.244
4804,perfection,0.621,-0.088
4804,great,0.531,-0.204
4805,marvellous,0.588,-0.046
4805,revolutionary,0.487,0.183
4806,fury,0.088,0.583
4806,soft,-0.218,-0.421
4807,grand,0.594,-0.106
4807,abundant,0.459,-0.258
4808,suffocation,-0.109,0.573
4808,crumbling,-0.211,0.368
4809,died,-0.292,0.443
4809,order,0.269,-0.330
4810,slaughter,0.067,0.641
4810,bravery,0.581,-0.103
4811,cholera,-0.059,0.600
4811,sky,0.029,-0.519
4812,sunken,-0.446,0.257
4812,combat,0.308,0.396
4813,dangerous,0.086,0.658
4813,fall,-0.288,0.330
4814,monumental,0.452,-0.029
4814,enormous,0.446,0.002
4815,progress,0.530,-0.161
4815,water,-0.076,-0.488
4816,great,0.531,-0.204
4816,healthy,0.362,-0.428
4817,unhealthy,-0.375,0.300
4817,purify,0.245,-0.358
4818,experience,0.512,-0.138
4818,dung,-0.428,0.305
4819,terror,-0.084,0.585
4819,horror,-0.069,0.517
4820,rag,-0.485,-0.025
4820,book,0.088,-0.414
4821,peril,-0.014,0.607
4821,life,0.497,-0.209
4822,goodness,0.303,-0.453
4822,dead,-0.467,0.279
4823,murder,0.076,0.627
4823,storm,0.086,0.531
4824,blind,-0.467,0.139
4824,little,-0.428,-0.163
4825,horrible,-0.117,0.552
4825,died,-0.292,0.443
4826,less,-0.520,-0.026
4826,truth,0.321,-0.402
4827,chaos,-0.131,0.636
4827,hell,0.008,0.638
4828,amazement,0.368,0.032
4828,daylight,0.176,-0.317
4829,bleeding,-0.097,0.479
4829,gloom,-0.448,0.185
4830,life,0.497,-0.209
4830,wounded,-0.226,0.455
4831,difficulty,-0.191,0.464
4831,water,-0.076,-0.488
4832,gain,0.507,-0.191
4832,misfortune,-0.205,0.479
4833,pity,-0.497,0.159
4833,blunder,-0.374,0.342
4834,grand,0.594,-0.106
4834,losing,-0.323,0.423
4835,embarrassing,-0.188,0.399
4835,multitude,0.409,0.153
4836,blind,-0.467,0.139
4836,alone,-0.448,-0.121
4837,safe,0.293,-0.410
4837,royal,0.301,-0.251
4838,calmness,-0.049,-0.591
4838,horror,-0.069,0.517
4839,hemorrhage,-0.120,0.577
4839,die,-0.281,0.512
4840,danger,0.136,0.577
4840,monster,0.094,0.569
4841,peril,-0.014,0.607
4841,greater,0.350,-0.159
4842,smaller,-0.423,0.000
4842,goal,0.218,-0.331
4843,normal,-0.146,-0.436
4843,thunder,0.116,0.435
4844,faint,-0.493,0.253
4844,rest,-0.101,-0.532
4845,horrible,-0.117,0.552
4845,general,0.414,-0.237
4846,force,0.468,0.109
4846,army,0.373,0.256
4847,blind,-0.467,0.139
4847,lie,-0.242,0.413
4848,ill,-0.473,0.234
4848,happily,0.466,-0.223
4849,little,-0.428,-0.163
4849,comprehend,0.259,-0.356
4850,useless,-0.527,0.202
4850,waste,-0.453,0.325
4851,excellent,0.543,-0.264
4851,company,0.382,-0.333
4852,detonation,0.214,0.548
4852,gun,0.179,0.554
4853,glow,0.385,-0.292
4853,deafness,-0.432,0.199
4854,extraordinary,0.603,-0.167
4854,peril,-0.014,0.607
4855,precisely,0.259,-0.297
4855,other,-0.317,-0.176
4856,insignificant,-0.580,0.152
4856,impressive,0.567,0.040
4857,furious,0.069,0.633
4857,menace,0.189,0.554
4858,succeed,0.642,-0.114
4858,trembling,-0.134,0.449
4859,glorious,0.548,-0.199
4859,disagreeable,-0.393,0.416
4860,empty,-0.610,-0.011
4860,worth,0.471,-0.246
4861,die,-0.281,0.512
4861,emergency,0.093,0.496
4862,violence,0.147,0.625
4862,great,0.531,-0.204
4863,water,-0.076,-0.488
4863,lost,-0.327,0.315
4864,hope,0.298,-0.425
4864,demolition,0.003,0.493
4865,advantage,0.490,-0.253
4865,abandon,-0.399,0.326
4866,fugitive,-0.077,0.572
4866,rubbish,-0.416,0.172
4867,low,-0.526,-0.059
4867,rusty,-0.383,0.047
4868,burst,0.267,0.535
4868,closed,-0.422,-0.051
4869,rage,0.091,0.577
4869,wait,-0.467,-0.040
4870,familiar,0.204,-0.406
4870,motionless,-0.411,-0.083
4871,poor,-0.538,0.133
4871,hideous,-0.209,0.461
4872,prodigious,0.560,-0.137
4872,gain,0.507,-0.191
4873,dead,-0.467,0.279
4873,frightened,-0.199,0.459
4874,grand,0.594,-0.106
4874,less,-0.520,-0.026
4875,error,-0.393,0.321
4875,ascend,0.447,-0.143
4876,blind,-0.467,0.139
4876,branch,-0.303,-0.241
4877,gloom,-0.448,0.185
4877,broken,-0.368,0.308
4878,astray,-0.255,0.404
4878,frightful,-0.098,0.445
4879,extremely,0.503,0.144
4879,wounded,-0.226,0.455
4880,wounds,-0.198,0.443
4880,yawning,-0.477,-0.083
4881,hatred,-0.120,0.571
4881,beating,-0.028,0.480
4882,low,-0.526,-0.059
4882,strength,0.496,-0.078
4883,grand,0.594,-0.106
4883,illuminating,0.475,-0.235
4884,terrible,0.023,0.563
4884,solitary,-0.448,-0.016
4885,treacherous,-0.114,0.494
4885,difficulty,-0.191,0.464
4886,tranquil,-0.091,-0.588
4886,smooth,-0.176,-0.500
4887,decidedly,0.363,-0.180
4887,free,0.229,-0.285
4888,terror,-0.084,0.585
4888,distress,-0.126,0.539
4889,hero,0.641,-0.091
4889,effort,0.490,0.064
4890,punishing,-0.033,0.567
4890,dead,-0.467,0.279
4891,furious,0.069,0.633
4891,desperate,-0.162,0.530
4892,sinister,0.061,0.548
4892,water,-0.076,-0.488
4893,important,0.468,-0.133
4893,melancholy,-0.460,0.049
4894,soft,-0.218,-0.421
4894,crumbling,-0.211,0.368
4895,slow,-0.542,-0.207
4895,great,0.531,-0.204
4896,hurricane,0.266,0.562
4896,suffocation,-0.109,0.573
4897,superb,0.593,-0.189
4897,supreme,0.594,-0.068
4898,hell,0.008,0.638
4898,horrible,-0.117,0.552
4899,less,-0.520,-0.026
4899,beneath,-0.422,-0.131
4900,burst,0.267,0.535
4900,violent,0.090,0.574
4901,evil,-0.040,0.560
4901,betrayed,-0.199,0.451
4902,charming,0.475,-0.180
4902,cemetery,-0.222,0.411
4903,hero,0.641,-0.091
4903,weep,-0.408,0.392
4904,construction,0.414,-0.163
4904,common,-0.260,-0.337
4905,dangerous,0.086,0.658
4905,great,0.531,-0.204
4906,water,-0.076,-0.488
4906,dislocated,-0.344,0.345
4907,dying,-0.207,0.442
4907,exhausted,-0.440,0.207
4908,corpse,-0.321,0.390
4908,difficulty,-0.191,0.464
4909,faint,-0.493,0.253
4909,mother,0.333,-0.366
4910,supreme,0.594,-0.068
4910,fury,0.088,0.583
4911,firmness,0.468,-0.229
4911,safe,0.293,-0.410
4912,life,0.497,-0.209
4912,strength,0.496,-0.078
4913,energy,0.595,-0.150
4913,dead,-0.467,0.279
4914,terrible,0.023,0.563
4914,experience,0.512,-0.138
4915,construction,0.414,-0.163
4915,closed,-0.422,-0.051
4916,liberty,0.499,-0.248
4916,sunk,-0.390,0.264
4917,frenzied,0.260,0.415
4917,solitary,-0.448,-0.016
4918,invincible,0.651,-0.005
4918,hope,0.298,-0.425
4919,miracle,0.480,-0.215
4919,assuredly,0.334,-0.264
4920,useless,-0.527,0.202
4920,death,-0.149,0.490
4921,depression,-0.418,0.342
4921,low,-0.526,-0.059
4922,worse,-0.320,0.446
4922,encounter,0.415,-0.117
4923,succeed,0.642,-0.114
4923,distress,-0.126,0.539
4924,energetic,0.639,0.020
4924,advantage,0.490,-0.253
4925,true,0.367,-0.319
4925,silence,-0.375,-0.174
4926,kill,0.158,0.638
4926,assassin,0.090,0.613
4927,horrible,-0.117,0.552
4927,idiot,-0.454,0.329
4928,cursed,-0.150,0.492
4928,water,-0.076,-0.488
4929,great,0.531,-0.204
4929,ill,-0.473,0.234
4930,rag,-0.485,-0.025
4930,force,0.468,0.109
4931,abandoned,-0.503,0.300
4931,cleverness,0.497,-0.249
4932,menacing,0.057,0.599
4932,fierce,0.258,0.429
4933,divine,0.521,-0.237
4933,life,0.497,-0.209
4934,small,-0.395,-0.250
4934,forgotten,-0.466,0.027
4935,assassin,0.090,0.613
4935,greatest,0.539,-0.145
4936,little,-0.428,-0.163
4936,laugh,0.368,-0.248
4937,pure,0.172,-0.352
4937,permitted,0.220,-0.321
4938,crime,0.092,0.621
4938,softness,-0.082,-0.561
4939,dead,-0.467,0.279
4939,healthful,0.320,-0.427
4940,calm,-0.162,-0.556
4940,great,0.531,-0.204
4941,suffering,-0.326,0.487
4941,peace,0.136,-0.550
4942,majestic,0.627,-0.148
4942,sky,0.029,-0.519
4943,experienced,0.488,-0.100
4943,embarrassment,-0.288,0.374
4944,recognized,0.374,-0.288
4944,gone,-0.457,-0.049
4945,cleverness,0.497,-0.249
4945,rest,-0.101,-0.532
4946,assassin,0.090,0.613
4946,danger,0.136,0.577
4947,powerful,0.695,-0.016
4947,rude,-0.136,0.535
4948,terrible,0.023,0.563
4948,savage,0.134,0.516
4949,dream,-0.117,-0.493
4949,regard,0.296,-0.318
4950,low,-0.526,-0.059
4950,quality,0.425,-0.311
4951,rescue,0.609,0.087
4951,die,-0.281,0.512
4952,possessed,0.178,0.395
4952,reading,-0.073,-0.425
4953,ascending,0.431,-0.125
4953,whipped,-0.106,0.422
4954,tragic,-0.107,0.601
4954,corpse,-0.321,0.390
4955,violent,0.090,0.574
4955,beaten,-0.213,0.530
4956,terrified,-0.094,0.569
4956,revolution,0.366,0.350
4957,dead,-0.467,0.279
4957,life,0.497,-0.209
4958,horror,-0.069,0.517
4958,father,0.310,-0.327
4959,sleep,-0.203,-0.448
4959,sofa,-0.319,-0.342
4960,home,0.099,-0.413
4960,box,-0.290,-0.229
4961,silent,-0.354,-0.245
4961,useful,0.287,-0.293
4962,violence,0.147,0.625
4962,suicide,-0.107,0.594
4963,assassin,0.090,0.613
4963,goodness,0.303,-0.453
4964,book,0.088,-0.414
4964,new,0.262,-0.305
4965,confidence,0.442,-0.467
4965,liberty,0.499,-0.248
4966,sorrowful,-0.506,0.258
4966,couch,-0.372,-0.369
4967,short,-0.461,0.055
4967,motionless,-0.411,-0.083
4968,horror,-0.069,0.517
4968,incapable,-0.407,0.254
4969,wounded,-0.226,0.455
4969,pillow,-0.317,-0.387
4970,dangerous,0.086,0.658
4970,great,0.531,-0.204
4971,hemorrhage,-0.120,0.577
4971,injury,-0.250,0.503
4972,sadly,-0.548,0.147
4972,sick,-0.494,0.223
4973,enraged,0.111,0.626
4973,sleep,-0.203,-0.448
4974,spite,-0.294,0.365
4974,destitute,-0.409,0.222
4975,powerfully,0.598,-0.083
4975,tremble,-0.061,0.489
4976,terrible,0.023,0.563
4976,poor,-0.538,0.133
4977,hatred,-0.120,0.571
4977,dead,-0.467,0.279
4978,villain,0.091,0.508
4978,little,-0.428,-0.163
4979,revenge,0.168,0.504
4979,pleased,0.455,-0.272
4980,exaggerated,0.214,0.475
4980,death,-0.149,0.490
4981,rage,0.091,0.577
4981,liberty,0.499,-0.248
4982,rosy,0.417,-0.288
4982,grumble,-0.200,0.454
4983,marvel,0.616,-0.142
4983,admire,0.422,-0.124
4984,truth,0.321,-0.402
4984,frightened,-0.199,0.459
4985,wretch,-0.330,0.437
4985,agonizing,-0.180,0.502
4986,weak,-0.612,0.034
4986,happy,0.558,-0.188
4987,poor,-0.538,0.133
4987,dead,-0.467,0.279
4988,kill,0.158,0.638
4988,happiness,0.593,-0.158
4989,frightening,0.126,0.602
4989,wasting,-0.475,0.255
4990,assassin,0.090,0.613
4990,wonder,0.540,-0.119
4991,slow,-0.542,-0.207
4991,life,0.497,-0.209
4992,dangerous,0.086,0.658
4992,irritated,-0.152,0.418
4993,peril,-0.014,0.607
4993,catastrophe,0.163,0.575
4994,suffering,-0.326,0.487
4994,horrible,-0.117,0.552
4995,fugitive,-0.077,0.572
4995,terrified,-0.094,0.569
4996,betray,-0.025,0.588
4996,superior,0.562,-0.063
4997,liberty,0.499,-0.248
4997,dishonor,-0.368,0.356
4998,violence,0.147,0.625
4998,useless,-0.527,0.202
4999,torture,0.029,0.541
4999,organization,0.425,-0.185
5000,sacred,0.368,-0.311
5000,convict,-0.015,0.467
5001,vigor,0.526,-0.071
5001,fearful,-0.377,0.280
5002,terrible,0.023,0.563
5002,dead,-0.467,0.279
5003,respect,0.325,-0.405
5003,generosity,0.340,-0.362
5004,vengeance,0.165,0.591
5004,hatred,-0.120,0.571
5005,hero,0.641,-0.091
5005,enraged,0.111,0.626
5006,rest,-0.101,-0.532
5006,prisoner,-0.279,0.408
5007,glorified,0.494,-0.199
5007,savior,0.414,-0.312
5008,supreme,0.594,-0.068
5008,loss,-0.395,0.351
5009,horrified,-0.141,0.592
5009,exceptional,0.580,-0.037
5010,depraved,-0.149,0.567
5010,goodness,0.303,-0.453
5011,grand,0.594,-0.106
5011,slave,-0.276,0.426
5012,relaxed,-0.100,-0.552
5012,desperate,-0.162,0.530
5013,terrified,-0.094,0.569
5013,life,0.497,-0.209
5014,superior,0.562,-0.063
5014,respectful,0.397,-0.391
5015,inferior,-0.522,-0.013
5015,greatly,0.497,-0.021
5016,terrible,0.023,0.563
5016,action,0.538,0.099
5017,suffering,-0.326,0.487
5017,useless,-0.527,0.202
5018,evil,-0.040,0.560
5018,chastisement,-0.031,0.490
5019,perfect,0.493,-0.351
5019,error,-0.393,0.321
5020,blind,-0.467,0.139
5020,passive,-0.411,-0.218
5021,die,-0.281,0.512
5021,splendid,0.536,-0.108
5022,smooth,-0.176,-0.500
5022,victim,-0.323,0.387
5023,chaos,-0.131,0.636
5023,terrified,-0.094,0.569
5024,crime,0.092,0.621
5024,credible,0.360,-0.332
5025,anguish,-0.203,0.442
5025,god,0.416,-0.158
5026,wisdom,0.388,-0.432
5026,terrible,0.023,0.563
5027,violent,0.090,0.574
5027,fearful,-0.377,0.280
5028,chair,-0.331,-0.342
5028,completed,0.293,-0.320
5029,lowest,-0.456,-0.015
5029,good,0.180,-0.406
5030,weak,-0.612,0.034
5030,lose,-0.408,0.291
5031,abuse,-0.058,0.566
5031,annoying,-0.150,0.539
5032,honest,0.276,-0.468
5032,disorder,-0.245,0.484
5033,great,0.531,-0.204
5033,civilization,0.383,-0.252
5034,abandoned,-0.503,0.300
5034,attitude,0.459,-0.073
5035,formidable,0.462,0.009
5035,remembered,0.191,-0.412
5036,power,0.518,-0.022
5036,water,-0.076,-0.488
5037,void,-0.611,0.016
5037,tragic,-0.107,0.601
5038,dull,-0.562,-0.054
5038,experienced,0.488,-0.100
5039,thief,-0.061,0.563
5039,treasures,0.560,-0.064
5040,liberty,0.499,-0.248
5040,quality,0.425,-0.311
5041,theft,-0.083,0.512
5041,downcast,-0.415,0.298
5042,intoxicated,-0.239,0.517
5042,alone,-0.448,-0.121
5043,great,0.531,-0.204
5043,treasure,0.489,-0.232
5044,ill,-0.473,0.234
5044,alarm,0.197,0.459
5045,thread,-0.289,-0.336
5045,graceful,0.319,-0.280
5046,waste,-0.453,0.325
5046,eminence,0.470,-0.115
5047,ailing,-0.445,0.291
5047,wild,0.289,0.438
5048,famous,0.615,-0.095
5048,joy,0.606,-0.111
5049,aggressive,0.135,0.587
5049,respectable,0.384,-0.340
5050,ferocious,0.232,0.539
5050,water,-0.076,-0.488
5051,war,0.113,0.626
5051,empty,-0.610,-0.011
5052,kill,0.158,0.638
5052,danger,0.136,0.577
5053,dead,-0.467,0.279
5053,despair,-0.236,0.470
5054,great,0.531,-0.204
5054,sorrowful,-0.506,0.258
5055,wrath,0.000,0.617
5055,wounded,-0.226,0.455
5056,peace,0.136,-0.550
5056,combat,0.308,0.396
5057,palsy,-0.435,0.253
5057,wounds,-0.198,0.443
5058,good,0.180,-0.406
5058,doctor,0.376,-0.108
5059,joy,0.606,-0.111
5059,succeeding,0.557,-0.075
5060,live,0.399,-0.148
5060,master,0.344,-0.132
5061,fear,-0.200,0.534
5061,majesty,0.539,-0.144
5062,life,0.497,-0.209
5062,adventure,0.530,-0.047
5063,future,0.469,-0.169
5063,vague,-0.495,0.034
5064,tenderness,0.020,-0.485
5064,force,0.468,0.109
5065,poor,-0.538,0.133
5065,confrontation,0.130,0.495
5066,fortune,0.592,-0.133
5066,violent,0.090,0.574
5067,battle,0.412,0.420
5067,true,0.367,-0.319
5068,wrath,0.000,0.617
5068,peace,0.136,-0.550
5069,war,0.113,0.626
5069,die,-0.281,0.512
5070,excellent,0.543,-0.264
5070,terrible,0.023,0.563
5071,burst,0.267,0.535
5071,dazzling,0.551,0.017
5072,love,0.383,-0.341
5072,little,-0.428,-0.163
5073,rage,0.091,0.577
5073,worse,-0.320,0.446
5074,died,-0.292,0.443
5074,wounded,-0.226,0.455
5075,ferocity,0.240,0.482
5075,short,-0.461,0.055
5076,happy,0.558,-0.188
5076,storm,0.086,0.531
5077,happiness,0.593,-0.158
5077,supreme,0.594,-0.068
5078,faint,-0.493,0.253
5078,worth,0.471,-0.246
5079,great,0.531,-0.204
5079,revolutionary,0.487,0.183
5080,honest,0.276,-0.468
5080,pillow,-0.317,-0.387
5081,assassinate,0.161,0.658
5081,devil,0.103,0.526
5082,glory,0.565,-0.149
5082,intoxicated,-0.239,0.517
5083,vague,-0.495,0.034
5083,smiling,0.415,-0.219
5084,hideous,-0.209,0.461
5084,corpse,-0.321,0.390
5085,low,-0.526,-0.059
5085,books,-0.121,-0.434
5086,blessing,0.318,-0.460
5086,worse,-0.320,0.446
5087,joy,0.606,-0.111
5087,battle,0.412,0.420
5088,suffer,-0.187,0.575
5088,terrible,0.023,0.563
5089,happy,0.558,-0.188
5089,angel,0.186,-0.521
5090,merciless,0.060,0.584
5090,rest,-0.101,-0.532
5091,triumph,0.684,-0.116
5091,happiness,0.593,-0.158
5092,love,0.383,-0.341
5092,charming,0.475,-0.180
5093,masterpiece,0.522,-0.209
5093,worth,0.471,-0.246
5094,mother,0.333,-0.366
5094,marry,0.449,-0.096
5095,dead,-0.467,0.279
5095,rosy,0.417,-0.288
5096,great,0.531,-0.204
5096,foolish,-0.492,-0.052
5097,tranquil,-0.091,-0.588
5097,poor,-0.538,0.133
5098,happy,0.558,-0.188
5098,mistaken,-0.330,0.344
5099,millionaire,0.583,-0.111
5099,devil,0.103,0.526
5100,low,-0.526,-0.059
5100,money,0.459,-0.160
5101,treasures,0.560,-0.064
5101,fearing,-0.332,0.306
5102,alone,-0.448,-0.121
5102,gone,-0.457,-0.049
5103,withdrawn,-0.423,0.127
5103,six,-0.331,-0.248
5104,liberty,0.499,-0.248
5104,admiration,0.437,-0.272
5105,wonderful,0.605,-0.136
5105,happiness,0.593,-0.158
5106,rich,0.544,-0.171
5106,life,0.497,-0.209
5107,joy,0.606,-0.111
5107,dead,-0.467,0.279
5108,respectable,0.384,-0.340
5108,family,0.281,-0.413
5109,orphan,-0.497,0.173
5109,mother,0.333,-0.366
5110,education,0.336,-0.427
5110,love,0.383,-0.341
5111,faint,-0.493,0.253
5111,broken,-0.368,0.308
5112,magnificent,0.614,-0.221
5112,enthusiastic,0.619,-0.010
5113,rage,0.091,0.577
5113,shot,-0.008,0.433
5114,happiness,0.593,-0.158
5114,wild,0.289,0.438
5115,prestige,0.547,-0.220
5115,great,0.531,-0.204
5116,grand,0.594,-0.106
5116,wisdom,0.388,-0.432
5117,useless,-0.527,0.202
5117,gold,0.446,-0.181
5118,emperor,0.507,0.051
5118,little,-0.428,-0.163
5119,ignorant,-0.417,0.249
5119,enjoyment,0.424,-0.225
5120,weak,-0.612,0.034
5120,rich,0.544,-0.171
5121,win,0.586,-0.159
5121,prince,0.444,-0.290
5122,evil,-0.040,0.560
5122,life,0.497,-0.209
5123,elegance,0.393,-0.360
5123,luxury,0.479,-0.183
5124,war,0.113,0.626
5124,divine,0.521,-0.237
5125,warrior,0.453,0.298
5125,youth,0.440,-0.232
5126,shining,0.500,-0.146
5126,flower,-0.176,-0.443
5127,magnificent,0.614,-0.221
5127,majestic,0.627,-0.148
5128,joy,0.606,-0.111
5128,happiness,0.593,-0.158
5129,horror,-0.069,0.517
5129,profit,0.356,-0.328
5130,goddess,0.491,-0.206
5130,rosy,0.417,-0.288
5131,intoxicated,-0.239,0.517
5131,poor,-0.538,0.133
5132,painful,-0.232,0.485
5132,love,0.383,-0.341
5133,life,0.497,-0.209
5133,slave,-0.276,0.426
5134,rich,0.544,-0.171
5134,inheritance,0.446,-0.232
5135,fortune,0.592,-0.133
5135,worse,-0.320,0.446
5136,extraordinary,0.603,-0.167
5136,entertained,0.422,-0.183
5137,happiness,0.593,-0.158
5137,library,-0.008,-0.458
5138,education,0.336,-0.427
5138,general,0.414,-0.237
5139,less,-0.520,-0.026
5139,mute,-0.438,-0.052
5140,void,-0.611,0.016
5140,happy,0.558,-0.188
5141,tragic,-0.107,0.601
5141,valiant,0.599,-0.089
5142,great,0.531,-0.204
5142,poor,-0.538,0.133
5143,catastrophe,0.163,0.575
5143,abandoned,-0.503,0.300
5144,nightmares,-0.035,0.605
5144,common,-0.260,-0.337
5145,natural,-0.020,-0.520
5145,acquainted,0.230,-0.386
5146,wedding,0.434,-0.057
5146,gratitude,0.243,-0.314
5147,suffering,-0.326,0.487
5147,life,0.497,-0.209
5148,battle,0.412,0.420
5148,died,-0.292,0.443
5149,dead,-0.467,0.279
5149,trembling,-0.134,0.449
5150,fear,-0.200,0.534
5150,sinister,0.061,0.548
5151,successful,0.647,-0.152
5151,grand,0.594,-0.106
5152,living,0.398,-0.180
5152,order,0.269,-0.330
5153,recognized,0.374,-0.288
5153,remembered,0.191,-0.412
5154,energetic,0.639,0.020
5154,lost,-0.327,0.315
5155,great,0.531,-0.204
5155,arrest,0.039,0.567
5156,assured,0.289,-0.382
5156,unconscious,-0.419,0.076
5157,life,0.497,-0.209
5157,less,-0.520,-0.026
5158,tragic,-0.107,0.601
5158,terrible,0.023,0.563
5159,wrath,0.000,0.617
5159,angered,-0.038,0.605
5160,battle,0.412,0.420
5160,miserable,-0.463,0.277
5161,danger,0.136,0.577
5161,recompense,0.484,-0.151
5162,grand,0.594,-0.106
5162,blessed,0.240,-0.440
5163,happiness,0.593,-0.158
5163,supreme,0.594,-0.068
5164,sacred,0.368,-0.311
5164,false,-0.423,0.198
5165,storm,0.086,0.531
5165,celebrations,0.523,-0.120
5166,honest,0.276,-0.468
5166,family,0.281,-0.413
5167,produce,0.559,-0.117
5167,natural,-0.020,-0.520
5168,creation,0.515,-0.241
5168,rest,-0.101,-0.532
5169,irresistible,0.565,0.010
5169,marriage,0.440,-0.111
5170,accident,-0.111,0.545
5170,hurt,-0.239,0.496
5171,wedding,0.434,-0.057
5171,incident,-0.143,0.412
5172,life,0.497,-0.209
5172,coach,0.391,0.136
5173,spite,-0.294,0.365
5173,good,0.180,-0.406
5174,spectacle,0.462,-0.046
5174,carnival,0.438,-0.039
5175,magnificent,0.614,-0.221
5175,joyous,0.431,-0.266
5176,great,0.531,-0.204
5176,honest,0.276,-0.468
5177,familiar,0.204,-0.406
5177,delayed,-0.366,0.207
5178,tormented,-0.172,0.547
5178,savage,0.134,0.516
5179,chaos,-0.131,0.636
5179,divine,0.521,-0.237
5180,palace,0.413,-0.254
5180,imperial,0.459,-0.004
5181,wild,0.289,0.438
5181,colossal,0.480,0.006
5182,truth,0.321,-0.402
5182,shout,0.027,0.487
5183,monstrous,0.117,0.605
5183,glory,0.565,-0.149
5184,joy,0.606,-0.111
5184,unhealthy,-0.375,0.300
5185,wedding,0.434,-0.057
5185,mud,-0.426,-0.058
5186,projectiles,0.308,0.436
5186,yelling,0.169,0.433
5187,low,-0.526,-0.059
5187,frightful,-0.098,0.445
5188,willing,0.400,-0.187
5188,daddy,0.270,-0.272
5189,positive,0.490,-0.310
5189,life,0.497,-0.209
5190,devil,0.103,0.526
5190,party,0.419,-0.088
5191,arrest,0.039,0.567
5191,true,0.367,-0.319
5192,rape,-0.029,0.563
5192,ash,-0.470,-0.039
5193,liberty,0.499,-0.248
5193,learn,0.472,-0.128
5194,dazzling,0.551,0.017
5194,dream,-0.117,-0.493
5195,goddess,0.491,-0.206
5195,beneath,-0.422,-0.131
5196,joy,0.606,-0.111
5196,sadness,-0.568,0.164
5197,hell,0.008,0.638
5197,rich,0.544,-0.171
5198,admired,0.464,-0.247
5198,sky,0.029,-0.519
5199,angelic,0.238,-0.441
5199,resplendent,0.469,-0.163
5200,glory,0.565,-0.149
5200,youth,0.440,-0.232
5201,happiness,0.593,-0.158
5201,despair,-0.236,0.470
5202,divine,0.521,-0.237
5202,low,-0.526,-0.059
5203,triumphant,0.726,-0.072
5203,poor,-0.538,0.133
5204,rest,-0.101,-0.532
5204,charming,0.475,-0.180
5205,joy,0.606,-0.111
5205,father,0.310,-0.327
5206,brilliant,0.560,-0.248
5206,happy,0.558,-0.188
5207,empty,-0.610,-0.011
5207,glittering,0.451,-0.186
5208,inspired,0.500,-0.189
5208,satisfied,0.367,-0.317
5209,suffering,-0.326,0.487
5209,order,0.269,-0.330
5210,absent,-0.572,0.025
5210,feast,0.476,-0.184
5211,happiness,0.593,-0.158
5211,blessed,0.240,-0.440
5212,palsy,-0.435,0.253
5212,lacking,-0.469,0.094
5213,rage,0.091,0.577
5213,creation,0.515,-0.241
5214,stupidity,-0.511,0.247
5214,life,0.497,-0.209
5215,happy,0.558,-0.188
5215,wisdom,0.388,-0.432
5216,tyrant,0.108,0.528
5216,coward,-0.457,0.266
5217,great,0.531,-0.204
5217,twisted,-0.238,0.465
5218,calming,-0.098,-0.557
5218,love,0.383,-0.341
5219,wrath,0.000,0.617
5219,burst,0.267,0.535
5220,devil,0.103,0.526
5220,hating,-0.103,0.519
5221,profit,0.356,-0.328
5221,paradise,0.420,-0.231
5222,winning,0.669,-0.163
5222,rest,-0.101,-0.532
5223,astonishing,0.548,-0.027
5223,greatly,0.497,-0.021
5224,triumphant,0.726,-0.072
5224,proud,0.568,-0.140
5225,blessing,0.318,-0.460
5225,feast,0.476,-0.184
5226,celebration,0.648,-0.078
5226,great,0.531,-0.204
5227,joy,0.606,-0.111
5227,terrified,-0.094,0.569
5228,life,0.497,-0.209
5228,luminous,0.361,-0.365
5229,happiness,0.593,-0.158
5229,perfect,0.493,-0.351
5230,love,0.383,-0.341
5230,joys,0.417,-0.243
5231,radiant,0.507,-0.119
5231,absence,-0.469,0.058
5232,merry,0.540,-0.176
5232,joyous,0.431,-0.266
5233,empty,-0.610,-0.011
5233,excluded,-0.464,0.330
5234,sleep,-0.203,-0.448
5234,little,-0.428,-0.163
5235,hurt,-0.239,0.496
5235,jealous,-0.105,0.475
5236,tiny,-0.427,-0.210
5236,graceful,0.319,-0.280
5237,poor,-0.538,0.133
5237,pleased,0.455,-0.272
5238,sky,0.029,-0.519
5238,charming,0.475,-0.180
5239,angel,0.186,-0.521
5239,immortal,0.488,-0.041
5240,truth,0.321,-0.402
5240,force,0.468,0.109
5241,bleed,-0.176,0.562
5241,wretch,-0.330,0.437
5242,tranquil,-0.091,-0.588
5242,peace,0.136,-0.550
5243,supreme,0.594,-0.068
5243,evil,-0.040,0.560
5244,happiness,0.593,-0.158
5244,terrible,0.023,0.563
5245,riches,0.596,-0.181
5245,enjoy,0.517,-0.166
5246,tragic,-0.107,0.601
5246,respected,0.430,-0.321
5247,catastrophe,0.163,0.575
5247,happy,0.558,-0.188
5248,disaster,-0.069,0.570
5248,charming,0.475,-0.180
5249,furious,0.069,0.633
5249,furiously,0.098,0.616
5250,sinister,0.061,0.548
5250,death,-0.149,0.490
5251,success,0.758,-0.050
5251,joy,0.606,-0.111
5252,void,-0.611,0.016
5252,marriage,0.440,-0.111
5253,suffering,-0.326,0.487
5253,peace,0.136,-0.550
5254,dazzling,0.551,0.017
5254,life,0.497,-0.209
5255,attitude,0.459,-0.073
5255,beneath,-0.422,-0.131
5256,dead,-0.467,0.279
5256,corpse,-0.321,0.390
5257,happy,0.558,-0.188
5257,congratulations,0.509,-0.148
5258,battle,0.412,0.420
5258,joys,0.417,-0.243
5259,revolution,0.366,0.350
5259,family,0.281,-0.413
5260,great,0.531,-0.204
5260,disorder,-0.245,0.484
5261,joy,0.606,-0.111
5261,cheerful,0.491,-0.194
5262,sunken,-0.446,0.257
5262,sleeplessness,-0.363,0.345
5263,triumphant,0.726,-0.072
5263,supreme,0.594,-0.068
5264,divine,0.521,-0.237
5264,favorable,0.376,-0.397
5265,disagreeable,-0.393,0.416
5265,sickly,-0.355,0.247
5266,trouble,-0.068,0.476
5266,possession,0.424,0.008
5267,honor,0.497,-0.211
5267,little,-0.428,-0.163
5268,happiness,0.593,-0.158
5268,happy,0.558,-0.188
5269,terrible,0.023,0.563
5269,frightful,-0.098,0.445
5270,absent,-0.572,0.025
5270,injury,-0.250,0.503
5271,terror,-0.084,0.585
5271,life,0.497,-0.209
5272,majesty,0.539,-0.144
5272,horror,-0.069,0.517
5273,tranquil,-0.091,-0.588
5273,calm,-0.162,-0.556
5274,orphan,-0.497,0.173
5274,love,0.383,-0.341
5275,weak,-0.612,0.034
5275,action,0.538,0.099
5276,produce,0.559,-0.117
5276,experienced,0.488,-0.100
5277,angry,0.045,0.505
5277,trouble,-0.068,0.476
5278,dull,-0.562,-0.054
5278,low,-0.526,-0.059
5279,happy,0.558,-0.188
5279,safe,0.293,-0.410
5280,fool,-0.395,0.272
5280,common,-0.260,-0.337
5281,joy,0.606,-0.111
5281,happiness,0.593,-0.158
5282,wretch,-0.330,0.437
5282,unlucky,-0.481,0.224
5283,extraordinary,0.603,-0.167
5283,peace,0.136,-0.550
5284,useless,-0.527,0.202
5284,alone,-0.448,-0.121
5285,injury,-0.250,0.503
5285,easy,-0.056,-0.480
5286,little,-0.428,-0.163
5286,soul,0.008,-0.388
5287,horrible,-0.117,0.552
5287,true,0.367,-0.319
5288,rest,-0.101,-0.532
5288,respect,0.325,-0.405
5289,crime,0.092,0.621
5289,monstrous,0.117,0.605
5290,treason,-0.018,0.507
5290,beloved,0.438,-0.253
5291,happy,0.558,-0.188
5291,angel,0.186,-0.521
5292,arrest,0.039,0.567
5292,dull,-0.562,-0.054
5293,hell,0.008,0.638
5293,peace,0.136,-0.550
5294,degrading,-0.388,0.385
5294,honest,0.276,-0.468
5295,life,0.497,-0.209
5295,effort,0.490,0.064
5296,happiness,0.593,-0.158
5296,healthy,0.362,-0.428
5297,education,0.336,-0.427
5297,false,-0.423,0.198
5298,suffer,-0.187,0.575
5298,bleed,-0.176,0.562
5299,steal,-0.048,0.593
5299,order,0.269,-0.330
5300,little,-0.428,-0.163
5300,relieved,0.029,-0.419
5301,terrible,0.023,0.563
5301,equal,-0.081,-0.429
5302,happy,0.558,-0.188
5302,peace,0.136,-0.550
5303,useless,-0.527,0.202
5303,dead,-0.467,0.279
5304,disorder,-0.245,0.484
5304,charming,0.475,-0.180
5305,radiant,0.507,-0.119
5305,paradise,0.420,-0.231
5306,mistaken,-0.330,0.344
5306,six,-0.331,-0.248
5307,queen,0.539,-0.124
5307,ecstasy,0.461,0.083
5308,alone,-0.448,-0.121
5308,good,0.180,-0.406
5309,assure,0.430,-0.310
5309,beloved,0.438,-0.253
5310,little,-0.428,-0.163
5310,father,0.310,-0.327
5311,hurt,-0.239,0.496
5311,life,0.497,-0.209
5312,astonishing,0.548,-0.027
5312,angry,0.045,0.505
5313,triumphant,0.726,-0.072
5313,great,0.531,-0.204
5314,proud,0.568,-0.140
5314,bored,-0.552,0.009
5315,poor,-0.538,0.133
5315,true,0.367,-0.319
5316,terrify,-0.031,0.593
5316,honor,0.497,-0.211
5317,suffocation,-0.109,0.573
5317,terrible,0.023,0.563
5318,die,-0.281,0.512
5318,low,-0.526,-0.059
5319,fear,-0.200,0.534
5319,recompense,0.484,-0.151
5320,thing,-0.332,-0.165
5320,master,0.344,-0.132
5321,tragic,-0.107,0.601
5321,assure,0.430,-0.310
5322,gone,-0.457,-0.049
5322,blue,-0.252,-0.365
5323,life,0.497,-0.209
5323,little,-0.428,-0.163
5324,create,0.394,-0.134
5324,surprise,0.411,-0.010
5325,happiness,0.593,-0.158
5325,produce,0.559,-0.117
5326,hideous,-0.209,0.461
5326,accomplished,0.409,-0.241
5327,joy,0.606,-0.111
5327,grand,0.594,-0.106
5328,sorrow,-0.593,0.127
5328,passion,0.516,0.005
5329,terrible,0.023,0.563
5329,love,0.383,-0.341
5330,violent,0.090,0.574
5330,dull,-0.562,-0.054
5331,accuser,0.028,0.471
5331,convict,-0.015,0.467
5332,infernal,0.005,0.537
5332,less,-0.520,-0.026
5333,peril,-0.014,0.607
5333,thief,-0.061,0.563
5334,irresistible,0.565,0.010
5334,honest,0.276,-0.468
5335,confidence,0.442,-0.467
5335,grandeur,0.578,-0.060
5336,storm,0.086,0.531
5336,adventure,0.530,-0.047
5337,fugitive,-0.077,0.572
5337,broken,-0.368,0.308
5338,hatred,-0.120,0.571
5338,pistol,0.155,0.522
5339,vengeance,0.165,0.591
5339,criminal,-0.060,0.575
5340,crime,0.092,0.621
5340,demon,-0.029,0.617
5341,monster,0.094,0.569
5341,feeble,-0.559,0.080
5342,superior,0.562,-0.063
5342,evil,-0.040,0.560
5343,reassured,0.040,-0.472
5343,cloud,-0.170,-0.433
5344,admirable,0.529,-0.226
5344,horrible,-0.117,0.552
5345,good,0.180,-0.406
5345,possessed,0.178,0.395
5346,wretch,-0.330,0.437
5346,unhappy,-0.443,0.266
5347,empty,-0.610,-0.011
5347,lover,0.522,-0.047
5348,progress,0.530,-0.161
5348,accomplished,0.409,-0.241
5349,suffering,-0.326,0.487
5349,safe,0.293,-0.410
5350,hideous,-0.209,0.461
5350,convict,-0.015,0.467
5351,afraid,-0.297,0.533
5351,supreme,0.594,-0.068
5352,terrible,0.023,0.563
5352,angel,0.186,-0.521
5353,crime,0.092,0.621
5353,dull,-0.562,-0.054
5354,weak,-0.612,0.034
5354,weakness,-0.539,0.192
5355,angry,0.045,0.505
5355,repugnant,-0.140,0.478
5356,penetrate,0.242,0.424
5356,repugnance,-0.185,0.440
5357,talent,0.505,-0.245
5357,sinister,0.061,0.548
5358,protected,0.269,-0.331
5358,book,0.088,-0.414
5359,respectful,0.397,-0.391
5359,persecution,0.155,0.454
5360,empty,-0.610,-0.011
5360,dead,-0.467,0.279
5361,thread,-0.289,-0.336
5361,fatigued,-0.393,0.199
5362,lovely,0.361,-0.322
5362,father,0.310,-0.327
5363,attitude,0.459,-0.073
5363,motionless,-0.411,-0.083
5364,horrible,-0.117,0.552
5364,true,0.367,-0.319
5365,live,0.399,-0.148
5365,smile,0.334,-0.221
5366,great,0.531,-0.204
5366,pain,-0.192,0.531
5367,irresistible,0.565,0.010
5367,tenderness,0.020,-0.485
5368,rest,-0.101,-0.532
5368,angry,0.045,0.505
5369,neat,0.055,-0.456
5369,abominable,-0.092,0.433
5370,furious,0.069,0.633
5370,supreme,0.594,-0.068
5371,empty,-0.610,-0.011
5371,bankruptcy,-0.361,0.477
5372,happy,0.558,-0.188
5372,desperate,-0.162,0.530
5373,enthusiastic,0.619,-0.010
5373,happiness,0.593,-0.158
5374,father,0.310,-0.327
5374,leaving,-0.241,0.267
5375,joy,0.606,-0.111
5375,sadness,-0.568,0.164
5376,absent,-0.572,0.025
5376,strength,0.496,-0.078
5377,extraordinary,0.603,-0.167
5377,fantastic,0.567,-0.190
5378,monster,0.094,0.569
5378,pain,-0.192,0.531
5379,poorly,-0.373,0.376
5379,solitary,-0.448,-0.016
5380,insignificant,-0.580,0.152
5380,fugitive,-0.077,0.572
5381,life,0.497,-0.209
5381,peacefully,0.152,-0.498
5382,afraid,-0.297,0.533
5382,succeeding,0.557,-0.075
5383,advantage,0.490,-0.253
5383,less,-0.520,-0.026
5384,sorrow,-0.593,0.127
5384,burst,0.267,0.535
5385,great,0.531,-0.204
5385,lose,-0.408,0.291
5386,grand,0.594,-0.106
5386,charming,0.475,-0.180
5387,love,0.383,-0.341
5387,dawn,0.050,-0.418
5388,intoxicated,-0.239,0.517
5388,joyous,0.431,-0.266
5389,rich,0.544,-0.171
5389,gone,-0.457,-0.049
5390,riches,0.596,-0.181
5390,happiness,0.593,-0.158
5391,truth,0.321,-0.402
5391,wounds,-0.198,0.443
5392,simple,-0.235,-0.374
5392,butterfly,-0.022,-0.411
5393,encouraged,0.436,-0.182
5393,restored,0.317,-0.336
5394,courage,0.526,-0.067
5394,live,0.399,-0.148
5395,error,-0.393,0.321
5395,money,0.459,-0.160
5396,fortune,0.592,-0.133
5396,poor,-0.538,0.133
5397,company,0.382,-0.333
5397,today,-0.040,-0.361
5398,strength,0.496,-0.078
5398,kiss,0.476,-0.117
5399,happy,0.558,-0.188
5399,ill,-0.473,0.234
5400,gently,-0.011,-0.476
5400,extinction,0.002,0.464
5401,slow,-0.542,-0.207
5401,forward,0.325,-0.320
5402,joy,0.606,-0.111
5402,fascinated,0.466,-0.066
5403,tragic,-0.107,0.601
5403,dazzling,0.551,0.017
5404,died,-0.292,0.443
5404,paradise,0.420,-0.231
5405,refusing,-0.312,0.363
5405,little,-0.428,-0.163
5406,exhausted,-0.440,0.207
5406,wound,-0.208,0.395
5407,happiness,0.593,-0.158
5407,supreme,0.594,-0.068
5408,despair,-0.236,0.470
5408,marriage,0.440,-0.111
5409,weakness,-0.539,0.192
5409,encounter,0.415,-0.117
5410,respect,0.325,-0.405
5410,perilous,0.049,0.511
5411,accomplish,0.525,-0.178
5411,vague,-0.495,0.034
5412,disturbed,-0.151,0.518
5412,gloom,-0.448,0.185
5413,absent,-0.572,0.025
5413,true,0.367,-0.319
5414,fatal,-0.081,0.508
5414,nature,0.130,-0.470
5415,joy,0.606,-0.111
5415,poor,-0.538,0.133
5416,scanty,-0.456,0.023
5416,meditating,-0.115,-0.379
5417,empty,-0.610,-0.011
5417,hungry,-0.295,0.422
5418,pleased,0.455,-0.272
5418,good,0.180,-0.406
5419,little,-0.428,-0.163
5419,marriage,0.440,-0.111
5420,die,-0.281,0.512
5420,shame,-0.388,0.421
5421,sick,-0.494,0.223
5421,ill,-0.473,0.234
5422,supreme,0.594,-0.068
5422,difficulty,-0.191,0.464
5423,alone,-0.448,-0.121
5423,deserted,-0.388,0.223
5424,life,0.497,-0.209
5424,corpse,-0.321,0.390
5425,fatal,-0.081,0.508
5425,death,-0.149,0.490
5426,tragic,-0.107,0.601
5426,sorrow,-0.593,0.127
5427,despair,-0.236,0.470
5427,paper,-0.320,-0.283
5428,accomplish,0.525,-0.178
5428,beloved,0.438,-0.253
5429,excellent,0.543,-0.264
5429,dead,-0.467,0.279
5430,strength,0.496,-0.078
5430,money,0.459,-0.160
5431,great,0.531,-0.204
5431,gold,0.446,-0.181
5432,die,-0.281,0.512
5432,poor,-0.538,0.133
5433,harm,-0.183,0.429
5433,alone,-0.448,-0.121
5434,recognized,0.374,-0.288
5434,recognition,0.371,-0.171
5435,dull,-0.562,-0.054
5435,freak,-0.087,0.556
5436,supreme,0.594,-0.068
5436,happy,0.558,-0.188
5437,crime,0.092,0.621
5437,honor,0.497,-0.211
5438,happiness,0.593,-0.158
5438,fresh,0.045,-0.442
5439,life,0.497,-0.209
5439,gray,-0.473,-0.133
5440,honest,0.276,-0.468
5440,villain,0.091,0.508
5441,honesty,0.340,-0.368
5441,general,0.414,-0.237
5442,theft,-0.083,0.512
5442,immense,0.471,0.001
5443,ill,-0.473,0.234
5443,inconvenience,-0.289,0.422
5444,worse,-0.320,0.446
5444,silk,-0.199,-0.462
5445,absent,-0.572,0.025
5445,cotton,-0.324,-0.407
5446,exaggerated,0.214,0.475
5446,recognized,0.374,-0.288
5447,honor,0.497,-0.211
5447,good,0.180,-0.406
5448,life,0.497,-0.209
5448,gracious,0.371,-0.204
5449,short,-0.461,0.055
5449,sun,0.271,-0.334
5450,withdrawn,-0.423,0.127
5450,closed,-0.422,-0.051
5451,dangerous,0.086,0.658
5451,marvellous,0.588,-0.046
5452,rich,0.544,-0.171
5452,poor,-0.538,0.133
5453,truth,0.321,-0.402
5453,fresh,0.045,-0.442
5454,wait,-0.467,-0.040
5454,precise,0.293,-0.327
5455,assassin,0.090,0.613
5455,thief,-0.061,0.563
5456,confidence,0.442,-0.467
5456,favorable,0.376,-0.397
5457,hell,0.008,0.638
5457,furious,0.069,0.633
5458,extraordinary,0.603,-0.167
5458,fortune,0.592,-0.133
5459,danger,0.136,0.577
5459,honor,0.497,-0.211
5460,burst,0.267,0.535
5460,laughter,0.366,-0.222
5461,honest,0.276,-0.468
5461,low,-0.526,-0.059
5462,fierce,0.258,0.429
5462,uneven,-0.396,0.231
5463,generous,0.430,-0.410
5463,humiliation,-0.261,0.465
5464,poor,-0.538,0.133
5464,vague,-0.495,0.034
5465,battlefield,0.220,0.566
5465,gloom,-0.448,0.185
5466,grand,0.594,-0.106
5466,easily,0.052,-0.433
5467,abandoned,-0.503,0.300
5467,bastard,-0.263,0.417
5468,strong,0.608,-0.112
5468,combat,0.308,0.396
5469,hero,0.641,-0.091
5469,avenge,0.005,0.564
5470,fortune,0.592,-0.133
5470,opportunity,0.576,-0.134
5471,assassin,0.090,0.613
5471,thief,-0.061,0.563
5472,accident,-0.111,0.545
5472,sick,-0.494,0.223
5473,arrest,0.039,0.567
5473,angel,0.186,-0.521
5474,triumph,0.684,-0.116
5474,victory,0.642,-0.136
5475,kill,0.158,0.638
5475,confidence,0.442,-0.467
5476,assassinate,0.161,0.658
5476,suicide,-0.107,0.594
5477,strongly,0.495,0.141
5477,broken,-0.368,0.308
5478,life,0.497,-0.209
5478,prisoner,-0.279,0.408
5479,grand,0.594,-0.106
5479,pistol,0.155,0.522
5480,hero,0.641,-0.091
5480,assassin,0.090,0.613
5481,murderer,0.084,0.678
5481,assassination,0.021,0.607
5482,crime,0.092,0.621
5482,fortune,0.592,-0.133
5483,empty,-0.610,-0.011
5483,ingenious,0.503,-0.040
5484,trouble,-0.068,0.476
5484,chair,-0.331,-0.342
5485,abruptly,0.063,0.396
5485,forced,-0.084,0.382
5486,greatly,0.497,-0.021
5486,wait,-0.467,-0.040
5487,kill,0.158,0.638
5487,theft,-0.083,0.512
5488,champ,0.584,-0.064
5488,terrible,0.023,0.563
5489,dead,-0.467,0.279
5489,gain,0.507,-0.191
5490,assassin,0.090,0.613
5490,criminal,-0.060,0.575
5491,adventure,0.530,-0.047
5491,corpse,-0.321,0.390
5492,frightened,-0.199,0.459
5492,rag,-0.485,-0.025
5493,believing,0.386,-0.310
5493,money,0.459,-0.160
5494,furiously,0.098,0.616
5494,thief,-0.061,0.563
5495,wretch,-0.330,0.437
5495,life,0.497,-0.209
5496,happy,0.558,-0.188
5496,rage,0.091,0.577
5497,angered,-0.038,0.605
5497,burst,0.267,0.535
5498,corrupt,-0.093,0.558
5498,evil,-0.040,0.560
5499,supreme,0.594,-0.068
5499,unhappy,-0.443,0.266
5500,happiness,0.593,-0.158
5500,grand,0.594,-0.106
5501,drown,-0.208,0.549
5501,monster,0.094,0.569
5502,rest,-0.101,-0.532
5502,adventure,0.530,-0.047
5503,joy,0.606,-0.111
5503,stifling,0.081,0.495
5504,forward,0.325,-0.320
5504,overcome,0.451,-0.013
5505,stupid,-0.395,0.260
5505,little,-0.428,-0.163
5506,abandoned,-0.503,0.300
5506,idiot,-0.454,0.329
5507,praised,0.356,-0.357
5507,god,0.416,-0.158
5508,absent,-0.572,0.025
5508,wicked,0.055,0.474
5509,burst,0.267,0.535
5509,life,0.497,-0.209
5510,heroism,0.604,-0.024
5510,courage,0.526,-0.067
5511,wrath,0.000,0.617
5511,angel,0.186,-0.521
5512,peace,0.136,-0.550
5512,embarrassment,-0.288,0.374
5513,accident,-0.111,0.545
5513,dreadful,-0.177,0.486
5514,water,-0.076,-0.488
5514,force,0.468,0.109
5515,kill,0.158,0.638
5515,sorrow,-0.593,0.127
5516,father,0.310,-0.327
5516,god,0.416,-0.158
5517,pity,-0.497,0.159
5517,charming,0.475,-0.180
5518,suffer,-0.187,0.575
5518,die,-0.281,0.512
5519,life,0.497,-0.209
5519,strength,0.496,-0.078
5520,happiness,0.593,-0.158
5520,live,0.399,-0.148
5521,happy,0.558,-0.188
5521,death,-0.149,0.490
5522,poor,-0.538,0.133
5522,goodday,0.102,-0.436
5523,ecstasy,0.461,0.083
5523,oppressed,-0.297,0.362
5524,low,-0.526,-0.059
5524,dreadful,-0.177,0.486
5525,freedom,0.548,-0.292
5525,perfect,0.493,-0.351
5526,action,0.538,0.099
5526,agony,-0.154,0.487
5527,pain,-0.192,0.531
5527,glad,0.516,-0.127
