word,power,danger,structure
aaaaaaah,-0.111,0.079,0.192
aaaah,-0.083,0.070,0.234
aardvark,-0.087,0.043,0.003
aback,-0.255,0.010,0.040
abacus,-0.113,-0.162,-0.107
abalone,-0.073,-0.018,0.050
abandon,-0.399,0.326,-0.028
abandoned,-0.503,0.300,0.028
abandonment,-0.434,0.208,-0.011
abashed,-0.232,0.325,0.057
abate,0.047,0.317,-0.082
abatement,-0.252,-0.038,-0.029
abba,0.016,-0.046,0.044
abbey,-0.064,-0.152,0.004
abbot,-0.134,-0.071,-0.121
abbreviate,-0.167,-0.116,0.064
abbreviation,-0.220,-0.118,-0.014
abdomen,-0.055,-0.005,-0.015
abdominal,-0.066,-0.025,0.009
abduct,0.025,0.393,-0.116
abduction,0.141,0.662,-0.061
aberrant,-0.100,0.436,0.023
aberration,-0.096,0.486,0.050
abeyance,-0.231,0.121,0.068
abhor,-0.247,0.335,-0.020
abhorrence,-0.136,0.364,-0.004
abhorrent,-0.034,0.367,0.025
abide,0.146,-0.189,-0.156
abiding,0.246,-0.323,-0.125
ability,0.420,-0.251,-0.033
abject,-0.090,0.164,0.037
ablation,-0.041,0.059,-0.039
ablaze,0.054,0.428,0.048
able,0.367,-0.194,-0.077
abnormal,-0.269,0.326,0.015
abnormality,-0.214,0.397,-0.030
aboard,-0.018,-0.293,-0.010
abode,-0.035,-0.223,-0.050
abolish,0.050,0.118,0.018
abolition,0.024,0.260,-0.001
abominable,-0.092,0.433,-0.043
abominate,-0.110,0.411,0.105
abomination,-0.075,0.482,-0.075
aboriginal,-0.030,-0.011,-0.093
abort,-0.135,0.376,-0.016
abortion,-0.236,0.479,0.097
abortive,-0.232,0.477,0.106
abound,0.228,-0.147,-0.032
abovementioned,-0.070,-0.168,-0.097
abracadabra,0.101,-0.037,0.200
abrasion,-0.046,0.129,0.046
abrasive,0.066,0.158,-0.056
abreast,0.024,-0.180,-0.014
abroad,0.178,-0.059,0.095
abrogate,-0.013,0.136,-0.142
abrupt,0.071,0.387,0.033
abruptly,0.063,0.396,0.010
abscess,-0.305,0.210,-0.088
absence,-0.469,0.058,-0.149
absent,-0.572,0.025,-0.042
absentee,-0.373,0.065,-0.067
absenteeism,-0.260,-0.093,-0.071
absinthe,-0.032,0.019,0.023
absolute,0.254,0.002,-0.207
absolution,0.226,-0.148,-0.010
absolve,0.183,-0.161,-0.050
absorb,0.135,0.070,-0.100
absorbed,-0.005,-0.012,-0.034
absorbent,0.133,-0.101,-0.183
absorbing,0.047,0.004,-0.064
absorption,-0.022,-0.135,0.047
abstain,-0.165,0.001,-0.067
abstention,-0.220,0.004,-0.244
abstinence,-0.223,0.096,-0.125
abstract,-0.171,-0.101,-0.104
abstraction,-0.027,-0.018,-0.065
absurd,-0.237,0.324,0.085
absurdity,-0.376,0.286,0.019
abundance,0.501,-0.080,0.010
abundant,0.459,-0.258,0.089
abuse,-0.058,0.566,0.020
abused,-0.252,0.593,0.157
abusive,0.054,0.552,-0.006
abutment,-0.028,-0.157,-0.208
aby,-0.176,0.044,0.010
abysmal,0.047,0.330,-0.072
abyss,-0.113,0.253,0.193
academic,0.327,-0.245,-0.124
academy,0.300,-0.154,-0.118
accede,0.130,-0.135,0.075
accelerant,0.454,0.147,0.048
accelerate,0.437,0.205,0.096
accelerated,0.335,0.143,0.097
acceleration,0.543,0.146,0.082
accelerator,0.430,0.174,0.010
accent,-0.013,-0.169,-0.037
accentuate,0.234,-0.079,-0.002
accept,0.117,-0.396,0.005
acceptable,0.113,-0.370,-0.025
acceptance,0.248,-0.377,-0.132
acceptances,0.238,-0.305,0.017
access,0.142,-0.171,0.041
accessible,0.209,-0.270,-0.007
accession,0.098,-0.156,-0.104
accessory,-0.108,-0.190,-0.046
accident,-0.111,0.545,0.156
accidental,-0.094,0.318,0.201
accidentally,-0.089,0.280,0.167
acclaim,0.336,0.177,0.048
accolade,0.336,-0.061,-0.050
accommodate,0.159,-0.332,0.051
accommodation,0.180,-0.284,0.045
accompaniment,0.250,-0.180,-0.031
accompany,0.182,-0.302,0.050
accompanying,0.183,-0.232,0.059
accomplice,-0.000,0.122,-0.007
accomplish,0.525,-0.178,0.082
accomplished,0.409,-0.241,-0.017
accomplishment,0.581,-0.151,0.038
accord,-0.000,-0.456,0.143
accordance,0.079,-0.215,-0.075
accordion,-0.054,-0.088,0.140
account,-0.078,-0.129,-0.049
accountability,0.386,-0.145,-0.087
accountable,0.200,-0.289,-0.210
accountant,0.139,-0.119,-0.063
accounting,0.101,-0.106,-0.157
accounts,-0.052,-0.178,-0.023
accredited,0.268,-0.125,-0.115
accretion,0.108,0.058,-0.133
accrue,0.075,-0.023,-0.071
accueil,-0.070,0.001,-0.030
accumulate,0.131,-0.023,-0.019
accumulation,0.075,0.038,-0.064
accuracy,0.261,-0.075,-0.169
accurate,0.226,-0.262,-0.123
accursed,-0.177,0.426,0.066
accusation,-0.062,0.462,-0.129
accusative,-0.042,0.393,0.007
accuse,-0.062,0.439,-0.038
accused,-0.161,0.381,-0.029
accuser,0.028,0.471,-0.108
accusing,-0.182,0.410,0.090
accustomed,-0.086,-0.126,-0.013
ace,0.095,-0.115,0.026
acetic,-0.108,0.067,-0.136
acetylene,-0.105,0.119,-0.116
ache,-0.188,0.427,0.102
achieve,0.427,-0.183,-0.061
achieved,0.405,-0.262,0.010
achievement,0.532,-0.063,0.179
aching,-0.151,0.579,0.098
achy,-0.095,0.470,0.114
acid,-0.002,0.271,-0.080
acidity,-0.195,0.355,0.021
acknowledge,0.197,-0.290,-0.045
acknowledged,0.271,-0.183,-0.111
acknowledgement,0.416,-0.190,-0.053
acknowledgment,0.361,-0.183,-0.034
acme,-0.167,0.016,0.007
acne,-0.317,0.215,-0.041
acorn,-0.393,-0.184,0.023
acoustic,0.029,-0.055,-0.025
acoustics,-0.020,-0.197,-0.046
acquaint,0.169,-0.106,-0.031
acquaintance,0.100,-0.250,-0.157
acquainted,0.230,-0.386,0.026
acquiescence,0.050,-0.042,-0.028
acquire,0.295,-0.254,0.004
acquiring,0.351,-0.149,-0.100
acquisition,0.274,-0.127,-0.063
acquisitions,0.422,-0.075,0.018
acquit,0.155,-0.006,0.002
acquittal,0.273,-0.182,-0.015
acre,-0.068,-0.141,0.031
acreage,0.116,-0.208,0.069
acres,-0.061,-0.102,-0.070
acrobat,0.334,0.080,0.208
acrylic,-0.123,-0.215,-0.026
act,0.345,0.038,0.024
acting,0.167,-0.045,0.173
action,0.538,0.099,0.133
action figure,0.268,0.110,0.128
actionable,0.264,0.019,0.115
activate,0.424,-0.074,-0.003
activation,0.467,0.014,0.123
active,0.450,-0.083,0.132
activist,0.361,0.099,-0.161
activity,0.399,-0.022,-0.028
actor,0.199,-0.063,0.018
actress,0.162,-0.053,0.028
actual,0.222,-0.225,-0.094
actuality,0.180,-0.201,0.031
actuary,-0.048,-0.074,-0.041
acuity,0.101,-0.051,-0.247
acumen,0.238,0.072,-0.005
acupuncture,-0.033,-0.142,-0.115
acute,0.061,0.159,0.025
acutely,-0.027,0.089,-0.010
ad,0.150,0.129,0.082
adage,0.016,-0.068,-0.084
adamant,-0.010,0.136,-0.110
adapt,0.087,-0.271,0.001
adaptable,0.182,-0.217,-0.027
adaptation,0.095,-0.206,-0.071
add,0.148,-0.170,0.066
added,-0.008,-0.110,-0.028
addendum,-0.175,-0.015,-0.066
adder,-0.011,0.058,-0.135
addict,-0.243,0.435,0.023
addicted,-0.082,0.394,-0.037
addiction,-0.071,0.439,0.069
addictive,-0.032,0.268,0.024
addition,-0.051,-0.134,-0.019
additional,0.087,-0.150,0.044
additive,0.232,0.056,-0.030
address,0.040,-0.225,-0.069
addressee,0.032,-0.168,-0.032
addresses,-0.101,-0.110,-0.040
adept,0.274,-0.029,-0.133
adequacy,0.172,-0.119,-0.119
adequate,0.212,-0.410,-0.100
adhere,0.028,-0.205,-0.061
adherence,0.131,-0.315,-0.070
adherent,0.015,-0.121,-0.071
adhering,0.112,-0.037,0.061
adhesion,0.046,-0.049,-0.079
adhesive,-0.083,-0.182,0.028
adieu,-0.253,0.154,-0.026
adipose,-0.234,0.013,-0.086
adjacency,-0.197,0.035,-0.024
adjacent,-0.009,-0.258,-0.077
adjective,-0.003,-0.174,-0.114
adjoining,-0.115,-0.088,0.029
adjourn,-0.096,0.052,-0.062
adjournment,-0.120,0.046,0.065
adjudicate,0.171,-0.021,-0.087
adjudication,0.145,-0.055,-0.128
adjunct,-0.103,-0.015,-0.001
adjust,0.090,-0.220,-0.119
adjuster,0.212,0.032,-0.152
adjustment,0.171,-0.044,-0.057
adjuvant,-0.027,-0.009,0.035
admin,0.311,-0.176,-0.197
administer,0.292,-0.134,-0.224
administration,0.223,-0.144,-0.189
administrative,0.037,-0.086,-0.081
administrator,0.300,-0.024,-0.269
admirable,0.529,-0.226,0.005
admiral,0.418,-0.241,-0.080
admiralty,0.238,-0.026,-0.090
admiration,0.437,-0.272,0.114
admire,0.422,-0.124,0.140
admired,0.464,-0.247,0.015
admirer,0.361,-0.056,0.158
admiring,0.313,-0.206,0.129
admissibility,0.262,-0.159,0.118
admissible,0.255,-0.177,0.051
admission,0.278,-0.267,-0.062
admit,0.103,-0.073,-0.139
admittance,0.142,-0.167,-0.003
admitted,0.298,-0.155,-0.084
admitting,0.093,-0.085,0.026
admixture,-0.130,-0.053,-0.049
admonition,-0.053,0.175,0.021
ado,-0.110,-0.072,0.047
adobe,-0.211,-0.132,0.020
adolescence,0.046,0.141,0.138
adolescent,0.232,-0.079,0.226
adopt,0.295,-0.055,0.015
adoption,0.158,-0.041,0.035
adoptive,0.015,-0.043,-0.016
adorable,0.211,-0.328,0.264
adoration,0.437,-0.132,0.149
adore,0.260,-0.292,0.027
adoring,0.406,-0.187,0.100
adorn,0.155,-0.350,0.167
adornment,0.058,-0.395,0.215
adrenalin,0.589,0.038,0.207
adrenaline,0.589,0.143,0.156
adrift,-0.253,0.053,0.130
adult,0.360,-0.222,-0.052
adulterated,-0.075,0.472,0.139
adulterer,-0.052,0.408,0.106
adultery,0.020,0.566,0.042
adulthood,0.108,-0.055,-0.110
advance,0.332,-0.129,-0.179
advanced,0.445,-0.151,0.027
advancement,0.454,-0.082,-0.020
advancing,0.491,-0.223,0.049
advantage,0.490,-0.253,-0.022
advantageous,0.444,-0.135,0.038
advent,0.203,-0.073,0.024
adventure,0.530,-0.047,0.249
adventurer,0.568,0.046,0.066
adventures,0.462,-0.033,0.122
adventurous,0.584,-0.056,0.288
adversary,0.026,0.298,0.108
adverse,-0.119,0.199,0.055
adversity,0.040,0.343,0.009
advertise,0.072,0.023,-0.039
advertisement,0.109,-0.025,0.057
advertising,0.208,-0.008,0.026
adverts,0.094,-0.033,-0.041
advice,0.191,-0.199,-0.085
advisable,0.180,-0.279,0.158
advise,0.227,-0.253,-0.075
advised,0.086,-0.350,0.056
advisement,0.084,-0.319,-0.156
adviser,0.204,-0.264,-0.099
advisor,0.138,-0.201,-0.142
advisory,0.140,-0.156,-0.056
advocacy,0.237,0.111,-0.079
advocate,0.270,-0.003,-0.178
aegis,-0.062,-0.036,-0.012
aeration,-0.024,-0.039,0.070
aerial,0.012,-0.112,0.059
aerobics,0.325,0.042,0.160
aerodrome,0.264,0.143,0.028
aerodynamic,0.302,0.120,-0.006
aerodynamics,0.283,0.057,-0.021
aeronautics,0.225,0.063,-0.033
aeroplane,0.279,-0.051,0.081
aerospace,0.283,-0.078,-0.113
aesthetic,0.095,-0.189,0.050
aesthetics,0.125,-0.368,0.038
aetiology,0.024,-0.051,-0.144
afar,-0.215,-0.018,-0.021
affable,0.009,-0.232,0.065
affair,0.104,-0.036,-0.121
affect,0.068,0.081,-0.036
affecting,-0.116,0.155,0.042
affection,0.368,-0.239,0.088
affectionate,0.222,-0.376,0.138
affections,0.264,-0.149,0.043
affiche,-0.194,-0.151,-0.070
affidavit,0.043,0.081,0.013
affiliated,0.120,-0.111,0.069
affiliation,0.102,-0.018,0.106
affinity,0.176,-0.215,0.118
affirm,0.293,-0.161,-0.037
affirmation,0.261,-0.173,-0.011
affirmative,0.447,-0.181,0.000
affirmatively,0.428,-0.282,-0.019
affix,-0.174,-0.073,-0.058
afflict,-0.222,0.172,0.078
afflicted,-0.355,0.151,0.120
affliction,-0.116,0.237,0.050
affluence,0.298,-0.027,-0.011
affluent,0.057,-0.263,0.077
afford,0.128,0.007,0.026
affordable,0.115,-0.317,0.112
affront,0.062,0.293,0.016
affronted,0.082,0.257,0.063
afield,-0.107,-0.163,0.062
afire,0.253,0.382,0.036
afloat,-0.025,-0.126,0.048
afore,-0.163,-0.117,-0.007
aforementioned,-0.160,-0.123,-0.042
aforesaid,-0.068,-0.121,-0.047
afraid,-0.297,0.533,0.091
afresh,0.067,-0.090,0.094
african,-0.002,-0.043,-0.085
aft,-0.037,-0.042,-0.067
afterlife,0.116,-0.002,0.024
aftermath,-0.159,0.099,-0.079
afternoon,-0.154,-0.108,0.066
aftershave,-0.164,-0.016,-0.050
aftertaste,-0.171,0.009,-0.114
afterthought,-0.213,-0.006,-0.004
aga,-0.136,-0.154,-0.004
agape,0.043,-0.063,0.094
agate,-0.051,-0.114,-0.036
age,-0.102,-0.233,-0.119
aged,-0.437,0.160,-0.066
agency,-0.057,-0.108,-0.187
agenda,-0.044,-0.161,-0.133
agent,0.145,-0.017,-0.218
agglomeration,0.108,0.219,0.114
aggravate,-0.035,0.384,0.040
aggravated,-0.136,0.481,-0.011
aggravates,-0.166,0.469,0.063
aggravating,0.121,0.384,-0.052
aggravation,0.004,0.511,-0.128
aggregate,0.097,-0.248,0.005
aggregation,0.190,-0.040,-0.085
aggresive,0.106,0.650,-0.050
aggression,0.027,0.591,0.017
aggressive,0.135,0.587,-0.036
aggressively,0.215,0.482,-0.017
aggressiveness,0.094,0.597,-0.079
aggressor,0.271,0.579,-0.147
agh,-0.192,0.169,-0.046
aghast,-0.035,0.515,0.048
aghhh,-0.231,0.240,0.146
agile,0.423,-0.097,0.040
agility,0.434,-0.006,-0.002
aging,-0.416,0.029,-0.121
agitate,0.109,0.353,0.002
agitated,0.148,0.303,0.188
agitation,0.038,0.483,0.147
aglow,0.359,-0.183,-0.065
agnostic,-0.093,0.072,-0.200
ago,-0.266,-0.023,-0.141
agonizing,-0.180,0.502,0.074
agony,-0.154,0.487,0.024
agoraphobia,-0.129,0.413,-0.020
agree,0.120,-0.457,0.032
agreeable,0.344,-0.285,0.059
agreed,0.177,-0.247,0.063
agreeing,0.208,-0.267,0.119
agreement,0.271,-0.219,-0.071
agressive,0.174,0.601,-0.144
agricultural,-0.013,-0.259,0.010
agriculture,-0.024,-0.201,0.013
aground,-0.200,0.008,-0.129
agua,-0.151,-0.294,-0.083
ahead,0.238,-0.129,-0.009
ahhh,-0.149,-0.044,0.217
ahhhhhhhh,-0.056,0.056,0.252
ahoy,-0.088,-0.007,0.081
aid,0.173,-0.219,0.108
aide,-0.012,-0.274,0.067
aiding,0.137,-0.078,0.039
aids,0.021,-0.058,0.018
ail,-0.177,0.040,-0.016
ailing,-0.445,0.291,0.055
ailment,-0.226,0.408,0.112
aim,0.072,0.064,-0.018
aimless,-0.515,0.079,-0.076
air,-0.110,-0.386,-0.034
airbag,-0.090,-0.078,-0.002
airborne,-0.053,-0.022,0.110
aircraft,0.280,0.002,0.017
aircraft carrier,0.274,0.182,-0.030
airfield,0.227,0.037,0.030
airhead,-0.285,0.143,0.035
airlift,0.197,0.037,0.004
airline,0.202,-0.113,-0.067
airliner,0.322,0.076,0.130
airlock,-0.080,0.085,-0.001
airman,0.306,0.095,0.007
airplane,0.356,-0.010,0.072
airport,0.334,-0.031,0.085
airs,-0.198,-0.275,-0.036
airship,0.028,-0.048,-0.015
airspace,0.137,-0.032,-0.061
airspeed,0.207,0.135,0.162
airstrip,0.223,0.101,0.025
airtight,-0.017,-0.064,-0.123
airway,0.096,-0.042,0.125
aisle,-0.321,-0.156,-0.032
ait,-0.181,0.003,-0.047
ajar,-0.101,-0.033,-0.029
aka,-0.196,-0.075,0.006
akin,0.011,-0.208,-0.035
alabaster,-0.065,-0.099,0.006
alarm,0.197,0.459,-0.052
alarm clock,0.232,0.132,0.046
alarmed,-0.007,0.447,0.032
alarming,0.100,0.487,0.013
alas,-0.215,-0.192,0.083
alb,-0.100,-0.101,-0.005
albatross,-0.007,-0.037,-0.048
albino,-0.227,-0.185,-0.044
album,-0.039,-0.204,0.015
alchemy,0.200,0.036,-0.068
alcohol,-0.097,0.238,0.091
alcoholic,-0.184,0.375,0.032
alcoholism,-0.153,0.506,0.006
alcove,-0.186,-0.109,0.007
alderman,0.143,-0.056,-0.130
ale,-0.112,-0.062,0.085
alert,0.249,0.242,0.063
alertness,0.298,0.360,-0.027
alerts,0.189,0.335,-0.031
alfalfa,-0.233,-0.214,0.016
algebra,-0.059,-0.064,-0.161
algebraic,-0.069,-0.086,0.008
algorithm,-0.034,-0.033,-0.123
alias,-0.171,-0.138,0.055
alibi,0.002,0.097,-0.073
alien,0.004,0.144,0.026
alienate,-0.109,0.184,-0.137
alienated,-0.039,0.015,-0.126
alienation,-0.074,0.107,-0.016
alight,0.234,-0.008,0.093
align,0.105,-0.201,-0.087
aligned,-0.028,-0.213,-0.119
alignment,0.161,-0.156,-0.106
alike,-0.121,-0.338,-0.066
alimentation,0.238,-0.164,0.092
alimony,0.019,-0.098,0.066
aliquot,-0.190,-0.092,-0.066
alive,0.390,-0.124,0.067
alkali,-0.143,-0.100,-0.023
alkaloids,-0.075,0.087,0.069
allay,-0.160,-0.009,-0.021
allegation,0.154,0.002,0.006
allege,0.013,0.051,-0.109
alleged,-0.042,0.114,-0.066
allegiance,0.340,-0.361,-0.028
allegorical,0.107,0.032,-0.028
allegory,0.102,-0.028,0.093
allegro,0.094,-0.012,0.166
allergic,-0.323,0.288,0.009
allergy,-0.131,0.216,0.037
alleviate,0.094,-0.424,0.032
alleviation,-0.033,-0.377,-0.045
alley,-0.181,0.105,0.027
alleyway,-0.171,0.078,-0.003
alliance,0.279,-0.149,-0.106
allied,0.087,-0.324,-0.134
alligator,0.130,0.252,-0.058
allocate,0.192,-0.144,-0.056
allocation,0.128,-0.145,-0.134
allot,0.136,-0.096,-0.032
allotment,0.098,-0.142,-0.108
allow,0.092,-0.191,0.030
allowable,0.143,-0.141,0.053
allowance,0.096,-0.203,-0.044
allowed,0.160,-0.256,-0.073
alloy,0.081,-0.095,-0.055
allsmiles,0.105,-0.191,0.200
allure,0.326,-0.153,0.064
alluring,0.533,-0.060,0.059
allusion,-0.149,-0.090,-0.107
alluvial,-0.100,0.121,-0.084
ally,0.195,-0.327,-0.088
almanac,-0.118,-0.353,-0.018
almighty,0.728,-0.040,0.098
almond,-0.188,-0.370,0.050
aloft,0.219,-0.275,-0.077
aloha,0.027,-0.187,0.103
alone,-0.448,-0.121,-0.066
alongside,-0.212,-0.091,-0.006
aloof,-0.335,0.163,-0.054
aloud,0.262,0.188,-0.076
alpha,0.212,-0.250,-0.163
alphabet,0.014,-0.241,-0.250
alphabetical,-0.054,-0.166,-0.117
alpine,-0.050,-0.181,-0.026
alreadyyyyy,0.042,0.077,0.265
altar,0.155,-0.234,-0.047
altar boy,-0.282,-0.161,-0.088
alter,0.121,0.261,-0.080
alteration,0.055,0.451,-0.072
altercation,-0.018,0.450,0.009
altered,0.005,0.360,0.027
alternate,0.061,-0.181,-0.076
alternating,0.017,0.012,-0.042
alternative,0.098,-0.174,-0.098
altimeter,0.120,-0.073,0.005
altitude,0.266,-0.153,-0.073
alto,0.198,-0.169,-0.136
altogether,0.186,-0.356,-0.036
aluminum,-0.178,-0.117,-0.099
alumnus,-0.053,-0.190,0.045
alveolar,-0.121,0.004,0.067
alzheimers,-0.275,0.226,-0.012
amalgam,-0.104,-0.070,-0.127
amalgamation,-0.039,0.049,-0.083
amaretto,-0.045,-0.001,0.135
amass,-0.016,-0.063,0.030
amateur,-0.081,0.019,0.048
amaze,0.566,-0.038,0.181
amazed,0.304,-0.020,0.271
amazedness,0.348,0.020,0.352
amazement,0.368,0.032,0.187
amazing,0.616,-0.047,0.138
amazingly,0.639,-0.102,0.055
ambassador,0.391,-0.071,-0.199
amber,-0.119,-0.236,0.050
ambience,-0.005,-0.272,0.085
ambient,0.055,-0.183,-0.073
ambiguity,-0.281,0.210,-0.093
ambiguous,-0.238,0.138,-0.035
ambit,-0.150,-0.072,0.003
ambition,0.267,0.209,0.060
ambitious,0.302,0.242,0.018
ambivalent,-0.054,-0.074,-0.035
ambrosia,-0.002,-0.085,0.022
ambulance,0.198,0.177,0.061
ambush,0.049,0.386,0.075
ameliorate,0.336,-0.152,-0.015
amen,0.018,-0.421,-0.068
amenable,-0.137,-0.028,-0.009
amend,0.163,-0.194,-0.070
amendment,0.072,-0.046,-0.080
amends,0.018,-0.193,-0.018
amenity,0.095,-0.297,-0.026
amethyst,0.028,-0.152,-0.004
amiable,0.060,-0.396,0.063
amicable,0.110,-0.388,0.082
amid,-0.248,-0.128,0.086
amidst,-0.224,-0.111,0.025
amino,-0.070,-0.107,0.017
ammo,0.126,0.316,-0.023
ammonia,-0.128,0.207,0.011
ammonium,-0.218,0.028,-0.035
ammunition,0.105,0.217,-0.119
amnesia,-0.322,0.022,-0.058
amnesty,0.229,-0.057,-0.218
amorous,0.351,-0.126,0.164
amorphous,-0.242,0.051,-0.032
amortization,0.057,-0.072,0.024
amount,0.101,-0.092,-0.115
amour,0.282,-0.271,0.059
amp,-0.172,-0.035,-0.001
ampersand,-0.047,-0.022,-0.026
amphetamines,-0.084,0.382,-0.102
amphibian,-0.124,-0.047,-0.095
amphibious,-0.124,-0.093,-0.056
amphitheater,0.099,-0.123,0.031
ample,0.208,-0.271,-0.116
amplification,0.403,-0.002,-0.026
amplify,0.437,0.048,-0.012
amplitude,0.206,-0.174,-0.073
amply,0.299,-0.239,-0.086
amputate,-0.120,0.406,-0.114
amputation,-0.090,0.464,-0.040
amuck,-0.138,0.146,0.124
amulet,0.119,-0.363,-0.086
amuse,0.362,-0.092,0.137
amused,0.455,-0.077,0.334
amusement,0.594,-0.065,0.180
amusing,0.482,-0.100,0.308
ana,-0.210,-0.175,0.039
anaconda,0.010,0.485,-0.017
anaesthesia,-0.230,-0.088,-0.207
anaesthetic,-0.130,-0.123,-0.157
anagram,-0.094,-0.159,-0.034
anal,-0.061,0.319,0.197
analgesic,-0.170,-0.066,-0.096
analogous,-0.095,-0.181,-0.110
analogue,-0.090,-0.177,-0.027
analogy,-0.052,-0.098,-0.074
analysis,0.237,-0.193,-0.060
analyst,0.196,-0.123,-0.172
analytic,0.189,-0.099,-0.002
analytical,0.195,-0.199,-0.243
analyze,0.217,-0.138,-0.085
analyzer,0.345,-0.037,-0.153
anaphylactic,-0.019,0.149,-0.010
anarchism,0.047,0.486,-0.098
anarchist,0.136,0.363,-0.211
anarchy,0.032,0.437,-0.113
anastomosis,-0.084,0.069,-0.069
anathema,-0.098,0.149,-0.121
anatomic,0.036,-0.083,-0.034
anatomy,0.030,-0.118,-0.079
ancestor,0.060,-0.140,-0.082
ancestral,0.241,-0.104,-0.115
ancestry,0.270,-0.128,-0.040
anchor,-0.047,-0.161,-0.152
anchorage,0.017,-0.115,-0.191
ancient,-0.219,-0.140,-0.150
ancillary,-0.214,-0.013,0.097
androgen,-0.092,0.194,-0.123
android,0.050,-0.162,0.043
anecdote,0.055,-0.040,0.056
anemia,-0.376,0.098,-0.112
anemic,-0.521,0.074,-0.042
anemone,-0.081,-0.019,0.165
anesthesia,-0.280,-0.103,-0.146
anesthesiologist,-0.153,-0.130,-0.207
anesthetic,-0.201,-0.055,-0.188
aneurysm,-0.075,0.411,-0.105
anew,-0.016,-0.299,0.132
angel,0.186,-0.521,-0.133
angelic,0.238,-0.441,-0.022
anger,0.122,0.499,-0.068
angered,-0.038,0.605,-0.070
angermanagement,-0.070,0.264,-0.030
angina,-0.098,0.283,-0.033
angiogram,-0.092,0.123,-0.038
angiography,-0.029,0.114,-0.052
angle,-0.093,-0.149,-0.042
angling,0.018,-0.154,0.010
angora,-0.090,-0.077,0.039
angriest,-0.066,0.561,0.068
angry,0.045,0.505,-0.072
angrytweet,-0.069,0.268,-0.014
angst,-0.101,0.501,0.167
anguish,-0.203,0.442,0.155
anguished,-0.216,0.407,0.078
angular,-0.171,-0.116,-0.105
anhydrous,-0.191,-0.067,0.005
animal,0.025,-0.008,0.007
animate,0.382,-0.055,0.202
animated,0.272,-0.111,0.224
animation,0.348,-0.106,0.288
animosity,0.144,0.149,0.096
animus,0.158,-0.023,0.214
ankle,-0.301,-0.167,0.060
anklet,-0.295,-0.098,-0.029
annals,-0.039,0.125,0.078
annex,-0.055,-0.173,-0.008
annexation,-0.039,0.117,-0.113
annexe,-0.108,-0.169,0.033
annihilate,0.139,0.574,-0.081
annihilated,-0.212,0.475,0.062
annihilation,-0.019,0.543,-0.119
anniversary,0.480,-0.079,0.175
annotate,-0.012,-0.090,0.068
annotation,0.123,-0.091,-0.048
announce,0.233,-0.054,0.081
announcement,0.097,-0.173,0.117
announcer,0.252,-0.016,-0.073
annoy,-0.231,0.467,0.098
annoyance,-0.176,0.384,0.069
annoyed,-0.174,0.475,0.072
annoyin,-0.192,0.218,0.027
annoying,-0.150,0.539,0.097
annoys,-0.091,0.445,0.027
annual,-0.100,-0.219,-0.119
annuity,-0.064,-0.149,-0.115
annul,-0.248,0.139,-0.054
annular,-0.213,0.054,-0.093
annulment,-0.271,0.163,-0.197
annulus,-0.168,-0.058,0.000
anointed,-0.006,-0.088,-0.126
anointing,0.038,-0.212,-0.041
anomalous,-0.174,0.141,-0.062
anomaly,-0.207,0.248,-0.062
anon,-0.227,-0.094,0.050
anonymity,-0.183,-0.149,-0.100
anonymous,-0.202,-0.072,-0.116
anorexic,-0.298,0.316,0.077
answer,0.074,-0.107,-0.162
answerable,0.275,-0.153,-0.083
answering,0.169,-0.129,0.014
ant,-0.367,-0.170,0.016
antagonism,-0.064,0.282,-0.084
antagonist,0.070,0.276,-0.199
antagonistic,-0.005,0.222,-0.086
antagonize,-0.007,0.376,-0.171
ante,-0.172,-0.090,-0.066
antecedent,0.036,0.091,-0.052
antelope,0.026,-0.023,0.026
antenna,-0.175,-0.140,0.014
anterior,-0.217,-0.189,-0.039
anthem,0.230,-0.301,-0.109
anthill,-0.138,0.174,0.045
anthology,-0.099,0.054,-0.154
anthrax,-0.046,0.384,-0.024
anthropological,-0.126,0.020,-0.117
anthropologist,0.133,-0.106,-0.193
anthropology,-0.009,-0.081,-0.134
anti,-0.193,0.032,-0.032
antiaircraft,0.067,0.213,-0.104
antibiotic,0.059,-0.088,-0.173
antibiotics,-0.030,-0.025,-0.115
antichrist,-0.015,0.537,-0.046
anticipate,0.167,-0.102,-0.073
anticipation,0.270,-0.107,-0.029
anticipatory,0.232,-0.068,-0.024
antics,-0.102,0.192,0.288
antidote,0.109,-0.031,-0.075
antifungal,-0.131,0.003,-0.051
antigravity,0.182,0.205,-0.026
antimony,-0.117,0.018,-0.107
antipathy,-0.205,0.248,-0.044
antiquarian,-0.181,-0.187,-0.094
antiquated,-0.283,-0.028,0.085
antique,-0.021,-0.241,-0.063
antiques,0.026,-0.114,-0.117
antiquity,-0.097,-0.029,-0.184
antiseptic,-0.004,-0.039,-0.185
antisocial,-0.166,0.380,0.007
antithesis,-0.068,0.016,-0.122
antithetical,-0.213,0.166,-0.007
antiviral,0.001,0.011,-0.070
antler,-0.040,0.017,-0.041
antsy,-0.058,0.073,0.065
anus,-0.116,0.204,0.109
anvil,0.020,0.098,-0.123
anxiety,-0.116,0.501,0.139
anxietyattack,-0.010,0.544,0.102
anxious,0.022,0.414,0.145
anxiousness,-0.140,0.399,0.195
anytime,-0.003,-0.120,0.083
aorta,0.009,0.046,-0.048
aortic,-0.058,0.071,0.034
apace,0.044,-0.024,-0.007
apache,0.078,-0.157,0.073
apartment,0.116,-0.229,-0.009
apartments,-0.018,-0.262,0.048
apathetic,-0.376,0.075,-0.147
apathy,-0.509,0.018,-0.104
ape,-0.148,-0.118,0.076
aperture,0.153,-0.108,-0.089
apex,-0.057,-0.100,0.054
aphid,-0.136,0.058,-0.004
aphrodisiac,0.411,0.065,0.193
apiece,-0.230,-0.127,-0.080
aplomb,0.064,0.010,-0.051
apocalypse,0.122,0.589,-0.178
apocalyptic,0.200,0.509,-0.121
apologetic,0.022,-0.009,-0.080
apologist,-0.062,0.020,-0.101
apologize,-0.113,-0.126,0.034
apology,-0.109,-0.162,0.018
apostasy,-0.034,0.096,-0.054
apostate,-0.059,0.116,-0.095
apostle,0.167,-0.201,-0.173
apostolic,0.107,-0.195,-0.214
apostrophe,-0.052,-0.067,-0.112
apothecary,-0.031,-0.161,-0.084
appalled,0.032,0.425,-0.030
appalling,-0.075,0.468,0.074
apparatus,-0.222,-0.016,-0.055
apparel,0.033,-0.190,0.092
apparent,-0.143,-0.065,-0.006
apparently,-0.081,-0.088,0.017
apparition,0.086,0.124,-0.099
appeal,0.170,-0.048,0.092
appear,0.168,-0.163,0.070
appearance,0.104,-0.128,0.052
appease,-0.088,-0.252,-0.012
appellant,0.005,0.189,-0.081
append,-0.015,-0.080,0.048
appendage,-0.236,0.112,-0.151
appendectomy,-0.041,0.353,-0.099
appendicitis,-0.277,0.429,-0.042
appendix,-0.176,0.017,-0.074
appetite,0.226,-0.050,0.117
appetizer,0.088,-0.147,0.219
appetizing,0.363,-0.105,0.103
applaud,0.310,-0.042,0.376
applause,0.484,-0.077,0.328
apple,-0.112,-0.373,0.202
apple juice,-0.159,-0.404,0.107
applejack,-0.001,-0.124,0.031
applesauce,-0.186,-0.419,0.082
appliance,0.046,-0.090,-0.012
appliances,0.045,-0.138,-0.059
applicability,0.258,-0.125,-0.087
applicable,0.072,-0.019,-0.168
applicant,0.219,-0.033,-0.044
application,0.210,-0.134,-0.116
apply,0.091,-0.197,-0.159
appoint,-0.042,-0.164,-0.068
appointment,0.172,-0.069,0.109
appointments,0.297,-0.050,0.128
apportion,0.183,-0.129,-0.016
apportionment,-0.017,-0.053,0.047
appraisal,0.170,0.183,-0.074
appraise,0.225,-0.127,-0.056
appreciable,0.383,-0.264,-0.018
appreciate,0.329,-0.322,-0.024
appreciated,0.374,-0.330,-0.032
appreciates,0.245,-0.185,0.019
appreciation,0.285,-0.278,0.155
appreciative,0.232,-0.334,-0.001
apprehend,0.211,0.079,-0.057
apprehension,0.014,0.233,0.097
apprehensive,-0.053,0.128,0.053
apprentice,-0.019,-0.145,0.041
apprenticeship,0.250,-0.232,0.041
approach,0.084,-0.151,-0.081
approaching,0.140,-0.135,0.152
approbate,0.376,-0.028,-0.129
approbation,0.357,-0.179,-0.033
appropriate,0.290,-0.321,-0.091
appropriation,0.225,0.093,-0.073
approval,0.439,-0.267,-0.120
approve,0.384,-0.228,0.040
approved,0.237,-0.336,-0.059
approvement,0.451,-0.177,0.057
approving,0.445,-0.233,0.057
approximate,0.068,0.005,0.043
approximately,0.038,-0.158,-0.024
approximating,0.075,0.018,0.122
approximation,0.061,-0.123,-0.078
appurtenances,0.028,-0.111,-0.045
apricot,-0.143,-0.284,0.154
apron,-0.283,-0.271,0.056
apt,-0.084,-0.121,0.076
aptitude,0.289,-0.190,-0.066
aqua,-0.124,-0.262,0.058
aquamarine,-0.042,-0.303,0.064
aquarium,-0.079,-0.242,0.057
aquatic,0.066,-0.123,0.116
aqueduct,0.007,-0.097,-0.047
aqueous,-0.283,-0.115,-0.028
arable,-0.092,-0.112,-0.053
arbiter,0.275,-0.005,-0.167
arbitrary,0.122,0.306,-0.123
arbitrate,0.174,0.112,-0.074
arbitration,0.215,0.015,-0.020
arbitrator,0.131,0.060,-0.286
arbor,0.102,-0.063,-0.028
arc,-0.103,-0.119,0.036
arcade,0.099,-0.113,0.094
arcane,0.094,-0.001,-0.100
arch,-0.093,-0.102,-0.057
archaeological,0.207,-0.207,-0.027
archaeologist,0.151,-0.063,-0.144
archaeology,0.118,-0.159,-0.163
archaic,-0.318,0.039,-0.088
archangel,0.318,-0.235,0.018
archbishop,0.155,-0.228,-0.252
archdiocese,0.012,-0.042,-0.286
archduke,0.034,-0.024,-0.160
arched,-0.079,-0.131,0.057
archer,0.211,0.038,-0.009
archery,0.161,0.007,0.040
archetype,0.033,0.054,-0.061
archipelago,0.126,-0.263,-0.017
architect,0.353,-0.225,-0.131
architectural,0.184,-0.234,-0.067
architecture,0.247,-0.299,-0.040
archive,-0.110,-0.096,-0.160
arctic,0.020,-0.183,-0.057
ardent,0.435,0.126,0.143
ardor,0.161,0.195,0.127
arduous,0.133,0.312,0.007
area,-0.124,-0.128,-0.086
arena,-0.191,-0.194,-0.073
areola,-0.177,-0.017,-0.014
areyoukidding,-0.044,0.139,0.108
areyoukiddingme,-0.093,0.185,0.095
argent,-0.013,-0.126,0.020
argh,-0.226,0.192,0.025
arghh,-0.161,0.171,-0.009
arghhhh,-0.196,0.255,0.066
argue,-0.042,0.501,-0.049
argument,0.131,-0.024,-0.151
argumentation,0.201,0.060,-0.162
argumentative,0.119,0.065,-0.130
arguments,0.183,0.047,-0.033
arid,-0.256,0.008,-0.092
arise,0.326,-0.115,0.009
aristocracy,0.364,-0.088,-0.119
aristocrat,0.225,-0.107,-0.222
aristocratic,0.111,0.058,-0.135
arithmetic,0.054,0.012,-0.136
ark,-0.056,0.027,-0.119
arm,-0.099,-0.187,-0.071
armada,0.335,0.248,-0.167
armament,0.200,0.414,-0.214
armaments,0.247,0.471,-0.190
armature,0.217,0.044,-0.139
armchair,-0.204,-0.344,-0.002
armed,0.187,0.411,-0.225
armor,0.250,0.121,-0.142
armored,0.250,0.044,-0.258
armory,0.269,0.163,-0.143
armpit,-0.318,0.104,0.035
arms,-0.081,-0.047,-0.063
army,0.373,0.256,-0.175
aroma,-0.008,-0.419,0.050
aromatherapy,0.019,-0.445,0.032
arousal,0.524,0.105,0.222
arouse,0.173,-0.176,0.055
aroused,0.440,0.168,0.231
arraignment,0.139,0.302,0.115
arrange,0.166,-0.177,0.061
arranged,0.278,-0.112,-0.045
arrangement,0.138,-0.164,-0.130
array,0.010,-0.084,-0.093
arrears,-0.257,0.136,0.026
arrest,0.039,0.567,0.077
arrhythmia,-0.123,0.306,0.099
arrival,0.074,-0.123,0.109
arrive,0.184,-0.305,0.051
arrogance,0.028,0.436,-0.117
arrogant,-0.012,0.458,-0.100
arrow,-0.116,-0.034,-0.057
arsehole,-0.113,0.227,-0.007
arseholes,-0.242,0.250,-0.022
arsenal,0.230,0.275,-0.107
arsenic,-0.161,0.137,-0.083
arson,0.059,0.547,-0.001
arsonist,0.087,0.344,0.113
art,0.163,-0.318,0.002
arterial,0.013,0.086,-0.101
artery,0.013,0.132,-0.031
artful,0.388,-0.110,-0.003
arthritis,-0.298,0.288,-0.070
arthropod,-0.143,0.085,-0.049
artichoke,-0.248,-0.263,0.033
article,-0.072,-0.220,-0.062
articles,-0.011,-0.156,-0.116
articulate,0.155,-0.149,-0.017
articulation,0.046,0.005,-0.084
artifact,0.053,-0.004,-0.041
artifice,-0.011,0.267,0.031
artificial,-0.259,0.055,-0.053
artillery,0.335,0.405,-0.050
artisan,-0.006,-0.324,0.103
artist,0.290,-0.248,-0.047
artiste,0.224,-0.238,0.126
artistic,0.316,-0.112,0.133
artistry,0.282,-0.328,-0.115
artists,0.401,-0.089,0.067
artwork,0.264,-0.370,-0.006
arty,-0.123,-0.051,0.030
asap,0.073,-0.049,-0.002
asbestos,-0.106,0.089,-0.054
ascend,0.447,-0.143,0.008
ascendancy,0.316,-0.067,0.038
ascendant,0.393,0.020,-0.052
ascending,0.431,-0.125,0.044
ascension,0.392,-0.031,0.099
ascent,0.429,-0.083,-0.038
ascertain,0.135,-0.017,-0.041
ascertained,0.113,0.003,-0.049
ascetic,-0.111,-0.042,-0.078
ash,-0.470,-0.039,-0.071
ashamed,-0.326,0.298,0.071
ashes,-0.451,-0.042,0.044
ashtray,-0.273,-0.023,0.053
asinine,-0.097,0.029,-0.003
ask,-0.043,-0.065,0.010
asleeep,-0.272,-0.200,-0.040
asleep,-0.306,-0.361,-0.010
asp,-0.127,0.032,0.051
asparagus,-0.274,-0.114,0.048
aspartame,-0.154,0.001,0.097
aspect,0.038,-0.002,-0.087
aspects,0.007,0.033,-0.085
aspen,-0.192,-0.141,-0.058
asphalt,-0.167,-0.150,-0.097
asphyxia,-0.190,0.351,0.097
asphyxiation,-0.166,0.484,-0.017
aspiration,0.335,0.014,0.099
aspire,0.301,-0.238,-0.021
aspirin,-0.176,-0.146,-0.081
aspiring,0.286,-0.188,0.138
ass,-0.081,0.294,0.158
assail,-0.056,0.095,-0.053
assailant,0.092,0.487,-0.021
assassin,0.090,0.613,-0.059
assassinate,0.161,0.658,-0.112
assassination,0.021,0.607,0.024
assault,0.037,0.483,-0.004
assay,0.162,-0.052,0.031
assemblage,0.014,0.023,-0.129
assemble,0.235,0.029,-0.114
assembled,0.161,-0.146,-0.048
assembly,0.200,-0.137,-0.002
assemblyman,0.171,0.088,-0.192
assent,0.223,-0.063,-0.088
assert,0.405,-0.086,-0.028
asserting,0.282,-0.109,-0.053
assertion,0.273,-0.203,-0.089
assertive,0.262,-0.207,-0.129
assess,0.188,-0.138,0.010
assessment,0.297,-0.089,0.078
assessor,0.235,0.001,-0.137
asset,0.483,-0.020,0.088
assets,0.329,-0.032,-0.041
asshole,-0.315,0.312,0.033
assign,0.172,-0.136,-0.131
assignee,-0.006,-0.033,-0.023
assignment,0.120,-0.047,-0.232
assimilate,0.110,-0.110,-0.157
assimilation,-0.121,-0.034,-0.075
assist,0.228,-0.280,0.035
assistance,0.183,-0.094,-0.007
assistant,0.036,-0.165,-0.025
associate,0.202,-0.283,0.014
association,0.351,-0.164,-0.101
assorted,0.011,-0.103,0.046
assortment,0.048,-0.236,-0.001
assuage,0.005,-0.346,-0.016
assume,0.025,-0.213,0.066
assumed,-0.099,-0.257,-0.053
assuming,0.086,-0.248,0.037
assumption,-0.104,-0.036,0.010
assurance,0.207,-0.158,-0.088
assure,0.430,-0.310,-0.059
assured,0.289,-0.382,-0.088
assuredly,0.334,-0.264,-0.149
asterisk,-0.245,-0.185,0.061
asteroid,0.160,0.208,0.002
asteroids,0.177,0.243,-0.107
asthma,-0.325,0.241,0.070
asthmatic,-0.186,0.329,0.125
astigmatism,-0.199,0.197,-0.093
astonish,0.421,0.038,0.216
astonished,0.190,0.185,0.104
astonishing,0.548,-0.027,0.108
astonishingly,0.550,0.049,0.185
astonishment,0.207,0.021,0.192
astound,0.179,-0.046,0.223
astral,0.061,-0.130,-0.042
astray,-0.255,0.404,0.036
astringent,-0.111,0.132,-0.070
astrologer,0.181,-0.047,-0.064
astrology,-0.009,-0.208,-0.023
astronaut,0.382,-0.130,0.015
astronomer,0.299,-0.165,-0.037
astronomical,0.276,0.028,-0.036
astronomy,0.204,-0.090,-0.113
astute,0.449,-0.077,-0.007
asunder,-0.348,0.161,-0.005
asylum,-0.167,-0.052,-0.099
asymmetric,-0.061,-0.168,-0.023
asymmetry,-0.053,-0.069,-0.099
asymptotic,-0.054,-0.020,-0.017
atelier,0.062,-0.101,-0.239
atheism,-0.145,0.134,-0.116
atheist,-0.251,0.157,-0.076
atheistic,-0.097,0.077,-0.048
atherosclerosis,-0.248,0.160,-0.022
athlete,0.379,-0.045,0.125
athletic,0.471,-0.044,0.190
athleticism,0.499,0.081,0.126
athletics,0.430,-0.098,0.097
atlas,-0.038,-0.154,-0.128
atmosphere,-0.000,-0.210,-0.100
atmospheric,0.045,-0.073,-0.093
atoll,-0.074,-0.050,-0.040
atom,-0.044,-0.010,0.051
atomic,0.219,0.353,-0.057
atone,-0.023,0.175,0.116
atonement,0.206,0.042,-0.046
atpeace,0.029,-0.300,-0.016
atrium,-0.100,-0.072,-0.070
atrocious,-0.104,0.521,0.003
atrocity,0.040,0.520,-0.061
atrophy,-0.353,0.249,0.069
attach,-0.013,-0.106,-0.106
attached,-0.085,-0.151,-0.010
attachment,-0.040,-0.159,-0.052
attack,0.230,0.471,0.025
attacker,0.157,0.552,0.012
attacking,0.152,0.400,-0.021
attain,0.316,-0.205,0.001
attainable,0.317,-0.177,-0.054
attainment,0.492,-0.206,-0.134
attempt,0.008,-0.100,0.103
attempted,0.133,-0.010,0.043
attend,0.127,-0.158,-0.058
attendance,0.222,-0.222,0.086
attendant,-0.011,-0.150,-0.048
attention,0.365,-0.094,-0.020
attentionseeker,0.020,0.263,0.100
attentionseekers,0.098,0.097,0.109
attentive,0.327,-0.202,0.006
attenuate,-0.192,-0.073,-0.103
attenuated,-0.277,-0.123,-0.005
attenuation,-0.113,-0.066,-0.070
attest,0.204,0.197,-0.042
attestation,-0.068,0.285,-0.053
attic,-0.194,-0.186,-0.036
attire,0.055,-0.253,0.066
attitude,0.459,-0.073,-0.046
attorney,0.278,0.003,-0.076
attract,0.420,-0.090,0.045
attraction,0.486,-0.096,0.198
attractive,0.459,-0.193,0.080
attractiveness,0.482,-0.191,0.125
attributable,0.088,-0.195,0.041
attribute,0.324,-0.233,-0.102
attribution,0.171,-0.122,-0.057
attrition,-0.290,0.213,0.058
auburn,-0.184,-0.190,-0.076
auction,0.157,0.072,0.142
auctioneer,0.288,0.139,-0.002
audacious,0.534,0.099,0.095
audacity,0.552,0.005,-0.023
audible,-0.004,-0.216,0.038
audience,0.233,-0.063,0.077
audio,-0.026,-0.208,0.149
audit,0.137,0.143,-0.188
audition,0.296,-0.048,0.141
auditions,0.315,0.013,0.193
auditor,0.238,-0.001,-0.078
auditorium,0.037,-0.026,-0.018
auditory,0.057,-0.032,-0.044
aught,-0.420,-0.204,-0.043
augment,0.267,0.024,0.072
augmentation,0.414,-0.062,-0.077
august,-0.051,-0.255,-0.014
aunt,-0.075,-0.268,0.021
auntie,-0.075,-0.261,-0.018
aura,0.050,-0.303,0.033
aurora,0.092,-0.361,0.020
auspices,0.118,-0.025,-0.072
auspicious,0.218,0.055,-0.013
austere,-0.109,-0.079,-0.006
austerity,-0.051,-0.018,-0.104
authentic,0.400,-0.260,-0.005
authenticate,0.365,-0.242,-0.051
authentication,0.288,-0.158,-0.070
authenticity,0.357,-0.075,-0.130
author,0.242,-0.296,-0.125
authoritative,0.359,-0.068,-0.193
authority,0.404,0.015,-0.205
authorization,0.272,0.045,-0.172
authorize,0.414,-0.117,-0.039
authorized,0.337,-0.203,-0.115
authorship,0.345,-0.016,-0.034
autism,-0.170,0.189,-0.090
autistic,-0.214,-0.020,-0.086
auto,0.068,-0.004,0.072
autobiographical,0.245,-0.319,0.118
autobiography,0.107,-0.313,-0.094
autocorrect,0.080,-0.074,-0.089
autocratic,0.222,0.032,-0.094
autograph,0.128,-0.126,0.166
autographed,0.288,-0.115,0.114
automated,0.087,-0.118,-0.107
automatic,0.117,-0.084,-0.120
automobile,0.210,-0.095,0.166
automotive,0.143,-0.096,0.033
autonomy,0.351,-0.291,-0.217
autopilot,0.124,-0.088,-0.067
autopsy,-0.024,0.284,-0.063
autumn,-0.046,-0.398,-0.000
auxiliary,0.053,-0.108,0.036
avail,0.190,-0.261,0.034
availability,0.241,-0.180,0.097
available,0.191,-0.343,0.001
avalanche,0.214,0.464,-0.012
avarice,-0.150,0.368,0.081
avatar,0.072,-0.155,-0.031
avenge,0.005,0.564,-0.045
avenger,0.216,0.377,0.004
avenging,0.161,0.529,-0.113
avenue,-0.068,-0.230,0.093
aver,-0.105,-0.033,0.043
average,-0.046,-0.287,-0.001
aversation,-0.036,-0.102,0.055
averse,-0.096,0.226,-0.075
averseness,-0.031,0.222,-0.059
aversion,-0.116,0.422,-0.132
avert,-0.074,-0.086,-0.032
aviary,-0.091,-0.098,-0.053
aviation,0.348,-0.040,0.013
aviator,0.257,0.061,0.065
avid,0.088,-0.084,-0.047
avocado,-0.183,-0.306,0.098
avoid,-0.126,0.009,-0.008
avoidance,-0.049,0.007,-0.001
avoiding,-0.192,-0.023,0.075
await,-0.301,-0.135,0.001
awake,0.243,-0.132,-0.103
awaken,0.152,-0.222,-0.015
awakening,0.207,-0.172,0.036
award,0.414,-0.088,0.198
awards,0.451,-0.162,0.243
aware,0.197,-0.211,-0.198
awareness,0.279,-0.174,-0.168
awe,-0.046,0.179,0.254
awed,-0.038,0.281,0.180
awesome,0.712,-0.057,0.177
awesomeness,0.587,-0.182,-0.014
awestruck,0.315,0.109,0.077
awful,-0.118,0.513,-0.019
awkward,-0.133,0.245,0.082
awkwardness,-0.443,0.194,0.058
awning,-0.282,-0.224,-0.046
awry,-0.315,0.267,0.012
axe,0.015,0.280,-0.019
axial,-0.134,-0.123,-0.135
axiom,0.001,0.007,-0.118
axiomatic,0.019,-0.039,-0.166
axis,-0.369,0.032,-0.176
axle,-0.138,-0.113,-0.113
ay,-0.150,0.029,0.200
aye,-0.086,-0.105,0.061
azimuth,-0.133,0.053,-0.022
azure,-0.173,-0.262,0.035
babble,-0.217,-0.091,0.197
babbling,-0.279,0.008,0.084
babe,0.141,-0.239,0.244
baboon,-0.166,0.038,-0.068
baby,0.071,-0.339,0.119
babysit,0.077,-0.103,0.222
babysitter,-0.030,-0.175,0.092
baccalaureate,0.104,-0.160,0.129
baccarat,-0.007,-0.065,0.082
bachelor,0.111,-0.181,-0.040
bachelorette,0.225,0.021,0.289
back,-0.220,-0.063,0.003
backboard,-0.172,-0.154,-0.097
backbone,0.088,-0.047,-0.084
backdoor,-0.242,0.044,-0.008
backdrop,-0.222,-0.004,-0.151
backer,0.040,-0.190,-0.024
backfire,-0.070,0.247,-0.045
backgammon,-0.083,-0.125,0.065
background,-0.120,-0.026,-0.125
backhand,-0.140,0.013,0.013
backhoe,0.020,0.114,-0.062
backoff,-0.435,0.204,-0.067
backpack,-0.113,-0.326,0.104
backpacker,0.086,0.150,0.158
backroom,-0.129,0.063,0.033
backseat,-0.327,-0.047,0.035
backside,-0.312,0.166,-0.088
backtrack,-0.242,0.144,0.077
backup,0.053,-0.005,-0.021
backward,-0.340,0.036,0.008
backwardness,-0.393,0.173,0.127
backwards,-0.283,0.048,-0.047
backwater,-0.382,0.059,0.095
backwoods,-0.064,-0.134,-0.050
backyard,-0.223,-0.198,0.041
bacon,-0.095,-0.217,0.185
bacteria,-0.085,0.273,-0.174
bacterial,-0.191,0.248,-0.146
bacterium,-0.243,0.246,-0.015
bad,-0.219,0.352,-0.024
badass,0.187,0.377,-0.136
badday,-0.203,0.085,-0.023
badfeeling,-0.194,0.216,0.006
badge,0.166,-0.049,-0.106
badger,-0.215,0.058,-0.015
badhabit,-0.249,0.285,0.030
badly,-0.363,0.306,-0.052
badness,-0.075,0.515,0.008
baffle,-0.119,0.072,-0.094
baffled,-0.243,0.315,-0.001
bag,-0.254,-0.180,-0.008
bagel,-0.166,-0.124,0.050
baggage,-0.064,-0.177,0.028
baggie,-0.198,0.040,-0.011
baggy,-0.130,-0.170,-0.078
bagman,-0.074,-0.009,0.076
bagpipes,-0.017,0.005,0.111
bail,-0.010,0.108,-0.092
bailiff,0.120,0.135,-0.241
bait,-0.342,0.034,-0.061
bake,0.157,-0.321,0.118
bakery,0.063,-0.224,0.227
baking,-0.033,-0.069,0.033
bal,-0.096,-0.056,-0.006
balance,0.149,-0.285,-0.202
balanced,0.213,-0.380,-0.156
balcony,-0.108,-0.124,0.054
bald,-0.416,-0.087,-0.105
balding,-0.260,0.043,-0.078
baldy,-0.181,-0.010,-0.040
bale,-0.161,-0.053,-0.044
balk,-0.220,0.159,-0.098
ball,-0.048,-0.232,0.201
ballad,-0.013,-0.363,0.074
ballast,-0.264,0.043,0.035
ballerina,0.209,-0.109,0.249
ballet,-0.035,-0.133,0.162
ballgame,0.211,-0.007,0.357
ballistic,0.160,0.392,-0.075
ballistics,0.103,0.368,-0.029
balloon,-0.142,-0.349,0.098
ballot,-0.159,-0.117,0.032
ballpark,0.225,-0.027,0.193
ballplayer,0.283,0.026,0.203
ballpoint,-0.162,-0.190,0.083
ballroom,0.200,-0.160,0.275
ballsy,-0.051,-0.032,0.069
balm,-0.108,-0.249,-0.004
balmy,0.041,-0.250,-0.037
balsam,-0.122,-0.295,0.021
balsamic,-0.101,-0.211,-0.042
bam,-0.129,0.029,0.026
bamboo,-0.164,-0.303,0.018
ban,-0.023,0.390,-0.126
banana,-0.261,-0.278,0.085
band,0.117,-0.070,0.082
bandage,-0.377,0.074,-0.081
bandanna,-0.238,-0.209,0.061
bandit,-0.012,0.501,-0.079
bandstand,0.149,-0.144,0.118
bandwagon,0.141,0.014,0.136
bandwidth,0.063,-0.265,-0.019
bane,-0.121,0.298,0.086
bang,0.272,0.491,-0.032
banger,-0.014,0.117,-0.063
banish,-0.052,0.368,-0.094
banished,-0.215,0.465,-0.008
banishment,-0.184,0.427,0.127
banister,-0.206,-0.010,0.028
banjo,-0.157,-0.052,0.020
bank,0.075,-0.157,-0.185
banker,0.296,0.011,-0.112
banking,-0.078,-0.126,-0.089
bankroll,0.024,0.071,0.017
bankrupt,-0.203,0.356,0.046
bankruptcy,-0.361,0.477,0.073
banner,-0.052,-0.080,-0.022
banquet,0.238,-0.138,0.097
banshee,-0.029,0.111,0.005
banter,0.105,0.052,0.166
banzai,-0.012,-0.032,0.069
baptism,0.164,-0.326,0.056
baptismal,0.088,-0.208,-0.102
baptize,0.152,-0.220,0.009
bar,0.001,0.021,0.030
barb,-0.151,-0.059,-0.041
barbarian,0.255,0.410,-0.015
barbaric,0.183,0.407,-0.128
barbarism,0.079,0.446,-0.055
barbecue,0.182,-0.115,0.248
barbed,-0.149,0.297,-0.072
barber,-0.103,-0.066,0.098
barbershop,-0.065,-0.116,0.096
barbie doll,-0.071,-0.263,0.156
bard,-0.102,-0.043,-0.021
bare,-0.127,0.262,0.179
bareback,-0.161,-0.105,0.009
barefoot,-0.276,-0.059,0.083
barely,-0.345,-0.191,-0.038
barf,-0.161,0.105,-0.008
bargain,0.215,-0.081,-0.026
bargaining,0.230,0.014,0.037
barge,-0.094,-0.056,-0.052
baritone,0.060,-0.047,0.060
barium,-0.206,-0.039,-0.040
bark,-0.097,0.167,0.061
barkeep,-0.043,0.013,0.022
barks,-0.070,0.179,0.191
barley,-0.229,-0.290,0.038
barmaid,-0.046,-0.037,0.036
barman,0.027,0.004,0.174
barn,-0.072,-0.043,0.030
barnacle,-0.155,-0.048,-0.103
barney,-0.126,-0.051,-0.048
barnyard,-0.184,-0.116,0.038
barometer,-0.132,-0.073,-0.208
baron,0.093,-0.103,-0.212
baroness,0.224,-0.112,-0.141
baroque,-0.133,-0.095,-0.026
barrack,-0.093,0.086,-0.027
barracuda,0.026,0.268,0.029
barrage,0.213,0.342,0.061
barred,-0.037,0.426,-0.063
barrel,-0.151,-0.089,-0.126
barren,-0.426,0.137,-0.033
barricade,0.117,0.251,-0.113
barrier,-0.048,0.110,-0.133
barring,-0.080,0.264,0.048
barrister,0.229,0.083,-0.178
barroom,0.128,-0.054,0.175
barrow,-0.176,-0.085,0.010
bartender,0.192,0.087,0.084
barter,0.080,0.070,-0.051
base,0.009,-0.235,-0.082
baseball,0.249,0.066,0.175
baseball bat,0.122,-0.074,0.110
baseboard,-0.265,-0.137,-0.149
baseless,-0.251,0.064,-0.078
baseline,-0.066,-0.079,-0.087
baseman,-0.000,-0.112,0.048
basement,-0.224,0.071,0.106
bases,-0.026,-0.228,-0.173
bash,-0.062,0.113,-0.004
bashful,-0.300,-0.005,0.096
basic,-0.195,-0.382,-0.076
basics,-0.003,-0.267,-0.007
basil,-0.229,-0.188,0.025
basilica,0.062,-0.211,-0.150
basin,-0.177,-0.227,-0.051
basis,-0.118,-0.242,-0.031
bask,-0.038,-0.310,0.114
basket,-0.270,-0.165,-0.056
basketball,0.235,-0.048,0.339
bass,-0.345,-0.160,-0.035
bass guitar,-0.093,-0.271,0.185
basso,-0.124,0.002,-0.041
bassoon,-0.170,-0.054,0.094
bastard,-0.263,0.417,0.056
bastarding,-0.313,0.351,0.029
bastards,-0.179,0.423,-0.048
bastion,0.085,-0.018,-0.051
bat,-0.146,0.064,-0.120
batch,-0.142,-0.148,0.049
batching,-0.033,-0.043,-0.064
bate,-0.050,0.067,0.005
bath,-0.174,-0.338,0.140
bathe,-0.104,-0.275,0.061
bathhouse,-0.036,-0.158,0.012
bathing,-0.088,-0.334,0.089
bathrobe,-0.089,-0.067,0.056
bathroom,-0.186,-0.200,0.018
bathtub,-0.194,-0.277,0.044
bathymetry,-0.037,0.036,-0.049
baton,-0.226,-0.017,-0.266
battalion,0.282,0.353,-0.110
batter,-0.183,-0.225,-0.022
battered,-0.211,0.495,0.091
battering,-0.009,0.415,0.031
battery,-0.088,-0.040,-0.010
battle,0.412,0.420,-0.075
battled,0.091,0.356,0.009
battlefield,0.220,0.566,-0.141
battleground,0.273,0.578,-0.130
battlements,-0.118,0.123,-0.160
battleship,0.272,0.197,-0.029
batty,-0.169,0.163,0.161
bauble,-0.113,-0.203,0.225
bawdy,0.003,0.452,0.020
bawl,0.168,0.348,0.110
bay,0.094,-0.248,-0.016
bayonet,0.057,0.364,-0.005
bayou,-0.176,-0.033,0.069
bazaar,-0.025,-0.185,-0.037
bazooka,0.153,0.372,-0.010
bday,0.100,-0.100,0.223
be,-0.001,-0.300,-0.097
beach,0.173,-0.260,0.231
beaches,0.209,-0.262,0.148
beacon,0.022,-0.120,-0.038
bead,-0.094,-0.149,0.065
beading,-0.139,-0.159,-0.008
beads,0.070,-0.200,-0.014
beady,-0.107,-0.022,-0.031
beagle,-0.016,-0.133,0.127
beak,-0.192,-0.008,-0.073
beaker,-0.162,-0.009,-0.012
beam,-0.116,-0.170,0.039
beaming,0.332,-0.174,0.212
bean,-0.198,-0.290,0.117
beanbag,-0.198,-0.053,0.021
beanie,-0.301,-0.196,0.016
bear,-0.011,0.085,0.031
bearable,0.037,-0.112,-0.120
beard,-0.213,-0.163,-0.046
bearded,-0.187,-0.073,-0.043
bearer,0.185,-0.011,-0.062
bearing,-0.047,-0.144,-0.021
bearings,-0.099,0.049,0.006
bearish,-0.094,0.011,0.158
bearskin,-0.158,0.049,-0.111
beast,0.159,0.410,-0.144
beastly,0.251,0.529,-0.202
beat,-0.046,0.261,-0.020
beaten,-0.213,0.530,0.151
beater,-0.023,0.075,0.007
beating,-0.028,0.480,0.029
beatnik,-0.116,0.053,0.053
beau,-0.022,-0.125,0.068
beautification,0.390,-0.217,0.070
beautiful,0.348,-0.186,0.140
beautify,0.413,-0.214,0.078
beauty,0.322,-0.172,0.119
beaver,-0.157,-0.105,-0.016
bebop,-0.117,0.000,0.084
beck,-0.079,-0.147,0.027
beckon,0.025,-0.151,0.087
become,0.213,-0.039,0.014
bed,-0.230,-0.308,-0.009
bedding,-0.095,-0.307,0.060
bedpan,-0.143,-0.082,0.045
bedrock,0.025,-0.150,-0.125
bedroom,0.017,-0.317,0.012
bedside,-0.198,-0.310,-0.046
bedspread,-0.298,-0.295,-0.029
bedtime,-0.095,-0.259,0.069
bee,-0.124,-0.016,0.146
beef,-0.055,-0.189,-0.058
beefsteak,-0.038,-0.145,0.017
beehive,0.059,0.105,0.182
beep,-0.075,-0.049,0.203
beeper,0.031,0.194,0.131
beer,0.119,0.040,0.128
bees,0.032,0.044,0.164
beeswax,-0.096,-0.133,0.072
beetle,-0.305,0.020,-0.022
befall,0.149,0.102,0.040
befitting,-0.053,-0.270,0.082
befriend,0.252,-0.227,0.293
befuddled,-0.236,0.386,0.111
beg,-0.177,0.218,0.078
beggar,-0.454,0.104,0.087
begging,-0.338,0.111,0.085
begin,0.311,-0.069,-0.059
beginner,-0.096,-0.011,0.062
beginning,0.213,-0.207,0.127
beginnings,0.253,-0.221,0.107
begrudge,-0.140,0.388,0.056
begun,0.019,-0.132,0.151
behappy,0.259,-0.229,0.168
behave,0.201,-0.212,-0.160
behavior,0.246,-0.095,-0.202
behavioral,0.178,-0.113,-0.122
behemoth,0.431,0.149,-0.050
behest,0.138,-0.168,-0.184
behold,-0.085,-0.231,-0.030
beholden,-0.284,0.173,0.131
beholder,0.117,-0.160,0.084
beige,-0.338,-0.196,0.034
belated,-0.384,0.107,0.018
belay,0.133,-0.011,-0.154
belch,-0.311,0.253,0.067
belief,0.250,-0.366,0.014
believable,0.257,-0.333,-0.006
believe,0.209,-0.285,-0.062
believed,0.064,0.045,0.002
believer,0.132,-0.198,0.034
believing,0.386,-0.310,-0.097
belittle,-0.409,0.206,-0.054
belittled,-0.411,0.148,-0.024
bell,0.034,-0.030,0.027
bellboy,-0.188,-0.133,0.082
bellhop,-0.234,-0.155,0.009
belligerent,0.076,0.241,-0.041
bellman,-0.193,-0.207,-0.028
bellow,-0.412,0.058,-0.011
bellows,-0.065,0.038,0.037
belly,-0.130,-0.089,0.022
bellybutton,-0.190,-0.178,-0.007
bellyful,0.084,0.322,0.081
belong,0.076,-0.166,-0.031
belongings,0.169,-0.138,-0.193
beloved,0.438,-0.253,0.143
belt,-0.105,-0.155,-0.039
beluga,-0.088,-0.123,-0.074
bemused,-0.275,0.142,0.043
bench,-0.034,-0.195,-0.111
bend,-0.144,-0.178,0.029
bender,-0.025,0.013,0.024
bending,-0.028,0.081,0.042
beneath,-0.422,-0.131,-0.064
benedictory,0.045,-0.172,0.064
benefactor,0.388,-0.176,0.026
beneficial,0.344,-0.168,0.056
beneficiary,0.173,-0.264,-0.003
benefit,0.386,-0.334,-0.059
benevolence,0.223,-0.308,-0.100
benevolent,0.207,-0.264,-0.018
benign,0.074,-0.181,0.054
bent,-0.231,0.049,0.054
benzene,-0.120,0.012,0.015
bequeath,0.295,-0.165,-0.050
bequest,0.308,-0.170,-0.242
bereaved,-0.409,0.260,-0.009
bereavement,-0.033,0.292,-0.016
bereft,-0.259,0.182,-0.022
beret,-0.229,-0.217,-0.002
bergamot,-0.176,-0.107,0.042
berlin,0.060,-0.117,-0.047
berserk,-0.039,0.112,-0.004
berth,-0.111,0.040,-0.253
beryllium,-0.138,-0.004,-0.036
beseech,-0.041,0.087,-0.182
beset,-0.086,0.225,0.189
bestdayever,0.266,-0.083,0.140
bestfeeling,0.247,-0.210,0.065
bestfriends,0.400,-0.196,0.195
bestial,0.131,0.361,-0.092
besties,0.280,-0.270,0.112
bestow,0.209,-0.065,0.010
bestseller,0.348,-0.089,0.070
bet,-0.012,0.217,0.100
beta,-0.002,-0.244,0.072
betray,-0.025,0.588,-0.042
betrayal,-0.162,0.449,-0.023
betrayed,-0.199,0.451,0.098
betrothed,0.349,-0.144,0.115
betterment,0.410,-0.252,0.025
betting,-0.050,0.396,0.101
betty,-0.133,-0.133,0.025
bevel,0.050,-0.253,0.103
beverage,-0.018,-0.109,0.136
bevy,-0.025,0.026,-0.084
beware,-0.115,0.319,-0.127
bewilder,-0.215,0.180,0.091
bewildered,-0.217,0.276,0.080
bewilderment,-0.196,0.273,0.224
bias,-0.082,-0.015,-0.147
biased,-0.304,0.024,-0.126
bib,-0.224,0.005,-0.001
bible,0.141,-0.338,-0.201
biblical,0.127,-0.224,-0.188
bibliography,-0.061,-0.291,-0.122
bicarbonate,-0.133,-0.100,-0.056
bicentennial,-0.011,-0.082,-0.027
biceps,0.162,-0.002,0.022
bicker,-0.072,0.359,-0.128
bickering,-0.019,0.482,-0.042
bicolor,-0.112,-0.181,0.010
bicycle,0.058,-0.141,0.162
bid,0.256,-0.161,0.034
bidder,-0.078,0.005,0.015
bidding,0.118,0.037,0.114
bide,-0.268,0.022,0.036
biennial,-0.182,-0.160,0.012
bier,-0.094,-0.038,0.034
bifurcation,-0.105,0.163,0.115
big,0.418,-0.144,-0.022
bigamy,-0.006,0.259,0.037
bigday,0.307,-0.080,0.179
biggestfear,-0.123,0.475,-0.070
biggie,0.006,-0.035,0.005
bighorn,0.070,0.050,-0.039
bigmouth,-0.055,0.110,0.051
bigot,0.119,0.185,0.112
bigoted,-0.076,0.429,0.002
bigotry,0.028,0.267,0.074
bike,-0.017,-0.158,0.215
biker,0.201,0.072,0.118
bikini,0.074,-0.077,0.287
bilateral,-0.015,-0.205,-0.016
bilayer,-0.161,-0.030,-0.008
bile,-0.317,0.214,-0.064
bilge,-0.207,0.055,-0.086
bilingual,0.189,-0.172,0.034
bill,-0.073,0.009,-0.127
billboard,-0.054,-0.195,-0.042
billet,0.029,0.072,0.035
billiard,0.195,-0.077,0.138
billiards,0.018,-0.068,0.178
billing,0.067,0.062,-0.172
billion,0.344,-0.102,-0.055
billionaire,0.538,-0.088,-0.054
billy,-0.145,-0.069,0.025
bimbo,-0.259,-0.023,0.017
bimonthly,-0.163,-0.074,-0.134
bin,-0.258,-0.086,-0.025
binary,-0.132,-0.095,-0.028
bind,-0.107,0.045,-0.034
binder,-0.289,-0.136,-0.034
bindery,-0.043,-0.113,-0.026
binding,0.035,-0.001,-0.167
bing,-0.048,-0.089,0.068
binge,-0.026,0.245,-0.012
bingo,0.145,-0.058,0.252
binocular,-0.113,-0.133,-0.019
binoculars,-0.161,-0.128,-0.047
binomial,-0.049,-0.140,0.048
bio,-0.083,-0.271,-0.089
biochemical,0.010,0.088,-0.155
biochemist,0.118,-0.005,-0.191
biochemistry,0.110,-0.012,-0.024
biogenesis,0.162,-0.099,-0.122
biographer,0.153,-0.196,-0.021
biography,0.127,-0.321,-0.203
biological,0.085,-0.122,-0.085
biologist,0.179,-0.115,-0.099
biology,-0.085,-0.139,-0.165
bionic,0.277,0.009,-0.126
biopsy,-0.027,0.235,0.014
biosphere,0.077,-0.232,-0.048
bipartite,-0.103,0.082,-0.051
bipolar,-0.111,0.336,0.012
birch,-0.128,-0.156,0.027
bird,-0.053,-0.270,0.125
birdcage,-0.191,-0.064,0.060
birdie,-0.071,-0.145,0.051
birdman,0.102,0.058,-0.040
birth,0.297,-0.178,0.249
birthday,0.452,-0.099,0.360
birthing,0.341,0.046,0.334
birthmark,0.046,-0.121,0.041
birthplace,0.033,-0.348,0.026
birthright,0.207,-0.181,-0.105
bis,-0.180,-0.018,0.035
biscuit,-0.116,-0.458,0.240
bisexual,0.066,0.226,0.143
bishop,0.059,-0.276,-0.282
bison,0.045,-0.097,-0.041
bisque,-0.067,-0.187,0.191
bistro,-0.042,-0.092,0.101
bit,-0.326,-0.090,0.051
bitch,-0.111,0.321,0.132
bitchy,-0.152,0.358,0.047
bite,0.009,0.408,0.020
biter,-0.073,0.241,-0.061
bitsy,-0.134,-0.089,0.025
bitter,-0.144,0.288,-0.004
bitterly,-0.164,0.343,0.050
bitterness,-0.295,0.360,0.047
bittersweet,-0.001,0.069,0.041
bitty,-0.301,-0.146,0.028
bitumen,-0.329,-0.100,-0.071
biweekly,-0.070,-0.173,-0.019
biz,-0.033,-0.020,0.004
bizarre,-0.081,0.166,0.082
blab,-0.173,-0.013,0.031
blabbermouth,-0.078,0.221,0.046
black,-0.243,0.010,-0.095
black snake,0.056,0.539,-0.070
blackberry,0.007,-0.183,0.065
blackbird,-0.135,-0.129,-0.012
blackboard,-0.287,-0.155,-0.002
blacken,-0.342,0.200,0.048
blackface,-0.146,0.134,-0.059
blackjack,0.010,0.180,0.092
blacklist,-0.139,0.433,0.033
blackmail,-0.071,0.501,-0.017
blackmailer,-0.090,0.487,-0.023
blackness,-0.197,0.156,-0.061
blackout,-0.281,0.285,-0.058
blacksmith,0.151,0.045,-0.132
bladder,-0.212,0.000,0.024
blade,0.056,0.163,-0.067
blame,-0.263,0.367,0.024
blameless,-0.130,-0.404,0.066
bland,-0.479,-0.059,-0.009
blank,-0.295,-0.220,0.039
blanket,-0.135,-0.432,-0.011
blare,0.012,0.087,-0.009
blase,-0.194,-0.077,-0.081
blasphemous,-0.029,0.385,0.007
blasphemy,-0.104,0.455,0.056
blast,0.240,0.548,-0.116
blaster,0.037,0.058,-0.036
blastoff,0.274,0.365,-0.032
blatant,0.125,0.255,-0.107
blather,-0.172,0.095,-0.004
blaze,0.197,-0.159,-0.032
blazer,-0.048,-0.180,0.059
blazing,0.406,0.215,0.099
bleach,-0.304,-0.039,-0.085
bleak,-0.347,0.154,-0.024
bleed,-0.176,0.562,0.074
bleeder,-0.056,0.410,0.176
bleeding,-0.097,0.479,0.062
bleep,-0.043,0.124,0.188
blemish,-0.277,0.234,0.054
blemished,-0.272,0.210,-0.084
blend,-0.065,-0.012,-0.015
blender,-0.041,-0.057,0.170
blending,0.090,-0.094,-0.110
bless,0.167,-0.466,0.019
blessed,0.240,-0.440,-0.059
blessing,0.318,-0.460,-0.130
blessings,0.236,-0.401,0.045
bleu,-0.177,-0.077,-0.015
blight,-0.036,0.349,0.087
blighted,-0.269,0.327,0.034
blimp,0.030,-0.133,-0.023
blind,-0.467,0.139,-0.023
blinded,-0.336,0.153,0.048
blindfold,-0.056,0.157,0.188
blindfolded,-0.326,0.243,0.096
blinding,-0.120,0.204,0.023
blindly,-0.144,0.102,0.177
blindness,-0.357,0.158,0.077
blink,-0.190,-0.172,0.046
blip,-0.064,-0.051,0.049
bliss,0.361,-0.216,-0.043
blissful,0.385,-0.175,0.139
blister,-0.099,0.089,0.044
blistering,-0.124,0.156,0.039
blitz,0.274,0.225,-0.118
blizzard,-0.014,0.243,0.121
bloat,-0.189,0.321,0.115
bloated,-0.176,0.302,-0.056
blob,-0.206,-0.094,0.072
block,-0.249,0.047,-0.116
blockade,-0.044,0.100,-0.054
blockage,-0.114,0.253,-0.022
blockbuster,0.476,-0.029,-0.058
blockhead,-0.502,0.114,-0.010
blog,-0.033,-0.179,0.053
bloke,-0.002,0.024,-0.066
blond,0.033,-0.072,0.045
blonde,0.056,-0.116,0.180
blood,0.009,0.334,-0.093
bloodbath,-0.012,0.642,0.064
bloodhound,-0.077,0.101,-0.129
bloodless,-0.365,0.062,0.039
bloodline,0.155,0.105,0.019
bloodshed,0.004,0.633,0.008
bloodshot,-0.020,0.439,0.032
bloodstream,0.060,-0.016,0.022
bloodthirsty,0.026,0.540,-0.148
bloody,-0.025,0.623,-0.013
bloom,0.198,-0.257,0.066
bloomers,-0.024,0.040,0.130
blooming,0.224,-0.290,0.082
blossom,-0.100,-0.374,0.149
blot,-0.361,-0.049,0.020
blotched,-0.324,0.298,0.021
blotter,-0.326,-0.047,-0.025
blouse,-0.252,-0.280,0.006
blow,0.078,0.308,0.000
blower,0.082,-0.010,0.033
blowfish,-0.196,0.053,-0.042
blowing,-0.051,-0.037,0.040
blowjob,0.034,0.220,0.214
blown,-0.124,0.150,0.007
blowout,0.173,0.280,0.031
blowtorch,0.127,0.144,0.128
blubber,-0.272,-0.090,-0.088
bluddy,-0.122,0.153,-0.035
blue,-0.252,-0.365,0.016
blue spruce,-0.148,-0.162,0.032
blueberry,-0.171,-0.336,-0.004
bluebird,-0.072,-0.158,-0.012
bluegrass,-0.068,-0.098,0.075
bluejay,-0.061,-0.092,0.206
blueprint,-0.216,-0.221,-0.131
blues,-0.303,-0.180,-0.021
bluff,-0.232,-0.093,-0.071
bluish,-0.156,-0.256,-0.008
blunder,-0.374,0.342,0.144
blunt,0.419,0.105,-0.170
blur,-0.343,0.135,0.077
blurred,-0.348,0.027,0.027
blurry,-0.479,0.228,-0.079
blurt,-0.118,0.022,-0.036
blush,0.111,-0.070,0.193
blushing,-0.010,0.183,0.308
boa,-0.059,0.227,-0.108
boa constrictor,0.064,0.419,-0.065
boar,-0.155,0.062,0.058
board,-0.155,-0.240,-0.010
board game,-0.009,-0.166,0.200
boarder,0.005,-0.118,0.034
boarding,-0.007,-0.088,-0.062
boardroom,0.175,0.013,-0.049
boards,-0.108,-0.135,-0.157
boardwalk,0.097,-0.114,0.024
boast,0.101,0.048,0.009
boastful,0.282,0.226,0.028
boasting,0.090,0.147,-0.044
boat,0.009,-0.064,-0.073
boathouse,-0.081,-0.153,0.045
boating,0.164,-0.020,0.088
boatload,-0.119,0.038,-0.100
boatman,0.125,-0.014,0.041
bobbin,-0.155,0.026,0.052
bobcat,0.047,-0.050,0.004
bobsled,0.010,-0.050,0.262
bode,-0.187,0.044,-0.064
bodega,-0.130,-0.190,0.000
bodice,-0.151,0.055,0.010
bodily,0.079,-0.079,-0.005
body,0.129,-0.164,0.023
bodyguard,0.289,0.148,-0.056
bog,-0.263,0.042,-0.077
bogey,-0.146,0.094,0.044
bogeyman,0.056,0.225,0.048
bogus,-0.468,0.087,0.031
bohemian,-0.007,-0.092,0.123
boil,-0.002,0.184,0.107
boiler,0.080,0.018,0.072
boilerplate,-0.124,0.082,0.040
boiling,0.011,0.275,-0.009
boisterous,0.136,0.297,0.067
bold,-0.127,-0.151,-0.118
boldness,0.467,-0.081,0.030
bollocks,-0.165,0.010,0.079
bolster,0.140,-0.167,0.036
bolt,-0.192,0.008,-0.093
bolus,-0.148,0.041,0.062
bomb,0.212,0.536,-0.107
bombard,0.249,0.578,-0.104
bombardier,0.252,0.451,-0.124
bombardment,0.218,0.583,-0.086
bombed,0.036,0.572,-0.111
bomber,0.199,0.517,-0.209
bombers,0.245,0.538,-0.125
bombing,0.223,0.570,-0.067
bombshell,0.229,0.387,-0.015
bonanza,0.276,-0.325,0.004
bonbon,0.167,-0.231,0.240
bond,0.186,-0.102,0.001
bondage,-0.183,0.391,0.042
bonding,0.026,-0.108,0.007
bonds,0.166,-0.189,0.042
bondsman,0.110,0.028,-0.137
bone,-0.206,0.025,-0.089
bonehead,-0.058,0.133,-0.079
boner,-0.102,0.185,0.060
bones,-0.287,0.044,-0.092
bonfire,0.075,0.164,0.129
bong,-0.142,0.161,0.042
bonkers,-0.092,0.370,0.249
bonne,-0.176,-0.041,0.013
bonnet,-0.062,0.073,-0.021
bonny,-0.056,-0.113,0.016
bonsai,-0.111,-0.343,0.044
bonus,0.367,-0.168,0.111
bony,-0.169,0.006,0.070
boo,-0.227,0.364,0.062
boob,0.066,-0.076,0.222
booby,-0.317,0.009,0.125
booger,-0.086,0.095,0.022
boogeyman,-0.027,0.194,-0.113
boogie,-0.007,-0.040,0.135
book,0.088,-0.414,-0.087
bookcase,-0.114,-0.231,-0.120
bookie,0.071,0.210,-0.083
booking,0.165,-0.145,0.044
bookish,-0.125,-0.260,-0.046
bookkeeper,-0.099,-0.081,-0.062
bookkeeping,-0.060,-0.208,-0.210
booklet,-0.213,-0.172,-0.018
bookmaker,0.283,0.155,0.114
bookmark,-0.068,-0.075,0.047
books,-0.121,-0.434,-0.052
bookseller,-0.078,-0.188,-0.030
bookshop,-0.087,-0.285,0.053
bookstore,-0.016,-0.416,-0.047
bookworm,-0.180,-0.166,0.068
boom,0.293,0.041,-0.025
boomer,-0.034,0.039,0.052
boomerang,0.075,0.064,0.083
booming,0.236,-0.092,0.009
boon,0.192,-0.409,-0.029
boooo,-0.268,0.189,0.086
boost,0.472,-0.095,0.128
booster,0.392,-0.103,-0.030
boot,0.131,0.154,-0.034
booth,-0.170,-0.099,0.091
bootleg,-0.087,0.115,-0.034
bootlegger,0.028,0.210,-0.017
boots,-0.175,-0.249,0.019
booty,0.328,-0.046,-0.070
booze,-0.050,0.336,0.069
bop,-0.094,0.041,0.012
bopper,-0.120,0.090,0.047
border,-0.158,-0.017,-0.057
bordering,-0.030,-0.187,0.047
borderline,-0.023,0.050,-0.006
bore,-0.103,0.017,-0.041
boreal,-0.104,-0.168,0.025
bored,-0.552,0.009,-0.138
boredom,-0.516,-0.018,-0.187
borer,-0.019,0.180,-0.122
boring,-0.559,0.010,-0.042
born,0.252,-0.254,0.117
boron,-0.182,-0.052,-0.013
borough,-0.197,-0.062,-0.037
borrow,-0.174,0.115,0.141
borrower,0.123,0.002,-0.252
bosom,0.028,-0.024,0.168
boss,0.295,0.244,-0.334
bossy,0.206,0.422,-0.120
boston,0.072,-0.183,-0.052
botanical,-0.042,-0.282,-0.049
botanist,-0.081,-0.290,-0.039
botany,-0.091,-0.281,-0.113
bother,-0.106,0.399,0.103
bothering,-0.056,0.391,0.040
bottle,-0.260,-0.166,-0.046
bottleneck,-0.276,0.127,0.028
bottling,-0.241,-0.023,-0.066
bottom,-0.255,-0.038,0.034
bottomless,-0.205,0.111,-0.016
botulism,-0.150,0.197,0.020
boulder,-0.088,-0.102,-0.144
bounce,-0.081,0.177,0.091
bouncer,0.180,0.119,-0.028
bouncy,0.010,-0.003,0.114
bound,-0.099,0.167,0.182
boundary,0.008,-0.094,-0.023
boundless,0.269,-0.029,0.061
bounds,-0.021,0.042,-0.170
bountiful,0.409,-0.179,0.043
bounty,0.492,0.002,0.034
bouquet,-0.100,-0.272,0.160
bourbon,0.058,-0.080,0.032
bourgeois,0.146,0.116,-0.104
bourgeoisie,0.082,0.058,-0.297
bourse,-0.233,-0.215,-0.020
bout,0.131,0.431,-0.095
boutique,0.074,-0.187,0.152
bouttime,-0.082,-0.155,0.035
bovine,-0.249,-0.138,-0.057
bow,-0.144,-0.159,-0.028
bowed,-0.180,0.003,0.003
bowel,-0.215,0.079,-0.063
bowels,-0.277,0.180,-0.079
bowl,-0.099,-0.181,0.091
bowler,0.076,0.053,0.111
bowling,-0.094,-0.169,0.169
bowls,-0.241,-0.198,0.058
box,-0.290,-0.229,-0.045
boxcar,-0.112,0.033,-0.001
boxer,0.362,0.234,-0.044
boxers,0.231,0.359,0.041
boxing,0.238,0.303,0.058
boy,-0.019,-0.182,0.049
boycott,-0.099,0.412,-0.085
boyfriend,0.224,-0.130,0.159
boyhood,0.231,0.003,0.243
boyish,0.101,-0.102,0.155
boysenberry,0.011,-0.169,0.038
bozo,-0.267,-0.021,0.012
bra,0.106,-0.104,0.092
brace,-0.099,-0.165,0.084
bracelet,-0.068,-0.318,0.167
braces,-0.029,-0.109,-0.136
brachial,-0.147,-0.015,-0.103
bracket,0.055,-0.088,-0.212
brackets,-0.115,-0.206,-0.040
brackish,-0.136,-0.072,-0.032
brad,-0.131,-0.076,0.000
brag,0.002,0.145,-0.102
braid,-0.375,-0.151,0.009
brain,0.289,-0.148,-0.175
brainless,-0.471,0.119,-0.086
brains,0.269,-0.069,-0.044
brainstorm,0.380,-0.011,0.202
brainwash,-0.094,0.319,-0.051
brainy,0.220,-0.130,0.009
brake,-0.240,0.115,0.031
bran,0.049,-0.183,0.065
branch,-0.303,-0.241,0.030
branching,-0.048,-0.069,-0.014
brand,-0.038,-0.192,-0.120
brandy,0.083,-0.011,0.106
brash,0.118,0.320,0.068
brass,-0.093,-0.124,-0.091
brass knuckle,-0.058,0.034,-0.085
brassiere,-0.129,-0.036,0.101
brat,-0.317,0.083,0.063
bratwurst,-0.026,-0.016,0.024
bravado,0.014,0.023,-0.023
brave,0.589,-0.054,0.010
bravery,0.581,-0.103,0.070
brawl,0.087,0.593,-0.021
brawn,-0.046,-0.021,-0.113
brazen,-0.024,0.248,-0.035
breach,-0.100,0.399,0.032
bread,-0.124,-0.251,0.084
breadth,0.182,-0.122,-0.025
break,-0.152,-0.247,0.014
breakable,-0.139,0.333,0.008
breakaway,0.147,0.224,0.142
breakdown,-0.205,0.039,-0.011
breaker,-0.061,0.148,-0.084
breakers,-0.018,0.080,0.075
breakfast,0.059,-0.399,0.140
breaking and entering,0.068,0.217,0.086
breakingnews,0.102,0.040,-0.045
breakneck,0.112,0.412,-0.008
breakthrough,0.259,-0.104,-0.050
breakup,-0.123,0.326,0.099
breast,0.092,-0.232,0.082
breath,0.004,-0.210,0.063
breathe,0.118,-0.328,0.078
breather,-0.033,-0.114,0.121
breathless,-0.294,0.109,0.102
breathtaking,0.661,-0.096,0.078
breech,0.009,0.091,0.129
breeches,-0.209,0.061,0.027
breed,0.023,-0.030,-0.091
breeder,0.139,-0.113,-0.013
breeding,0.154,-0.129,-0.006
breeze,-0.030,-0.398,0.133
breezy,-0.011,-0.042,0.012
brethren,0.252,-0.378,0.037
breve,-0.271,-0.132,0.156
brevity,-0.143,-0.021,0.031
brew,0.324,-0.136,-0.042
brewery,0.170,-0.067,0.160
brewing,0.243,-0.105,0.090
briar,-0.131,-0.085,-0.007
bribe,-0.123,0.410,-0.063
bribery,0.011,0.457,-0.083
brick,-0.276,0.143,-0.089
bridal,0.304,-0.123,0.173
bride,0.326,-0.099,0.222
bridegroom,0.286,-0.060,0.258
bridesmaid,0.218,-0.161,0.048
bridge,-0.008,-0.211,-0.049
bridle,-0.183,-0.044,-0.029
brief,-0.271,-0.125,0.029
briefcase,-0.162,-0.235,-0.100
briefing,0.122,-0.187,-0.176
briefly,-0.119,-0.270,0.105
brig,0.055,-0.026,0.056
brigade,0.389,0.084,-0.062
bright,0.433,-0.250,-0.014
brighten,0.260,-0.149,0.047
brightens,0.270,-0.115,0.112
brighter,0.544,-0.152,0.079
brightness,0.393,-0.225,0.166
brilliance,0.565,-0.221,0.101
brilliant,0.560,-0.248,-0.040
brim,-0.218,-0.100,0.011
brimming,0.355,0.029,0.001
brimstone,-0.105,0.115,-0.016
brine,-0.193,0.102,0.006
bring,0.021,-0.127,0.069
brink,-0.208,0.024,-0.008
brisk,0.401,0.021,0.072
brisket,-0.234,-0.134,0.150
bristle,-0.248,-0.003,-0.008
brittle,-0.281,0.145,0.045
bro,0.207,-0.309,-0.068
broach,0.067,0.010,-0.183
broad,0.165,-0.277,-0.043
broadcast,-0.006,-0.029,0.202
broadcasting,0.265,0.116,-0.013
broaden,0.217,-0.054,0.065
broadside,-0.136,-0.099,-0.094
broadsword,0.103,0.078,-0.054
brocade,-0.109,-0.121,-0.069
broccoli,-0.316,-0.194,-0.029
brochure,-0.184,-0.231,-0.049
broil,-0.164,-0.081,0.070
broke,-0.178,0.241,0.017
broken,-0.368,0.308,-0.067
brokenheart,-0.269,0.325,-0.034
brokenhearted,-0.335,0.324,0.065
broker,0.095,-0.081,-0.050
brokerage,-0.011,0.015,-0.010
bromide,-0.177,0.055,-0.053
bronco,-0.015,0.006,0.024
bronze,-0.000,-0.202,-0.050
brooch,-0.186,-0.193,-0.033
brood,0.027,-0.086,0.120
brooding,-0.271,0.026,-0.040
brook,-0.090,-0.177,0.022
broom,-0.366,-0.164,-0.107
broomstick,-0.355,-0.108,0.017
broth,-0.362,-0.190,0.090
brothel,0.003,0.440,0.150
brother,0.128,-0.327,0.047
brotherhood,0.418,-0.363,0.040
brotherly,0.158,-0.394,0.003
brow,-0.073,-0.176,-0.060
brown,-0.344,-0.139,-0.069
brownstone,-0.052,-0.098,0.028
browse,0.253,0.079,0.138
brrr,-0.202,0.110,0.111
bruise,-0.135,0.361,-0.081
bruising,-0.254,0.311,-0.134
brunch,-0.226,-0.033,-0.011
brunette,0.185,-0.198,0.140
brunt,-0.137,0.380,0.099
brush,-0.345,-0.168,0.084
brutal,0.098,0.543,-0.071
brutality,0.022,0.505,-0.049
brute,-0.257,0.306,-0.075
brutish,0.110,0.402,0.013
bubble,-0.099,-0.402,0.068
bubbling,-0.114,-0.048,0.046
bubbly,0.123,-0.070,0.180
bubonic,-0.172,0.175,-0.016
buck,0.284,-0.066,-0.025
buckaroo,-0.056,0.015,-0.027
bucket,-0.324,-0.170,-0.112
buckle,-0.203,-0.033,-0.014
buckled,-0.148,-0.048,-0.070
bucko,-0.077,0.012,-0.029
buckshot,-0.136,0.335,0.136
buckwheat,-0.067,-0.016,0.025
bud,-0.188,-0.046,0.043
buddha,0.025,-0.341,-0.145
buddhism,-0.054,-0.265,-0.324
buddhist,-0.131,-0.271,-0.127
budding,-0.110,0.001,0.095
buddy,0.344,-0.213,0.123
budge,0.262,0.019,0.214
budget,0.189,-0.165,-0.147
buff,-0.106,-0.102,0.084
buffalo,0.017,0.043,-0.018
buffer,-0.111,-0.039,0.099
buffering,-0.112,-0.012,0.055
buffet,0.113,-0.080,0.087
buffoon,-0.158,0.208,0.152
bug,-0.290,0.144,0.073
bugaboo,-0.077,0.035,0.007
bugged,0.001,-0.086,-0.004
bugger,-0.052,0.222,-0.003
buggy,-0.121,-0.001,0.124
bugle,-0.047,0.071,0.113
bugler,-0.038,-0.007,0.116
build,0.378,-0.151,-0.056
builder,0.293,-0.009,0.016
building,0.126,-0.287,-0.137
buildings,0.021,-0.140,-0.062
buildup,0.088,0.019,-0.084
bulb,-0.253,-0.255,0.008
bulbous,-0.133,0.037,-0.036
bulge,-0.198,0.160,-0.053
bulimic,-0.262,0.338,-0.069
bulk,-0.051,-0.037,-0.068
bulkhead,-0.200,0.080,-0.063
bulky,0.188,0.126,-0.157
bull,0.181,0.087,-0.013
bulldog,0.090,0.109,0.058
bulldozer,0.106,0.070,-0.091
bullet,0.192,0.275,0.024
bulletin,-0.163,-0.201,0.018
bulletproof,0.432,-0.017,0.048
bullfighter,0.233,0.247,0.023
bullfrog,-0.143,0.096,-0.031
bullheaded,-0.009,0.362,-0.010
bullhorn,0.249,0.108,-0.074
bullion,0.289,-0.090,-0.034
bullock,-0.246,0.086,-0.072
bullpen,0.013,0.048,0.017
bullshit,-0.373,0.439,0.095
bully,0.047,0.354,-0.021
bulwark,0.177,0.006,-0.068
bum,-0.382,0.110,0.106
bumblebee,-0.148,0.010,0.105
bummed,-0.333,0.088,0.052
bummer,-0.337,0.234,-0.001
bump,-0.222,0.120,-0.034
bumper,-0.009,0.134,-0.027
bumpy,-0.068,0.263,0.063
bun,-0.299,-0.089,0.018
bunch,-0.062,-0.137,-0.034
bundle,-0.118,-0.118,-0.035
bungalow,-0.108,-0.151,0.014
bungee,-0.036,-0.076,0.209
bunghole,-0.217,0.099,-0.071
bunion,-0.340,0.043,-0.050
bunk,-0.228,-0.078,-0.010
bunker,0.218,0.221,-0.153
bunkhouse,-0.123,-0.042,0.003
bunny,-0.186,-0.307,0.230
bunt,-0.188,-0.000,0.022
buoy,-0.231,-0.206,0.059
buoyancy,0.029,-0.176,-0.036
buoyant,0.032,-0.131,0.030
bur,-0.262,-0.026,-0.007
burden,0.116,0.162,-0.154
burdened,0.021,0.067,-0.068
burdensome,-0.100,0.328,0.033
bureau,0.055,-0.127,-0.121
bureaucracy,0.151,0.151,-0.180
bureaucrat,-0.065,0.229,-0.197
bureaucratic,0.005,0.252,-0.085
burger,0.052,-0.094,0.197
burglar,-0.165,0.507,-0.002
burglary,0.054,0.546,0.029
burial,-0.232,0.261,0.015
buried,-0.263,0.281,-0.069
burke,-0.081,-0.018,-0.015
burlap,-0.118,0.021,0.007
burlesque,-0.145,0.198,0.088
burly,0.283,0.069,-0.061
burn,0.002,0.399,0.014
burned,-0.229,0.308,0.000
burner,0.010,0.363,0.112
burning,-0.075,0.371,0.073
burnished,0.022,0.039,0.078
burnout,-0.354,0.154,0.015
burnt,-0.211,0.443,0.016
burp,-0.144,0.265,-0.036
burr,-0.229,0.020,0.039
burrito,-0.247,-0.292,0.208
burro,-0.250,-0.035,-0.001
burrow,-0.241,-0.113,-0.050
bursary,0.147,-0.189,0.040
burst,0.267,0.535,-0.187
bury,-0.288,0.348,-0.057
bus,-0.161,0.002,-0.024
busboy,-0.060,-0.042,0.020
bush,-0.311,-0.138,-0.067
bushel,-0.191,-0.023,-0.010
bushy,-0.108,-0.171,-0.018
business,0.311,-0.078,-0.048
business man,0.375,0.064,-0.230
businessman,0.299,-0.091,-0.129
businesswoman,0.300,-0.147,-0.077
busload,0.015,-0.058,0.024
buss,-0.094,0.018,0.060
bust,-0.048,-0.018,0.065
busted,-0.176,0.329,0.061
buster,-0.032,0.016,-0.008
bustle,0.034,0.325,0.136
bustling,0.182,0.250,0.167
busy,-0.068,0.070,-0.029
busybody,-0.078,0.268,-0.025
butane,-0.124,0.025,0.046
butcher,0.114,0.056,-0.033
butler,-0.192,-0.170,-0.122
butt,-0.087,0.259,0.163
butter,-0.240,-0.265,0.164
buttercup,-0.034,-0.061,0.074
butterfly,-0.022,-0.411,0.221
buttermilk,-0.166,-0.235,0.096
butterscotch,0.004,-0.150,0.204
buttery,-0.167,-0.224,0.096
buttock,-0.141,0.111,0.167
buttocks,-0.034,0.147,0.169
button,-0.238,-0.214,-0.035
buttress,0.217,0.181,-0.081
buxom,0.169,0.108,0.117
buy,0.344,-0.006,0.199
buyer,0.173,-0.062,-0.038
buying,0.282,0.080,0.172
buzz,-0.085,0.244,0.108
buzzard,-0.274,0.097,0.118
buzzed,0.027,-0.028,0.102
buzzer,0.113,0.113,0.155
buzzing,-0.087,0.106,0.104
bye,-0.241,0.013,0.008
bygone,-0.360,0.057,-0.106
bylaw,0.087,-0.055,-0.239
byline,-0.086,-0.015,0.003
bypass,-0.181,-0.011,0.023
bystander,-0.035,-0.012,-0.024
byte,-0.130,-0.079,-0.006
byzantine,-0.010,-0.073,-0.003
cab,-0.093,0.035,0.019
cabal,0.008,-0.062,-0.101
cabana,-0.066,-0.288,0.048
cabaret,0.150,-0.021,0.182
cabbage,-0.353,-0.126,-0.036
cabbie,-0.081,-0.075,0.014
cabernet,-0.031,-0.087,-0.009
cabin,-0.079,-0.250,0.003
cabinet,-0.092,-0.173,-0.057
cable,-0.128,-0.239,-0.054
caboodle,-0.102,-0.014,0.146
caboose,-0.097,0.008,-0.011
cabriolet,0.075,-0.105,0.113
cache,-0.127,-0.147,0.019
cacophony,-0.060,0.107,0.031
cactus,-0.229,-0.026,0.072
cad,-0.141,-0.031,-0.010
cadaver,-0.317,0.461,0.044
caddie,-0.195,-0.070,0.141
caddy,-0.061,-0.084,0.105
cadence,-0.154,0.028,0.050
cadet,0.069,-0.070,-0.169
cafe,-0.015,-0.284,0.173
cafeteria,-0.005,-0.260,0.150
caffeine,0.155,0.134,0.171
cage,-0.279,0.012,-0.077
cagey,0.015,-0.121,-0.111
cahoots,-0.019,0.270,0.035
cairn,-0.329,0.118,0.019
cake,-0.060,-0.320,0.227
cakewalk,0.075,-0.154,0.147
calamari,-0.148,-0.149,-0.028
calamitous,-0.052,0.331,-0.033
calamity,-0.161,0.470,0.088
calcareous,-0.096,-0.085,-0.050
calcium,-0.039,-0.179,-0.022
calculate,-0.071,-0.028,0.011
calculated,0.163,-0.140,-0.103
calculating,0.036,-0.012,-0.144
calculation,0.127,-0.133,-0.029
calculator,-0.034,-0.155,-0.173
calculus,-0.092,0.008,-0.186
calendar,-0.167,-0.185,-0.148
calender,-0.128,-0.180,-0.074
calf,-0.167,-0.122,0.055
caliber,0.066,0.091,-0.079
calibrate,0.096,-0.060,-0.082
calico,-0.131,-0.044,-0.127
calipers,-0.019,0.021,0.009
calisthenics,0.141,0.069,0.088
call,0.149,0.022,0.074
callback,-0.022,-0.000,0.073
caller,0.107,-0.028,0.152
calligraphy,-0.076,-0.282,-0.097
calling,0.103,-0.044,0.131
callous,-0.210,0.180,-0.043
calls,0.058,-0.123,-0.021
calm,-0.162,-0.556,0.112
calming,-0.098,-0.557,0.065
calmness,-0.049,-0.591,0.065
caloric,-0.132,0.111,-0.056
calorie,-0.117,0.145,-0.008
calorimeter,-0.080,0.106,0.047
cam,-0.196,-0.063,0.000
camaraderie,0.278,-0.228,0.063
camber,-0.135,-0.033,-0.056
camcorder,-0.043,-0.096,0.016
camel,-0.219,-0.187,0.029
cameo,0.022,-0.082,0.005
camera,-0.119,-0.253,0.035
cameraman,0.028,-0.062,-0.035
camisole,-0.212,-0.175,-0.051
camouflage,-0.027,0.101,0.051
camouflaged,-0.067,0.057,-0.157
camp,0.185,-0.004,0.057
campaign,0.394,0.099,-0.048
campaigner,0.373,0.084,-0.069
campaigning,0.268,0.100,-0.062
camper,0.037,-0.034,0.063
campfire,0.046,-0.125,0.134
camping,0.075,-0.092,0.103
campsite,0.119,-0.135,0.048
campus,0.012,-0.152,-0.024
can,-0.020,-0.216,0.033
can opener,-0.171,0.026,0.101
canal,-0.159,-0.299,0.075
canary,-0.236,-0.224,0.079
cancel,-0.331,0.068,-0.151
canceling,-0.259,0.169,-0.042
cancellation,-0.251,0.147,-0.093
cancer,-0.109,0.459,-0.128
candid,-0.019,-0.227,0.027
candidacy,0.212,0.124,-0.054
candidate,0.263,-0.063,-0.169
candied,-0.077,-0.277,0.106
candle,-0.196,-0.273,0.004
candlelight,-0.015,-0.355,0.083
candles,-0.251,-0.296,0.055
candlestick,0.013,0.060,-0.031
candor,0.144,-0.245,-0.019
candy,0.094,-0.368,0.245
cane,-0.191,-0.114,-0.059
canine,0.015,-0.008,0.124
canister,-0.153,-0.200,-0.033
canker,-0.186,0.148,-0.080
cannabis,-0.068,0.168,-0.153
canned,-0.265,-0.033,0.013
cannibal,-0.048,0.496,0.010
cannibalism,0.044,0.566,-0.039
canning,-0.231,-0.077,0.102
cannon,0.324,0.114,-0.104
cannonball,0.272,0.358,-0.068
canoe,-0.134,-0.172,-0.032
canon,-0.019,0.098,-0.073
canonical,0.065,-0.087,-0.112
canons,0.052,0.148,-0.071
canopy,-0.129,-0.250,-0.003
cantaloupe,-0.254,-0.275,0.041
cantbreathe,-0.118,0.266,0.074
canteen,0.151,-0.066,0.135
canterbury,0.018,-0.102,-0.001
canthandleit,-0.124,0.177,0.092
cantilever,-0.072,0.181,0.050
cantina,0.039,-0.034,0.214
canto,0.158,-0.224,0.074
canton,0.033,-0.048,-0.020
cantstandit,-0.133,0.084,0.094
cantwin,-0.262,0.171,0.029
canvas,-0.185,-0.447,-0.025
canvass,-0.056,-0.230,0.076
canyon,0.191,0.188,0.018
cap,-0.159,-0.266,-0.002
capability,0.366,-0.182,0.040
capable,0.207,-0.130,0.142
capacity,0.288,-0.207,-0.154
cape,-0.215,-0.211,-0.031
caper,-0.183,-0.104,0.054
capillary,-0.156,-0.075,-0.016
capital,0.226,-0.002,-0.196
capitalism,0.315,0.181,-0.163
capitalist,0.195,0.174,-0.250
capitalize,0.462,-0.110,-0.080
capitals,0.239,-0.178,0.015
capitation,0.068,0.039,-0.055
capitol,0.106,-0.103,-0.192
capitulation,0.043,0.127,-0.114
cappuccino,-0.044,-0.368,0.099
caprice,-0.067,0.214,0.045
capricious,-0.067,0.305,-0.052
caps,-0.224,-0.205,-0.056
capslock,-0.209,0.046,-0.069
capsule,-0.008,-0.202,-0.123
captain,0.436,0.088,-0.213
caption,-0.031,-0.376,0.120
captivate,0.310,-0.062,-0.002
captivating,0.470,-0.207,0.023
captive,-0.169,0.228,-0.034
captivity,-0.222,0.189,-0.057
captor,0.064,0.202,-0.082
capture,0.027,0.208,-0.012
car,0.156,-0.172,0.154
caramel,0.062,-0.389,0.186
carat,0.338,-0.154,0.090
caravan,0.063,-0.059,0.128
carbon,-0.124,-0.178,0.077
carburetor,0.078,0.102,0.008
carcass,-0.316,0.290,-0.037
carcinoma,-0.125,0.381,-0.020
card,-0.141,-0.184,-0.067
cardboard,-0.295,-0.233,-0.047
cardiac,0.132,0.300,-0.009
cardigan,-0.206,-0.203,0.114
cardinal,0.127,-0.149,-0.184
cardiologist,0.268,0.133,-0.165
cardiology,-0.051,0.250,-0.190
cardiomyopathy,-0.065,0.335,-0.101
cards,-0.184,-0.183,0.057
care,0.052,-0.255,0.039
career,0.297,-0.023,0.157
carefree,-0.007,-0.377,-0.031
careful,0.102,-0.063,0.060
carefully,0.049,-0.258,-0.028
careless,-0.426,0.114,0.104
carelessness,-0.259,0.165,-0.015
caress,0.133,-0.297,0.108
caret,0.050,-0.179,0.003
caretaker,0.309,-0.122,-0.059
cargo,-0.105,0.026,-0.043
caribou,-0.107,-0.085,0.112
caricature,-0.094,-0.168,0.061
caries,-0.316,0.317,0.003
caring,0.052,-0.119,0.048
carjack,0.012,0.168,0.112
carnage,0.043,0.139,-0.030
carnal,-0.013,0.180,0.112
carnation,-0.042,-0.212,0.043
carnival,0.438,-0.039,0.378
carnivorous,0.026,0.284,-0.174
carol,-0.002,-0.189,0.079
carols,0.128,-0.307,0.129
carousel,0.038,-0.151,0.158
carp,-0.159,-0.149,0.005
carpal,-0.166,-0.086,-0.063
carpenter,0.048,0.020,0.024
carpentry,0.024,-0.072,-0.005
carpet,-0.264,-0.249,-0.059
carpeting,-0.110,-0.162,-0.044
carpool,0.066,-0.084,0.065
carriage,0.086,-0.083,0.099
carried,-0.037,-0.073,-0.092
carrier,0.158,0.043,-0.031
carrot,-0.287,-0.192,0.008
carry,0.010,-0.180,-0.001
carrying,0.064,-0.076,0.145
carsick,-0.279,0.240,0.077
cart,-0.146,-0.127,0.002
carte,-0.204,-0.200,0.102
cartel,-0.008,-0.024,-0.158
carter,-0.153,0.119,-0.053
cartilage,-0.160,-0.049,-0.036
cartographic,-0.133,-0.101,-0.035
cartography,-0.029,-0.149,-0.154
carton,-0.444,-0.073,-0.095
cartoon,0.087,-0.290,0.238
cartouche,-0.093,0.022,-0.023
cartridge,-0.088,0.026,0.044
carve,0.028,-0.013,-0.113
carver,-0.041,0.059,-0.039
carving,-0.102,-0.074,0.080
cascade,0.045,-0.168,0.190
case,-0.187,-0.105,-0.117
casein,-0.107,-0.026,0.009
cash,0.362,-0.220,0.057
cashier,0.004,-0.144,0.019
cashmere,0.009,-0.146,0.089
casing,-0.228,-0.096,0.004
casino,0.158,0.099,0.074
cask,-0.094,-0.065,-0.022
casket,-0.303,0.258,-0.079
casserole,-0.157,-0.154,0.076
cassette,-0.189,-0.113,0.005
cast,0.098,0.041,0.082
castaway,-0.132,0.309,-0.006
caste,-0.166,-0.128,0.001
caster,0.239,0.048,0.041
castle,0.198,-0.192,-0.121
castor,-0.132,-0.178,0.042
castrate,-0.154,0.224,-0.176
castration,-0.124,0.375,0.066
casual,-0.144,-0.299,-0.003
casually,-0.143,-0.266,0.076
casualty,-0.506,0.020,0.004
cat,-0.126,-0.292,0.039
catabolism,-0.006,0.225,-0.145
catalog,-0.050,-0.233,-0.173
catalogue,0.014,-0.224,-0.047
catalysis,-0.007,0.125,-0.044
catalyst,0.117,-0.065,-0.004
catalytic,0.085,-0.029,-0.003
catamaran,0.086,-0.005,0.052
catapult,0.255,0.248,0.068
cataract,0.010,0.101,-0.054
catastrophe,0.163,0.575,-0.040
catastrophic,0.065,0.614,-0.036
catatonic,-0.116,0.178,-0.123
catch,0.023,-0.064,-0.055
catcher,0.063,-0.169,-0.002
catching,0.237,0.212,0.053
catchphrase,0.013,-0.199,0.099
catchy,0.032,-0.170,0.079
catechism,0.033,-0.290,-0.147
categorical,0.218,-0.112,-0.156
category,-0.062,-0.213,-0.109
cater,0.157,-0.218,0.138
caterer,0.156,0.009,-0.044
caterpillar,-0.245,-0.126,-0.018
cates,-0.183,0.017,-0.056
catfish,-0.247,-0.091,0.032
cathartic,0.055,0.048,-0.090
cathedral,0.071,-0.182,-0.144
catheter,-0.178,0.107,0.004
catholic,0.003,-0.282,-0.123
cathouse,-0.245,0.033,-0.056
catnip,-0.235,-0.047,0.047
cattle,-0.056,-0.201,0.009
catwalk,0.042,-0.189,0.085
caucus,-0.138,-0.071,-0.136
caudal,0.024,-0.048,-0.098
cauldron,-0.061,-0.020,0.054
cauliflower,-0.338,-0.143,0.027
caulk,-0.126,0.093,-0.007
causal,-0.039,-0.137,-0.037
causality,-0.177,-0.091,0.047
causation,0.070,-0.056,-0.027
cause,-0.086,-0.066,-0.074
caused,-0.154,0.122,0.018
causeway,-0.136,-0.051,-0.033
caution,0.161,0.110,0.108
cautionary,0.038,0.022,0.014
cautious,-0.029,-0.015,-0.056
cautiously,-0.031,-0.083,-0.073
cavalier,0.253,-0.187,-0.055
cavalry,0.404,0.048,0.001
cave,-0.187,-0.091,-0.028
caveat,-0.028,0.201,0.007
caveman,-0.076,0.290,-0.036
cavern,-0.253,0.026,-0.068
cavernous,-0.077,0.137,-0.017
caviar,0.138,-0.368,0.150
caving,-0.028,0.084,-0.098
cavity,-0.160,-0.060,0.005
cayenne,-0.140,-0.223,0.049
cease,-0.233,-0.095,-0.135
ceasefire,0.114,0.037,0.025
ceaseless,0.151,0.236,-0.056
cedar,-0.026,-0.201,-0.151
cede,-0.266,0.039,-0.134
ceiling,-0.219,-0.210,-0.048
celebrant,0.360,-0.150,0.161
celebrate,0.638,-0.040,0.147
celebrated,0.468,-0.129,0.102
celebrating,0.582,-0.049,0.212
celebration,0.648,-0.078,0.125
celebrations,0.523,-0.120,0.232
celebratory,0.500,-0.138,0.017
celebrity,0.443,-0.091,-0.055
celery,-0.421,-0.180,-0.051
celestial,0.258,-0.316,-0.084
celibacy,-0.199,-0.011,-0.223
celibate,-0.173,-0.024,-0.025
cell,-0.065,-0.117,-0.024
cellar,-0.170,-0.165,-0.052
cellblock,-0.123,0.275,-0.112
cellist,0.073,-0.121,0.090
cellmate,-0.187,0.361,0.045
cello,0.003,-0.218,-0.051
cellophane,-0.183,-0.266,0.097
cellular,0.035,-0.173,0.001
cellulite,-0.381,0.127,-0.038
celluloid,-0.098,-0.022,0.004
cement,-0.071,-0.193,-0.126
cemented,-0.065,-0.028,-0.124
cemetery,-0.222,0.411,-0.087
censor,-0.157,-0.040,-0.223
censorship,-0.103,0.336,0.028
censure,-0.127,0.305,0.006
census,-0.088,-0.106,-0.176
cent,-0.165,-0.052,-0.034
centenary,0.126,-0.110,-0.081
centennial,0.135,-0.124,-0.156
center,-0.107,-0.292,-0.031
centerfold,-0.020,-0.116,-0.006
centerpiece,-0.078,-0.268,-0.128
centimeter,-0.228,-0.104,-0.072
centipede,-0.251,0.072,-0.057
central,0.088,-0.195,-0.095
centrality,0.097,-0.172,-0.212
centralization,0.128,-0.048,-0.162
centralize,0.275,-0.170,-0.160
centrally,0.154,-0.309,-0.148
centrifugal,-0.039,0.244,0.003
centrifuge,0.075,0.089,0.046
centurion,0.161,-0.093,-0.121
century,0.051,-0.028,-0.290
ceramic,-0.200,-0.190,-0.035
ceramics,-0.175,-0.230,-0.014
cereal,-0.218,-0.291,0.020
cereals,-0.160,-0.357,0.085
cerebral,0.050,0.078,-0.126
ceremonial,0.292,-0.160,0.020
ceremony,0.346,-0.136,-0.023
certain,0.187,-0.278,-0.072
certainty,0.287,-0.261,-0.105
certifiable,0.189,-0.198,-0.049
certificate,0.262,-0.281,-0.100
certified,0.324,-0.244,-0.119
certify,0.312,-0.323,-0.049
cervical,-0.144,0.028,-0.069
cervix,-0.218,-0.052,0.000
cess,-0.164,-0.037,-0.038
cessation,-0.201,-0.023,-0.006
cesspool,-0.251,0.209,-0.118
cha cha,0.001,-0.131,0.249
chaff,-0.392,-0.012,0.041
chafing,-0.171,-0.014,0.011
chagrin,-0.120,0.426,-0.059
chagrined,-0.177,0.444,0.044
chai,-0.159,-0.092,0.026
chain,-0.027,0.090,-0.091
chainsaw,0.177,0.312,0.009
chair,-0.331,-0.342,-0.044
chairman,0.423,-0.048,-0.187
chairperson,0.527,-0.038,-0.125
chairwoman,0.515,-0.026,-0.118
chaise,-0.244,-0.043,-0.008
chalet,-0.157,-0.224,0.144
chalice,-0.015,-0.242,-0.073
chalk,-0.482,-0.150,0.034
challenge,0.340,0.322,0.069
challenger,0.190,0.242,-0.005
chamber,-0.052,-0.149,0.002
chambermaid,-0.132,-0.161,0.090
chambers,-0.088,-0.075,0.066
chameleon,-0.079,0.056,0.146
champ,0.584,-0.064,0.035
champagne,0.144,-0.121,0.211
champion,0.698,-0.001,0.087
championship,0.584,-0.018,0.061
chance,0.208,-0.205,0.170
chancellor,0.353,-0.089,-0.197
chandelier,-0.020,-0.060,0.170
chandler,-0.051,-0.042,0.010
change,0.175,-0.034,0.028
changeable,0.006,-0.005,-0.035
changed,-0.020,-0.154,-0.017
changer,0.099,-0.044,0.004
changing,0.040,-0.005,0.099
channel,-0.176,-0.144,-0.055
chant,0.338,-0.053,0.134
chaos,-0.131,0.636,0.087
chaotic,-0.068,0.515,0.045
chap,-0.130,-0.105,0.082
chapel,-0.131,-0.234,-0.065
chaperon,-0.060,0.010,0.077
chaplain,0.034,-0.146,-0.085
chapman,0.019,-0.026,0.070
chaps,-0.202,0.076,0.011
chapter,-0.080,-0.192,-0.039
char,-0.109,-0.139,0.016
character,0.157,-0.200,-0.117
characteristic,-0.013,-0.177,-0.080
characterize,0.270,-0.176,-0.068
charade,-0.109,0.058,0.113
charcoal,-0.363,-0.080,-0.157
chardonnay,0.114,-0.082,0.127
charge,0.275,0.097,-0.119
chargeable,0.015,-0.004,0.084
charger,0.009,-0.077,-0.061
chariot,0.109,-0.099,0.122
charisma,0.449,-0.243,0.081
charismatic,0.558,-0.175,0.069
charitable,0.192,-0.343,0.045
charity,0.143,-0.450,0.048
charlatan,-0.190,0.307,0.035
charm,0.208,-0.329,-0.018
charmed,0.446,-0.257,0.062
charmer,0.482,-0.138,0.088
charming,0.475,-0.180,0.105
charred,-0.153,0.327,0.044
chart,-0.226,-0.111,0.003
charter,0.045,-0.209,0.008
chartered,0.008,-0.078,0.018
chase,0.218,0.341,0.072
chased,-0.152,0.444,0.177
chaser,0.200,0.324,0.020
chasm,-0.079,0.224,-0.069
chassis,-0.163,-0.043,-0.092
chaste,-0.200,-0.109,-0.149
chastened,-0.245,0.297,-0.014
chastisement,-0.031,0.490,0.054
chastity,-0.061,-0.052,-0.080
chat,-0.045,-0.241,0.161
chateau,0.186,-0.099,-0.104
chatter,-0.105,-0.084,0.107
chatterbox,-0.011,0.062,0.019
chattering,-0.084,0.133,0.205
chatty,-0.043,-0.042,0.178
chauffeur,-0.091,-0.102,-0.060
chauvinist,-0.057,0.166,-0.088
cheap,-0.123,-0.111,0.195
cheapened,-0.119,0.088,0.197
cheapskate,-0.309,0.235,-0.059
cheat,-0.127,0.457,0.040
cheater,-0.117,0.569,0.155
check,0.110,0.024,-0.031
checkbook,-0.176,-0.192,0.001
checker,-0.086,0.068,-0.163
checkered,-0.227,-0.104,-0.007
checkers,0.019,-0.164,0.101
checklist,0.078,-0.027,0.005
checkmate,0.363,0.033,0.021
checkout,0.176,-0.056,-0.065
checkpoint,0.176,-0.160,-0.277
checkup,-0.038,-0.045,-0.029
cheek,-0.062,-0.255,0.034
cheeks,-0.138,-0.281,0.154
cheeky,-0.013,0.167,0.128
cheep,-0.216,0.008,-0.041
cheer,0.603,-0.106,0.127
cheered,0.467,-0.157,0.060
cheerful,0.491,-0.194,0.219
cheerfulness,0.504,-0.124,0.268
cheering,0.414,0.001,0.229
cheerleader,0.442,-0.130,0.228
cheerleading,0.158,0.038,0.308
cheerless,-0.449,0.112,0.019
cheers,0.498,-0.129,0.222
cheery,0.288,-0.217,0.310
cheese,-0.144,-0.335,0.146
cheeseburger,0.045,-0.206,0.273
cheesecake,-0.117,-0.426,0.231
cheesy,-0.261,-0.012,0.191
cheetah,0.234,0.216,0.017
chef,0.184,-0.314,0.073
chemical,-0.047,0.160,-0.051
chemise,-0.191,-0.183,-0.014
chemist,0.070,0.123,-0.079
chemistry,0.212,-0.068,-0.063
chemo,-0.094,0.333,0.003
chemotherapy,-0.065,0.375,-0.070
cheque,0.228,-0.116,0.000
cherish,0.303,-0.286,0.080
cherishing,0.200,-0.320,0.009
cherry,-0.237,-0.363,0.091
cherub,-0.028,-0.230,0.022
chess,0.025,-0.206,-0.012
chest,-0.038,-0.064,-0.016
chestnut,-0.181,-0.363,0.086
chevron,0.041,0.005,-0.099
chew,-0.064,-0.025,0.070
chewy,-0.057,-0.152,0.091
chic,0.157,-0.187,0.327
chicane,-0.104,0.075,-0.077
chick,0.102,-0.131,0.263
chicken,-0.123,-0.206,0.012
chicken pox,-0.209,0.225,-0.082
chickenpox,-0.237,0.273,-0.024
chief,0.298,0.032,-0.220
chiefly,0.282,-0.001,-0.086
chieftain,0.196,0.149,-0.307
chiffon,-0.357,-0.129,-0.020
child,0.123,-0.329,0.235
childbirth,0.349,0.181,0.127
childhood,0.000,-0.332,0.260
childish,-0.187,-0.104,0.189
childless,-0.218,0.064,-0.074
childlike,-0.133,-0.210,0.148
childloss,-0.153,0.234,-0.031
children,0.149,-0.235,0.236
chili,0.029,-0.024,0.126
chill,0.014,-0.447,0.013
chilled,-0.079,-0.126,-0.065
chilling,-0.081,0.446,0.149
chilly,-0.171,0.092,-0.041
chime,0.030,-0.026,0.082
chimera,-0.157,0.202,0.034
chimes,-0.014,-0.102,0.122
chimney,-0.260,-0.219,0.113
chimp,-0.123,0.131,0.104
chimpanzee,-0.018,0.087,0.150
chin,-0.223,-0.192,0.090
china,0.044,-0.081,-0.040
chinchilla,-0.189,-0.029,0.111
chine,-0.144,-0.147,0.055
chinook,-0.054,0.064,-0.039
chip,-0.102,-0.068,-0.041
chipmunk,0.000,-0.014,0.131
chipper,0.001,0.120,0.009
chipping,-0.202,0.066,0.005
chiropractor,0.093,0.098,-0.115
chirp,-0.065,0.087,0.134
chirping,-0.119,-0.031,0.076
chisel,-0.096,-0.046,-0.034
chiseler,-0.011,0.123,0.049
chit,-0.205,-0.102,0.038
chitchat,-0.006,-0.160,0.125
chivalry,0.372,-0.326,-0.134
chloride,-0.190,0.091,-0.156
chlorine,-0.301,0.014,-0.071
chloroform,-0.249,0.064,-0.102
chocolate,0.123,-0.296,0.230
choice,0.250,-0.156,0.015
choir,-0.015,-0.288,0.006
choke,0.099,0.447,-0.123
cholera,-0.059,0.600,-0.034
cholesterol,-0.185,0.271,-0.029
choose,0.184,-0.048,-0.024
choosing,0.260,-0.130,-0.010
choosy,0.168,0.347,-0.109
chop,-0.074,0.286,-0.012
chopper,0.082,-0.026,0.072
choppers,0.240,0.199,-0.013
chopping,-0.010,0.037,0.192
chops,-0.150,-0.146,0.169
choral,0.018,-0.403,0.108
chord,0.091,-0.237,0.025
chords,-0.057,-0.170,0.092
chore,-0.065,0.042,-0.066
choreographer,0.229,-0.004,0.060
choreography,0.309,-0.051,0.253
chorus,0.020,-0.144,0.012
chosen,0.398,-0.285,-0.083
chow,-0.048,-0.064,0.105
chowder,-0.267,-0.140,0.087
christ,0.326,-0.186,-0.032
christen,0.081,-0.221,-0.056
christening,0.164,-0.238,-0.060
christian,0.071,-0.363,-0.079
christmas,0.412,-0.308,0.064
christmasbreak,0.272,-0.149,0.207
christmaseve,0.124,-0.233,0.170
christmasspirit,0.286,-0.192,0.180
christmassy,0.355,-0.130,0.217
christmastime,0.221,-0.183,0.199
chromatic,-0.135,0.005,-0.047
chromatography,0.033,0.041,-0.013
chrome,-0.077,-0.150,0.025
chromium,-0.105,-0.038,-0.036
chromosome,-0.063,-0.138,-0.144
chronic,-0.093,0.255,-0.030
chronicle,0.060,0.105,-0.055
chronograph,-0.031,-0.073,-0.079
chronological,0.093,-0.102,-0.054
chubby,-0.161,-0.081,0.110
chuck,-0.038,-0.028,0.085
chuckle,0.270,-0.087,0.306
chug,-0.194,0.006,0.003
chum,0.144,-0.402,0.101
chummy,0.171,-0.238,0.005
chump,-0.228,0.048,0.049
chunk,-0.376,-0.061,0.016
chunky,0.024,-0.002,0.013
church,0.039,-0.354,-0.141
churchyard,-0.239,0.102,-0.023
churn,-0.163,0.123,-0.029
chute,0.124,0.109,0.203
chutney,-0.155,-0.064,-0.021
ciao,-0.080,-0.085,0.043
cider,-0.133,-0.132,0.001
cigar,-0.226,0.108,-0.007
cigarette,-0.268,0.214,0.016
cilantro,-0.342,-0.155,0.056
cinch,-0.112,0.024,0.049
cinder,-0.438,-0.072,0.034
cinema,0.117,-0.117,0.115
cinematic,0.149,-0.120,0.004
cinematographer,0.276,-0.233,-0.030
cinematography,0.264,-0.149,0.087
cinnamon,-0.220,-0.253,0.055
cipher,-0.046,-0.052,-0.052
circle,-0.224,-0.137,-0.016
circling,-0.040,0.092,0.202
circuit,0.174,-0.080,-0.123
circuitry,0.129,0.011,0.084
circular,-0.105,-0.157,0.001
circulate,-0.128,-0.166,0.117
circulation,0.240,-0.149,0.015
circulatory,0.114,-0.013,0.054
circumcision,0.009,0.235,-0.016
circumference,-0.147,-0.139,-0.145
circumferential,-0.005,-0.090,-0.024
circumscribed,0.001,0.128,-0.091
circumstance,0.110,0.034,-0.021
circumstances,0.018,-0.028,0.069
circumstantial,0.032,0.027,0.008
circumvent,-0.109,0.226,0.070
circumvention,0.030,0.025,0.072
circus,0.128,-0.071,0.229
cirque,0.098,0.025,0.153
cirrhosis,-0.255,0.369,-0.056
cirrus,-0.148,-0.019,0.064
cistern,-0.070,-0.092,0.019
citadel,0.099,-0.082,-0.049
citation,0.064,-0.017,0.055
cite,0.063,-0.121,0.013
citizen,0.008,-0.263,-0.133
citizenship,0.258,-0.263,-0.069
citrine,-0.168,0.018,-0.059
citrus,-0.169,-0.074,-0.001
city,0.193,-0.229,0.177
citywide,0.200,-0.051,-0.094
civic,0.005,-0.287,-0.119
civics,0.153,-0.287,-0.176
civil,-0.082,-0.165,-0.121
civilian,0.041,-0.327,-0.119
civilians,-0.012,-0.027,-0.050
civility,0.166,-0.314,-0.105
civilization,0.383,-0.252,-0.105
civilized,0.231,-0.384,-0.211
clad,-0.033,-0.148,-0.016
claim,-0.017,0.355,0.043
claimant,0.179,0.309,-0.198
clairvoyant,0.434,-0.153,-0.130
clam,-0.289,-0.104,0.022
clambake,-0.011,-0.006,0.091
clammy,-0.293,0.053,0.079
clamor,-0.064,0.137,0.145
clamp,-0.066,-0.109,-0.010
clan,0.161,-0.043,-0.103
clandestine,0.025,0.175,0.082
clang,-0.004,0.044,-0.015
clap,0.270,-0.041,0.239
clapper,-0.187,-0.190,-0.092
clapping,0.484,0.046,0.241
clarification,0.213,-0.240,0.045
clarify,0.183,-0.080,0.006
clarinet,-0.041,-0.103,0.080
clarion,-0.084,-0.043,0.023
clarity,0.151,-0.339,-0.052
clash,0.063,0.436,0.161
clashing,0.019,0.419,-0.062
clasp,-0.273,-0.060,0.086
class,0.005,-0.240,-0.042
classic,0.060,-0.298,-0.116
classic rock,0.212,-0.113,0.088
classical,-0.047,-0.310,-0.121
classics,0.052,-0.295,0.022
classification,0.086,-0.108,-0.080
classified,0.134,-0.072,-0.100
classify,0.189,-0.157,-0.130
classmate,0.159,-0.268,0.016
classroom,-0.179,-0.177,-0.000
classy,0.272,-0.357,0.048
clatter,0.030,0.275,0.213
clause,-0.033,-0.047,-0.078
clauses,-0.027,-0.010,-0.094
claustrophobia,-0.145,0.498,0.121
claustrophobic,-0.154,0.467,0.013
clavicle,-0.133,0.003,-0.070
claw,-0.001,0.247,-0.128
claws,0.030,0.298,-0.039
clay,-0.267,-0.213,0.044
clean,0.005,-0.464,-0.023
cleaner,-0.012,-0.042,0.166
cleaning,-0.055,-0.143,0.039
cleanliness,0.171,-0.318,0.001
cleanly,0.150,-0.332,0.017
cleanse,0.087,-0.214,-0.154
cleanser,-0.067,-0.179,0.016
cleansing,-0.003,-0.306,0.019
cleanup,-0.010,-0.296,0.042
clear,0.148,-0.374,0.026
clearance,-0.018,-0.060,0.016
clearing,0.016,-0.245,-0.011
clearness,0.235,-0.390,-0.051
cleat,-0.222,-0.161,-0.042
cleavage,0.036,0.038,0.107
cleave,-0.161,0.174,0.004
cleaver,-0.117,0.273,-0.010
clef,0.059,-0.176,-0.087
cleft,-0.226,0.094,-0.028
clemency,-0.068,-0.130,0.071
clench,0.083,0.130,-0.020
clergy,-0.020,-0.149,-0.139
clergyman,0.006,-0.183,-0.086
cleric,-0.009,-0.133,-0.147
clerical,-0.046,-0.086,-0.041
clerk,0.044,0.055,0.037
clerkship,0.053,-0.138,-0.092
clever,0.293,-0.378,-0.048
cleverness,0.497,-0.249,-0.104
click,-0.215,-0.129,0.104
clicker,-0.072,0.051,-0.019
client,0.103,-0.089,-0.069
clientele,0.105,-0.037,0.096
cliff,-0.005,0.184,-0.007
climate,-0.069,-0.278,-0.065
climatology,-0.019,-0.112,-0.086
climax,0.406,0.080,0.190
climb,0.209,0.032,0.071
climber,0.310,0.106,-0.009
clinch,-0.048,0.046,0.054
cling,0.080,0.147,-0.035
clingy,-0.251,0.167,-0.064
clinic,0.028,-0.015,-0.117
clinical,-0.022,0.063,-0.222
clink,-0.170,-0.004,0.084
clip,-0.208,-0.091,-0.051
clipboard,-0.126,-0.240,-0.035
clipper,-0.225,0.091,-0.061
clipping,-0.089,0.025,0.046
clique,-0.149,-0.000,0.002
clitoris,0.200,0.145,0.272
cloak,-0.285,-0.200,-0.070
cloaking,-0.025,0.046,0.138
cloakroom,-0.098,-0.311,0.028
clobber,-0.041,0.127,0.018
clock,-0.136,-0.357,-0.029
clockwork,-0.046,-0.079,-0.093
clod,-0.206,0.019,-0.019
clog,-0.174,0.366,-0.093
cloister,-0.091,-0.016,-0.060
clone,-0.043,0.049,-0.077
cloning,0.082,0.348,-0.152
close,-0.390,-0.025,-0.067
closed,-0.422,-0.051,-0.182
closeness,-0.015,-0.397,0.033
closet,-0.249,-0.234,-0.029
closure,-0.333,-0.001,-0.221
clot,-0.310,0.284,0.019
cloth,-0.297,-0.230,-0.017
clothe,0.053,-0.333,0.063
clothes,-0.006,-0.403,0.093
clothesline,-0.140,-0.186,0.036
clothing,-0.018,-0.293,0.098
cloud,-0.170,-0.433,0.024
clouded,-0.410,-0.018,-0.144
cloudiness,-0.249,-0.157,-0.043
clouds,-0.156,-0.388,0.067
cloudy,-0.430,-0.006,-0.019
clout,0.254,0.042,-0.026
clove,-0.262,-0.104,-0.013
clover,-0.123,-0.192,0.057
cloves,-0.246,-0.146,-0.117
clown,-0.023,-0.050,0.263
clowns,0.053,0.042,0.217
club,0.052,-0.029,0.208
clubhouse,0.125,-0.092,0.136
clubs,0.191,-0.137,0.060
cluck,-0.166,0.066,0.043
clue,-0.045,-0.197,0.068
clueless,-0.400,-0.021,0.071
clump,0.075,-0.047,-0.043
clumsy,-0.483,0.201,0.022
clunk,-0.107,0.014,0.024
cluster,-0.064,-0.024,0.010
clutch,-0.065,0.084,-0.050
clutches,-0.020,-0.117,-0.068
clutter,-0.207,0.327,-0.052
coach,0.391,0.136,0.078
coachman,-0.055,-0.057,-0.074
coagulation,-0.078,0.123,0.019
coal,-0.309,-0.084,-0.098
coalesce,-0.021,-0.029,-0.066
coalition,0.230,0.173,0.002
coarse,-0.106,0.107,-0.077
coast,0.029,-0.232,0.077
coastal,-0.003,-0.164,-0.028
coaster,0.285,0.123,0.123
coastline,-0.025,-0.330,0.039
coat,-0.055,-0.298,-0.023
coating,0.100,-0.124,-0.041
coax,-0.152,0.025,-0.081
cobalt,-0.172,-0.057,-0.099
cobble,-0.176,-0.047,0.003
cobbler,-0.167,-0.074,0.084
cobra,0.080,0.286,-0.043
cocaine,-0.101,0.478,0.108
cock,-0.089,0.097,0.069
cockamamie,-0.110,0.031,0.057
cockeyed,-0.095,-0.001,0.012
cockpit,-0.140,-0.074,0.076
cockroach,-0.296,0.328,0.151
cocksucker,-0.198,0.477,0.056
cocktail,0.024,-0.192,0.186
cocky,0.030,0.370,0.027
cocoa,-0.109,-0.376,0.121
coconut,-0.249,-0.262,0.118
cocoon,-0.272,-0.139,0.011
cod,-0.223,-0.139,0.042
code,-0.057,-0.193,-0.059
codeine,-0.069,0.144,0.029
codex,0.027,-0.030,-0.008
codfish,-0.272,-0.177,-0.006
codification,0.070,-0.023,-0.216
codify,0.061,-0.017,-0.197
coding,0.017,-0.058,-0.228
coed,-0.014,0.043,0.015
coefficient,0.194,-0.178,-0.101
coerce,0.008,0.340,0.005
coercion,0.070,0.270,-0.021
coercive,0.075,0.133,0.079
coexist,0.110,-0.176,0.053
coexistence,0.130,-0.077,-0.068
coexisting,0.060,-0.135,-0.160
coffee,-0.017,-0.298,0.241
coffee table,-0.116,-0.279,0.159
coffeehouse,-0.112,-0.247,0.148
coffeepot,-0.086,-0.311,0.163
coffin,-0.359,0.255,-0.133
cog,-0.211,-0.061,-0.026
cogent,0.365,-0.192,-0.116
cognac,0.011,-0.079,0.109
cognate,-0.088,-0.191,0.044
cognition,0.142,-0.196,-0.162
cognitive,0.056,-0.072,-0.140
cohabitation,0.156,-0.083,0.017
coherence,0.273,-0.212,-0.144
coherent,-0.006,-0.294,-0.025
cohesion,0.109,-0.048,0.032
cohesive,0.076,-0.039,-0.072
cohort,0.052,0.068,-0.037
coil,-0.247,-0.079,0.029
coiled,-0.133,0.096,0.028
coin,0.084,-0.079,0.163
coinage,-0.015,-0.067,-0.085
coincide,0.130,-0.101,-0.005
coincidence,0.045,-0.115,0.014
coincident,0.050,-0.120,-0.103
coincidental,-0.054,-0.126,0.172
coinciding,0.114,-0.207,-0.071
coke,-0.141,0.038,0.004
cola,-0.287,-0.109,0.069
cold,-0.143,0.093,0.077
coldly,-0.202,-0.004,-0.078
coldness,-0.270,0.271,-0.161
coldsweat,-0.166,0.039,0.079
coleslaw,-0.106,-0.286,0.110
colic,-0.170,0.421,0.050
coliseum,0.281,0.040,0.002
collaborate,0.176,-0.261,0.083
collaboration,0.427,-0.180,0.088
collaborator,0.223,-0.278,-0.174
collage,-0.086,-0.259,0.075
collagen,-0.138,-0.207,-0.085
collapse,-0.170,0.335,0.072
collar,0.011,-0.155,0.080
collarbone,-0.215,-0.001,0.056
collate,0.002,0.012,-0.113
collateral,0.135,-0.067,-0.177
collation,-0.064,-0.129,-0.087
colleague,0.150,-0.229,-0.001
collect,0.052,-0.111,0.061
collected,0.052,-0.114,-0.080
collection,0.085,-0.289,-0.056
collective,0.164,-0.080,-0.119
collectively,0.216,-0.178,0.169
collector,0.124,-0.044,-0.087
college,0.262,-0.157,-0.092
collegiate,0.156,-0.086,-0.100
collide,0.114,0.438,0.065
collie,-0.185,-0.184,0.044
collision,0.101,0.428,0.009
collocation,0.069,-0.192,-0.075
colloquial,-0.109,-0.175,0.066
collusion,-0.135,0.100,0.010
cologne,0.084,-0.186,0.002
colon,-0.160,-0.041,-0.002
colonel,0.306,0.110,-0.238
colonial,0.025,-0.153,-0.147
colonic,-0.172,0.063,-0.075
colonoscopy,-0.159,0.226,-0.103
colony,0.105,-0.254,-0.041
colophon,-0.127,-0.068,0.029
color,-0.034,-0.363,0.084
coloration,-0.011,-0.018,0.070
colored,-0.098,-0.357,0.202
colorful,0.197,-0.239,0.165
coloring,0.019,-0.231,0.219
colorless,-0.330,-0.015,0.015
colors,-0.001,-0.382,0.207
colossal,0.480,0.006,-0.076
colt,0.103,0.018,0.047
columbine,-0.047,-0.004,0.085
column,-0.006,-0.150,-0.263
columnar,-0.109,-0.073,-0.106
columnist,0.115,-0.192,-0.106
com,-0.194,-0.011,-0.033
coma,-0.400,0.026,-0.131
comatose,-0.256,0.213,-0.158
comb,-0.353,-0.262,-0.050
combat,0.308,0.396,-0.135
combatant,0.387,0.233,0.014
combative,0.260,0.231,-0.171
combination,0.257,-0.155,-0.067
combinatorial,-0.052,-0.091,0.044
combine,0.077,-0.156,0.024
combined,-0.001,-0.178,-0.012
combo,0.035,-0.187,0.094
combustible,0.196,0.197,-0.145
combustion,0.191,0.247,0.084
come,-0.054,-0.178,-0.152
comeback,0.036,-0.118,-0.049
comedian,0.338,-0.060,0.210
comedy,0.227,-0.265,0.237
comet,0.166,-0.025,0.215
comfort,0.175,-0.441,-0.090
comfortable,0.032,-0.542,0.039
comforter,-0.192,-0.249,0.070
comforting,0.211,-0.401,0.023
comfy,0.181,-0.484,-0.022
comic,0.106,-0.335,0.255
comical,0.159,-0.093,0.413
comics,0.037,-0.104,0.201
coming,0.036,-0.168,0.028
comma,-0.375,-0.057,-0.023
command,0.355,0.268,-0.117
commandant,0.477,0.069,-0.138
commandeer,0.404,0.077,-0.196
commander,0.364,0.074,-0.202
commanding,0.417,0.086,-0.174
commandment,0.345,-0.104,-0.190
commando,0.242,0.286,-0.188
commemorate,0.302,-0.150,0.111
commemoration,0.348,-0.068,-0.007
commemorative,0.279,-0.213,-0.089
commence,0.344,-0.119,0.005
commend,0.447,-0.151,0.155
commendable,0.216,-0.156,0.137
commendation,0.305,-0.291,0.101
commensurate,-0.003,-0.212,-0.089
comment,-0.044,-0.183,0.118
commentary,-0.035,-0.144,0.033
commentator,0.078,0.017,-0.072
commerce,0.281,-0.093,-0.128
commercial,0.168,-0.227,0.122
commie,-0.082,0.094,-0.013
commissary,0.151,0.096,-0.253
commission,0.130,-0.139,0.025
commissioner,0.351,-0.090,-0.288
commit,-0.060,0.117,-0.042
commitment,0.455,0.005,-0.019
committal,0.054,0.037,-0.059
committed,0.278,-0.114,-0.023
committee,0.154,-0.131,-0.167
commodity,0.033,-0.155,-0.028
commodore,0.076,0.079,-0.112
common,-0.260,-0.337,-0.030
commoner,-0.216,-0.063,0.021
commonly,-0.052,-0.299,-0.181
commonplace,-0.110,-0.129,-0.039
commons,0.105,-0.163,-0.078
commonwealth,0.166,-0.150,-0.128
commotion,0.196,0.151,0.004
communal,0.001,-0.187,-0.092
commune,0.106,-0.002,-0.113
communicable,0.232,-0.215,0.052
communicate,0.260,-0.287,-0.029
communication,0.228,-0.306,0.004
communicative,0.300,-0.204,0.104
communicator,0.255,-0.034,-0.164
communion,0.141,-0.286,-0.025
communism,0.005,0.224,-0.159
communist,0.075,0.315,-0.093
community,0.168,-0.277,-0.072
commutation,0.061,-0.019,-0.157
commutative,0.105,-0.158,0.001
commute,0.147,-0.029,0.058
commuter,0.091,-0.091,0.073
comp,-0.081,-0.093,0.097
compact,0.065,-0.019,-0.184
compaction,0.061,-0.039,-0.057
compactness,-0.063,-0.163,-0.010
companion,0.161,-0.275,-0.019
companionless,-0.446,-0.013,-0.034
companionship,0.347,-0.271,-0.076
company,0.382,-0.333,-0.052
comparable,-0.027,-0.086,0.028
comparative,-0.079,-0.132,-0.181
comparatively,0.027,-0.149,-0.036
compare,-0.001,-0.100,-0.042
comparison,0.014,-0.091,0.021
compartment,0.024,-0.072,-0.134
compass,-0.051,-0.161,-0.105
compassion,0.008,-0.336,-0.026
compassionate,0.067,-0.328,0.180
compatibility,0.259,-0.256,0.005
compatible,0.241,-0.356,0.031
compel,0.107,0.462,-0.040
compelled,-0.120,0.220,0.110
compelling,0.400,-0.079,-0.122
compendium,0.063,-0.105,0.006
compensate,0.211,-0.119,-0.165
compensation,0.193,-0.216,0.047
compensatory,0.184,-0.063,-0.101
compete,0.360,0.128,-0.028
competence,0.435,0.139,-0.003
competency,0.456,0.007,0.096
competent,0.503,-0.205,-0.071
competition,0.394,0.155,-0.009
competitive,0.373,0.206,-0.187
competitor,0.536,0.251,0.055
compilation,0.097,-0.009,-0.052
compile,0.022,-0.131,-0.013
complacency,0.067,-0.072,0.038
complacent,0.052,-0.123,0.021
complain,-0.192,0.378,0.025
complaint,-0.286,0.322,0.038
complement,0.095,-0.337,-0.066
complementary,0.083,-0.275,-0.055
complete,0.307,-0.227,-0.140
completed,0.293,-0.320,-0.114
completely,0.190,-0.248,-0.092
completeness,0.323,-0.268,-0.067
completing,0.251,-0.071,-0.131
completion,0.081,-0.132,0.041
complex,0.032,0.158,-0.029
complexed,0.024,0.194,-0.125
complexion,-0.067,-0.007,0.104
complexity,0.116,0.102,-0.010
compliance,0.287,-0.196,-0.073
compliant,0.011,-0.258,-0.032
complicate,-0.139,0.314,0.013
complicated,-0.100,0.317,-0.020
complication,-0.082,0.246,0.176
complicity,0.123,0.262,-0.101
compliment,0.264,-0.232,0.044
complimentary,0.072,-0.296,0.152
comply,0.190,-0.305,-0.019
complying,0.142,-0.215,0.006
compo,-0.153,-0.111,-0.008
component,-0.023,-0.103,-0.067
compose,0.177,-0.139,-0.104
composed,0.168,-0.205,-0.100
composer,0.341,-0.164,0.070
composite,0.112,-0.089,-0.061
composition,0.198,-0.249,-0.028
compost,-0.099,-0.054,-0.021
composure,0.238,-0.310,-0.085
compound,0.182,-0.167,-0.160
comprehend,0.259,-0.356,-0.024
comprehension,0.285,-0.365,0.004
comprehensive,0.197,-0.287,-0.020
compress,-0.118,0.006,-0.065
compressed,-0.219,0.052,-0.064
compressible,0.071,-0.159,-0.059
compression,0.140,-0.088,0.027
compressor,0.044,0.052,-0.139
comprise,0.230,-0.325,-0.023
compromise,0.318,-0.101,-0.114
comptroller,0.207,0.074,-0.309
compulsion,0.009,0.460,-0.112
compulsive,0.154,0.369,0.079
compulsory,0.152,0.154,-0.253
computable,0.020,-0.116,-0.051
computation,0.150,-0.100,-0.135
compute,0.018,-0.083,-0.079
computer,0.182,-0.312,-0.030
computerized,0.178,-0.156,-0.051
computing,0.214,-0.239,-0.073
comrade,0.318,-0.251,-0.123
con,-0.062,0.337,0.062
concatenation,0.063,0.080,0.014
concave,-0.211,-0.068,-0.006
conceal,-0.265,0.084,0.009
concealed,-0.250,0.012,-0.047
concealment,-0.145,0.187,0.019
concede,-0.019,-0.245,0.004
conceit,-0.151,0.184,0.130
conceited,-0.092,0.335,-0.037
conceivable,0.125,-0.265,-0.049
conceive,0.266,-0.116,-0.017
concentrate,0.271,-0.212,-0.081
concentration,0.278,-0.160,-0.040
concentric,0.202,-0.175,0.006
concept,0.019,-0.209,-0.184
conception,0.174,-0.142,0.009
concern,-0.040,0.341,0.034
concerned,-0.118,0.281,0.112
concert,0.551,-0.055,0.259
concerto,0.309,0.104,0.072
concession,0.090,-0.112,-0.079
concessional,0.245,-0.193,0.017
conch,-0.168,-0.201,0.045
concierge,-0.199,-0.100,0.013
conciliation,0.297,-0.219,-0.030
concise,0.032,-0.194,-0.153
conclave,0.088,-0.089,-0.074
conclude,0.033,-0.175,-0.236
concluding,0.033,-0.099,-0.120
conclusion,0.113,-0.161,-0.121
conclusive,0.142,-0.040,-0.208
concoction,-0.106,0.006,0.010
concomitant,0.119,0.050,-0.201
concord,0.064,-0.248,-0.073
concordance,0.072,-0.184,-0.092
concours,0.011,0.020,0.020
concourse,0.215,-0.064,0.181
concrete,0.062,-0.149,-0.012
concubine,-0.028,0.145,0.014
concur,-0.123,-0.046,-0.028
concurrence,0.274,-0.099,0.118
concurrent,0.233,-0.010,-0.105
concurring,0.215,0.024,-0.035
concussion,-0.127,0.452,-0.079
condemn,0.032,0.495,-0.117
condemnation,-0.112,0.418,-0.018
condensation,-0.056,-0.132,-0.122
condensed,0.097,-0.124,-0.084
condescending,0.043,-0.150,-0.099
condescension,-0.001,-0.097,-0.102
condiment,-0.118,-0.132,-0.035
condition,-0.001,-0.021,-0.030
conditional,-0.024,-0.121,-0.114
conditionally,-0.006,0.024,-0.174
conditioned,0.039,-0.045,-0.130
conditioner,0.100,-0.298,0.032
conditioning,0.039,0.026,-0.127
conditions,0.064,-0.074,-0.072
condo,-0.054,-0.097,-0.218
condolence,-0.216,0.130,-0.080
condolences,-0.313,0.196,-0.009
condom,0.019,0.162,0.030
condone,0.093,-0.087,-0.080
condor,-0.004,-0.129,-0.039
conducive,0.256,-0.206,-0.003
conduct,0.162,0.052,-0.189
conduction,0.199,0.027,-0.104
conductivity,0.180,-0.002,-0.017
conductor,0.253,-0.011,0.090
conduit,-0.173,-0.118,-0.062
cone,-0.295,-0.148,-0.091
confederacy,0.235,-0.027,-0.097
confederate,0.259,0.007,-0.152
confederation,0.274,-0.170,-0.202
confer,0.088,-0.062,-0.032
conference,0.225,-0.052,0.080
confess,-0.018,0.244,0.096
confession,0.023,0.119,0.090
confessional,0.021,-0.038,-0.168
confessions,0.045,0.160,-0.172
confetti,-0.006,-0.164,0.346
confidant,0.326,-0.147,0.144
confide,0.139,-0.137,0.000
confidence,0.442,-0.467,-0.208
confident,0.209,-0.303,-0.123
confidential,0.246,-0.112,-0.127
confidentiality,0.208,-0.159,-0.108
confidentially,0.093,-0.115,0.007
configuration,0.058,-0.064,-0.074
confine,-0.034,0.162,-0.081
confined,-0.161,0.133,-0.079
confinement,0.006,0.229,-0.008
confines,-0.076,-0.001,-0.141
confirm,0.343,-0.247,-0.099
confirmation,0.285,-0.231,0.006
confirmatory,0.210,-0.105,-0.051
confirmed,0.316,-0.184,-0.063
confiscate,-0.078,0.266,-0.039
confiscation,0.015,0.357,-0.086
conflagration,0.096,0.269,-0.019
conflict,0.091,0.398,0.162
conflicting,-0.011,0.403,-0.063
confluence,0.182,-0.058,0.093
conform,-0.158,-0.073,0.011
conformance,-0.230,-0.242,0.100
conformation,0.182,-0.124,-0.122
conformity,0.064,-0.196,-0.060
confound,-0.183,0.124,0.058
confounded,-0.241,0.130,0.098
confront,0.193,0.348,-0.132
confrontation,0.130,0.495,-0.061
confuse,-0.328,0.335,0.011
confused,-0.300,0.292,0.169
confusing,-0.245,0.315,0.166
confusion,-0.204,0.283,0.128
conga,-0.045,0.040,0.042
congenial,0.204,-0.287,0.023
congenital,-0.110,-0.011,-0.010
congestion,-0.047,0.271,-0.019
conglomerate,0.245,0.015,-0.233
conglomeration,0.248,0.129,0.023
congrats,0.521,-0.144,0.139
congratulate,0.525,-0.142,0.131
congratulation,0.514,-0.122,0.217
congratulations,0.509,-0.148,0.208
congratulatory,0.421,-0.244,0.153
congregate,0.259,-0.080,-0.071
congregation,0.170,-0.042,-0.114
congress,0.206,0.014,-0.301
congressional,0.273,-0.029,-0.220
congressman,0.228,0.041,-0.305
congruence,0.120,-0.129,0.006
conic,-0.146,-0.103,0.016
conical,-0.063,-0.048,-0.027
conjecture,-0.076,0.006,-0.129
conjugal,0.239,-0.128,-0.029
conjugate,-0.021,-0.117,0.019
conjugation,0.015,-0.030,-0.105
conjunction,0.003,-0.033,-0.012
conjunctive,0.067,-0.023,-0.132
conjure,0.133,0.213,-0.057
conjuring,0.076,0.313,-0.182
conk,-0.164,0.090,-0.027
connect,0.041,-0.299,-0.027
connected,0.262,-0.189,0.101
connection,0.255,-0.118,0.036
connective,0.296,-0.153,-0.082
connoisseur,0.305,-0.203,-0.082
conquer,0.616,0.137,-0.028
conquering,0.623,0.088,0.027
conqueror,0.511,0.156,-0.078
conquest,0.442,0.002,-0.019
conscience,0.181,-0.195,-0.142
conscientious,0.184,-0.194,-0.092
conscious,0.188,-0.280,-0.117
consciousness,0.346,-0.247,-0.022
conscription,0.182,0.271,0.002
consecrated,0.298,-0.105,-0.129
consecration,0.316,-0.239,-0.124
consecutive,0.145,-0.168,-0.065
consensual,0.154,-0.168,-0.074
consensus,0.086,-0.184,-0.103
consent,0.211,-0.176,0.037
consenting,0.208,-0.221,-0.076
consequence,0.043,0.344,-0.068
consequent,0.158,-0.133,-0.024
conservation,0.195,-0.304,0.032
conservatism,-0.013,-0.017,-0.208
conservative,0.178,-0.198,-0.244
conservatory,0.109,-0.267,-0.235
conserve,0.074,-0.240,-0.043
consider,0.082,-0.216,-0.042
considerable,0.120,-0.231,-0.154
considerate,0.179,-0.280,-0.023
consideration,0.122,-0.139,-0.152
consignee,0.086,-0.172,-0.068
consignment,-0.034,-0.034,-0.037
consist,0.164,-0.309,0.037
consistency,0.387,-0.138,-0.164
consistent,0.273,-0.245,-0.056
consolation,-0.307,-0.114,-0.045
console,-0.048,-0.164,0.063
consoled,-0.010,-0.255,0.043
consolidate,0.428,-0.300,-0.106
consolidated,0.241,-0.225,-0.173
consolidation,0.225,-0.101,-0.170
consonant,-0.133,-0.109,-0.026
consort,0.164,-0.084,-0.021
conspicuous,0.068,0.033,-0.065
conspiracy,0.060,0.476,-0.127
conspirator,0.172,0.372,-0.096
conspire,-0.017,0.379,-0.023
constable,0.307,0.074,-0.056
constancy,0.305,-0.235,-0.075
constant,0.157,-0.306,-0.124
constantly,0.255,-0.067,-0.026
constellation,0.324,-0.124,-0.067
consternation,-0.102,0.364,-0.040
constipation,-0.351,0.370,0.045
constituency,0.132,-0.005,-0.146
constituent,0.273,-0.039,-0.190
constituents,0.236,-0.098,-0.241
constitute,0.377,-0.312,-0.213
constitution,0.269,-0.131,-0.290
constitutional,0.264,-0.139,-0.206
constitutionality,0.282,-0.108,-0.223
constrain,-0.119,0.173,-0.114
constrained,-0.268,0.283,-0.056
constraint,-0.078,0.162,-0.044
construct,0.406,-0.066,-0.001
construction,0.414,-0.163,0.049
constructive,0.438,-0.199,-0.004
construe,0.098,-0.058,0.023
consul,0.103,-0.145,-0.174
consulate,0.148,-0.068,-0.130
consult,0.022,-0.277,0.092
consultant,0.283,-0.290,-0.168
consultation,0.152,-0.136,-0.030
consume,0.027,0.136,0.024
consumer,0.156,0.038,-0.091
consuming,0.082,-0.023,0.033
consummate,0.086,-0.007,0.006
consummation,0.242,0.068,0.025
consumption,-0.013,0.103,-0.062
contact,0.091,-0.210,0.045
contagion,-0.058,0.302,-0.093
contagious,-0.122,0.379,0.041
contain,0.130,-0.030,-0.094
container,0.020,-0.106,-0.074
containment,0.037,0.063,-0.129
contaminate,-0.180,0.334,-0.061
contaminated,-0.325,0.327,-0.129
contamination,-0.225,0.342,-0.033
contemplate,0.149,-0.273,-0.066
contemplation,0.034,-0.153,-0.158
contemplative,0.195,-0.288,-0.160
contemporaneous,0.075,-0.185,-0.065
contemporary,0.095,-0.249,-0.016
contempt,-0.157,0.301,0.005
contemptible,-0.122,0.363,-0.064
contemptuous,-0.238,0.209,-0.055
contend,0.247,0.111,-0.069
contender,0.259,0.222,0.024
contending,0.246,0.153,-0.046
content,0.077,-0.329,-0.025
contented,0.409,-0.171,0.062
contention,0.115,0.108,-0.218
contentious,0.095,0.113,-0.092
contentment,0.443,-0.183,0.045
contents,0.054,-0.197,-0.028
contest,0.335,0.025,0.038
contestant,0.218,-0.163,0.071
context,-0.042,-0.158,-0.131
contiguous,-0.086,0.056,-0.087
continence,-0.097,-0.037,-0.059
continent,0.206,-0.110,-0.274
continental,0.106,-0.082,-0.264
contingency,0.071,0.083,-0.167
contingent,0.115,0.050,-0.107
continual,0.097,-0.045,-0.169
continually,0.186,-0.140,-0.100
continuance,0.229,-0.152,0.010
continuation,0.091,-0.101,-0.007
continue,0.111,-0.140,-0.055
continued,0.038,-0.139,0.032
continuing,0.098,-0.120,0.066
continuity,0.244,-0.237,-0.026
continuous,0.124,-0.081,0.010
continuously,0.215,-0.207,-0.080
continuum,0.029,-0.204,0.031
contour,-0.130,-0.230,-0.026
contraband,0.141,0.499,-0.067
contraception,-0.075,0.161,-0.105
contract,0.103,-0.123,-0.097
contracted,-0.087,0.150,-0.008
contractile,0.081,0.077,-0.010
contracting,0.237,-0.063,-0.146
contraction,0.093,0.331,-0.031
contractor,0.200,-0.071,-0.124
contradict,-0.136,0.313,-0.097
contradiction,-0.137,0.286,0.052
contradictory,-0.052,0.198,0.072
contraption,0.010,0.099,0.031
contrary,-0.228,0.083,0.001
contrast,-0.041,-0.049,-0.074
contrasted,0.022,0.011,0.037
contravene,-0.035,0.184,0.015
contravention,0.050,0.204,-0.069
contribute,0.294,-0.312,-0.139
contribution,0.341,-0.278,-0.036
contributor,0.364,-0.231,-0.009
contrite,-0.161,0.015,-0.129
contrition,-0.063,0.166,-0.002
contrived,-0.062,0.085,0.001
control,0.266,-0.254,-0.183
controller,0.352,0.184,-0.153
controlling,0.245,-0.017,-0.302
controversial,0.084,0.414,0.060
controversy,0.100,0.405,-0.014
contusion,-0.128,0.286,-0.130
conundrum,-0.128,0.118,0.007
convalescent,-0.198,0.007,0.128
convection,0.026,-0.018,-0.011
convene,0.224,0.067,0.042
convenience,0.197,-0.234,0.028
conveniences,0.248,-0.271,-0.036
convenient,0.221,-0.253,0.110
convent,-0.077,-0.176,-0.228
convention,0.267,0.005,-0.016
conventional,0.044,-0.206,-0.161
converge,0.081,-0.116,0.022
convergence,0.111,-0.038,-0.066
convergent,0.277,-0.202,-0.006
conversant,0.075,-0.257,0.002
conversation,0.208,-0.169,0.050
conversational,0.145,-0.202,0.001
conversationalist,0.214,-0.174,-0.028
converse,0.073,-0.129,-0.074
conversing,0.041,-0.250,0.112
conversion,0.211,0.097,-0.115
convert,0.191,-0.002,-0.095
converted,0.176,-0.166,-0.095
convertible,0.192,-0.001,-0.113
convex,-0.106,-0.008,-0.031
convexity,-0.107,-0.064,-0.093
convey,0.323,-0.058,0.034
conveyance,0.034,-0.071,0.097
conveyancing,0.046,0.083,-0.183
convict,-0.015,0.467,0.047
conviction,0.391,0.071,-0.058
convince,0.312,-0.112,-0.060
convinced,0.218,-0.175,0.030
convincing,0.432,-0.152,-0.136
convocation,0.190,0.056,-0.033
convoluted,-0.082,0.204,0.024
convolution,0.006,0.102,-0.026
convoy,0.182,0.124,-0.002
coo,-0.034,-0.035,-0.038
cook,0.109,-0.255,0.227
cookbook,-0.097,-0.184,0.035
cooker,-0.082,-0.158,0.039
cookery,-0.109,-0.194,0.099
cookie,-0.128,-0.356,0.206
cookies,0.004,-0.275,0.255
cooking,0.054,-0.136,0.144
cookout,0.032,-0.196,0.047
cool,0.414,-0.239,0.012
coolant,0.036,-0.222,0.088
cooler,-0.007,-0.206,0.038
cooling,-0.178,-0.103,-0.036
coolness,-0.063,-0.124,-0.143
coon,-0.097,-0.025,0.042
coop,0.138,-0.112,-0.080
cooperate,0.234,-0.318,0.107
cooperating,0.216,-0.256,-0.068
cooperation,0.294,-0.262,0.023
cooperative,0.262,-0.248,0.013
coordinate,0.205,-0.184,-0.078
coordination,0.275,-0.147,-0.139
coordinator,0.382,-0.159,-0.116
cop,0.286,0.326,-0.167
copacetic,-0.043,-0.029,0.021
cope,0.267,0.044,-0.020
copier,-0.174,-0.082,-0.028
copilot,0.141,-0.072,0.037
coping,0.175,0.050,0.023
copious,-0.035,0.028,-0.074
copper,-0.075,-0.223,-0.092
copter,0.183,0.092,0.098
copy,-0.316,-0.160,0.003
copycat,-0.029,0.090,0.059
copying,-0.184,-0.094,-0.059
copyright,0.050,-0.030,-0.186
coral,-0.033,-0.407,0.050
coral snake,0.067,0.313,-0.065
cord,-0.217,-0.009,-0.022
cordial,0.058,-0.364,0.064
cordless,0.075,-0.160,0.029
cordon,-0.190,-0.109,-0.032
corduroy,-0.153,-0.178,0.036
core,0.081,-0.242,0.012
cork,-0.354,-0.071,-0.058
corkscrew,-0.103,0.011,-0.028
corn,-0.249,-0.286,0.023
cornball,-0.196,-0.076,0.044
cornbread,-0.166,-0.247,0.098
cornea,-0.104,-0.124,-0.035
corned,-0.103,-0.014,0.000
corner,-0.244,-0.074,-0.067
cornerstone,0.041,-0.109,-0.103
cornet,-0.049,0.005,0.073
cornfield,-0.091,-0.296,0.105
cornflakes,-0.065,-0.278,0.126
cornice,-0.198,-0.019,0.089
cornstarch,-0.143,-0.249,0.071
corny,-0.290,-0.064,0.097
corollary,-0.133,0.003,0.055
corona,0.306,-0.262,-0.050
coronary,0.094,0.030,0.088
coronation,0.432,-0.133,-0.042
coroner,-0.042,0.169,-0.071
corporal,0.105,-0.062,-0.032
corporate,0.201,-0.088,-0.150
corporation,0.154,-0.048,-0.382
corporeal,-0.090,-0.119,-0.045
corps,-0.009,-0.070,0.011
corpse,-0.321,0.390,0.076
corpsman,0.064,0.029,-0.150
corpus,-0.062,-0.142,-0.060
corral,0.074,0.032,0.193
correct,0.246,-0.382,-0.089
correction,0.009,0.030,-0.073
correctional,0.072,0.302,-0.054
corrective,0.069,0.062,-0.087
correctness,0.231,-0.242,0.012
correlation,0.081,-0.093,-0.024
correlative,0.009,-0.072,-0.097
correspond,0.114,-0.183,0.043
correspondence,0.038,-0.171,0.042
correspondent,0.221,0.001,-0.076
corresponding,0.168,-0.222,-0.008
corridor,0.161,-0.010,0.035
corroborate,0.155,-0.139,-0.014
corroboration,0.198,-0.128,-0.138
corrosion,-0.229,0.318,0.000
corrosive,-0.072,0.345,-0.156
corrupt,-0.093,0.558,-0.063
corrupting,-0.160,0.521,0.039
corruption,-0.030,0.554,-0.068
corsage,-0.168,-0.154,-0.036
corse,-0.135,-0.001,0.030
corset,-0.082,0.016,0.088
cortex,0.039,-0.109,-0.008
cortical,-0.071,0.035,-0.124
cortisone,-0.118,-0.021,-0.062
corvette,0.106,-0.019,-0.032
cosmetic,-0.170,-0.234,0.085
cosmetics,0.094,-0.218,0.126
cosmic,0.238,-0.083,-0.033
cosmology,0.145,-0.146,-0.056
cosmopolitan,0.354,-0.216,-0.019
cosmos,0.287,-0.269,0.047
cost,-0.150,0.040,-0.066
costly,0.083,0.243,-0.104
costume,-0.063,-0.033,0.115
cosy,0.069,-0.419,0.020
cot,-0.228,-0.286,0.066
cote,-0.232,-0.071,0.007
cottage,-0.157,-0.231,0.023
cotton,-0.324,-0.407,0.012
couch,-0.372,-0.369,0.025
cougar,0.039,0.107,-0.008
cough,-0.249,0.254,0.131
council,0.179,-0.418,-0.034
councilman,0.164,-0.101,-0.259
counsel,0.222,-0.045,-0.103
counseling,0.221,-0.126,-0.071
counsellor,0.252,-0.343,-0.105
counselor,0.270,-0.354,-0.037
count,-0.012,-0.145,-0.010
countdown,0.054,0.177,0.082
countenance,0.176,-0.131,-0.099
counter,0.140,0.040,-0.213
counteract,0.095,0.125,-0.165
counterattack,0.297,0.481,-0.041
counterbalance,0.092,-0.023,-0.089
counterclaim,0.183,0.259,-0.011
counterfeit,-0.145,0.425,-0.055
counterpart,0.081,0.115,-0.019
counterpoint,0.001,0.053,-0.051
countess,0.125,-0.079,-0.120
countless,0.066,0.032,0.022
country,0.188,-0.208,-0.096
countryman,0.267,-0.153,-0.148
countrymusic,0.079,-0.250,0.157
countryside,-0.111,-0.321,0.115
counts,-0.139,0.026,-0.144
county,-0.041,-0.074,-0.113
coup,0.116,0.384,-0.009
coupe,-0.043,-0.013,-0.019
couple,0.280,-0.144,0.130
coupled,0.062,-0.222,-0.166
coupling,0.076,-0.080,-0.004
coupon,-0.051,-0.289,0.043
courage,0.526,-0.067,0.042
courageous,0.524,-0.226,-0.014
courier,-0.073,-0.120,0.001
courses,0.099,-0.229,0.041
coursing,0.041,-0.048,-0.027
court,0.355,0.215,-0.089
courteous,0.189,-0.387,0.132
courtesy,0.061,-0.459,0.136
courthouse,0.267,-0.036,-0.183
courtroom,0.304,0.217,-0.229
courts,0.263,0.255,-0.167
courtship,0.190,-0.121,-0.032
courtside,-0.054,-0.144,0.030
courtyard,-0.168,-0.101,0.028
cousin,-0.016,-0.203,0.076
cousins,0.060,-0.252,0.100
cove,-0.188,-0.141,-0.017
coven,0.082,0.088,-0.040
covenant,0.149,-0.087,-0.091
cover,-0.213,-0.083,-0.186
coverage,0.185,-0.248,-0.008
covered,0.059,-0.149,-0.157
covering,0.061,-0.161,-0.066
covert,0.039,0.049,0.033
covet,0.052,0.337,0.041
coveted,0.280,0.047,0.116
cow,-0.299,-0.158,-0.034
coward,-0.457,0.266,0.046
cowardice,-0.366,0.335,0.120
cowardly,-0.523,0.193,0.004
cowboy,0.248,0.027,-0.021
cowgirl,0.091,0.018,0.018
cowhand,0.029,0.035,-0.107
cowhide,-0.226,-0.098,-0.001
cowl,-0.254,0.007,0.123
coworker,0.169,-0.122,-0.012
coy,-0.365,-0.019,0.032
coyote,-0.116,0.005,0.043
cozy,0.168,-0.394,0.087
crab,-0.212,-0.022,0.023
crabby,-0.095,0.428,0.115
crack,-0.111,0.225,0.042
cracked,-0.325,0.202,0.066
cracker,-0.135,-0.190,0.070
crackerjack,-0.016,-0.045,0.088
cracking,-0.214,0.155,0.096
crackle,-0.032,0.223,0.008
crackpot,-0.255,0.233,0.117
cradle,-0.130,-0.418,0.080
craft,0.072,-0.310,0.000
crafts,-0.053,-0.208,0.090
craftsman,0.078,-0.286,-0.056
craftsmanship,0.151,-0.318,0.036
crafty,0.335,0.071,-0.055
craig,-0.058,0.002,-0.046
cram,0.108,0.268,-0.012
crammed,0.043,0.232,0.109
cramp,-0.127,0.418,0.125
cramped,-0.199,0.228,0.009
cranberry,-0.035,-0.335,0.142
cranberry juice,-0.183,-0.221,0.112
crane,-0.027,0.022,-0.156
cranial,-0.008,0.116,-0.121
cranium,0.128,0.048,-0.189
crank,-0.194,-0.121,-0.090
cranky,-0.096,0.407,0.076
cranny,-0.347,0.191,0.010
crap,-0.380,0.387,0.109
crappy,-0.402,0.378,0.026
craps,-0.265,0.026,0.053
crash,-0.063,0.495,0.175
crass,-0.167,0.192,-0.114
crate,-0.356,-0.182,-0.057
crater,0.066,0.139,0.036
crave,0.234,-0.074,-0.094
craving,0.225,0.174,0.050
crawfish,-0.144,-0.064,0.074
crawl,-0.025,0.027,0.023
crayon,-0.291,-0.254,0.136
crayons,-0.041,-0.229,0.080
craze,-0.094,0.283,0.013
crazed,-0.053,0.507,0.097
craziness,-0.113,0.460,0.266
crazy,-0.137,0.478,0.146
creak,-0.061,0.226,0.079
creaking,-0.044,0.307,0.096
cream,-0.224,-0.314,0.152
creamed,-0.151,-0.327,0.129
creamer,-0.268,-0.290,0.036
creamy,-0.029,-0.353,0.172
crease,-0.277,-0.113,-0.007
create,0.394,-0.134,-0.014
creation,0.515,-0.241,-0.008
creative,0.425,-0.277,0.011
creativity,0.534,-0.177,0.093
creator,0.483,-0.185,-0.020
creature,0.231,-0.031,0.066
credence,0.282,-0.205,-0.061
credential,0.109,-0.278,-0.043
credentials,0.169,-0.230,-0.090
credibility,0.375,-0.308,-0.073
credible,0.360,-0.332,-0.005
credit,0.217,-0.085,0.008
credit card,0.210,-0.083,0.012
creditable,0.330,-0.201,-0.017
credited,0.225,-0.271,-0.057
crediting,0.284,-0.080,-0.056
creditor,0.171,0.088,-0.089
creed,-0.054,-0.227,-0.134
creek,-0.149,-0.119,0.083
creep,-0.103,0.201,0.106
creeper,-0.105,0.086,0.090
creeping,-0.207,0.219,0.112
creepy,-0.106,0.515,0.105
cremation,-0.208,0.380,-0.078
creole,0.031,-0.218,-0.014
crepe,-0.210,-0.241,-0.017
crescendo,0.233,-0.132,0.101
crescent,-0.025,-0.229,0.095
crest,-0.222,-0.092,0.004
crestfallen,-0.441,0.072,0.013
cretin,-0.214,0.219,0.062
cretins,-0.212,0.452,0.056
crevice,-0.246,0.071,0.073
crew,0.269,0.002,-0.059
crewman,0.124,-0.017,0.059
crib,-0.115,-0.294,-0.004
cricket,-0.114,0.077,0.074
cried,-0.290,0.308,0.071
crime,0.092,0.621,-0.053
criminal,-0.060,0.575,-0.069
criminality,0.043,0.527,-0.038
crimp,-0.168,0.208,-0.012
crimson,-0.066,-0.206,0.107
cringe,-0.054,0.414,0.148
cripple,-0.499,0.205,-0.019
crippled,-0.491,0.227,-0.118
crippling,-0.203,0.312,-0.036
crisis,-0.047,0.423,0.078
crisp,0.235,-0.067,0.231
crispy,0.108,-0.078,0.096
criterion,0.076,0.023,-0.261
critic,0.067,0.250,-0.184
critical,0.083,0.346,0.044
criticise,-0.152,0.445,-0.062
criticism,-0.158,0.322,-0.153
criticize,-0.098,0.400,-0.039
criticized,-0.219,0.249,0.060
critique,0.052,0.324,0.022
critter,0.026,-0.004,0.054
croak,-0.301,0.003,-0.023
croc,-0.145,0.090,-0.075
crock,-0.157,0.019,-0.048
crockery,-0.235,-0.241,-0.011
crocodile,0.101,0.261,-0.037
croft,-0.076,-0.075,0.031
croissant,-0.010,-0.297,0.073
crook,-0.001,0.423,-0.047
crooked,-0.273,0.313,0.016
crop,-0.058,-0.249,-0.076
croquet,-0.033,-0.028,0.099
cross,-0.062,-0.083,-0.170
cross country,0.008,-0.062,-0.037
crossbow,0.012,0.183,-0.062
crossed,-0.033,0.043,-0.044
crossfire,0.258,0.416,-0.025
crossing,-0.083,-0.142,-0.025
crossover,0.053,-0.008,0.056
crosswalk,-0.087,-0.087,0.078
crossword,-0.014,-0.135,0.042
crotch,0.037,0.077,0.121
crouch,-0.195,0.223,0.083
crouched,-0.309,0.017,-0.002
crouching,-0.265,0.117,-0.046
croupier,-0.045,-0.013,0.091
crow,-0.266,0.152,-0.071
crowbar,-0.115,0.085,0.051
crowd,0.249,0.344,-0.052
crowded,0.056,-0.284,-0.082
crowds,0.312,0.189,-0.104
crown,0.309,-0.091,-0.024
crowning,0.420,-0.119,-0.046
crucial,0.296,0.090,-0.086
cruciate,-0.005,0.010,-0.128
crucifix,-0.018,0.009,-0.032
crucifixion,0.018,0.512,-0.008
crucify,0.057,0.520,-0.013
crud,-0.215,0.017,-0.144
crude,-0.301,0.145,-0.099
cruel,-0.092,0.521,0.094
cruelly,-0.059,0.455,0.009
cruelty,-0.017,0.528,-0.037
cruise,0.224,-0.206,-0.043
cruise ship,0.260,-0.170,0.263
cruiser,0.191,-0.174,0.034
cruising,0.274,-0.222,0.187
crumb,-0.364,-0.121,0.023
crumble,-0.149,0.104,-0.038
crumbling,-0.211,0.368,0.080
crummy,-0.372,0.281,0.028
crunch,-0.110,0.236,0.036
crunchy,0.119,-0.047,0.066
crusade,0.302,0.094,0.020
crusader,0.046,0.107,-0.014
crush,0.029,0.290,-0.070
crushed,-0.240,0.334,0.059
crusher,0.057,0.314,-0.063
crushing,-0.083,0.375,0.066
crust,-0.089,-0.145,-0.038
crusty,0.057,-0.070,0.095
crutch,-0.340,-0.007,-0.070
crux,0.026,0.063,0.004
cry,-0.299,0.343,0.063
crybaby,-0.103,0.222,0.181
crying,-0.287,0.379,0.146
crypt,-0.287,0.196,-0.123
cryptic,-0.113,0.158,-0.071
cryptography,0.063,-0.045,-0.154
crystal,-0.045,-0.243,-0.074
crystalline,0.030,-0.373,-0.041
crystallization,0.072,-0.105,-0.025
cub,-0.140,-0.196,0.154
cubby,-0.229,0.020,-0.036
cube,-0.310,-0.176,-0.008
cubic,-0.181,-0.107,-0.062
cubicle,-0.146,-0.097,-0.038
cuckold,-0.305,0.249,0.087
cuckoo,-0.216,0.020,0.088
cucumber,-0.322,-0.187,0.032
cuddle,0.202,-0.239,0.234
cuddled,0.273,-0.258,0.174
cuddles,0.116,-0.332,0.102
cuddling,0.189,-0.262,0.279
cue,-0.033,-0.062,-0.015
cuff,-0.120,-0.015,0.038
cuisine,-0.038,-0.253,0.105
culinary,0.063,-0.150,0.030
cull,0.003,0.235,0.070
culminate,0.181,-0.082,0.037
culmination,0.260,-0.045,-0.013
culpability,-0.172,0.444,0.039
culpable,-0.215,0.391,0.062
culprit,-0.255,0.431,0.002
cult,0.098,0.068,-0.108
cultivate,0.131,-0.208,-0.017
cultivated,0.139,-0.349,0.032
cultivation,-0.049,-0.213,-0.010
cultural,0.187,-0.289,-0.000
culture,0.159,-0.311,-0.106
cultured,0.124,-0.141,-0.060
culvert,-0.279,-0.010,-0.066
cumbersome,-0.212,0.250,0.095
cumulus,-0.046,-0.100,0.044
cunning,0.273,0.060,0.025
cunt,-0.188,0.378,0.005
cup,-0.297,-0.324,0.059
cupboard,-0.259,-0.253,-0.003
cupcake,-0.115,-0.235,0.091
cupping,-0.023,0.079,0.123
cur,-0.050,0.055,0.009
curable,0.115,-0.374,-0.010
curate,0.092,-0.219,0.046
curative,0.078,-0.241,-0.097
curator,0.177,-0.204,-0.100
curb,-0.147,-0.073,-0.016
curd,-0.168,-0.080,0.141
cure,0.139,-0.238,-0.047
curfew,0.005,0.290,-0.155
curiosity,0.219,-0.007,0.284
curious,0.103,-0.029,0.131
curl,-0.188,0.044,0.022
curling,0.013,-0.001,0.159
currency,0.069,-0.113,-0.068
current,0.053,-0.215,-0.120
curriculum,0.098,-0.279,-0.089
curry,-0.151,-0.211,0.116
curse,-0.218,0.484,-0.017
cursed,-0.150,0.492,0.029
cursing,-0.060,0.526,0.048
cursory,-0.112,0.019,-0.016
curt,-0.109,0.258,-0.029
curtail,-0.128,0.098,-0.124
curtailment,-0.147,0.246,-0.039
curtain,-0.149,-0.305,0.109
curtains,-0.237,-0.350,-0.042
curtsy,0.096,-0.154,-0.051
curvature,-0.143,-0.034,-0.076
curve,-0.209,-0.080,0.055
curved,-0.142,-0.101,0.082
curvilinear,-0.039,0.062,0.093
cushion,-0.208,-0.312,0.064
cushy,-0.019,-0.388,0.109
cusp,0.328,0.032,0.057
cuss,-0.096,0.129,-0.010
cussed,-0.145,0.333,-0.065
custard,-0.206,-0.260,0.068
custodial,0.099,0.043,-0.210
custodian,0.127,0.019,0.094
custody,0.110,-0.007,-0.139
custom,0.105,-0.111,-0.169
customary,0.026,-0.312,-0.081
customer,0.123,-0.086,-0.128
customized,0.129,-0.084,0.000
cut,-0.087,-0.004,0.064
cutaneous,-0.254,0.001,-0.017
cute,0.280,-0.281,0.162
cuticle,-0.255,-0.014,-0.090
cutie,0.056,-0.082,0.106
cutlass,-0.072,0.340,-0.095
cutlery,-0.182,-0.182,0.023
cutoff,-0.016,0.057,-0.039
cutter,0.134,0.216,0.034
cutters,-0.084,0.324,-0.055
cutthroat,0.078,0.512,-0.123
cutting,-0.060,-0.047,-0.118
cutting board,-0.177,0.139,0.053
cuttings,-0.111,-0.062,-0.023
cwt,-0.127,-0.067,0.031
cyanide,-0.023,0.313,-0.069
cyberspace,0.213,-0.059,0.060
cycle,0.043,-0.165,-0.013
cyclical,-0.045,0.055,-0.122
cyclist,0.186,-0.073,0.080
cyclone,0.225,0.272,0.002
cylinder,-0.143,-0.094,-0.079
cylindrical,-0.182,-0.115,-0.073
cymbal,-0.145,-0.131,0.041
cynic,-0.138,0.354,-0.084
cynical,-0.066,0.427,-0.005
cynicism,-0.097,0.477,-0.005
cyst,-0.262,0.282,0.016
cystic,-0.174,0.117,-0.030
cytomegalovirus,-0.123,0.333,-0.025
cytoplasm,-0.107,0.047,-0.072
czar,0.021,-0.084,-0.191
dab,-0.189,-0.126,0.026
dabble,0.033,-0.016,0.047
dabbling,0.266,0.118,0.032
dad,0.343,-0.307,-0.074
daddy,0.270,-0.272,-0.076
dado,-0.218,-0.192,-0.043
daemon,-0.088,0.114,-0.085
daft,-0.401,0.118,0.084
dagger,0.086,0.409,-0.048
daily,-0.017,-0.217,0.008
dainty,-0.107,-0.227,-0.016
daiquiri,0.021,-0.114,0.161
dairy,-0.078,-0.267,-0.044
daisy,-0.154,-0.144,0.072
dak,-0.090,-0.068,0.012
dale,-0.147,-0.252,0.026
dam,-0.176,0.213,-0.018
damage,-0.182,0.471,-0.021
damaged,-0.363,0.366,0.103
damages,-0.222,0.473,0.073
dame,0.087,-0.154,0.082
damn,-0.127,0.502,-0.002
damnation,-0.123,0.433,0.020
damned,-0.100,0.467,-0.025
damp,-0.385,-0.063,0.012
dampened,-0.270,0.105,-0.039
damper,-0.098,-0.056,-0.067
damsel,0.025,-0.180,0.160
dance,0.395,-0.049,0.339
dancer,0.280,0.013,0.230
dancing,0.327,-0.027,0.423
dandruff,-0.297,-0.074,-0.016
dandy,0.190,-0.106,0.004
danger,0.136,0.577,-0.073
dangerous,0.086,0.658,-0.098
dangerously,0.044,0.601,-0.009
dangit,-0.104,0.142,0.106
dangle,-0.174,0.073,0.003
dank,-0.196,-0.007,-0.037
dapper,0.306,-0.145,0.026
dare,0.359,0.078,0.115
daredevil,0.178,0.205,-0.023
daresay,-0.011,-0.063,-0.001
daring,0.356,0.183,0.080
dark,-0.253,0.145,-0.149
darken,-0.224,0.156,-0.054
darkened,-0.245,0.221,-0.174
darkly,-0.158,0.234,-0.069
darkness,-0.209,0.355,-0.078
darkroom,-0.151,0.310,-0.027
darkside,-0.205,0.413,0.006
darling,0.208,-0.363,0.039
darn,-0.125,0.458,0.017
dart,0.010,0.134,0.019
dash,-0.180,-0.191,0.054
dashboard,0.012,-0.092,-0.131
dashed,-0.280,0.081,-0.054
dashing,0.333,0.019,-0.083
dastardly,-0.222,0.331,0.121
data,-0.173,-0.175,-0.085
database,0.054,-0.216,-0.166
date,-0.149,-0.265,-0.028
datenight,0.182,-0.055,0.162
daughter,0.130,-0.356,0.180
dawdle,-0.131,-0.016,0.069
dawn,0.050,-0.418,-0.001
dawned,0.063,-0.161,0.096
day,-0.082,-0.322,0.055
daybreak,0.064,-0.317,0.085
daycare,0.027,-0.219,0.218
daydream,0.015,-0.295,0.061
daydreaming,0.055,-0.297,0.070
daylight,0.176,-0.317,0.100
daymade,-0.011,-0.144,0.100
dayoff,-0.023,-0.284,0.137
daytime,0.007,-0.304,0.055
daze,-0.139,0.339,0.124
dazed,-0.167,0.271,0.165
dazzle,0.382,0.036,0.138
dazzling,0.551,0.017,0.193
deacon,0.153,-0.060,-0.186
deactivate,-0.236,0.151,-0.081
dead,-0.467,0.279,-0.028
deadbeat,-0.253,0.158,-0.064
deadline,-0.117,0.284,-0.046
deadlines,0.017,0.250,0.163
deadlock,-0.332,0.175,-0.080
deadly,0.028,0.501,-0.018
deaf,-0.486,0.091,-0.012
deafening,0.038,0.389,0.090
deafness,-0.432,0.199,-0.033
deal,0.187,-0.088,0.129
dealer,0.336,-0.129,0.080
dealership,0.080,-0.072,-0.107
dealing,0.142,-0.216,-0.007
dealings,0.031,-0.079,0.057
dean,0.202,-0.093,-0.117
dear,0.251,-0.315,0.057
dearest,0.171,-0.341,0.147
dearth,-0.330,0.265,0.026
death,-0.149,0.490,-0.085
deathbed,-0.288,0.421,-0.002
deathly,0.048,0.503,-0.182
debacle,-0.290,0.312,0.055
debased,-0.365,0.209,0.109
debatable,-0.125,0.306,-0.075
debate,0.178,0.206,-0.066
debauchery,0.119,0.382,0.149
debenture,-0.066,0.059,-0.016
debilitating,-0.331,0.256,-0.052
debit,-0.150,0.051,-0.116
debrief,-0.166,0.077,-0.240
debriefing,-0.030,0.106,0.039
debris,-0.357,0.185,-0.112
debt,-0.219,0.275,0.025
debtor,-0.364,0.220,0.125
debut,0.296,-0.143,0.115
debutante,0.162,-0.111,0.231
decade,0.088,-0.083,-0.152
decadence,-0.304,0.150,-0.006
decadent,-0.204,0.185,0.053
decaf,-0.201,-0.113,-0.004
decanter,0.008,0.091,0.000
decathlon,0.244,0.127,0.090
decay,-0.507,0.115,-0.046
decayed,-0.540,0.249,-0.071
decaying,-0.415,0.304,-0.002
deceased,-0.446,0.359,0.007
decedent,-0.109,0.039,0.011
deceit,-0.259,0.476,-0.014
deceitful,-0.169,0.503,0.041
deceive,-0.133,0.480,0.015
deceived,-0.280,0.430,0.020
deceiving,-0.188,0.381,-0.067
december,0.112,-0.148,0.161
decency,0.095,-0.358,-0.117
decent,0.174,-0.368,-0.062
deception,-0.181,0.460,0.027
deceptive,-0.335,0.406,-0.027
decide,0.354,-0.070,-0.148
decidedly,0.363,-0.180,-0.127
deciduous,-0.285,-0.027,0.015
decimal,-0.253,-0.179,0.006
decimeter,-0.179,-0.163,-0.019
decipher,0.131,0.156,-0.073
decision,0.323,-0.084,-0.158
decisive,0.439,-0.149,-0.180
deck,-0.196,-0.062,-0.056
declaration,0.223,0.034,-0.074
declaratory,0.231,-0.034,-0.010
declare,0.268,-0.036,0.036
declination,-0.238,0.207,0.037
decline,-0.355,0.219,0.018
declining,-0.304,0.045,0.026
deco,-0.150,-0.252,0.036
decode,0.131,-0.024,-0.066
decoder,0.089,-0.147,-0.186
decompose,-0.294,0.276,0.085
decomposed,-0.435,0.257,-0.050
decomposition,-0.307,0.324,0.042
decompress,-0.058,-0.003,-0.074
decompression,-0.273,0.217,0.002
decontamination,0.126,-0.051,0.024
decor,0.079,-0.296,-0.041
decorate,0.094,-0.422,0.212
decorating,0.176,-0.231,0.226
decoration,0.232,-0.236,0.192
decorative,0.098,-0.328,0.255
decorator,0.123,-0.268,0.178
decorum,0.040,-0.339,0.076
decoy,-0.317,0.219,-0.072
decrease,-0.422,0.165,-0.095
decreased,-0.486,0.028,-0.029
decreasing,-0.363,0.012,0.020
decree,0.193,-0.042,-0.156
decrement,-0.249,0.122,-0.069
decrepit,-0.375,0.230,0.020
decry,0.135,0.291,0.090
decryption,0.026,-0.004,-0.118
dedicate,0.191,-0.277,0.056
dedication,0.300,-0.278,0.034
deduce,-0.025,0.013,0.024
deduct,-0.217,-0.016,-0.101
deductible,-0.197,-0.059,-0.145
deduction,-0.030,0.020,-0.069
deed,-0.010,-0.135,-0.152
deejay,0.068,0.052,0.114
deem,0.198,-0.040,-0.070
deep,0.096,-0.005,-0.128
deepen,0.276,-0.058,-0.114
deer,-0.169,-0.155,0.115
defamation,-0.127,0.399,-0.081
defamatory,-0.159,0.384,-0.001
default,0.058,-0.069,-0.251
defeat,-0.403,0.283,-0.005
defeated,-0.415,0.328,0.100
defeatist,-0.270,0.282,0.003
defect,-0.381,0.293,0.076
defection,-0.254,0.314,-0.001
defective,-0.314,0.319,0.019
defector,-0.229,0.370,0.093
defend,0.328,0.017,0.099
defendant,-0.031,0.325,0.001
defended,0.117,-0.148,-0.005
defender,0.349,0.054,0.008
defending,0.455,0.194,0.037
defense,0.389,0.039,-0.027
defenseless,-0.532,0.143,0.024
defensible,0.191,-0.163,0.056
defensive,0.217,0.074,-0.026
defer,-0.279,0.148,-0.018
deference,-0.083,-0.081,-0.015
deferral,0.027,-0.170,0.269
deferring,-0.141,0.110,-0.015
defiance,0.239,0.325,-0.106
defiant,0.210,0.394,-0.146
defibrillator,-0.023,0.183,0.088
deficiency,-0.506,0.208,-0.052
deficient,-0.413,0.148,0.110
deficit,-0.238,0.093,0.091
define,0.148,-0.189,-0.047
defined,0.054,-0.314,-0.175
definite,0.178,-0.283,-0.180
definition,0.034,-0.136,-0.088
definitive,0.239,-0.062,-0.169
deflate,-0.412,0.177,-0.039
deflation,-0.156,0.175,-0.018
deflect,-0.200,0.259,-0.168
deflection,-0.241,0.221,-0.068
defloration,-0.112,0.354,-0.000
deform,-0.276,0.378,0.047
deformed,-0.320,0.166,-0.047
deformity,-0.324,0.282,0.054
defraud,-0.232,0.320,0.046
defray,0.095,0.165,-0.112
defrost,-0.204,-0.078,-0.058
deft,0.397,-0.092,-0.095
defunct,-0.363,0.265,-0.033
defuse,-0.226,0.224,-0.122
defy,0.224,0.378,0.031
degeneracy,-0.219,0.401,0.088
degenerate,-0.278,0.456,0.079
degeneration,-0.183,0.233,0.010
degradation,-0.252,0.312,0.024
degrade,-0.436,0.288,0.018
degraded,-0.411,0.182,0.008
degrading,-0.388,0.385,0.006
degree,0.165,-0.248,-0.079
dehydrated,-0.215,0.253,0.208
dehydration,-0.343,0.196,0.002
dejected,-0.234,0.386,0.000
delay,-0.387,0.207,0.097
delayed,-0.366,0.207,0.041
delectable,0.365,-0.096,0.062
delegate,0.166,-0.080,-0.060
delegation,0.077,-0.088,-0.083
delete,-0.266,0.007,-0.147
deleterious,-0.037,0.299,0.067
deletion,-0.243,0.319,-0.180
deli,-0.033,-0.082,0.037
deliberate,0.231,0.077,-0.017
deliberation,0.185,0.083,0.060
deliberative,0.024,0.117,-0.073
delicacy,-0.069,-0.385,0.142
delicate,-0.154,-0.208,0.020
delicatessen,-0.007,-0.135,0.129
delicious,0.349,-0.202,0.225
delight,0.409,-0.204,0.204
delighted,0.430,-0.196,0.171
delightful,0.425,-0.134,0.229
delineate,-0.099,-0.013,-0.025
delineation,-0.171,-0.091,0.085
delinquency,-0.004,0.512,0.016
delinquent,-0.031,0.603,0.006
delirious,0.018,0.394,-0.011
delirium,-0.052,0.326,-0.011
deliver,0.038,-0.146,-0.088
deliverance,0.248,-0.160,0.022
delivery,0.290,-0.162,-0.121
dell,-0.112,-0.054,-0.053
delta,-0.043,-0.145,-0.067
delude,-0.224,0.340,-0.000
deluge,0.056,0.337,-0.082
delusion,-0.080,0.210,0.075
delusional,-0.148,0.365,0.118
deluxe,0.383,-0.123,0.025
delve,0.131,0.050,-0.126
demand,-0.021,0.270,-0.005
demanding,0.305,0.262,-0.139
demeaned,-0.313,0.167,0.100
demeaning,-0.267,0.378,0.022
demeanor,0.148,-0.136,-0.081
demented,-0.206,0.488,0.091
dementia,-0.188,0.480,0.069
demise,-0.183,0.351,-0.107
demo,-0.140,-0.139,-0.043
democracy,0.336,-0.116,-0.148
democrat,0.177,-0.117,-0.191
democratic,0.375,-0.193,-0.050
demographic,-0.021,-0.065,-0.163
demolish,0.021,0.371,-0.245
demolished,-0.150,0.261,0.072
demolition,0.003,0.493,-0.025
demon,-0.029,0.617,-0.005
demonic,0.075,0.519,-0.034
demonstrable,0.283,-0.179,-0.075
demonstrate,0.405,-0.146,-0.075
demonstrated,0.166,-0.078,-0.047
demonstrating,0.272,-0.086,0.001
demonstration,0.239,0.092,-0.003
demonstrative,0.262,-0.083,-0.073
demonstrator,0.225,0.063,-0.097
demoralized,-0.419,0.349,0.091
demos,-0.199,-0.036,-0.019
demure,-0.054,-0.268,0.047
den,-0.142,-0.117,-0.008
deniability,-0.190,0.198,-0.067
denial,-0.315,0.169,-0.056
denied,-0.227,0.290,0.023
denim,-0.172,-0.103,0.065
denomination,-0.122,-0.090,-0.030
denominational,0.049,-0.048,-0.211
denominator,0.014,-0.021,-0.151
denote,-0.015,0.019,-0.064
denounce,-0.128,0.491,0.004
dense,-0.122,-0.001,-0.180
density,0.081,-0.091,-0.009
dent,-0.173,0.206,0.086
dental,-0.036,-0.121,0.008
dentist,0.150,0.104,-0.042
dentistry,0.048,0.103,-0.043
dentists,0.039,0.171,-0.067
denunciation,0.025,0.486,-0.031
deny,-0.141,0.241,0.126
denying,-0.354,0.323,-0.021
deodorant,-0.290,-0.157,0.022
depart,-0.101,0.058,-0.021
departed,-0.189,0.205,-0.027
department,0.138,-0.242,-0.076
departmental,-0.021,-0.137,0.048
departure,-0.017,-0.056,0.086
depend,-0.193,0.026,0.006
dependable,0.295,-0.363,-0.062
dependant,-0.153,0.035,-0.087
dependence,-0.196,0.144,-0.100
dependency,-0.204,-0.048,-0.008
dependent,-0.164,0.071,-0.028
depict,0.256,-0.088,-0.060
depicting,0.100,0.057,-0.039
depletion,-0.426,0.150,-0.055
deplorable,-0.302,0.361,0.097
deplore,-0.238,0.310,-0.046
deploy,0.071,0.017,-0.048
deployment,0.095,0.011,-0.061
deport,-0.053,0.358,-0.100
deportation,-0.097,0.481,0.001
depose,-0.180,0.098,-0.112
deposit,-0.050,-0.113,-0.035
depositary,0.019,-0.123,0.012
deposition,-0.069,0.082,-0.025
depository,-0.049,-0.125,-0.032
depot,-0.071,-0.268,-0.049
depraved,-0.149,0.567,0.032
depravity,-0.057,0.520,0.041
depreciate,-0.096,0.249,-0.005
depreciated,-0.281,0.372,0.092
depreciation,-0.226,0.302,-0.053
depress,-0.055,0.298,-0.080
depressed,-0.527,0.291,-0.007
depressing,-0.354,0.285,0.059
depression,-0.418,0.342,-0.029
depressive,-0.425,0.200,-0.001
depresson,-0.369,0.187,-0.097
deprivation,-0.163,0.293,-0.026
deprive,-0.186,0.222,0.050
deprived,-0.044,0.111,-0.091
depth,0.320,-0.097,-0.046
deputy,0.187,0.084,-0.215
derail,-0.141,0.486,0.063
deranged,0.010,0.337,0.240
derelict,-0.350,0.179,0.025
derision,-0.186,0.278,0.124
derivation,0.124,0.004,-0.079
derivative,0.022,-0.035,0.009
derive,-0.237,-0.052,-0.049
dermal,-0.144,0.016,-0.067
dermatologist,-0.032,-0.119,-0.082
dermatology,0.002,0.059,-0.076
derogation,-0.290,0.176,-0.042
derogatory,-0.220,0.325,-0.071
descend,-0.235,0.096,0.149
descendant,0.144,-0.183,-0.042
descendent,-0.017,0.068,-0.108
descending,-0.324,0.188,0.034
descent,-0.394,0.063,0.087
describe,0.047,-0.047,-0.033
description,0.074,-0.107,-0.068
descriptive,0.063,-0.220,-0.049
desecrate,0.031,0.389,0.044
desecration,0.019,0.504,-0.042
desert,-0.201,-0.135,-0.059
deserted,-0.388,0.223,0.022
deserter,-0.185,0.412,0.026
desertion,-0.279,0.354,0.036
deserve,0.201,-0.258,0.032
deserved,0.316,-0.139,0.049
deserving,0.455,-0.137,-0.050
design,0.160,-0.328,-0.044
designate,0.166,0.012,-0.090
designated,0.042,-0.056,-0.128
designation,0.216,-0.025,-0.028
designed,0.133,-0.256,-0.014
designer,0.319,-0.251,0.073
designing,0.114,-0.309,0.025
desirability,0.242,-0.091,-0.005
desirable,0.413,-0.001,0.071
desire,0.395,-0.148,0.193
desiring,0.405,-0.000,0.234
desirous,0.309,0.067,0.239
desist,-0.359,0.096,-0.067
desk,-0.226,-0.262,-0.140
desolate,-0.480,0.151,-0.100
desolation,-0.386,0.286,-0.058
despair,-0.236,0.470,0.152
despairing,-0.255,0.462,0.071
despatch,0.008,-0.026,-0.157
desperado,-0.103,0.337,0.115
desperate,-0.162,0.530,0.099
desperation,-0.052,0.546,0.097
despicable,-0.253,0.390,0.114
despise,-0.196,0.401,0.115
despondent,-0.443,0.170,-0.050
despotic,0.043,0.487,-0.058
despotism,0.058,0.317,-0.093
dessert,0.053,-0.195,0.183
destination,0.189,-0.165,-0.011
destined,0.165,-0.164,-0.007
destiny,0.179,-0.258,0.011
destitute,-0.409,0.222,-0.012
destroy,0.079,0.634,-0.073
destroyed,-0.293,0.465,0.029
destroyer,-0.019,0.531,-0.049
destroying,0.044,0.565,-0.151
destruct,-0.020,0.565,-0.022
destruction,0.088,0.588,-0.034
destructive,0.170,0.498,-0.099
detach,-0.048,0.187,0.034
detached,-0.365,0.075,0.034
detachment,-0.074,0.321,0.025
detail,-0.018,-0.074,-0.064
detailed,-0.058,-0.204,-0.033
details,-0.036,-0.152,-0.020
detain,-0.199,-0.002,-0.107
detainee,-0.221,0.140,0.036
detect,0.072,-0.006,-0.019
detectable,0.116,0.048,-0.091
detection,0.163,-0.103,0.110
detective,0.416,0.199,-0.132
detector,0.204,0.129,-0.103
detention,0.022,0.309,-0.047
deter,-0.012,0.141,-0.100
detergent,-0.168,-0.108,-0.076
deteriorate,-0.437,0.269,-0.010
deteriorated,-0.390,0.346,-0.006
deteriorating,-0.498,0.242,0.056
deterioration,-0.336,0.267,-0.021
determinable,0.255,-0.036,-0.058
determinate,0.173,-0.211,-0.226
determination,0.458,-0.032,0.052
determine,0.192,-0.160,-0.208
determined,0.268,-0.161,0.021
deterrent,-0.206,0.119,-0.041
detest,-0.070,0.508,-0.030
detestation,-0.159,0.324,-0.019
detonate,0.247,0.340,-0.004
detonation,0.214,0.548,-0.090
detonator,0.214,0.481,-0.108
detour,-0.170,0.093,0.104
detract,-0.203,0.065,-0.017
detriment,-0.263,0.174,0.079
detrimental,-0.144,0.333,0.033
detritus,-0.281,0.055,-0.093
deuce,-0.142,-0.100,-0.047
deutschmark,-0.057,-0.003,-0.073
devalued,-0.316,0.091,0.092
devastate,-0.091,0.551,-0.074
devastated,-0.339,0.295,0.005
devastating,-0.086,0.528,0.061
devastation,-0.031,0.574,0.044
develop,0.448,-0.065,0.001
developer,0.508,-0.128,-0.003
developing,0.362,-0.172,0.059
development,0.377,-0.224,-0.047
deviant,-0.234,0.351,-0.075
deviate,-0.300,0.269,0.037
deviating,0.017,0.200,-0.021
deviation,-0.309,0.288,-0.069
device,0.077,-0.106,-0.110
devil,0.103,0.526,-0.020
deviled,-0.151,0.145,0.057
devilish,-0.046,0.560,0.002
devious,-0.290,0.184,0.057
devise,0.176,0.010,-0.062
devoid,-0.315,0.151,-0.031
devolution,-0.163,0.063,-0.058
devolve,-0.032,0.050,-0.169
devote,0.248,-0.219,0.041
devoted,0.240,-0.381,-0.059
devotee,0.194,-0.252,0.077
devotion,0.305,-0.169,0.059
devotional,0.181,-0.240,-0.050
devour,0.161,0.383,0.086
devout,-0.035,-0.187,0.004
dew,-0.106,-0.266,-0.075
dexter,-0.074,0.009,0.004
dexterity,0.481,-0.061,-0.027
dextrose,-0.258,0.046,-0.011
diabetes,-0.397,0.296,-0.078
diabetic,-0.488,0.101,-0.124
diabolical,-0.033,0.570,0.065
diagnose,0.104,0.111,-0.195
diagnosis,0.266,-0.038,-0.186
diagnostic,0.048,0.054,-0.142
diagnostics,0.172,-0.060,-0.186
diagonal,-0.140,-0.112,-0.023
diagram,-0.077,-0.146,-0.010
dial,0.094,-0.133,-0.048
dialect,0.049,-0.150,0.004
dialectic,0.124,0.026,-0.068
dialogue,0.111,-0.107,-0.071
dialysis,-0.188,0.264,-0.046
diameter,-0.145,-0.087,-0.133
diamond,0.449,-0.212,0.069
diamonds,0.602,-0.164,0.017
diaper,-0.403,-0.105,0.071
diaphragm,-0.086,-0.082,-0.120
diarrhea,-0.374,0.407,0.151
diarrhoea,-0.319,0.456,0.056
diary,-0.027,-0.288,0.006
diatribe,-0.106,0.149,0.031
dib,-0.186,-0.081,0.027
dibs,-0.117,-0.074,0.031
dice,-0.220,-0.020,0.110
dicey,0.219,0.391,-0.075
dichotomous,-0.063,0.066,-0.117
dichotomy,-0.109,0.115,-0.083
dick,-0.173,0.210,-0.113
dickhead,-0.297,0.344,0.024
dicks,-0.105,0.265,0.113
dictate,0.075,-0.031,-0.167
dictation,-0.088,0.099,-0.271
dictator,0.173,0.504,-0.312
dictatorial,0.228,0.415,-0.228
dictatorship,0.144,0.525,-0.229
diction,0.038,-0.036,-0.222
dictionary,0.011,-0.255,-0.146
dictum,-0.032,0.091,-0.069
didactic,0.188,-0.111,-0.061
diddle,-0.081,0.092,0.076
die,-0.281,0.512,0.086
died,-0.292,0.443,-0.028
diesel,-0.125,-0.114,-0.063
diet,-0.236,-0.136,-0.108
dietary,-0.281,-0.240,0.037
differ,-0.259,0.121,-0.113
difference,0.003,0.059,0.032
differences,-0.142,0.147,0.089
different,-0.015,-0.155,0.014
differential,-0.023,-0.097,-0.081
differentiation,-0.012,0.140,-0.054
differently,-0.039,-0.033,-0.051
differing,-0.117,-0.005,-0.057
difficult,-0.031,0.330,-0.023
difficulties,-0.176,0.492,0.054
difficulty,-0.191,0.464,0.021
diffuse,-0.197,-0.005,0.052
diffusion,-0.005,0.184,-0.018
dig,0.073,0.161,-0.112
digest,0.056,-0.220,0.070
digestion,-0.060,-0.086,-0.003
digestive,-0.069,-0.093,0.018
digit,-0.250,-0.116,-0.027
digital,0.084,-0.254,0.031
dignified,0.221,-0.200,0.024
dignify,0.388,-0.185,0.055
dignity,0.389,-0.308,-0.152
digress,-0.119,0.248,0.020
digs,0.153,0.161,-0.025
dike,-0.132,0.021,-0.123
dilapidated,-0.234,0.268,0.082
dilatation,-0.118,0.129,0.076
dilation,-0.025,0.107,-0.132
dildo,0.053,0.034,0.071
dilemma,-0.181,0.310,-0.069
diligence,0.201,-0.180,-0.090
diligent,0.281,-0.228,-0.094
dill,-0.195,-0.049,-0.024
diluent,-0.238,-0.055,-0.009
dilute,-0.369,-0.056,-0.171
diluted,-0.302,-0.120,0.068
dilution,-0.212,-0.079,-0.013
dim,-0.301,-0.059,0.010
dime,-0.124,-0.243,0.080
dimension,0.097,-0.120,-0.090
dimensional,0.092,-0.051,-0.046
diminish,-0.439,0.075,0.027
diminished,-0.502,0.077,-0.081
diminution,-0.374,-0.018,-0.023
diminutive,-0.515,-0.095,0.021
dimwit,-0.377,0.135,0.084
din,-0.143,-0.018,-0.004
dine,0.153,-0.220,0.179
diner,0.004,-0.238,-0.066
dinghy,-0.232,-0.174,-0.000
dingo,-0.071,-0.104,0.143
dingy,-0.293,0.230,-0.065
dining,0.010,-0.267,0.054
dinky,-0.197,0.064,0.003
dinner,0.022,-0.313,0.179
dinnertime,-0.013,-0.286,0.200
dinosaur,0.106,0.131,-0.020
dint,-0.076,0.074,-0.064
diocesan,-0.081,-0.163,-0.121
diocese,-0.042,-0.150,-0.162
diorama,-0.010,-0.109,0.038
dioxide,-0.137,0.058,-0.076
dip,-0.027,0.041,0.124
diploma,0.273,-0.197,-0.060
diplomacy,0.268,-0.234,-0.131
diplomat,0.184,-0.194,-0.353
diplomatic,0.313,-0.187,-0.289
dipper,-0.153,-0.137,0.052
dippy,-0.198,-0.024,0.023
dipstick,-0.290,-0.040,-0.040
dire,-0.240,0.307,0.117
direct,0.208,-0.272,-0.016
directed,0.046,-0.035,-0.013
direction,0.161,-0.268,-0.115
directive,0.369,-0.037,-0.222
directly,0.221,-0.239,-0.075
director,0.430,-0.063,-0.150
directory,-0.045,-0.014,-0.103
dirt,-0.384,0.269,-0.004
dirty,-0.431,0.209,0.040
disability,-0.458,0.283,0.011
disable,-0.392,0.220,-0.063
disabled,-0.315,0.088,0.060
disadvantage,-0.391,0.159,-0.084
disaffected,-0.356,0.163,-0.060
disagree,-0.252,0.321,-0.020
disagreeable,-0.393,0.416,0.081
disagreeing,-0.162,0.269,0.064
disagreement,-0.332,0.357,0.057
disallow,-0.217,0.259,-0.102
disallowed,-0.306,0.257,-0.056
disapointment,-0.431,0.218,-0.049
disappear,-0.315,0.211,-0.099
disappearance,-0.144,0.338,0.063
disappearing,-0.288,0.185,-0.116
disappoint,-0.264,0.336,0.051
disappointed,-0.415,0.280,-0.042
disappointing,-0.363,0.393,0.079
disappointment,-0.315,0.265,-0.076
disapproval,-0.279,0.330,-0.079
disapprove,-0.164,0.308,-0.073
disapproved,-0.453,0.304,0.104
disapproving,-0.102,0.269,-0.021
disarm,-0.009,0.175,-0.162
disarray,-0.276,0.315,0.132
disaster,-0.069,0.570,0.060
disastrous,-0.143,0.474,-0.032
disband,-0.163,0.134,-0.042
disbelief,-0.291,0.158,-0.111
disbelieve,-0.291,0.179,-0.079
disburse,-0.160,0.034,0.047
disbursement,-0.204,0.146,-0.110
disc,-0.036,-0.153,0.060
discard,-0.323,0.073,-0.097
discarded,-0.293,0.160,-0.019
discards,-0.226,0.159,-0.069
discern,0.024,0.076,0.004
discernible,-0.078,0.011,-0.054
discerning,0.264,0.040,-0.127
discernment,0.081,0.055,-0.193
discharge,0.038,0.082,-0.068
disciple,0.049,-0.273,0.090
disciplinary,0.289,0.032,-0.123
discipline,0.265,-0.090,-0.171
disciplined,0.270,-0.189,-0.090
disclaim,-0.257,0.190,0.002
disclaimer,-0.002,0.147,-0.054
disclose,0.061,0.057,0.002
disclosed,-0.045,0.219,-0.100
disclosure,0.207,0.088,-0.082
disco,0.305,0.062,0.216
discoloration,-0.260,0.109,-0.142
discolored,-0.391,0.094,-0.070
discomfort,-0.233,0.392,0.111
disconcerted,-0.299,0.358,0.016
disconcerting,-0.340,0.309,-0.002
disconnect,-0.354,-0.112,0.070
disconnected,-0.447,-0.018,0.004
disconnection,-0.431,0.082,-0.124
disconnects,-0.377,0.067,-0.016
discontent,-0.287,0.199,0.055
discontinuance,-0.191,0.432,0.063
discontinue,-0.232,0.028,-0.022
discontinuity,-0.308,0.090,0.045
discontinuous,-0.310,0.123,-0.050
discord,-0.035,0.540,0.048
discount,-0.018,-0.150,0.260
discounted,0.024,-0.151,0.117
discourage,-0.353,0.179,-0.022
discouraged,-0.530,0.050,0.042
discouragement,-0.493,0.143,-0.082
discouraging,-0.339,0.210,-0.025
discourse,0.198,0.113,-0.224
discover,0.400,0.013,0.170
discovery,0.449,-0.133,0.007
discredit,-0.303,0.321,-0.087
discredited,-0.428,0.261,0.029
discreet,-0.087,-0.232,-0.152
discrepancy,-0.111,0.269,0.020
discrete,-0.138,-0.250,-0.057
discretion,0.074,-0.154,-0.201
discretionary,-0.094,-0.110,-0.027
discriminate,-0.159,0.445,0.055
discriminating,-0.062,0.439,0.018
discrimination,-0.204,0.474,-0.009
discus,-0.130,-0.090,0.086
discuss,0.083,0.261,0.091
discussion,0.106,0.358,0.082
disdain,-0.241,0.211,-0.155
disdainful,-0.382,0.268,-0.040
disease,-0.331,0.352,-0.083
diseased,-0.448,0.264,0.077
disembodied,-0.172,0.320,-0.033
disengage,-0.175,0.080,0.106
disengagement,-0.223,0.033,-0.079
disfigured,-0.238,0.322,0.009
disgrace,-0.326,0.332,-0.076
disgraced,-0.318,0.411,0.055
disgraceful,-0.300,0.430,0.089
disgruntled,-0.164,0.393,-0.063
disguise,0.079,0.078,0.188
disguised,-0.071,0.072,0.183
disgust,-0.224,0.506,0.062
disgusted,-0.257,0.503,0.090
disgusting,-0.277,0.532,0.113
dish,-0.262,-0.217,0.054
disheartened,-0.438,0.132,-0.071
disheartening,-0.514,0.241,-0.124
dishonest,-0.402,0.203,0.080
dishonesty,-0.268,0.351,-0.039
dishonor,-0.368,0.356,0.093
dishonorable,-0.285,0.368,0.043
dishwasher,-0.235,-0.134,0.001
disillusionment,-0.439,0.325,0.009
disinclination,-0.314,0.258,-0.067
disincline,-0.204,-0.011,0.108
disinclined,-0.184,0.037,0.007
disinfect,0.028,-0.033,-0.188
disinfectant,-0.048,-0.073,0.004
disinfection,0.016,0.025,0.057
disinformation,-0.271,0.238,0.078
disingenuous,-0.362,0.215,0.063
disintegrate,-0.200,0.363,0.010
disintegration,-0.264,0.324,-0.084
disinterested,-0.232,-0.080,-0.092
disjoint,-0.258,0.021,-0.011
disjointed,-0.177,0.135,0.018
disjunctive,-0.188,0.137,-0.044
disk,-0.064,-0.110,0.054
diskette,-0.181,-0.196,-0.044
dislike,-0.346,0.176,-0.092
disliked,-0.415,0.312,-0.012
disliking,-0.199,0.332,0.006
dislocated,-0.344,0.345,0.096
dislocation,-0.196,0.235,-0.007
dislodge,-0.118,0.386,0.109
disloyal,-0.364,0.362,0.011
disloyalty,-0.221,0.365,0.129
dismal,-0.399,0.174,0.039
dismantle,-0.035,0.208,0.032
dismay,-0.036,0.258,0.038
dismayed,-0.135,0.400,0.044
dismemberment,-0.047,0.533,0.028
dismiss,-0.140,0.270,-0.143
dismissal,-0.232,0.395,0.113
dismissive,-0.187,0.251,-0.079
dismount,-0.185,0.043,-0.033
disobedience,-0.143,0.573,0.076
disobedient,-0.120,0.298,0.107
disobey,-0.158,0.297,-0.134
disorder,-0.245,0.484,0.182
disordered,-0.196,0.348,0.124
disorderly,-0.120,0.392,0.065
disorganized,-0.449,0.315,0.007
disorientation,-0.390,0.212,0.022
disoriented,-0.265,0.284,0.136
disown,-0.203,0.340,-0.000
disparage,-0.244,0.400,0.007
disparaging,-0.202,0.371,-0.060
disparate,-0.127,0.039,0.061
disparity,-0.255,0.193,-0.054
dispassionate,-0.489,0.011,-0.104
dispatch,-0.091,0.078,-0.170
dispatcher,0.140,0.245,-0.058
dispel,-0.167,0.010,-0.046
dispensary,-0.028,-0.010,-0.183
dispensation,-0.081,0.054,-0.067
dispense,0.053,-0.030,0.028
dispenser,-0.032,-0.136,0.002
dispersal,-0.110,0.082,0.005
disperse,-0.077,0.135,0.023
dispersed,-0.246,0.096,0.076
dispersion,-0.173,0.232,0.050
dispirited,-0.512,0.047,-0.015
displace,-0.052,0.081,0.018
displaced,-0.274,0.130,0.024
displacement,-0.111,0.183,-0.077
displacency,0.116,0.025,-0.082
display,-0.068,-0.253,0.058
displease,-0.297,0.477,0.029
displeased,-0.163,0.391,-0.002
displeasure,-0.345,0.309,0.020
disposable,-0.324,0.113,0.030
disposal,-0.206,0.334,-0.044
dispose,0.085,-0.006,0.003
disposed,0.156,-0.171,-0.028
disposition,0.270,-0.079,-0.060
dispossessed,-0.158,0.151,0.089
disprove,0.079,0.181,-0.069
dispute,0.041,0.379,-0.057
disqualification,-0.255,0.429,0.006
disqualified,-0.396,0.232,-0.012
disqualify,-0.269,0.267,0.073
disquieted,-0.120,0.428,0.206
disregard,-0.230,0.327,0.058
disregarded,-0.297,0.135,0.012
disrelish,-0.218,0.062,0.060
disreputable,-0.214,0.410,0.014
disrepute,-0.234,0.292,0.075
disrespect,-0.296,0.403,0.002
disrespectful,-0.305,0.463,0.038
disrupt,-0.160,0.260,0.068
disrupting,-0.246,0.260,-0.008
disruption,-0.066,0.351,0.046
disruptive,0.054,0.356,-0.030
dissatisfaction,-0.330,0.378,0.110
dissatisfied,-0.350,0.364,-0.042
dissect,0.122,0.273,0.007
dissection,-0.076,0.251,-0.009
disseminate,0.263,0.040,-0.084
dissemination,0.072,0.056,-0.041
dissension,-0.130,0.259,0.004
dissent,-0.093,0.248,0.053
dissenting,-0.218,0.241,-0.019
dissertation,-0.004,0.191,-0.101
disservice,0.001,0.383,0.055
dissident,-0.099,0.161,0.033
dissimilar,-0.151,0.134,-0.109
dissipate,-0.225,-0.014,-0.027
dissipated,-0.342,0.093,0.038
dissociation,-0.177,0.301,-0.124
dissociative,-0.129,0.233,0.029
dissolution,-0.274,0.183,-0.057
dissolve,-0.184,0.155,-0.053
dissonance,-0.295,0.210,-0.059
dissuade,-0.118,0.007,0.095
distal,-0.137,-0.006,-0.054
distance,-0.280,0.064,-0.171
distant,-0.386,0.065,-0.066
distaste,-0.192,0.309,0.007
distasteful,-0.235,0.280,0.175
distillate,-0.159,-0.110,-0.002
distillation,-0.028,0.034,-0.136
distilled,-0.002,0.103,0.005
distinct,0.065,0.024,0.057
distinction,0.257,-0.001,-0.093
distinctive,0.276,-0.260,0.123
distinguish,0.146,-0.142,-0.001
distinguishable,0.246,-0.067,-0.075
distinguished,0.393,-0.158,0.027
distinguishing,0.097,-0.177,-0.113
distort,-0.182,0.449,0.032
distorted,-0.274,0.186,0.044
distortion,-0.154,0.189,0.025
distract,-0.196,0.255,0.049
distracted,-0.412,0.135,-0.007
distracting,-0.060,0.093,0.088
distraction,-0.101,0.105,0.060
distraught,-0.170,0.546,0.198
distress,-0.126,0.539,0.053
distressed,-0.176,0.437,0.098
distressing,-0.183,0.474,0.019
distribute,0.268,-0.028,-0.023
distribution,0.298,-0.052,-0.108
distributor,0.233,-0.173,-0.082
district,0.002,-0.067,-0.234
distrust,-0.300,0.426,0.037
disturb,-0.051,0.413,-0.000
disturbance,-0.051,0.532,0.119
disturbed,-0.151,0.518,0.157
disturbing,-0.081,0.455,0.032
disuse,-0.480,-0.003,-0.072
disused,-0.446,0.031,-0.011
ditch,-0.265,0.002,-0.020
ditto,-0.129,-0.023,-0.008
ditty,-0.167,-0.032,0.064
diurnal,-0.032,-0.298,0.031
diva,0.224,-0.003,0.096
divan,-0.190,-0.396,0.121
dive,0.056,-0.039,0.057
diver,0.103,-0.051,0.012
diverge,0.027,0.199,0.012
divergence,0.155,0.139,-0.100
divergent,0.114,0.151,0.003
diverging,0.065,0.141,-0.028
divers,0.153,-0.001,0.013
diverse,0.115,-0.027,-0.032
diversified,0.104,-0.045,0.036
diversify,0.094,-0.054,0.147
diversion,0.428,0.057,0.142
diversionary,-0.078,0.014,0.210
diversity,0.292,-0.232,-0.014
divert,-0.087,0.193,0.056
diverting,0.009,0.126,-0.036
divest,-0.100,0.127,0.014
divested,-0.244,0.078,0.023
divestment,-0.180,0.144,-0.008
divide,-0.134,0.131,-0.012
divided,-0.134,0.246,0.033
dividend,0.085,-0.063,-0.011
divination,0.104,0.105,0.051
divine,0.521,-0.237,-0.027
divinity,0.424,-0.234,0.033
divisible,-0.171,0.098,-0.044
division,-0.094,0.080,-0.053
divisor,-0.102,0.123,-0.034
divorce,-0.216,0.464,-0.031
divorcee,-0.134,0.326,-0.093
divulge,0.096,0.126,0.156
divvy,-0.144,0.079,-0.043
dizziness,-0.287,0.223,0.070
dizzy,-0.333,0.261,0.112
do,0.134,-0.088,0.083
doable,0.210,-0.247,-0.048
doc,-0.187,-0.100,-0.045
docile,-0.234,-0.251,0.081
dock,-0.062,-0.056,-0.041
docked,-0.062,0.329,0.104
docket,0.084,0.007,-0.066
docking,0.036,0.176,-0.077
doctor,0.376,-0.108,-0.136
doctorate,0.374,-0.199,-0.114
doctrinal,0.069,-0.087,-0.183
doctrine,0.144,-0.061,-0.243
document,0.043,-0.240,-0.212
documentary,-0.007,-0.282,-0.164
documentation,0.129,-0.296,-0.125
documents,-0.042,-0.190,-0.182
dodge,0.047,0.300,0.056
dodger,-0.066,0.021,-0.053
dodging,-0.064,0.176,0.116
dodgy,-0.282,0.155,0.070
dodo,-0.230,-0.095,-0.034
doe,-0.172,-0.156,0.048
doer,0.300,-0.118,-0.023
dog,0.034,-0.152,0.162
dogface,-0.325,0.173,0.012
dogged,0.065,0.354,-0.046
doggy,-0.001,-0.116,0.131
doghouse,-0.186,-0.019,0.035
dogma,0.154,-0.040,-0.158
dogmatic,0.095,0.058,-0.120
dogsick,-0.059,-0.064,0.113
doings,0.196,-0.073,-0.096
doit,-0.069,0.008,0.085
dojo,-0.064,-0.047,-0.004
doldrums,-0.340,0.134,-0.009
dole,-0.183,-0.036,0.027
doll,-0.095,-0.296,0.129
dollar,0.330,-0.085,0.060
dollhouse,-0.150,-0.285,0.024
dolor,-0.192,0.329,0.001
dolphin,0.003,-0.307,0.110
domain,0.297,-0.005,-0.164
dome,0.017,-0.157,-0.004
domestic,0.031,-0.285,0.015
domesticated,-0.149,-0.203,0.130
domestication,-0.053,-0.147,0.030
domicile,-0.027,-0.217,-0.083
domiciled,-0.044,-0.140,-0.078
dominance,0.398,0.174,-0.063
dominant,0.407,0.329,-0.123
dominate,0.447,0.280,-0.170
dominating,0.383,0.255,-0.165
domination,0.471,0.213,-0.158
dominatrix,0.205,0.245,-0.073
dominion,0.401,0.127,-0.137
domino,0.032,-0.062,0.069
don,0.197,-0.129,-0.094
donate,0.174,-0.221,0.057
donation,0.170,-0.277,0.014
donkey,-0.295,-0.035,0.058
donor,0.212,-0.155,-0.008
dontlikeyou,-0.379,0.313,-0.063
dontmess,-0.104,0.060,-0.018
dontmesswithme,-0.073,0.226,0.025
dontpanic,-0.087,-0.005,0.018
dontunderstand,-0.374,0.095,-0.054
doodle,-0.085,-0.148,0.082
doom,-0.135,0.479,-0.028
doomed,-0.251,0.499,0.057
doomsday,0.109,0.527,-0.100
door,-0.181,-0.253,-0.092
doorbell,-0.108,-0.055,0.164
doorknob,-0.049,0.103,0.010
doorman,-0.033,-0.140,-0.031
doormat,-0.300,-0.139,0.015
doornail,-0.138,-0.063,-0.037
doorstep,-0.172,-0.183,-0.033
doorway,-0.060,-0.188,-0.069
dopamine,-0.045,-0.059,0.057
dope,0.013,0.390,0.147
dopey,-0.245,0.042,-0.058
dork,-0.205,0.172,-0.003
dorky,-0.188,0.125,-0.030
dorm,-0.162,-0.377,0.057
dormant,-0.364,-0.103,-0.018
dormitory,-0.161,-0.305,-0.016
dorsal,-0.132,-0.062,-0.063
dosage,-0.109,0.078,-0.095
dose,-0.079,0.020,0.025
dossier,-0.097,0.023,-0.164
dot,-0.212,-0.102,-0.071
doting,0.099,-0.342,0.190
dotted,-0.137,-0.094,-0.042
dotty,-0.187,0.018,-0.039
double,0.080,-0.209,-0.029
doubled,0.024,0.080,-0.056
doublet,-0.073,0.010,-0.076
doubling,-0.070,-0.005,-0.021
doubt,-0.318,-0.038,0.054
doubtful,-0.329,0.146,0.040
doubting,-0.334,0.228,0.115
doubtless,0.190,-0.186,-0.086
doubts,-0.263,0.096,0.013
douche,-0.121,-0.057,0.019
douchebags,-0.142,0.179,0.057
dough,-0.165,-0.255,-0.030
doughboy,-0.170,0.054,-0.024
doughnut,-0.136,-0.210,0.165
dour,-0.242,0.028,0.001
douse,-0.153,0.062,-0.029
dove,-0.058,-0.351,0.009
down,-0.398,0.084,-0.070
downcast,-0.415,0.298,-0.014
downer,-0.343,0.328,0.058
downfall,-0.276,0.353,0.194
downfield,-0.158,-0.137,0.000
downhearted,-0.386,0.238,-0.035
downhill,-0.229,0.191,0.093
download,0.048,-0.081,0.041
downpour,-0.051,0.194,-0.013
downright,0.170,-0.114,-0.088
downriver,-0.154,-0.061,0.156
downside,-0.386,0.145,-0.028
downtime,-0.388,-0.008,-0.152
downward,-0.406,0.110,-0.064
downy,-0.270,-0.332,0.051
dowry,0.061,-0.106,-0.006
doze,-0.166,-0.277,-0.054
dozen,-0.088,-0.171,0.006
drab,-0.369,-0.024,-0.014
draft,-0.206,-0.058,-0.003
drafty,-0.008,0.031,-0.032
drag,-0.115,0.148,0.109
dragon,0.327,0.201,0.049
dragonfly,-0.129,-0.145,0.063
drain,-0.327,0.129,0.069
drainage,-0.349,0.094,-0.081
drained,-0.230,0.090,-0.021
draining,-0.273,0.038,0.000
drainpipe,-0.244,-0.009,0.067
drake,-0.094,-0.039,-0.031
drama,0.073,0.226,0.119
dramaqueen,-0.007,0.243,0.034
dramatic,0.026,0.287,0.128
drape,-0.140,0.014,-0.007
drapery,-0.345,-0.190,0.028
drastic,0.123,0.462,-0.070
drat,-0.157,0.150,-0.023
draught,-0.273,-0.158,-0.029
draw,0.063,-0.184,0.083
drawback,-0.391,0.074,0.105
drawbridge,0.008,-0.000,0.098
drawer,-0.331,-0.167,-0.056
drawers,-0.286,-0.205,0.070
drawing,-0.158,-0.346,0.055
dread,-0.129,0.447,0.084
dreaded,-0.119,0.414,-0.041
dreadful,-0.177,0.486,0.066
dreadfully,-0.121,0.386,0.179
dreading,-0.152,0.445,0.047
dream,-0.117,-0.493,0.096
dreamboat,0.103,-0.208,0.156
dreamer,0.076,-0.306,0.126
dreaming,-0.029,-0.387,0.184
dreamland,0.205,-0.266,0.103
dreams,0.163,-0.321,0.108
dreamt,0.111,-0.308,0.071
dreamy,0.096,-0.347,0.079
dreary,-0.252,0.159,0.001
dredge,-0.103,0.013,-0.026
drenched,-0.246,0.043,-0.093
dress,-0.078,-0.333,0.122
dresser,-0.017,-0.147,0.013
dressmaker,0.067,-0.172,0.085
dressy,0.325,-0.160,0.047
dribble,-0.042,0.094,0.012
dried,-0.234,-0.117,-0.086
drier,-0.248,0.030,-0.102
drift,-0.173,0.142,0.009
drifted,-0.211,0.157,0.064
drifter,-0.099,0.041,0.057
driftwood,-0.237,-0.023,-0.162
drill,-0.023,0.254,-0.114
drink,0.081,-0.074,0.118
drinker,0.002,0.257,0.104
drinking,-0.121,-0.081,0.133
drinks,0.125,-0.062,0.255
drip,-0.436,-0.147,0.005
dripping,-0.383,-0.034,-0.067
drive,0.307,0.049,0.016
drivel,-0.092,0.051,-0.040
driver,0.144,-0.006,-0.048
driveway,0.141,-0.147,-0.135
drizzle,-0.191,-0.124,0.055
droll,-0.042,0.077,0.074
drone,0.123,0.184,0.001
drones,0.050,0.131,-0.067
drool,-0.320,0.000,0.093
drooping,-0.206,0.218,0.011
droopy,-0.250,-0.067,0.029
drop,-0.247,-0.117,0.036
droplet,-0.299,-0.305,0.112
dropout,-0.113,0.212,-0.078
dropper,-0.410,-0.086,-0.053
drought,-0.422,0.154,-0.095
drove,0.123,-0.005,-0.050
drown,-0.208,0.549,0.150
drowsiness,-0.408,-0.046,-0.146
drowsy,-0.403,-0.141,-0.055
drudgery,-0.379,0.298,-0.004
drug,-0.038,0.405,0.054
drug dealing,-0.064,0.568,-0.032
drugged,-0.208,0.453,0.069
druggist,-0.160,0.227,-0.034
drugs,-0.142,0.408,0.068
drugstore,-0.067,-0.100,-0.103
druid,-0.032,-0.051,-0.009
drum,0.026,0.033,0.264
drummer,0.214,0.035,0.135
drumming,0.113,0.101,0.232
drunk,-0.190,0.417,0.189
drunk driving,-0.162,0.576,0.148
drunkard,-0.132,0.434,0.251
drunken,-0.186,0.479,0.198
drunkenness,-0.130,0.389,0.126
dry,-0.363,-0.137,-0.116
dryer,-0.247,-0.103,0.058
dryness,-0.373,-0.000,-0.047
dual,-0.129,-0.175,0.022
dualism,-0.024,-0.056,-0.081
duality,-0.019,0.059,-0.021
dub,-0.086,-0.026,0.072
dubious,-0.271,0.036,0.156
duchess,0.253,-0.071,-0.044
duck,-0.222,-0.192,0.138
ducking,-0.192,0.154,0.107
duckling,-0.191,-0.185,0.132
ducky,-0.119,-0.068,0.062
duct,-0.107,-0.011,-0.011
ductile,-0.083,-0.064,0.006
dud,-0.371,0.199,-0.009
dude,0.168,-0.318,-0.010
duds,-0.283,-0.026,-0.065
due,-0.070,-0.156,-0.035
duel,0.044,0.305,-0.064
dues,-0.238,0.060,0.061
duet,0.208,-0.006,0.179
duffel,-0.132,-0.074,0.026
dugout,-0.094,-0.084,-0.050
duh,-0.188,0.071,0.004
duke,0.177,-0.155,-0.069
dull,-0.562,-0.054,-0.136
dullard,-0.132,0.017,0.058
dumb,-0.489,0.094,-0.001
dumbasses,-0.148,0.189,0.056
dumbbell,-0.212,0.116,-0.018
dumbbitch,-0.122,0.248,0.043
dumfound,-0.238,0.192,0.060
dumfounder,-0.128,0.051,0.014
dummy,-0.381,-0.213,-0.050
dump,-0.171,0.107,0.016
dumpling,-0.147,-0.187,0.037
dumps,-0.157,0.195,0.044
dumpster,-0.463,0.122,0.101
dun,-0.171,-0.024,0.053
dunce,-0.494,0.091,0.000
dune,-0.239,-0.199,-0.138
dung,-0.428,0.305,0.079
dungeon,-0.103,0.234,-0.007
dunk,-0.145,-0.048,-0.119
duo,-0.033,-0.009,0.041
dupe,-0.158,0.400,0.110
duplex,-0.001,-0.101,0.041
duplicate,-0.112,-0.029,0.116
duplication,0.076,0.062,-0.028
duplicity,0.010,0.071,-0.099
durability,0.302,-0.238,-0.152
durable,0.157,-0.307,-0.127
duration,0.042,-0.201,-0.021
duress,0.015,0.196,-0.134
dusk,-0.077,-0.177,-0.120
dusky,-0.249,0.208,0.007
dust,-0.387,-0.073,-0.035
duster,-0.306,-0.104,-0.031
dustpan,-0.055,-0.108,0.123
dusty,-0.323,-0.084,0.012
dutiful,0.051,-0.334,-0.090
duty,0.188,0.001,-0.021
dwarf,-0.295,-0.025,-0.003
dwarfed,-0.329,-0.073,-0.050
dweeb,-0.224,0.061,0.020
dwell,0.057,-0.314,-0.121
dweller,-0.036,-0.218,-0.052
dwelling,0.037,-0.310,0.047
dye,-0.193,-0.118,-0.022
dying,-0.207,0.442,-0.077
dyke,-0.033,-0.024,-0.132
dynamic,0.474,0.025,0.012
dynamical,0.489,-0.034,0.037
dynamics,0.407,-0.040,0.028
dynamite,0.299,0.373,-0.073
dynamo,0.154,0.085,0.033
dynasty,0.470,-0.083,-0.145
dysentery,-0.218,0.186,0.007
dysfunction,-0.297,0.182,-0.135
dysfunctional,-0.299,0.303,-0.015
dyspepsia,-0.187,0.186,-0.126
eager,0.019,0.191,0.314
eagerness,-0.030,0.149,0.060
eagle,0.226,-0.003,-0.022
ear,-0.346,-0.185,0.016
earful,-0.043,-0.052,0.034
earl,0.235,-0.074,-0.184
earlier,-0.156,-0.154,0.060
early,-0.048,-0.187,0.045
earn,0.540,-0.065,0.103
earnest,0.142,-0.186,-0.109
earnestly,0.325,-0.249,0.011
earnestness,0.178,-0.308,0.001
earnings,0.561,-0.197,0.033
earpiece,-0.096,-0.210,-0.044
earring,0.051,-0.046,0.051
earrings,0.026,-0.233,-0.011
earshot,-0.121,-0.157,-0.003
earth,0.075,-0.365,-0.109
earthenware,-0.243,-0.245,-0.009
earthling,0.024,-0.080,-0.081
earthly,-0.012,-0.215,-0.052
earthquake,0.219,0.619,-0.185
earthy,-0.173,0.026,-0.041
ease,0.086,-0.294,0.085
easel,0.040,-0.249,-0.013
easement,-0.228,-0.100,0.042
easily,0.052,-0.433,0.096
east,-0.247,-0.187,-0.005
eastbound,-0.095,-0.097,0.037
eastern,-0.042,-0.071,-0.020
easy,-0.056,-0.480,0.095
easygoing,0.081,-0.386,0.006
eat,0.089,-0.169,0.135
eater,-0.091,-0.082,-0.115
eating,0.252,-0.252,0.082
eatingdisorders,-0.010,0.172,-0.011
eavesdrop,-0.058,0.229,0.146
eavesdropping,-0.105,-0.078,-0.029
ebb,-0.166,0.068,-0.030
ebony,-0.165,-0.123,-0.036
ebullient,0.427,0.141,0.101
eccentric,0.321,0.198,0.029
eccentricity,0.244,0.239,-0.085
ecclesiastical,0.092,-0.277,-0.153
echelon,-0.105,-0.062,-0.005
echinacea,-0.027,-0.125,0.031
echo,-0.137,-0.147,0.073
eclectic,0.098,-0.076,0.087
eclipse,0.089,-0.046,-0.077
ecliptic,0.065,-0.006,-0.013
ecological,0.169,-0.419,-0.004
economic,0.087,-0.102,-0.117
economical,0.239,-0.069,-0.004
economics,0.149,-0.098,-0.041
economy,0.206,-0.094,-0.183
ecosystem,0.095,-0.326,-0.113
ecstasy,0.461,0.083,0.265
ecstatic,0.490,-0.076,0.159
ecumenical,0.040,-0.077,-0.030
eddy,-0.159,-0.079,0.046
edema,-0.247,0.186,0.016
edge,-0.068,0.022,-0.023
edging,-0.155,-0.063,0.022
edgy,-0.061,0.422,0.244
edible,0.086,-0.233,0.081
edict,-0.026,0.168,-0.104
edification,0.196,-0.095,-0.086
edifice,0.059,-0.099,-0.104
edit,-0.006,-0.067,-0.074
editing,0.001,-0.142,0.002
edition,0.046,-0.059,-0.048
editor,0.228,-0.237,-0.027
editorial,0.011,-0.174,-0.101
educate,0.237,-0.261,-0.098
educated,0.151,-0.363,-0.046
education,0.336,-0.427,-0.167
educational,0.292,-0.196,-0.088
educator,0.325,-0.348,-0.181
eeeek,-0.157,0.117,0.062
eeek,-0.231,0.105,0.051
eek,-0.203,0.164,0.025
eel,-0.083,0.194,-0.056
eerie,-0.030,0.354,0.075
effect,0.122,-0.034,-0.031
effective,0.517,-0.141,-0.033
effectiveness,0.369,0.018,-0.064
effects,-0.065,0.070,0.112
effectual,0.397,-0.145,-0.056
effectually,0.179,-0.158,0.042
effectuate,0.183,0.071,-0.063
effeminate,-0.176,0.191,0.131
efficacious,0.505,-0.082,0.025
efficacy,0.439,-0.208,-0.141
efficiency,0.438,-0.195,-0.121
efficient,0.517,-0.246,0.049
effigy,-0.095,-0.053,0.040
effort,0.490,0.064,-0.000
effortless,-0.240,-0.380,-0.061
effusion,0.012,0.270,0.070
effyou,-0.066,0.125,-0.047
egg,-0.182,-0.320,0.090
egghead,-0.252,0.118,0.057
eggnog,-0.174,-0.204,0.154
eggplant,-0.249,-0.314,-0.024
eggshell,-0.365,-0.105,0.029
ego,0.018,0.181,-0.105
egomaniac,-0.014,0.413,-0.128
egotistical,-0.191,0.358,0.021
egregious,-0.113,0.400,-0.010
egress,-0.193,-0.051,0.103
eight,-0.258,-0.244,-0.017
eighteen,-0.135,-0.131,-0.010
eighth,-0.202,-0.216,-0.052
eighty,-0.130,-0.140,-0.077
ejaculate,0.316,0.202,0.194
ejaculation,0.279,0.190,0.237
eject,0.084,0.158,0.013
ejection,0.044,0.460,-0.003
elaborate,0.097,-0.128,-0.167
elaboration,0.174,-0.146,0.032
elan,-0.033,-0.136,-0.043
elapse,-0.054,-0.053,0.005
elapsed,0.013,-0.094,0.018
elastic,0.003,-0.105,0.164
elasticity,0.104,-0.127,-0.018
elated,0.528,0.115,0.235
elation,0.377,0.075,0.223
elbow,-0.379,-0.226,-0.055
eld,-0.149,-0.124,-0.093
elder,-0.219,-0.203,-0.188
elderly,-0.237,-0.291,0.048
elders,-0.107,-0.242,-0.041
eldest,0.223,-0.100,-0.122
elect,0.225,-0.077,-0.001
election,0.180,-0.071,-0.034
elective,0.087,-0.158,-0.096
elector,0.192,0.040,-0.182
electoral,0.131,0.102,-0.004
electorate,0.114,-0.118,-0.172
electric,0.087,0.174,0.085
electric slide,0.123,0.081,0.083
electrical,0.209,0.068,-0.049
electrician,0.104,0.104,-0.058
electricity,0.415,0.080,0.103
electrify,0.310,0.181,-0.007
electrocute,0.036,0.327,-0.021
electrocution,0.142,0.479,-0.099
electromagnetic,0.211,0.076,-0.039
electron,0.032,-0.043,-0.056
electronic,0.178,-0.049,-0.112
electronics,0.179,-0.116,0.073
elegance,0.393,-0.360,-0.080
elegant,0.316,-0.256,0.047
element,-0.114,-0.189,-0.103
elemental,0.123,-0.216,-0.190
elementary,0.079,-0.207,-0.200
elements,-0.112,-0.138,-0.071
elephant,0.103,-0.011,-0.059
elevate,0.375,-0.213,-0.060
elevated,0.233,-0.078,0.066
elevation,0.406,-0.001,0.120
elevator,0.208,0.034,-0.035
eleven,-0.196,-0.138,-0.112
eleventh,-0.138,-0.192,0.050
elf,-0.174,-0.009,0.085
elicit,0.112,0.140,-0.102
eligible,0.090,-0.249,0.053
eliminate,-0.163,0.280,0.102
elimination,-0.193,0.436,-0.076
elite,0.362,0.015,0.038
elitist,0.163,0.080,-0.050
elixir,0.220,-0.086,0.075
elk,-0.224,-0.075,-0.008
ell,-0.147,-0.039,0.028
ellipse,-0.043,-0.085,-0.020
ellipsis,-0.126,-0.216,0.124
ellipsoid,-0.087,-0.045,0.023
elliptic,-0.013,-0.046,-0.057
elliptical,-0.143,0.038,-0.133
elm,-0.199,-0.122,0.044
elongate,0.015,-0.138,-0.050
elongation,0.030,-0.044,0.029
elope,0.061,0.210,0.037
eloquence,0.329,-0.159,-0.105
eloquent,0.445,-0.133,0.109
elucidate,0.059,-0.053,0.032
elucidation,0.172,-0.054,0.053
elude,-0.047,0.058,0.007
elusive,-0.105,0.274,-0.043
emaciated,-0.431,0.301,0.073
email,-0.062,-0.331,-0.022
emanate,0.098,-0.133,0.016
emancipation,0.380,-0.010,0.017
embankment,0.012,-0.173,0.095
embargo,-0.146,0.238,-0.055
embark,0.130,0.010,-0.035
embarrass,-0.227,0.412,-0.015
embarrassed,-0.313,0.259,0.057
embarrassing,-0.188,0.399,0.227
embarrassment,-0.288,0.374,0.119
embassy,0.168,-0.192,-0.210
embattled,-0.082,0.343,0.050
embed,0.107,0.105,-0.127
embellish,0.365,-0.236,-0.022
embellishment,-0.007,-0.164,0.120
embers,-0.008,-0.005,-0.021
embezzlement,-0.069,0.481,0.052
embezzler,-0.029,0.478,0.013
emblem,0.172,-0.207,-0.201
emblematic,0.331,-0.211,-0.098
embodiment,0.240,0.093,0.021
embolism,-0.264,0.388,0.034
embossed,0.006,-0.035,0.005
embrace,0.184,-0.334,0.242
embroidered,-0.085,-0.284,0.028
embroidery,-0.087,-0.311,0.209
embroiled,-0.034,0.267,0.098
embryo,0.037,-0.149,0.098
embryonic,0.085,-0.081,-0.058
emcee,0.272,-0.079,0.003
emerald,0.218,-0.258,-0.115
emerge,0.263,0.001,-0.059
emergence,0.186,0.416,-0.034
emergency,0.093,0.496,0.026
emeritus,0.189,-0.154,-0.152
emery,0.004,0.078,0.050
emetophobia,-0.141,0.264,0.009
emigrate,0.083,0.320,0.096
emigration,0.061,0.064,0.167
eminence,0.470,-0.115,-0.002
eminent,0.416,-0.077,-0.047
eminently,0.345,-0.055,-0.037
emir,0.043,-0.074,-0.135
emissary,0.111,-0.065,-0.085
emission,0.048,-0.036,-0.083
emit,0.050,-0.137,0.029
emo,-0.360,-0.034,0.018
emotion,0.416,0.126,0.161
emotional,0.260,-0.053,0.232
emotive,0.341,-0.135,0.314
empathic,0.205,-0.137,0.123
empathize,0.310,-0.149,0.084
empathy,0.074,-0.268,-0.004
emperor,0.507,0.051,-0.135
emphasis,0.422,0.072,-0.011
emphasize,0.250,0.077,-0.123
emphatic,0.324,0.069,0.008
emphysema,-0.263,0.280,-0.021
empire,0.525,0.042,-0.090
empirical,0.058,0.010,-0.045
empiricism,0.056,-0.086,-0.014
employ,0.251,-0.170,-0.040
employee,-0.039,-0.156,-0.023
employer,0.283,-0.094,-0.096
employment,0.250,-0.111,0.094
emporium,0.250,-0.040,-0.065
empower,0.513,0.069,-0.024
empress,0.445,-0.025,-0.049
emptiness,-0.546,-0.005,-0.115
emption,-0.041,-0.117,0.011
empty,-0.610,-0.011,-0.033
emu,-0.231,-0.047,0.002
emulate,-0.072,-0.063,-0.150
emulsion,-0.036,-0.094,0.025
enable,0.329,-0.182,-0.075
enablement,0.207,-0.095,-0.151
enact,0.191,-0.082,0.054
enactment,0.331,-0.032,-0.044
enamel,-0.199,-0.228,0.059
encampment,0.199,-0.073,0.052
enchant,0.361,-0.160,0.162
enchanted,0.406,-0.202,0.143
enchanting,0.445,-0.168,0.155
enchantment,0.395,-0.033,0.200
enchantress,0.012,0.185,0.055
enchilada,-0.047,0.001,0.138
encircle,-0.006,0.030,-0.032
encircling,-0.017,-0.096,-0.106
enclave,-0.007,-0.134,-0.131
enclose,-0.015,-0.039,0.021
enclosure,-0.108,-0.026,-0.101
encode,0.164,0.017,-0.166
encomiastic,0.143,-0.022,-0.097
encomium,0.011,-0.063,-0.020
encompass,0.030,-0.147,-0.211
encore,-0.032,-0.060,-0.037
encounter,0.415,-0.117,0.155
encourage,0.383,-0.223,0.093
encouraged,0.436,-0.182,0.219
encouragement,0.465,-0.115,0.105
encouraging,0.385,-0.166,0.024
encroach,0.163,0.319,-0.102
encroachment,0.078,0.345,-0.071
encrypt,-0.054,-0.078,-0.061
encryption,-0.036,-0.094,-0.006
encumbrance,-0.104,0.158,-0.070
encyclopedia,0.108,-0.247,-0.112
end,-0.369,0.106,-0.087
end table,-0.002,-0.044,0.021
endanger,-0.077,0.540,0.092
endangered,-0.074,0.564,0.059
endangerment,0.026,0.499,0.031
endearing,0.125,-0.159,-0.030
endeavor,0.402,0.059,0.041
ended,-0.099,0.143,-0.095
endemic,-0.069,0.054,-0.044
endgame,0.011,0.064,-0.021
ending,-0.148,0.020,-0.143
endless,-0.115,0.083,-0.074
endocarditis,-0.154,0.248,-0.019
endorse,-0.026,-0.142,0.005
endorsement,0.180,-0.333,0.007
endow,0.122,-0.199,-0.043
endowed,0.326,-0.166,-0.058
endowment,0.236,-0.074,0.030
endpapers,-0.143,-0.106,0.077
endpoint,-0.175,0.073,-0.103
endurance,0.351,0.113,-0.001
endure,0.016,0.209,-0.077
enduring,0.240,-0.113,-0.143
enema,-0.194,0.268,0.149
enemy,0.024,0.471,-0.077
energetic,0.639,0.020,0.090
energize,0.565,0.018,0.050
energy,0.595,-0.150,0.082
enforce,0.353,0.054,-0.113
enforcement,0.251,-0.009,-0.079
enforcer,0.103,0.157,-0.083
engage,0.430,0.017,0.144
engaged,0.466,-0.163,-0.027
engagement,0.466,-0.221,0.030
engaging,0.538,-0.231,0.026
engender,0.281,0.130,0.031
engine,0.253,0.024,0.012
engineer,0.380,-0.142,-0.153
engineering,0.346,-0.176,-0.135
engrave,-0.022,-0.029,-0.050
engraved,-0.058,-0.118,-0.029
engraver,-0.014,-0.095,-0.020
engraving,-0.024,-0.126,0.052
engrossed,-0.135,-0.058,0.139
engrossing,0.376,0.007,0.033
engulf,-0.016,0.124,-0.009
enhance,0.415,-0.151,-0.029
enhancement,0.357,-0.269,0.009
enigma,0.102,0.128,0.115
enigmatic,0.157,0.091,-0.089
enjoin,0.193,-0.090,-0.140
enjoy,0.517,-0.166,0.170
enjoyable,0.316,-0.370,0.157
enjoying,0.514,-0.106,0.158
enjoyment,0.424,-0.225,0.118
enlarge,0.304,-0.089,0.041
enlarged,0.094,-0.131,0.065
enlargement,0.209,-0.070,0.047
enlighten,0.258,-0.125,0.021
enlightened,0.403,-0.276,0.116
enlightening,0.435,-0.068,0.124
enlightenment,0.277,-0.205,0.106
enlist,-0.070,-0.098,-0.054
enliven,0.399,-0.106,0.120
enmity,-0.189,0.431,-0.000
ennui,-0.199,0.033,0.061
enormity,0.369,0.049,-0.114
enormous,0.446,0.002,-0.091
enormously,0.491,-0.038,-0.026
enraged,0.111,0.626,-0.041
enrich,0.456,-0.119,0.174
enroll,0.192,-0.116,0.034
enrollment,0.174,-0.187,-0.116
ensemble,0.121,-0.195,-0.010
ensign,0.004,-0.274,-0.078
enslave,-0.083,0.515,-0.027
enslaved,-0.222,0.430,0.054
enslavement,-0.285,0.384,0.012
ensue,-0.089,-0.245,0.136
ensure,0.260,-0.225,-0.116
entail,0.159,0.107,-0.037
entangled,-0.156,0.179,0.055
entanglement,-0.154,0.315,0.223
enter,0.089,-0.171,0.083
enterprise,0.262,-0.252,-0.109
enterprising,0.589,-0.052,0.071
entertain,0.367,-0.171,0.233
entertained,0.422,-0.183,0.125
entertainer,0.480,-0.126,0.121
entertaining,0.357,-0.125,0.135
entertainment,0.342,-0.076,0.255
enthralled,0.254,-0.102,0.094
enthusiasm,0.585,-0.086,0.177
enthusiast,0.602,-0.036,0.086
enthusiastic,0.619,-0.010,0.145
entice,0.208,0.252,0.209
entire,0.219,-0.154,-0.067
entirety,0.377,-0.271,-0.062
entitle,0.271,-0.267,-0.207
entity,0.097,-0.091,-0.150
entomology,-0.048,-0.025,-0.117
entourage,0.004,0.051,0.055
entrails,-0.131,0.119,0.034
entrance,0.066,-0.216,0.019
entrapment,-0.154,0.303,-0.057
entreat,-0.097,0.182,-0.035
entree,0.136,-0.094,-0.043
entrepreneur,0.593,-0.120,0.006
entrust,0.099,-0.265,-0.101
entry,0.029,-0.134,-0.125
enumerate,-0.049,-0.091,-0.044
enumeration,-0.034,-0.152,-0.095
envelope,-0.145,-0.236,0.012
envious,-0.188,0.450,0.062
environ,-0.070,-0.357,0.001
environment,-0.053,-0.315,-0.116
environmental,0.095,-0.218,-0.151
environs,-0.183,-0.197,0.021
envision,0.025,-0.126,0.044
envoy,0.018,-0.105,-0.112
envy,-0.085,0.326,0.037
enzyme,-0.090,-0.199,-0.079
ephemeral,-0.179,-0.135,-0.018
ephemeris,0.033,-0.183,-0.018
epic,0.518,-0.097,0.060
epidemic,0.035,0.527,-0.092
epidermis,-0.099,0.049,0.006
epidural,-0.081,0.079,-0.116
epilepsy,-0.230,0.551,0.155
epileptic,-0.152,0.452,0.101
epilogue,-0.054,-0.162,-0.017
epiphany,0.127,-0.023,0.094
episcopal,0.113,-0.148,-0.253
episode,0.052,-0.250,0.026
episodic,0.008,0.005,0.064
epistle,0.037,-0.131,-0.019
epitaph,-0.238,0.038,-0.164
epithet,-0.018,-0.094,-0.060
epitome,0.126,-0.000,-0.110
epoch,0.166,-0.134,-0.265
equal,-0.081,-0.429,0.023
equality,0.261,-0.413,-0.065
equalization,-0.031,-0.147,0.070
equalize,0.067,-0.320,-0.056
equalizer,0.091,-0.105,-0.036
equally,-0.097,-0.256,-0.025
equate,0.145,-0.238,-0.042
equation,0.012,-0.060,-0.148
equator,-0.097,-0.174,-0.058
equatorial,-0.017,-0.190,-0.165
equestrian,0.015,-0.087,0.131
equidistant,-0.101,0.026,-0.117
equilibration,0.091,-0.284,-0.057
equilibrium,0.048,-0.305,-0.143
equip,0.238,-0.086,-0.065
equipment,0.264,-0.172,-0.023
equitable,0.185,-0.292,-0.186
equity,0.134,-0.341,-0.046
equivalence,0.021,-0.287,-0.115
equivalent,-0.001,-0.211,-0.013
equivocal,-0.271,0.102,0.075
era,-0.024,-0.149,0.040
eradicate,0.106,0.313,-0.139
eradication,0.126,0.418,-0.110
erase,-0.374,0.015,-0.132
eraser,-0.297,-0.178,-0.048
erasure,-0.346,0.052,-0.019
ere,-0.189,-0.120,-0.028
erect,0.347,0.167,0.191
erectile,0.253,0.179,0.095
erection,0.381,0.152,0.127
ergo,-0.188,0.009,-0.030
erode,-0.019,0.313,-0.117
erosion,0.010,0.321,0.081
erotic,0.408,0.225,0.177
erotica,0.374,0.055,0.282
err,-0.291,0.355,0.100
errand,-0.061,0.096,-0.032
errant,-0.189,0.278,0.001
erratic,-0.318,0.156,0.087
erratum,-0.119,0.142,-0.023
erroneous,-0.376,0.352,-0.003
error,-0.393,0.321,0.046
erst,-0.252,0.101,-0.051
erudite,0.276,-0.192,-0.120
erupt,0.228,0.460,-0.194
eruption,0.195,0.543,-0.100
escalade,0.055,0.166,0.153
escalate,0.343,0.047,0.033
escalating,0.193,0.050,0.180
escalation,0.241,0.164,0.145
escalator,0.027,0.021,0.004
escape,0.023,0.277,0.117
escaped,0.068,0.274,0.062
escarpment,-0.043,0.103,0.005
eschew,-0.281,0.180,-0.095
escort,0.183,-0.175,0.024
escrow,0.066,0.056,-0.091
esophagus,-0.083,0.018,-0.034
esoteric,0.117,0.123,0.065
especial,0.337,-0.280,-0.090
espionage,0.113,0.313,-0.036
espouse,0.235,-0.194,0.093
espresso,0.151,-0.045,0.145
esprit,-0.074,-0.089,0.051
esquire,0.085,-0.046,0.060
essay,0.008,-0.103,-0.041
essayist,0.031,-0.142,0.079
essence,0.073,-0.205,-0.045
essential,0.297,-0.280,-0.081
essentially,0.282,-0.255,-0.158
establish,0.240,-0.142,-0.030
established,0.237,-0.279,-0.050
establishment,0.141,-0.202,-0.055
estate,0.128,-0.184,-0.091
esteem,0.194,-0.252,-0.071
esteemed,0.080,-0.195,0.027
esthetic,0.042,-0.192,-0.052
estimable,0.197,-0.272,0.002
estimate,0.106,-0.179,0.076
estimation,0.174,-0.184,0.043
estoppel,-0.105,0.077,-0.080
estranged,-0.317,0.162,-0.144
estrogen,-0.015,-0.061,0.090
estuary,-0.135,-0.131,-0.123
etch,0.012,-0.095,-0.135
etching,0.083,-0.051,-0.024
eternal,0.381,-0.304,-0.116
eternity,0.439,-0.160,-0.145
ethanol,-0.102,0.060,-0.152
ether,-0.161,-0.130,-0.050
ethereal,-0.016,-0.069,-0.047
ethic,0.238,-0.360,-0.194
ethical,0.189,-0.372,-0.019
ethics,0.148,-0.245,-0.195
ethnic,0.020,-0.145,-0.067
ethnography,0.010,-0.137,-0.069
etiology,0.046,-0.073,-0.158
etiquette,-0.077,-0.182,0.023
etymology,-0.026,-0.111,-0.076
eucalyptus,-0.100,-0.210,0.001
euchre,-0.077,-0.009,0.003
eugenics,0.001,0.059,-0.021
eulogistic,0.319,-0.081,0.048
eulogium,0.124,-0.036,-0.096
eulogize,0.312,-0.233,0.054
eulogy,0.156,-0.123,-0.086
euphemism,-0.070,0.027,-0.059
euphoria,0.458,0.125,0.275
euphoric,0.379,0.105,0.277
euro,0.077,-0.170,0.040
euthanasia,-0.158,0.337,0.109
evacuate,-0.068,0.299,0.218
evacuation,0.012,0.425,-0.080
evade,-0.217,0.128,0.010
evaluate,0.256,-0.015,0.052
evaluation,0.292,0.096,-0.071
evanescence,-0.008,-0.008,0.052
evangelical,0.071,-0.146,-0.082
evangelist,0.170,-0.075,-0.119
evangelistic,0.101,-0.197,-0.069
evaporate,-0.157,0.078,-0.018
evaporation,-0.127,-0.151,0.020
evasion,-0.190,0.199,-0.068
evasive,-0.199,0.340,-0.079
eve,-0.046,-0.168,0.029
evening,-0.303,-0.194,-0.066
evens,-0.019,-0.117,0.036
event,0.323,-0.051,0.099
eventful,0.190,0.202,0.197
eventual,-0.016,-0.128,0.101
eventuality,0.065,0.111,0.036
evergreen,0.133,-0.184,0.062
everlasting,0.301,-0.220,-0.145
evermore,-0.006,-0.167,0.124
everyday,0.048,-0.249,0.075
everyman,-0.044,-0.129,-0.104
evict,-0.254,0.417,-0.062
eviction,-0.079,0.385,0.006
evidence,0.201,0.012,-0.191
evident,0.158,-0.128,-0.080
evidentiary,0.151,0.075,-0.152
evil,-0.040,0.560,-0.073
evoke,-0.107,-0.065,-0.116
evolution,0.471,-0.080,-0.024
evolutionary,0.465,-0.081,0.012
evolve,0.455,0.037,-0.094
ewe,-0.333,-0.154,-0.035
ex,-0.255,0.186,0.025
exacerbate,0.102,0.322,0.011
exacerbation,0.056,0.326,0.108
exact,0.173,-0.251,-0.102
exacting,0.250,0.168,-0.114
exaggerate,-0.008,0.403,-0.025
exaggerated,0.214,0.475,-0.082
exaggeration,0.097,0.329,0.004
exalt,0.374,0.070,0.042
exaltation,0.359,0.210,0.140
exalted,0.394,0.119,0.137
exam,0.123,0.131,0.026
examination,0.144,0.204,-0.096
examine,0.323,0.014,-0.075
examiner,0.215,0.133,-0.219
example,-0.050,-0.142,-0.076
exasperated,-0.073,0.409,0.127
exasperation,0.004,0.436,0.057
excavate,0.193,0.024,0.008
excavation,0.108,0.071,0.079
excavator,0.154,0.178,-0.043
exceed,0.218,0.229,0.119
exceeding,0.266,0.215,0.049
excel,-0.060,-0.140,-0.022
excellence,0.580,-0.231,0.004
excellent,0.543,-0.264,0.017
excelsior,0.240,-0.054,0.087
excepting,-0.069,0.008,-0.109
exception,0.064,0.093,0.009
exceptional,0.580,-0.037,-0.021
excerpt,-0.064,-0.044,-0.132
excess,0.282,0.360,0.011
excessive,0.142,0.224,0.017
excessively,0.313,0.309,0.035
exchange,0.146,-0.126,0.159
excise,0.059,0.083,-0.045
excision,-0.115,0.161,-0.139
excitability,0.560,-0.002,0.263
excitable,0.454,0.089,0.295
excitation,0.545,0.115,0.217
excite,0.497,0.084,0.284
excited,0.560,0.011,0.286
excitement,0.452,-0.150,0.131
exciting,0.573,-0.112,0.175
exclaim,0.269,0.054,0.084
exclamation,0.244,0.092,0.120
exclude,-0.082,0.152,-0.120
excluded,-0.464,0.330,0.064
excluding,-0.218,0.193,0.039
exclusion,-0.196,0.204,-0.031
exclusive,0.318,-0.115,0.105
excrement,-0.403,0.360,0.004
excretion,-0.067,0.257,0.009
excruciating,-0.159,0.527,0.091
excursion,0.256,0.062,0.089
excuse,-0.168,0.315,0.108
exec,0.194,-0.192,-0.199
execute,0.208,0.280,-0.155
execution,0.133,0.469,-0.140
executioner,0.146,0.417,-0.076
executive,0.362,-0.166,-0.202
executor,0.242,0.285,-0.104
exegesis,-0.041,0.011,-0.029
exemplar,0.279,-0.218,0.099
exemplary,0.256,-0.339,-0.084
exemplify,0.325,-0.154,-0.079
exempt,0.141,-0.088,-0.095
exemption,0.145,0.037,-0.030
exercise,0.353,0.024,0.191
exert,0.430,0.035,0.010
exertion,0.360,0.067,0.068
exhale,-0.048,-0.041,0.076
exhaust,0.005,0.104,0.249
exhausted,-0.440,0.207,-0.017
exhaustion,-0.170,0.179,0.168
exhaustive,0.084,0.179,-0.051
exhibit,0.308,-0.035,0.019
exhibition,0.164,-0.080,0.122
exhilarated,0.603,0.048,0.261
exhilarating,0.586,-0.066,0.162
exhilaration,0.526,0.054,0.145
exhort,0.193,0.209,-0.140
exhortation,0.132,0.066,0.027
exhumation,-0.139,0.292,-0.089
exhume,-0.132,0.314,-0.049
exigent,0.207,0.172,-0.195
exile,-0.108,0.317,-0.068
exist,0.348,-0.300,-0.071
existence,0.332,-0.167,-0.055
existent,0.160,-0.099,-0.034
existential,0.146,-0.047,-0.050
existing,0.257,-0.315,-0.113
exit,-0.208,-0.012,-0.073
exodus,0.020,0.270,-0.060
exonerate,0.073,-0.065,0.018
exorbitant,0.359,0.339,-0.074
exorcism,0.103,0.577,0.061
exorcist,0.210,0.492,-0.062
exotic,0.434,-0.091,0.121
expand,0.308,-0.163,0.044
expanded,0.221,-0.245,-0.057
expanse,0.197,-0.040,-0.069
expansion,0.401,-0.106,-0.001
expansive,0.376,-0.035,-0.010
expatriate,-0.070,0.347,0.107
expect,-0.187,-0.102,-0.024
expectance,0.249,0.124,0.037
expectancy,0.140,0.028,0.065
expectant,0.156,-0.048,0.199
expectation,0.375,-0.056,0.091
expected,0.104,-0.224,0.031
expecting,-0.137,-0.087,0.138
expediency,0.171,-0.106,-0.121
expedient,0.140,-0.307,0.195
expedite,0.422,0.208,0.024
expedition,0.348,0.043,0.194
expeditious,0.318,0.038,-0.060
expel,-0.036,0.311,0.051
expendable,-0.071,0.005,0.038
expenditure,0.002,0.260,-0.131
expense,-0.204,0.093,-0.029
expenses,-0.141,0.275,0.020
expensive,-0.047,0.157,-0.083
experience,0.512,-0.138,-0.058
experienced,0.488,-0.100,-0.094
experiences,0.430,-0.098,0.017
experiment,0.221,0.174,-0.011
experimental,0.009,0.238,0.176
experimentation,0.390,0.098,0.028
experimenter,0.349,0.003,0.076
expert,0.505,-0.081,-0.071
expertise,0.495,-0.132,-0.104
expiration,-0.125,0.195,-0.066
expire,0.299,0.125,0.029
expired,-0.418,0.133,0.005
expiry,-0.269,0.171,-0.101
explain,0.288,-0.137,-0.048
explanation,0.345,0.007,-0.109
explanatory,0.140,-0.091,-0.131
expletive,-0.013,0.151,-0.057
explication,0.052,-0.041,-0.095
explicit,0.293,0.099,-0.026
explode,0.270,0.438,-0.085
exploit,0.203,0.403,0.006
exploitation,0.187,0.548,-0.086
exploration,0.316,0.047,-0.061
exploratory,0.310,0.029,0.040
explore,0.378,-0.080,0.063
explorer,0.347,-0.044,0.051
explosion,0.247,0.569,-0.092
explosions,0.052,0.525,-0.049
explosive,0.158,0.561,-0.035
expo,0.084,-0.037,0.086
exponent,0.269,0.001,-0.218
exponential,0.334,-0.076,-0.036
export,0.295,0.073,-0.056
exportation,0.318,-0.089,0.078
expose,0.017,0.213,-0.022
exposed,0.069,0.132,0.068
exposition,0.183,0.079,-0.027
expository,0.274,-0.038,0.088
exposure,0.287,0.182,0.124
expound,0.179,0.107,-0.154
express,0.326,-0.095,0.060
expression,0.376,-0.097,0.068
expressive,0.368,-0.022,0.117
expressway,0.194,0.001,0.077
expropriation,0.165,0.400,-0.219
expulsion,0.005,0.425,-0.010
exquisite,0.339,-0.180,0.194
exquisitely,0.444,-0.086,0.138
extant,0.037,-0.180,-0.006
extend,0.243,-0.049,-0.022
extendable,0.284,-0.043,-0.026
extended,0.049,-0.179,-0.176
extension,0.021,0.015,-0.019
extensive,0.265,-0.073,-0.104
extent,0.123,-0.135,-0.027
exterior,0.065,-0.094,-0.122
exterminate,0.180,0.490,-0.122
extermination,0.101,0.477,-0.032
exterminator,0.348,0.339,-0.175
external,-0.080,-0.094,-0.103
externally,0.130,-0.086,0.033
extinct,-0.261,0.271,-0.130
extinction,0.002,0.464,-0.129
extinguish,-0.106,0.240,-0.070
extinguisher,0.076,-0.231,0.004
extol,0.089,0.054,0.161
extort,-0.016,0.552,-0.084
extortion,0.077,0.540,-0.074
extra,0.279,-0.067,-0.066
extract,-0.001,-0.114,-0.035
extracting,0.247,0.137,-0.006
extraction,0.093,0.226,0.074
extractor,-0.068,0.169,-0.088
extracurricular,0.140,0.022,-0.204
extradition,-0.035,0.286,-0.097
extrajudicial,0.142,0.233,-0.078
extramural,-0.027,0.161,-0.072
extraneous,-0.068,0.247,-0.024
extraordinaire,0.635,0.017,0.090
extraordinary,0.603,-0.167,0.101
extraterrestrial,0.375,0.235,-0.015
extravagance,0.304,0.194,0.042
extravagant,0.461,0.035,0.034
extravaganza,0.503,0.109,-0.054
extreme,0.213,0.348,-0.076
extreme anticipation,0.288,0.137,0.015
extreme disgust,-0.077,0.579,0.019
extreme surprise,0.501,0.066,0.275
extreme trust,0.569,-0.071,-0.019
extremely,0.503,0.144,-0.023
extremely negative,-0.234,0.529,0.061
extremely positive,0.601,-0.184,0.128
extremity,0.056,0.131,-0.053
extricate,0.057,-0.022,-0.004
extrinsic,0.093,-0.016,-0.100
extrusion,-0.026,0.308,-0.073
exuberance,0.457,0.087,0.069
exude,-0.118,0.100,0.012
eye,-0.151,-0.188,-0.061
eyeball,-0.082,-0.076,0.025
eyebrow,-0.341,-0.227,0.032
eyeful,0.278,-0.211,0.023
eyeglass,-0.266,-0.213,0.018
eyeglasses,-0.221,-0.212,0.037
eyelash,-0.290,-0.167,0.007
eyelet,-0.142,-0.241,0.059
eyeliner,-0.089,-0.247,0.113
eyepiece,-0.129,-0.047,-0.109
eyes,-0.025,-0.343,0.051
eyesight,-0.120,-0.376,0.078
eyewitness,0.252,0.107,-0.015
fab,-0.130,-0.079,-0.005
fable,-0.053,-0.201,0.093
fabled,0.113,-0.062,0.050
fabric,-0.193,-0.318,0.002
fabricate,0.265,-0.093,-0.132
fabricated,-0.036,0.011,-0.117
fabrication,0.226,0.016,-0.059
fabulous,0.530,-0.224,0.112
facade,-0.057,-0.129,-0.094
face,-0.155,-0.279,-0.112
faceless,-0.416,0.117,0.045
facet,-0.086,-0.247,0.065
facial,-0.036,-0.120,0.053
facile,-0.133,-0.344,0.119
facilitate,0.082,-0.340,0.052
facility,0.174,-0.084,-0.046
facing,0.043,-0.138,-0.036
facsimile,0.026,0.009,-0.034
fact,0.097,-0.242,-0.085
faction,-0.087,-0.028,-0.017
factor,0.131,-0.183,-0.132
factory,0.132,0.008,-0.126
facts,0.219,-0.148,-0.059
factual,0.081,-0.152,0.011
faculties,0.226,-0.140,-0.148
faculty,0.183,-0.134,-0.153
fad,0.141,-0.101,0.041
fade,-0.337,-0.020,0.015
faded,-0.428,-0.025,-0.006
faeces,-0.404,0.198,0.060
fag,-0.238,0.372,0.019
faggot,-0.222,0.293,0.087
fail,-0.374,0.273,0.126
failing,-0.360,0.254,-0.025
failure,-0.391,0.277,0.130
fain,-0.104,-0.045,-0.004
faint,-0.493,0.253,-0.018
fainting,-0.285,0.115,0.123
fair,0.286,-0.180,0.082
fairly,0.280,-0.264,-0.085
fairness,0.070,-0.297,-0.021
fairway,0.025,-0.023,0.025
fairy,0.030,-0.267,0.142
faith,0.222,-0.423,-0.174
faithful,0.205,-0.390,0.007
faithfulness,0.204,-0.288,0.049
faithless,-0.253,0.406,0.045
fake,-0.355,0.336,-0.015
faker,-0.079,0.273,-0.037
falafel,-0.125,-0.117,0.078
falcon,0.195,0.022,-0.052
fall,-0.288,0.330,0.123
fallacious,-0.152,0.221,0.014
fallacy,-0.215,0.320,-0.104
fallback,-0.083,-0.067,-0.103
fallible,-0.121,0.119,0.023
falling,-0.186,0.356,0.109
fallopian,-0.180,0.070,-0.132
fallout,-0.197,-0.053,-0.025
fallow,-0.151,-0.002,-0.107
false,-0.423,0.198,-0.055
falsehood,-0.258,0.420,-0.076
falsely,-0.387,0.278,-0.048
falsification,-0.065,0.388,-0.029
falsified,-0.306,0.413,-0.014
falsify,-0.183,0.383,-0.036
falsity,-0.326,0.392,0.138
falter,-0.079,0.154,0.150
fame,0.574,-0.096,0.086
famed,0.538,-0.088,0.097
familiar,0.204,-0.406,0.022
familiarity,0.187,-0.357,0.006
familiarize,0.176,-0.274,-0.055
family,0.281,-0.413,0.062
familytime,0.310,-0.365,0.043
famine,-0.220,0.359,0.067
famished,-0.245,0.330,0.080
famous,0.615,-0.095,0.086
famously,0.511,-0.063,0.117
fan,0.002,-0.258,0.194
fanatic,0.263,0.146,0.099
fanatical,0.340,0.197,0.059
fanaticism,0.133,0.426,0.071
fanciful,0.018,-0.071,0.244
fancy,0.283,-0.135,0.240
fandango,-0.013,0.067,0.094
fanfare,0.099,-0.019,0.194
fang,-0.199,0.227,-0.129
fangs,-0.108,0.220,-0.003
fanning,-0.215,-0.212,0.144
fantasia,0.244,-0.157,0.340
fantasize,0.107,-0.092,0.316
fantastic,0.567,-0.190,0.103
fantasy,0.231,-0.189,0.269
faraway,-0.292,-0.011,0.005
farce,-0.221,0.274,0.154
farcical,-0.230,0.045,0.111
fare,0.064,-0.038,-0.145
farewell,-0.118,0.272,-0.239
farm,-0.090,-0.331,0.180
farmer,0.029,-0.176,0.072
farmhouse,-0.027,-0.257,0.037
farming,0.048,-0.114,-0.055
farmland,0.055,-0.260,0.029
faro,-0.154,-0.142,0.037
fart,-0.352,0.169,-0.017
farther,-0.092,0.056,0.009
fascia,-0.178,-0.084,0.017
fascinate,0.482,-0.117,0.061
fascinated,0.466,-0.066,0.068
fascinating,0.595,-0.116,0.206
fascination,0.564,-0.076,0.102
fascism,0.059,0.460,-0.193
fascist,-0.008,0.394,-0.023
fashion,0.283,-0.153,0.158
fashionable,0.205,-0.169,0.053
fastball,0.233,-0.009,0.136
fasten,0.041,0.090,0.006
fastener,-0.027,-0.141,-0.024
fastening,0.073,-0.084,-0.007
fasting,-0.195,-0.013,-0.051
fat,-0.411,0.106,-0.043
fatal,-0.081,0.508,-0.066
fatalism,0.042,0.351,-0.124
fatality,-0.007,0.526,-0.112
fate,0.179,-0.057,-0.123
fated,0.166,-0.070,-0.108
fateful,-0.136,0.205,0.012
fathead,-0.116,0.165,-0.057
father,0.310,-0.327,-0.165
fatherhood,0.332,-0.258,0.069
fatherland,0.300,-0.175,-0.099
fatherly,0.270,-0.349,-0.046
fathom,-0.017,-0.075,-0.055
fatigue,-0.391,0.142,-0.061
fatigued,-0.393,0.199,-0.030
fatso,-0.276,0.075,-0.047
fatten,-0.138,0.118,0.061
fatty,-0.300,0.052,-0.057
faucet,-0.247,-0.106,-0.057
fault,-0.356,0.252,0.100
faultless,0.320,-0.201,-0.026
faulty,-0.236,0.237,-0.056
faun,-0.189,-0.134,-0.027
fauna,-0.070,-0.216,0.052
faux,-0.323,0.132,0.099
favor,0.077,-0.357,0.032
favorable,0.376,-0.397,-0.048
favorite,0.373,-0.208,0.102
favoriteholiday,0.298,-0.181,0.183
favoritism,0.183,-0.012,-0.037
fawn,-0.161,-0.197,0.133
fax,-0.252,-0.031,0.018
faze,-0.120,0.065,0.050
fear,-0.200,0.534,0.124
feared,-0.012,0.349,-0.003
fearful,-0.377,0.280,-0.056
fearfully,-0.327,0.317,0.009
fearing,-0.332,0.306,0.025
fearless,0.489,-0.002,0.136
fears,-0.206,0.530,0.099
fearsome,0.062,0.558,-0.025
feasibility,0.246,-0.107,-0.098
feasible,0.123,-0.213,-0.045
feast,0.476,-0.184,0.227
feat,0.475,-0.024,-0.008
feather,-0.309,-0.344,0.171
feathered,-0.339,-0.113,0.052
feature,0.124,-0.241,-0.145
features,0.058,-0.167,0.037
febrile,-0.060,0.101,0.068
fecal,-0.316,0.184,0.096
feces,-0.314,0.116,-0.042
fecundity,0.269,-0.065,0.014
fed,-0.024,-0.164,-0.010
federal,0.255,-0.035,-0.255
federation,0.187,-0.185,-0.197
fedup,-0.193,0.119,0.019
fee,-0.087,0.030,-0.170
feeble,-0.559,0.080,-0.014
feed,0.294,-0.264,-0.054
feedback,0.193,-0.043,-0.010
feeder,0.183,-0.099,-0.123
feel,0.268,-0.144,0.134
feelgood,0.303,-0.390,0.119
feeling,0.093,-0.338,0.032
feelingdown,0.023,-0.019,-0.074
feelinggood,0.307,-0.347,0.076
feet,-0.270,-0.195,0.006
feign,-0.235,0.037,-0.035
feigned,-0.235,0.300,0.014
feisty,0.424,0.189,0.037
felicity,0.515,-0.146,0.107
feline,0.181,0.086,0.182
fell,-0.321,0.140,0.034
feller,0.096,0.157,-0.059
fellow,0.076,-0.313,-0.041
fellowship,0.366,-0.326,-0.039
felon,-0.036,0.554,0.062
felony,-0.020,0.424,0.047
felt,0.079,-0.158,-0.022
female,0.278,-0.239,0.096
feminine,0.083,-0.209,0.228
femininity,0.079,-0.197,0.142
feminism,0.152,0.024,-0.036
feminist,0.095,0.038,-0.021
femme,-0.035,-0.021,0.111
femoral,-0.078,-0.058,-0.181
femur,-0.210,-0.083,-0.099
fen,-0.200,-0.152,-0.043
fence,-0.218,-0.212,-0.094
fenced,-0.173,0.077,-0.074
fencing,0.123,0.077,0.077
fend,0.210,0.055,0.170
fender,-0.102,0.066,-0.068
fennel,-0.151,-0.211,-0.010
ferment,-0.107,0.108,0.014
fermentation,-0.027,0.103,0.017
fern,-0.226,-0.262,0.052
ferocious,0.232,0.539,-0.123
ferocity,0.240,0.482,-0.075
ferret,-0.183,0.004,-0.044
ferry,-0.024,-0.074,0.131
ferryboat,0.062,-0.099,-0.018
fertile,0.297,-0.335,-0.005
fertility,0.369,-0.249,0.044
fertilize,0.107,-0.188,0.040
fertilizer,-0.002,0.022,-0.094
fervent,0.333,-0.003,-0.046
fervor,0.274,0.139,0.078
fess,-0.185,0.015,-0.004
fest,0.066,-0.101,0.205
festival,0.437,-0.117,0.142
festive,0.482,-0.079,0.118
fetal,-0.246,-0.057,-0.064
fetch,-0.083,-0.080,-0.078
fete,0.039,-0.024,0.090
fetish,0.002,0.282,0.020
fetus,-0.077,0.024,0.073
feud,-0.171,0.452,0.122
feudal,-0.049,0.011,-0.210
feudalism,-0.074,0.177,-0.222
fever,-0.168,0.335,0.042
feverish,-0.010,0.216,0.096
fiancee,0.329,-0.243,0.250
fiasco,-0.335,0.297,0.102
fiat,-0.068,-0.073,0.002
fib,-0.127,0.046,0.072
fiber,-0.074,-0.312,0.063
fiberglass,-0.089,-0.001,-0.011
fibrosis,-0.151,0.227,-0.211
fibrous,-0.064,-0.028,-0.017
fickle,-0.167,0.048,0.051
fiction,0.001,0.151,0.097
fictional,-0.156,0.037,0.071
fictitious,-0.314,0.152,-0.020
fiddle,-0.068,-0.091,0.081
fiddler,0.095,-0.028,0.099
fidelity,0.321,-0.128,0.026
fidgety,-0.106,0.387,0.129
fiduciary,-0.104,0.022,-0.120
field,-0.106,-0.191,0.115
field hockey,0.200,0.124,0.192
fielder,-0.079,-0.148,0.032
fiend,0.094,0.538,-0.024
fiendish,0.065,0.483,-0.033
fierce,0.258,0.429,-0.078
fiery,0.286,0.310,-0.001
fiesta,0.458,-0.110,0.250
fiesty,0.093,0.060,0.142
fifteen,-0.147,-0.140,-0.080
fifty,-0.072,-0.145,0.004
fig,-0.133,-0.135,0.086
fight,0.415,0.244,0.003
fighter,0.480,0.097,-0.067
fighting,0.285,0.428,-0.084
fights,0.140,0.610,-0.123
figment,-0.038,-0.163,-0.098
figurative,0.063,-0.013,-0.129
figure,0.018,-0.254,-0.010
figurine,-0.149,-0.348,0.173
filament,-0.107,-0.046,0.063
filamentous,0.017,-0.035,-0.007
file,-0.125,-0.114,-0.084
filet,-0.146,-0.167,0.140
filibuster,-0.006,0.314,0.002
filigree,0.004,-0.118,-0.023
filing,0.166,-0.133,-0.124
filings,-0.246,0.061,-0.022
fill,0.189,-0.195,-0.013
filler,-0.037,-0.127,-0.088
fillet,-0.007,-0.241,0.155
filling,-0.033,-0.087,-0.077
filly,0.034,0.060,0.012
film,0.204,-0.237,0.104
filmmaker,0.204,-0.135,0.010
filmy,-0.008,-0.056,0.097
filter,-0.301,-0.107,0.026
filth,-0.240,0.277,0.029
filthy,-0.219,0.418,0.056
filtration,-0.214,0.071,0.135
fin,-0.249,0.005,-0.082
final,-0.070,0.214,-0.072
finale,-0.151,-0.050,-0.115
finalist,0.425,-0.103,0.098
finality,0.086,-0.169,-0.104
finalize,0.108,-0.003,0.000
finalized,-0.187,-0.011,-0.354
finally,-0.016,-0.108,0.027
finance,0.341,-0.216,-0.153
financial,0.244,-0.111,-0.073
financier,0.252,-0.062,-0.143
finch,-0.161,0.000,0.038
find,0.221,-0.157,0.106
finder,0.048,0.141,-0.129
finding,0.251,-0.228,0.012
fine,0.143,-0.406,-0.088
finery,0.119,-0.053,-0.075
finesse,0.002,-0.255,0.114
finger,-0.353,-0.042,-0.070
fingernail,-0.333,-0.014,0.154
fingerprint,0.046,-0.123,-0.061
fingerscrossed,-0.049,-0.031,0.156
finish,-0.016,-0.026,-0.083
finished,0.002,-0.082,-0.105
finite,-0.281,-0.030,0.004
fink,-0.082,0.072,0.007
fir,-0.238,-0.179,0.021
fire,0.183,0.302,0.015
firearm,0.269,0.620,-0.207
firearms,0.304,0.522,-0.113
fireball,0.152,0.341,-0.057
firecracker,0.054,0.182,0.164
firefight,0.146,0.547,-0.050
firefighter,0.395,0.099,0.025
firefly,-0.082,-0.156,0.104
firehouse,0.229,0.068,0.061
firelight,0.191,-0.119,-0.009
fireman,0.343,0.120,-0.002
fireplace,-0.034,-0.207,0.072
firepower,0.373,0.408,-0.033
fireproof,0.338,-0.000,0.032
fireside,-0.044,-0.222,0.094
firestorm,0.238,0.539,-0.102
firewall,0.135,0.087,-0.040
firewood,-0.234,-0.129,0.090
firework,0.403,0.075,0.293
fireworks,0.348,0.084,0.256
firing,0.270,0.536,-0.123
firm,0.175,-0.171,-0.158
firmament,0.196,-0.238,-0.041
firmly,0.348,-0.188,-0.048
firmness,0.468,-0.229,-0.159
first,0.271,-0.078,-0.138
firstborn,0.279,-0.205,-0.003
firstworldprobs,0.020,0.107,0.053
fiscal,0.289,0.071,-0.193
fish,-0.281,-0.170,0.057
fisherman,0.092,-0.138,0.022
fishery,0.052,-0.051,0.024
fishing,-0.084,-0.282,0.032
fishing boat,0.056,-0.077,-0.130
fishy,-0.110,0.268,-0.057
fissile,-0.175,0.109,-0.003
fission,-0.008,0.085,-0.101
fissure,-0.128,0.125,-0.027
fist,-0.008,0.248,0.035
fistfight,0.078,0.490,0.050
fistful,0.004,0.006,0.005
fistula,-0.226,0.116,0.017
fit,0.123,-0.104,-0.068
fitness,0.425,-0.238,-0.018
fits,0.028,-0.142,-0.096
fitted,0.083,-0.064,-0.168
fitting,0.127,-0.116,-0.074
fittings,-0.096,-0.092,0.025
five,-0.275,-0.208,-0.008
fiver,-0.024,0.010,-0.049
fix,0.161,-0.161,0.132
fixable,0.202,-0.176,-0.009
fixation,0.123,-0.066,-0.099
fixed,-0.061,-0.362,-0.100
fixer,0.083,-0.178,-0.077
fixture,-0.120,-0.317,-0.014
fixtures,-0.104,-0.226,0.065
fizz,-0.030,0.167,0.198
fjord,-0.068,-0.075,-0.022
flabbergast,0.109,0.140,0.056
flabbergasted,-0.064,0.337,0.184
flabby,-0.352,0.042,-0.005
flaccid,-0.472,0.165,0.022
flag,0.013,-0.149,-0.047
flagging,0.026,-0.002,0.014
flagpole,-0.081,-0.075,-0.029
flagrant,-0.057,0.272,0.023
flagship,0.234,0.002,-0.048
flagstaff,0.018,-0.003,0.019
flair,0.250,-0.211,-0.005
flak,0.065,0.153,-0.067
flake,-0.264,-0.003,0.029
flaky,-0.224,0.096,0.092
flamboyant,0.346,0.128,0.074
flame,0.093,0.094,-0.064
flamethrower,0.146,0.517,-0.080
flaming,0.064,0.170,-0.006
flamingo,0.047,-0.155,0.066
flammable,0.157,0.421,-0.120
flan,-0.261,-0.223,0.151
flange,-0.172,-0.138,-0.030
flank,-0.087,0.006,-0.008
flanked,-0.212,0.068,-0.026
flanking,0.067,0.092,0.049
flannel,-0.250,-0.172,-0.022
flap,-0.280,0.077,-0.063
flapping,0.018,0.183,0.170
flare,0.189,0.181,0.198
flares,0.148,0.042,0.077
flaring,0.198,0.097,0.201
flash,0.192,0.017,-0.025
flashback,-0.176,0.101,-0.156
flashing,0.042,-0.027,0.133
flashlight,-0.069,-0.176,0.126
flashy,0.386,-0.065,-0.073
flask,-0.116,-0.003,-0.055
flat,-0.315,-0.124,-0.052
flatbed,-0.211,-0.170,-0.058
flatfoot,-0.320,0.048,-0.086
flatness,-0.096,-0.135,-0.148
flatten,-0.163,0.131,-0.079
flatter,-0.172,-0.080,0.102
flattered,0.384,-0.181,0.090
flattering,0.216,-0.056,0.223
flattery,-0.049,0.069,0.093
flatulence,-0.195,0.294,0.042
flaunt,0.040,0.122,0.014
flavor,0.103,-0.298,0.247
flaw,-0.330,0.111,0.133
flawed,-0.409,0.246,0.030
flawless,0.250,-0.210,-0.100
flea,-0.381,0.041,0.012
fleabag,-0.197,0.198,0.026
fled,-0.200,0.288,0.067
flee,-0.156,0.343,0.247
fleece,-0.175,-0.221,-0.025
fleet,0.079,-0.077,-0.100
fleeting,-0.041,0.143,0.131
flesh,-0.019,-0.152,0.007
fleshy,-0.060,0.008,0.075
flex,-0.130,-0.167,0.100
flexibility,0.116,-0.334,0.141
flexible,0.064,-0.187,0.107
flexin,-0.043,-0.003,0.149
flexion,-0.060,0.069,0.060
flick,0.124,-0.107,0.102
flicker,-0.139,-0.228,0.082
flickering,-0.185,-0.040,0.110
flier,0.126,-0.030,-0.090
flight,0.198,-0.012,0.081
flighty,-0.138,0.271,-0.035
flimsy,-0.373,0.058,0.063
flinch,0.110,0.320,0.056
fling,0.088,0.181,0.054
flint,0.007,-0.056,-0.048
flip,-0.142,0.176,-0.044
flip flop,-0.162,0.065,0.094
flipper,-0.012,-0.187,0.100
flipping,-0.062,-0.010,0.160
flirt,0.311,-0.010,0.272
flirtation,0.168,0.039,0.205
flirting,0.169,0.123,0.198
flirty,0.206,-0.003,0.229
float,-0.070,-0.216,0.140
floater,-0.136,-0.037,0.044
flock,0.053,0.034,-0.004
flog,-0.122,0.075,0.048
flood,0.065,0.407,-0.062
floor,-0.345,-0.146,-0.008
flooring,-0.207,-0.234,-0.009
floozy,-0.107,0.046,-0.007
flop,-0.361,0.388,0.087
floppy,-0.192,-0.180,0.030
flora,0.130,-0.359,0.017
floral,-0.132,-0.434,0.177
florist,0.011,-0.263,0.158
floss,-0.266,-0.161,0.033
flotation,-0.186,-0.116,0.040
flounder,-0.087,-0.274,0.117
flour,-0.301,-0.215,0.050
flourish,0.326,-0.263,0.180
flow,-0.016,-0.270,0.018
flower,-0.176,-0.443,0.144
flowering,0.263,-0.206,0.263
flowers,-0.021,-0.400,0.201
flowery,0.026,-0.329,0.085
flows,-0.022,-0.068,0.069
flu,-0.293,0.217,0.069
fluctuate,-0.066,0.235,-0.025
fluctuating,-0.136,0.209,0.023
fluctuation,0.057,0.284,0.050
flue,-0.018,0.233,0.067
fluency,0.297,-0.188,-0.016
fluent,0.212,-0.183,0.046
fluff,-0.340,-0.191,0.107
fluffy,0.003,-0.257,0.196
fluid,0.106,-0.185,-0.029
fluidity,0.174,-0.155,0.063
fluke,-0.100,0.002,-0.006
flunk,-0.413,0.305,0.064
flunky,-0.375,0.168,0.029
fluorescence,0.078,-0.128,0.075
fluorescent,0.096,-0.008,0.101
flurries,0.098,0.236,0.093
flurry,0.068,0.325,0.007
flush,0.140,0.246,0.034
flustered,-0.056,0.402,0.281
flute,-0.113,-0.221,0.066
fluted,-0.141,-0.003,0.013
flutter,-0.111,0.041,0.133
fluvial,0.033,-0.142,-0.101
flux,-0.062,-0.002,0.006
fly,0.388,0.009,0.153
flyboy,0.143,0.075,0.050
flyer,-0.205,-0.129,-0.023
flying,0.380,-0.191,0.103
flywheel,0.032,-0.137,0.109
foal,0.045,0.023,0.075
foam,-0.245,-0.342,0.152
foaming,-0.272,-0.296,0.135
foamy,-0.163,-0.261,0.116
fob,-0.208,0.053,-0.064
focal,-0.144,0.002,-0.125
focus,0.145,-0.212,-0.075
fodder,-0.210,0.032,-0.117
foe,-0.087,0.534,0.001
fog,-0.306,-0.215,0.014
foggy,-0.294,-0.015,-0.022
foil,-0.349,-0.075,-0.142
foiled,-0.404,0.156,0.102
fold,-0.222,0.015,0.014
folded,-0.346,0.137,-0.103
folder,-0.201,-0.150,-0.039
foliage,-0.191,-0.186,0.169
folio,-0.153,-0.174,-0.077
folk,-0.000,-0.167,0.088
folklore,0.131,-0.128,0.203
follicle,-0.174,-0.051,-0.093
follicular,-0.221,-0.067,-0.078
follow,0.160,-0.110,0.016
follower,0.039,-0.116,0.090
folly,-0.097,0.452,0.125
fond,0.253,-0.207,0.227
fondle,0.049,-0.250,0.246
fondling,0.177,-0.169,0.176
fondness,0.142,-0.353,0.123
fondue,-0.096,-0.214,0.103
font,0.034,-0.193,-0.087
food,0.129,-0.401,0.071
foodie,0.112,-0.228,0.126
fool,-0.395,0.272,0.113
fooled,-0.319,0.446,0.068
foolhardy,0.241,0.192,0.126
fooling,-0.128,0.412,0.060
foolish,-0.492,-0.052,0.048
foolishness,-0.382,0.158,0.083
foolproof,-0.018,0.004,-0.019
foot,-0.283,-0.148,0.050
foot stool,-0.208,-0.110,-0.015
footage,-0.163,-0.279,0.009
football,0.310,-0.002,0.207
footbridge,-0.062,-0.148,0.013
foothold,0.067,-0.235,-0.063
footing,0.030,-0.296,0.065
footlocker,-0.117,-0.062,0.029
footloose,0.031,0.028,0.112
footpath,-0.017,-0.253,0.006
footprint,-0.172,-0.217,0.044
footwear,-0.170,-0.225,0.135
footwork,-0.114,0.059,0.099
fop,-0.204,0.193,0.047
forage,-0.106,-0.142,0.069
foray,0.143,0.148,-0.096
forbearance,0.031,-0.032,-0.040
forbid,-0.032,0.411,-0.150
forbidding,-0.016,0.412,0.009
force,0.468,0.109,-0.089
forced,-0.084,0.382,-0.004
forceful,0.387,0.112,-0.164
forceps,-0.064,0.182,0.037
forces,0.394,0.108,-0.140
forcibly,0.137,0.245,-0.055
ford,-0.151,-0.130,0.004
fore,0.155,-0.171,-0.071
forearm,-0.103,-0.112,-0.128
foreboding,0.166,0.192,-0.010
forecast,0.245,-0.252,-0.045
forecaster,0.371,-0.006,-0.113
foreclose,-0.057,0.262,-0.130
foreclosure,-0.094,0.345,-0.077
forefathers,0.144,-0.193,-0.044
forefinger,-0.207,-0.182,-0.040
forefront,0.290,0.001,-0.147
forego,-0.126,0.177,0.182
foregoing,-0.241,-0.056,-0.001
foregone,-0.274,0.201,0.110
foreground,0.164,-0.153,0.033
forehead,-0.066,-0.108,-0.157
foreign,0.039,0.067,0.213
foreigner,-0.006,0.012,0.024
foreman,0.213,0.118,-0.131
foremost,0.456,-0.088,-0.117
forensic,-0.016,0.129,0.084
forensics,0.019,0.230,-0.225
foreplay,0.153,-0.076,0.194
forerunner,0.364,-0.098,-0.122
foresee,0.034,-0.092,-0.002
foreseen,0.011,-0.141,-0.087
foresight,0.182,-0.137,-0.020
forest,-0.043,-0.327,0.029
forestall,0.120,0.010,-0.027
forethought,0.185,-0.194,0.067
foreveralone,-0.275,0.055,-0.057
forevermore,0.217,-0.295,0.045
forewarned,0.123,0.100,-0.018
foreword,-0.007,-0.191,-0.093
forfeit,-0.328,0.384,0.050
forfeited,-0.207,0.346,0.019
forfeiture,-0.211,0.284,-0.012
forge,0.108,-0.059,-0.160
forger,-0.076,0.369,-0.082
forgery,-0.072,0.297,-0.030
forget,-0.361,0.042,0.046
forgetful,-0.375,0.070,-0.047
forgetfulness,-0.312,0.078,-0.036
forgive,0.141,-0.264,0.042
forgiven,0.037,-0.317,0.005
forgiveness,0.029,-0.170,0.062
forgiving,0.145,-0.402,0.046
forgotten,-0.466,0.027,-0.029
fork,-0.121,-0.069,-0.174
forked,-0.140,0.174,0.060
forking,-0.048,0.191,-0.023
forklift,0.026,0.041,-0.007
forlorn,-0.263,0.170,0.146
form,-0.136,-0.146,-0.059
formal,0.088,-0.337,-0.110
formaldehyde,-0.184,0.087,-0.104
formalism,0.204,-0.382,-0.083
formality,0.157,-0.159,-0.207
format,-0.106,-0.180,-0.032
formation,0.202,-0.106,-0.130
formative,0.283,-0.163,-0.148
formed,0.110,-0.262,-0.185
formidable,0.462,0.009,-0.032
forming,0.256,-0.261,-0.183
formless,-0.438,-0.147,0.021
formula,0.048,-0.046,-0.076
formulary,0.001,-0.043,-0.001
formulate,0.279,-0.277,0.025
fornicate,0.202,0.376,0.142
fornication,0.117,0.407,0.211
forsake,-0.367,0.322,0.037
forsaken,-0.452,0.305,-0.008
forsooth,-0.097,-0.031,0.033
fort,0.483,-0.068,-0.020
forte,0.494,-0.062,0.080
forthcoming,0.156,-0.105,0.013
forthright,0.072,-0.177,-0.002
forthwith,0.253,-0.057,0.044
fortification,0.434,0.089,0.001
fortify,0.574,0.064,0.011
fortitude,0.500,-0.142,-0.060
fortnight,0.131,-0.096,0.282
fortnightly,-0.106,-0.183,0.026
fortress,0.471,-0.210,-0.147
fortuitous,0.081,-0.110,0.011
fortunate,0.522,-0.199,0.049
fortune,0.592,-0.133,0.073
fortunes,0.469,-0.080,0.068
forty,-0.098,-0.062,-0.080
forum,0.119,-0.042,-0.069
forward,0.325,-0.320,-0.042
forwarding,0.066,-0.034,0.053
fossil,-0.196,-0.134,-0.040
fossils,-0.135,-0.146,-0.038
foul,-0.262,0.166,-0.054
found,0.133,-0.279,0.137
foundation,0.246,-0.265,-0.091
founder,0.396,-0.195,-0.164
founding,0.341,-0.192,-0.232
foundry,0.079,-0.025,-0.055
fountain,0.045,-0.288,-0.056
four,-0.164,-0.194,-0.014
fourfold,-0.022,-0.085,-0.043
foursome,0.069,-0.084,0.041
fourteen,-0.219,-0.198,0.037
fourth,-0.150,-0.199,-0.021
fowl,-0.147,-0.090,0.038
fox,-0.068,0.166,-0.048
foxhole,-0.155,0.158,0.008
foxtrot,0.044,-0.031,0.037
foxy,0.223,0.068,-0.021
foyer,-0.078,-0.130,-0.007
fraction,-0.195,-0.061,-0.063
fractional,-0.157,0.044,-0.175
fracture,-0.158,0.424,0.042
fragile,-0.530,-0.105,-0.021
fragility,-0.402,-0.013,0.013
fragment,-0.283,0.079,-0.189
fragmentary,-0.047,0.057,0.006
fragrance,0.225,-0.342,-0.027
fragrant,0.186,-0.011,0.031
frail,-0.514,0.044,0.089
frailty,-0.309,0.002,0.085
frame,-0.153,-0.096,-0.051
framework,-0.203,-0.093,-0.016
franc,0.182,-0.180,-0.023
franchise,0.077,-0.184,-0.018
frank,0.070,-0.184,-0.089
frankenstorm,0.070,0.261,0.023
frankness,0.266,0.036,-0.074
frantic,0.134,0.484,-0.013
frantically,0.298,0.375,-0.005
frat,0.208,-0.234,-0.124
fraternal,0.119,-0.360,0.050
fraternity,0.342,-0.251,0.084
fraud,-0.171,0.407,-0.019
fraudulent,-0.104,0.438,0.039
fraught,0.030,0.285,-0.090
fray,-0.074,0.146,-0.043
frayed,-0.299,0.033,-0.032
frazzled,-0.235,0.047,-0.010
freak,-0.087,0.556,-0.005
freaked,-0.098,0.545,0.163
freakedout,-0.096,0.252,0.111
freakingout,-0.128,0.382,0.123
freakish,0.064,0.553,0.006
freakout,-0.105,0.312,0.058
freaky,-0.183,0.299,-0.006
freckle,-0.207,-0.113,0.133
free,0.229,-0.285,0.159
freebie,0.193,-0.148,0.194
freedom,0.548,-0.292,-0.031
freehold,0.406,0.008,-0.128
freelance,0.373,-0.178,0.039
freelancer,0.126,-0.036,0.053
freely,0.322,-0.292,0.007
freeman,0.224,-0.260,0.048
freestyle,0.219,-0.086,0.196
freeway,0.191,0.083,-0.009
freeze,-0.213,0.158,-0.186
freezer,-0.164,0.007,-0.037
freezing,-0.171,0.032,-0.135
freight,-0.038,0.083,-0.020
freighter,-0.015,0.034,-0.130
french horn,-0.045,-0.077,0.083
frenetic,0.254,0.353,0.121
frenzied,0.260,0.415,0.075
frenzy,0.409,0.249,0.181
frequency,0.084,-0.003,0.035
frequent,0.056,-0.080,0.017
frequently,0.108,-0.117,-0.088
fresco,-0.073,-0.396,0.161
fresh,0.045,-0.442,0.138
freshair,0.041,-0.220,0.017
freshen,0.135,-0.313,0.026
freshener,0.025,-0.231,0.051
freshman,0.079,-0.082,0.164
freshness,0.189,-0.413,0.050
freshstart,0.170,-0.137,0.170
freshwater,-0.004,-0.410,0.125
fret,-0.319,0.114,0.063
fretful,-0.054,0.190,0.153
friar,-0.087,-0.171,-0.147
fricking,-0.119,0.213,0.096
friction,0.043,0.359,0.019
friday,-0.096,-0.158,0.120
fridge,-0.135,-0.199,-0.012
fried,-0.138,-0.004,0.093
friend,0.213,-0.351,0.097
friendless,-0.479,0.179,-0.063
friendliness,0.210,-0.502,0.028
friendly,0.230,-0.368,0.076
friends,0.309,-0.298,0.125
friendship,0.293,-0.431,-0.000
frigate,0.043,0.017,-0.041
friggen,-0.073,0.112,0.015
fright,-0.234,0.438,0.231
frighten,0.042,0.414,0.070
frightened,-0.199,0.459,0.176
frightening,0.126,0.602,-0.011
frightful,-0.098,0.445,-0.009
frigid,-0.225,0.186,-0.072
fringe,-0.172,-0.100,0.070
fringed,-0.193,-0.066,0.014
frisbee,0.025,-0.125,0.216
frisk,-0.072,0.034,0.106
frisky,0.181,-0.053,0.150
frivolous,-0.172,0.205,0.011
frock,-0.103,-0.220,0.051
frog,-0.374,-0.101,0.109
froggy,-0.026,0.038,0.084
frolic,0.341,0.049,0.307
front,0.105,-0.226,-0.082
frontage,-0.225,-0.116,0.080
frontal,-0.033,-0.015,-0.073
frontier,0.101,0.086,-0.106
fronting,-0.003,-0.013,-0.017
frontispiece,-0.060,0.012,-0.049
frost,-0.130,0.001,0.030
frostbite,-0.158,0.135,-0.253
frosted,-0.095,-0.211,0.297
frosting,0.096,-0.251,0.196
frosty,-0.132,0.034,0.036
froth,-0.268,-0.241,0.148
frothy,-0.017,-0.275,0.175
frown,-0.142,0.274,-0.035
frowning,-0.113,0.278,-0.102
frozen,-0.242,0.001,-0.072
frugal,-0.184,-0.092,0.011
fruit,-0.039,-0.439,0.205
fruit punch,0.007,-0.344,0.177
fruitcake,0.049,-0.312,0.240
fruitful,0.270,-0.079,0.080
fruition,0.288,-0.146,0.056
fruitless,-0.218,0.221,0.059
fruits,-0.061,-0.373,0.263
fruity,-0.073,-0.199,0.158
frustrate,-0.238,0.491,0.154
frustrated,-0.314,0.397,0.050
frustrates,-0.219,0.355,0.024
frustrating,-0.305,0.456,0.050
frustration,-0.269,0.467,0.067
fry,-0.065,0.054,0.191
fryer,-0.033,-0.084,0.060
fuchsia,-0.212,-0.261,0.104
fuck,0.016,0.512,0.127
fuckedoff,-0.228,0.401,0.053
fucker,-0.168,0.486,0.061
fucking,-0.066,0.406,0.116
fuckoff,-0.090,0.360,-0.009
fucksake,-0.058,0.326,0.009
fucktard,-0.173,0.300,0.035
fuckyeah,0.164,0.223,0.146
fudge,0.069,-0.316,0.188
fuel,0.090,0.065,-0.110
fugitive,-0.077,0.572,0.118
fulcrum,-0.171,-0.061,-0.103
fulfill,0.178,-0.229,0.062
fulfilled,0.315,-0.293,0.057
fulfilling,0.306,-0.280,-0.066
fulfillment,0.312,-0.214,0.049
full,0.081,-0.234,-0.225
fullback,0.059,0.066,0.038
fullness,0.361,-0.320,-0.092
fully,0.309,-0.213,-0.094
fulsome,0.053,0.002,-0.032
fumble,-0.109,0.133,0.022
fume,-0.214,0.108,-0.032
fumigation,0.050,0.217,-0.085
fumin,-0.152,0.048,-0.074
fuming,-0.067,0.298,-0.024
fun,0.493,-0.059,0.272
function,0.084,-0.276,-0.100
functional,0.284,-0.171,-0.032
fund,-0.110,-0.115,-0.015
fundamental,0.358,-0.187,-0.221
fundamentalist,0.149,-0.030,-0.221
fundamentally,0.235,-0.140,-0.137
funday,0.162,-0.141,0.126
funding,0.341,-0.165,-0.127
fundraiser,0.212,-0.019,-0.020
fundraising,0.219,-0.104,0.160
funds,-0.043,-0.215,-0.002
funeral,-0.347,0.222,-0.196
fungus,-0.370,-0.045,0.083
funk,-0.054,0.081,0.108
funky,0.057,0.149,0.230
funnel,-0.299,-0.057,-0.080
funny,0.308,-0.224,0.214
fur,-0.144,-0.142,0.108
furious,0.069,0.633,-0.030
furiously,0.098,0.616,-0.086
furlong,-0.117,0.019,-0.021
furlough,0.180,-0.058,-0.209
furnace,-0.022,0.071,-0.018
furnish,0.113,-0.194,0.122
furnishings,-0.220,-0.296,-0.026
furniture,-0.192,-0.311,0.122
furor,0.272,0.256,0.104
furrow,-0.196,0.005,0.019
furry,-0.205,-0.024,0.026
furtherance,0.235,-0.174,-0.094
fury,0.088,0.583,-0.126
fuse,0.021,0.140,-0.076
fuselage,-0.045,0.177,-0.078
fusion,0.271,-0.045,-0.068
fuss,0.118,0.326,0.174
fussy,0.041,0.159,0.025
fustrated,-0.184,0.364,0.038
futile,-0.516,0.143,-0.037
futility,-0.507,0.133,-0.054
futon,-0.220,-0.058,-0.007
future,0.469,-0.169,0.067
fuzz,-0.097,-0.033,0.095
fuzzy,-0.358,0.106,0.128
gab,-0.104,-0.025,0.070
gaby,-0.157,-0.118,0.006
gad,-0.076,-0.032,0.052
gadget,0.010,-0.062,0.178
gaff,-0.174,0.061,-0.076
gag,-0.086,0.234,0.073
gaga,-0.234,-0.067,0.099
gage,-0.017,-0.073,0.017
gaggle,0.153,-0.003,-0.077
gahhh,-0.222,0.158,0.099
gaiety,0.459,-0.068,0.159
gain,0.507,-0.191,0.054
gainful,0.282,-0.098,0.039
gaining,0.501,-0.146,-0.038
gait,-0.040,-0.077,-0.054
gal,-0.133,-0.028,0.095
gala,0.229,-0.216,-0.032
galactic,0.359,0.016,-0.023
galaxy,0.339,-0.121,-0.014
gale,0.057,0.302,-0.082
gall,-0.143,0.061,0.067
gallant,0.351,-0.261,0.093
gallantry,0.548,-0.165,0.028
gallbladder,-0.107,0.084,-0.066
galled,-0.108,0.319,0.115
gallery,0.097,-0.158,-0.008
galley,-0.080,-0.056,0.040
gallon,-0.180,-0.148,0.027
gallop,0.195,0.193,0.089
galloping,0.288,0.065,0.097
gallows,-0.121,0.384,0.010
galore,0.362,-0.173,0.037
galvanic,-0.015,0.071,-0.094
gamble,0.076,0.150,0.291
gambler,0.157,0.169,0.004
gambling,-0.032,0.302,0.208
game,0.249,0.028,0.274
gameday,0.190,-0.100,0.130
gametime,0.109,-0.124,0.191
gaming,0.254,-0.195,0.268
gamma,-0.051,-0.035,-0.042
gammon,-0.076,-0.066,0.000
gamut,-0.109,-0.105,-0.066
gander,-0.145,-0.076,0.057
gang,0.120,0.451,-0.033
gangland,-0.067,0.141,0.077
gangrene,-0.212,0.365,0.005
gangster,0.168,0.387,-0.025
gangway,-0.005,0.057,0.071
gaol,-0.057,0.358,0.057
gap,-0.179,0.035,0.022
gape,-0.086,0.100,0.226
gaping,-0.152,0.171,0.225
garage,-0.121,-0.174,-0.072
garb,-0.026,-0.134,-0.047
garbage,-0.374,0.219,0.069
garbled,-0.274,0.450,0.075
garden,-0.027,-0.383,0.012
gardener,-0.088,-0.237,0.095
gardening,-0.004,-0.377,0.174
gardens,-0.153,-0.413,0.110
gargle,-0.119,0.123,0.121
gargoyle,-0.071,0.181,-0.100
garish,-0.174,0.218,0.106
garlic,-0.266,-0.103,0.038
garment,-0.151,-0.143,0.007
garner,-0.030,-0.012,-0.032
garnet,-0.064,-0.166,0.115
garnish,0.085,-0.249,0.089
garrison,0.147,0.019,-0.104
garter,-0.141,-0.086,0.060
gas,-0.082,0.013,-0.113
gaseous,-0.215,0.039,0.070
gash,-0.075,0.089,0.064
gasification,-0.006,0.123,-0.134
gasket,0.018,-0.118,-0.111
gasoline,0.002,0.104,-0.019
gasp,-0.055,0.210,0.249
gasping,-0.136,0.347,0.055
gassy,-0.216,0.095,0.064
gastric,-0.109,0.163,-0.002
gastronomy,0.223,-0.209,0.104
gate,-0.175,-0.193,-0.089
gatekeeper,0.071,-0.010,-0.068
gateway,0.007,-0.151,-0.043
gather,0.112,-0.098,0.045
gatherer,0.026,-0.055,-0.090
gathering,0.372,-0.141,0.140
gator,0.003,0.075,-0.061
gatorade,0.137,-0.138,0.108
gauche,-0.255,0.103,-0.094
gaudy,0.348,0.061,0.049
gauge,0.052,0.146,0.038
gauging,0.013,-0.009,-0.068
gaunt,-0.338,0.189,0.039
gauntlet,-0.124,0.047,0.033
gauze,-0.290,-0.136,0.013
gavel,-0.037,-0.071,-0.028
gawk,-0.144,0.099,-0.050
gay,-0.066,0.138,0.043
gaze,0.170,-0.032,0.052
gazebo,-0.177,-0.052,0.041
gazelle,0.030,-0.160,0.080
gazette,0.007,-0.049,-0.146
gazetteer,-0.005,-0.078,-0.049
gazillion,0.059,0.003,0.007
gazing,-0.053,-0.194,0.132
gear,0.048,0.046,0.041
geek,-0.142,-0.064,0.007
geeky,-0.077,-0.034,-0.016
geez,-0.171,-0.016,-0.020
geezer,-0.143,-0.060,-0.029
geisha,0.054,0.106,0.148
gel,-0.289,-0.229,0.004
gelatin,-0.117,-0.118,0.072
geld,-0.098,0.039,-0.036
gelding,-0.074,0.086,-0.007
gem,0.257,-0.312,0.132
gemini,-0.196,-0.154,0.036
gender,0.100,-0.237,-0.070
genealogy,0.032,-0.068,-0.180
general,0.414,-0.237,-0.092
generality,-0.015,-0.172,-0.026
generalization,0.149,-0.050,-0.143
generally,-0.106,-0.215,-0.085
generate,0.295,-0.237,-0.100
generation,0.325,-0.297,0.054
generative,0.285,-0.119,-0.009
generator,0.397,-0.085,-0.116
generic,-0.115,-0.116,-0.015
generosity,0.340,-0.362,0.056
generous,0.430,-0.410,-0.023
genesis,0.136,-0.123,-0.094
genetic,0.093,-0.181,-0.241
genetics,0.060,-0.062,-0.048
genial,0.439,-0.164,0.061
genie,0.472,-0.102,-0.102
genital,0.001,0.215,0.083
genitalia,-0.008,0.243,0.006
genius,0.518,-0.144,0.034
genocide,0.033,0.613,-0.111
genome,-0.054,-0.097,-0.076
genre,-0.022,-0.061,-0.027
gent,0.007,-0.058,0.057
genteel,0.241,-0.410,0.001
gentile,0.066,-0.412,0.004
gentle,0.167,-0.348,0.025
gentleman,0.285,-0.267,-0.025
gentlemanly,0.344,-0.327,0.022
gentleness,0.068,-0.464,0.120
gently,-0.011,-0.476,0.162
gentry,0.111,-0.052,-0.068
genuine,0.297,-0.298,0.025
genus,0.013,-0.161,-0.085
geographic,0.136,-0.253,-0.111
geographical,0.012,-0.120,-0.194
geography,-0.020,-0.397,-0.122
geological,0.068,-0.238,-0.082
geologist,0.104,-0.110,-0.079
geology,-0.005,-0.220,-0.045
geometric,-0.055,-0.130,-0.052
geometry,-0.088,-0.150,-0.155
geranium,-0.083,-0.272,-0.043
gerbil,-0.190,-0.104,-0.058
geriatric,-0.178,-0.162,-0.104
germ,-0.298,0.107,-0.019
german,-0.081,-0.097,-0.192
germane,0.083,-0.048,-0.013
germinate,0.129,-0.089,-0.052
germination,0.013,0.040,-0.080
germs,-0.264,0.266,-0.086
gestation,0.195,-0.009,-0.089
gesture,0.021,-0.137,0.120
get,0.285,-0.102,0.051
getaway,0.029,0.174,0.233
getoverit,-0.144,0.109,-0.047
getoveryourself,-0.044,0.007,-0.005
getup,0.027,0.025,0.095
getyourown,0.001,0.054,0.016
ghastly,-0.069,0.470,-0.002
ghetto,-0.050,0.232,-0.011
ghost,-0.109,0.339,0.135
ghostly,-0.044,0.353,0.077
ghoul,-0.141,0.213,-0.033
giant,0.558,0.131,-0.078
gibberish,-0.159,0.091,0.042
giddy,0.215,0.289,0.083
gift,0.195,-0.249,0.215
gifted,0.537,-0.174,0.019
gifts,0.310,-0.088,0.307
gig,0.347,-0.049,0.225
gigantic,0.561,0.027,-0.020
giggle,0.064,-0.083,0.266
giggles,0.158,-0.144,0.381
giggling,0.221,-0.128,0.383
gigolo,0.069,0.216,0.045
gilded,0.063,-0.180,0.120
gill,-0.088,-0.039,0.077
gills,0.108,0.077,-0.040
gilt,0.009,-0.117,-0.012
gimmick,0.032,0.200,0.018
gimp,-0.158,-0.024,0.063
gin,0.012,0.073,-0.009
ginger,-0.240,-0.026,0.014
gingerbread,-0.202,-0.195,0.118
gingerly,-0.056,-0.142,0.056
ginseng,-0.077,-0.230,0.102
giraffe,-0.089,-0.152,-0.010
girder,-0.212,-0.097,-0.159
girdle,-0.186,-0.117,0.017
girl,0.113,-0.126,0.193
girlfriend,0.306,0.032,0.173
girlie,0.005,-0.052,0.134
girlish,-0.035,-0.151,0.179
girly,-0.064,-0.100,0.114
girth,-0.149,-0.121,0.014
gist,0.051,-0.122,0.018
give,0.051,-0.287,0.036
giveaway,0.192,-0.185,0.282
giver,0.167,-0.188,-0.065
giving,0.129,-0.325,-0.008
gizmo,-0.118,-0.021,0.112
gizzard,-0.250,-0.007,0.087
glabrous,-0.083,0.043,-0.029
glacial,-0.132,-0.076,-0.105
glacier,0.026,-0.122,-0.059
glad,0.516,-0.127,0.186
glade,-0.053,-0.154,0.031
gladiator,0.424,0.245,-0.070
gladness,0.382,-0.163,0.184
glamorous,0.481,-0.200,0.070
glamour,0.300,-0.155,0.128
glance,-0.039,-0.191,0.014
gland,-0.132,-0.007,-0.091
glare,0.379,0.029,0.062
glaring,0.453,0.075,0.048
glass,-0.180,-0.067,0.066
glasses,-0.246,-0.229,-0.026
glassware,-0.039,-0.198,0.020
glaucoma,-0.279,0.203,-0.012
glaze,-0.106,-0.225,0.084
glazed,0.011,-0.151,0.016
gleam,0.324,-0.179,-0.021
gleaming,0.319,-0.138,0.143
glean,-0.036,0.095,-0.032
glee,0.111,-0.090,0.163
gleeful,0.478,-0.075,0.238
glen,-0.110,-0.169,0.011
glib,-0.149,-0.006,0.016
glide,0.067,0.094,0.200
glider,0.147,-0.048,0.021
glimmer,-0.014,-0.112,0.085
glimpse,0.030,-0.121,0.090
glint,0.136,-0.100,0.077
glisten,0.324,-0.109,0.052
glitch,-0.220,-0.005,0.104
glitter,0.465,-0.044,0.106
glittering,0.451,-0.186,0.001
gloat,0.140,0.099,0.004
global,0.205,-0.037,-0.096
globe,-0.057,-0.321,0.117
globular,-0.084,-0.119,-0.005
gloom,-0.448,0.185,-0.017
gloomy,-0.393,0.213,-0.090
glorification,0.409,-0.190,-0.042
glorified,0.494,-0.199,-0.053
glorify,0.379,-0.249,0.149
glorious,0.548,-0.199,0.089
glory,0.565,-0.149,0.124
gloss,0.202,-0.204,0.018
glossary,-0.145,-0.257,-0.091
glossy,0.382,-0.192,-0.057
glove,-0.215,-0.191,-0.066
gloves,-0.117,-0.220,-0.123
glow,0.385,-0.292,0.031
glowing,0.448,-0.225,0.113
glucose,-0.098,-0.174,-0.032
glue,-0.208,-0.077,-0.004
glum,-0.478,0.057,0.049
glut,-0.001,0.078,-0.054
gluten,-0.230,-0.054,-0.082
glutton,-0.106,0.053,0.061
gluttony,0.033,0.135,0.171
glycerin,-0.154,-0.019,-0.021
gnat,-0.362,-0.016,0.054
gnome,-0.132,0.032,0.037
go,-0.064,-0.050,0.011
goal,0.218,-0.331,-0.037
goalie,-0.049,-0.131,0.006
goals,0.318,-0.153,-0.104
goat,-0.218,-0.103,-0.038
goatee,-0.288,-0.140,0.044
gob,-0.216,0.058,-0.147
gobble,-0.029,0.162,0.046
goblet,0.030,-0.311,0.097
goblin,-0.152,0.145,0.028
god,0.416,-0.158,-0.133
godbless,0.174,-0.302,0.037
goddamn,-0.119,0.447,0.016
goddamned,-0.163,0.506,-0.023
goddess,0.491,-0.206,-0.060
godfather,0.079,-0.174,0.059
godforsaken,-0.077,0.055,0.036
godisgood,0.182,-0.214,-0.011
godisgreat,0.224,-0.083,0.085
godless,-0.167,0.166,0.041
godlike,0.515,-0.138,-0.005
godly,0.091,-0.314,-0.053
godmother,0.047,-0.297,-0.012
godsend,0.293,-0.216,0.131
godson,0.045,-0.123,0.143
gofuckyourself,-0.154,0.343,-0.017
goggle,-0.191,-0.172,-0.008
goggles,-0.145,-0.227,0.157
gold,0.446,-0.181,0.179
golden,0.225,-0.220,0.065
goldfish,-0.088,-0.355,0.152
golf,-0.070,-0.153,-0.006
golfer,0.060,-0.138,-0.058
golfing,-0.005,-0.143,0.051
gondola,-0.124,-0.086,0.041
gone,-0.457,-0.049,-0.033
goner,-0.227,0.029,0.091
gong,-0.019,0.026,0.037
gonorrhea,-0.261,0.370,0.008
goo,-0.216,-0.036,0.044
goober,-0.157,-0.023,0.064
good,0.180,-0.406,0.114
goodbye,-0.307,0.104,-0.066
goodday,0.102,-0.436,0.199
goodfeeling,0.328,-0.338,0.064
goodhealth,0.325,-0.375,0.010
goodie,0.166,-0.371,0.006
goodies,0.227,-0.245,0.334
goodlife,0.364,-0.312,0.021
goodly,0.185,-0.160,-0.013
goodmood,0.170,-0.239,0.137
goodmorning,0.229,-0.330,0.145
goodmusic,0.127,-0.185,0.123
goodness,0.303,-0.453,-0.021
goodnews,0.538,-0.157,0.167
goods,0.307,-0.343,-0.027
goodtimes,0.310,-0.273,0.121
goodvibes,0.187,-0.235,0.133
goodwill,0.256,-0.429,0.000
goody,0.115,-0.316,-0.000
gooey,-0.103,0.062,-0.025
goof,-0.196,0.021,0.127
goofball,-0.031,-0.015,0.138
goofy,-0.473,-0.045,-0.034
goon,-0.203,0.117,-0.004
gooood,0.284,-0.152,0.221
goop,-0.187,-0.058,0.043
goose,-0.284,-0.144,0.034
gopher,-0.111,-0.008,-0.003
gore,-0.055,0.249,-0.068
gorge,-0.056,0.193,0.069
gorgeous,0.412,-0.252,0.068
gorilla,0.244,0.111,0.049
gory,-0.033,0.517,0.063
gospel,0.098,-0.285,-0.031
gossip,-0.221,0.408,0.164
gothic,-0.249,0.103,-0.219
gouge,-0.152,0.030,-0.013
goulash,-0.104,-0.115,0.106
gourd,-0.299,-0.114,-0.014
gourmet,0.195,-0.373,0.092
gout,-0.401,-0.037,0.056
govern,0.480,0.107,-0.185
governess,0.059,0.059,-0.126
governing,0.452,0.057,-0.102
government,0.231,0.089,-0.260
governmental,0.324,0.031,-0.247
governor,0.401,0.145,-0.199
gown,-0.099,-0.243,-0.004
grab,0.100,0.181,0.061
grace,0.081,-0.430,0.114
graceful,0.319,-0.280,0.093
gracias,0.169,-0.336,0.012
gracious,0.371,-0.204,0.179
graciously,0.283,-0.418,0.010
grad,0.339,-0.185,0.007
gradation,0.066,-0.001,-0.099
grade,0.104,-0.235,-0.050
graded,0.142,-0.144,-0.236
grader,-0.104,-0.190,-0.005
grades,-0.014,-0.116,-0.118
gradient,-0.040,-0.038,-0.058
gradschool,0.127,-0.012,0.092
gradual,-0.030,-0.154,-0.054
gradually,-0.040,-0.141,0.002
graduate,0.423,-0.242,0.026
graduation,0.514,-0.143,0.042
graffiti,-0.002,0.026,0.213
graft,-0.089,0.081,0.027
grail,0.029,-0.130,-0.074
grain,-0.342,-0.137,-0.081
gram,-0.215,-0.182,0.112
grammar,0.005,-0.186,-0.161
grand,0.594,-0.106,0.054
grand theft auto,0.132,0.121,0.031
grandchild,0.082,-0.251,0.122
grandchildren,0.115,-0.186,0.217
granddad,-0.029,-0.349,0.004
granddaddy,-0.011,-0.295,-0.001
granddaughter,0.054,-0.276,0.201
grandeur,0.578,-0.060,0.112
grandfather,0.119,-0.385,-0.023
grandiose,0.549,-0.148,0.040
grandma,0.001,-0.416,-0.011
grandmother,-0.012,-0.364,0.072
grandpa,0.030,-0.363,0.059
grandson,0.059,-0.316,0.042
grandstand,0.236,0.132,-0.046
grange,-0.140,-0.137,0.003
granite,-0.052,-0.161,-0.039
granny,-0.012,-0.395,0.033
granola,-0.221,-0.279,0.069
grant,0.172,-0.234,-0.076
granted,0.319,-0.369,-0.092
grantee,0.321,-0.271,0.019
grantor,0.178,-0.021,-0.129
granular,-0.130,-0.099,-0.060
granule,-0.241,-0.027,0.013
grape,-0.215,-0.435,0.045
grape juice,-0.165,-0.287,0.147
grapefruit,-0.252,-0.175,0.041
grapes,-0.174,-0.396,0.176
grapevine,-0.249,-0.149,0.119
graph,-0.010,-0.149,-0.195
graphic,0.041,-0.078,0.052
graphics,-0.006,-0.078,-0.024
graphite,-0.188,-0.077,0.036
grapple,0.019,0.060,0.050
grappling,0.070,0.160,0.060
grasp,0.139,0.044,0.048
grasping,-0.013,0.170,-0.091
grass,-0.230,-0.314,-0.018
grasshopper,-0.172,-0.035,0.126
grassy,-0.105,-0.234,0.063
grate,-0.261,-0.055,-0.160
grated,-0.190,0.071,0.007
grateful,0.201,-0.430,0.098
gratification,0.436,-0.156,0.078
gratified,0.295,-0.182,0.006
gratify,0.399,-0.204,-0.020
gratifying,0.428,-0.173,0.038
grating,-0.230,-0.130,0.067
gratis,0.092,-0.211,0.204
gratitude,0.243,-0.314,0.076
gratuitous,0.154,-0.069,0.227
gratuity,0.154,-0.266,0.201
grave,-0.310,0.167,-0.150
gravel,-0.239,-0.017,-0.008
graver,-0.174,0.370,-0.091
graveyard,-0.422,0.282,-0.094
gravitate,-0.041,-0.005,-0.009
gravitation,0.215,-0.076,0.076
gravitational,0.157,-0.005,-0.113
gravity,0.097,0.087,0.052
gravy,-0.087,-0.119,0.135
gray,-0.473,-0.133,-0.054
graze,-0.181,-0.218,-0.016
grease,-0.308,0.103,-0.036
greased,-0.239,0.148,-0.050
greaser,-0.065,0.077,-0.008
greasy,-0.227,0.024,0.062
great,0.531,-0.204,0.096
great anticipation,0.367,-0.038,0.158
great aunt,0.223,-0.338,0.084
great disgust,-0.148,0.558,0.041
great grandfather,0.040,-0.341,-0.079
great grandma,-0.005,-0.389,-0.016
great grandmother,0.060,-0.398,-0.033
great grandpa,0.146,-0.405,-0.019
great surprise,0.565,-0.006,0.321
great trust,0.487,-0.283,-0.018
great uncle,0.153,-0.231,-0.029
greatday,0.248,-0.182,0.142
greater,0.350,-0.159,-0.071
greatest,0.539,-0.145,-0.055
greatfriends,0.298,-0.228,0.198
greatful,0.372,-0.250,0.120
greatly,0.497,-0.021,-0.027
greatly negative,-0.315,0.412,0.012
greatly positive,0.523,-0.295,-0.016
greatness,0.684,-0.163,0.066
greatnight,0.189,-0.403,0.067
greed,-0.009,0.431,-0.023
greedy,-0.128,0.381,-0.075
green,-0.149,-0.235,0.072
green bean,-0.263,-0.138,0.000
green pepper,-0.087,-0.051,0.014
green snake,0.011,0.293,-0.135
greenhouse,-0.005,-0.206,0.151
greenish,-0.115,-0.201,-0.030
greenwood,-0.048,-0.104,-0.043
greet,0.296,-0.247,0.124
greeted,0.019,-0.331,0.066
greeting,0.210,-0.217,0.193
gregarious,0.032,-0.056,-0.011
grenade,0.164,0.358,-0.087
grey,-0.397,-0.146,-0.128
greyhound,-0.038,-0.024,0.046
grid,-0.046,-0.098,0.029
gridiron,0.024,-0.130,0.127
grief,-0.166,0.406,-0.111
grievance,-0.237,0.382,-0.028
grieve,-0.309,0.266,-0.066
grieved,-0.440,0.246,0.002
grieving,-0.190,0.410,-0.033
grievous,-0.342,0.339,0.128
griffin,-0.220,-0.059,-0.031
grill,0.156,-0.189,0.085
grille,-0.348,-0.012,0.003
grilled,0.009,-0.152,0.184
grim,-0.249,0.117,0.039
grime,-0.350,0.207,0.045
grimy,-0.304,0.338,0.017
grin,0.219,-0.231,0.229
grind,-0.192,-0.144,-0.061
grinder,0.079,0.112,0.001
grinding,-0.095,0.025,-0.041
grindstone,0.017,-0.061,-0.024
gringo,0.004,-0.062,-0.014
grip,0.107,0.024,-0.034
gripe,-0.332,0.235,0.042
grisly,-0.088,0.549,0.050
grist,-0.242,0.051,-0.052
grit,-0.235,-0.110,-0.029
grits,-0.212,-0.091,-0.005
gritty,-0.193,-0.033,-0.023
grizzly,0.148,0.204,-0.059
groan,-0.040,0.241,0.189
grocer,-0.143,-0.268,0.005
groceries,-0.006,-0.272,0.097
grocery,0.073,-0.110,0.149
groggy,-0.466,0.017,-0.044
groin,-0.223,0.109,-0.030
groom,0.174,-0.139,0.022
groove,-0.100,-0.079,0.092
groovy,0.049,-0.059,0.101
grope,-0.115,0.092,0.092
gross,-0.387,0.317,0.077
grotesque,-0.044,0.463,-0.017
grotto,-0.164,-0.087,0.060
grouch,-0.099,0.175,0.037
grouchy,-0.146,0.398,0.007
ground,-0.052,-0.030,-0.204
grounded,0.070,0.048,0.064
groundhog,-0.230,-0.043,-0.066
grounding,0.053,-0.044,-0.079
groundless,-0.148,0.140,0.017
grounds,0.154,-0.117,0.012
groundwork,0.007,-0.082,-0.132
group,-0.015,-0.107,0.007
groupie,-0.027,0.037,0.129
grouping,0.303,-0.114,0.024
grouse,-0.137,-0.034,-0.018
grout,-0.213,-0.036,-0.031
grove,-0.130,-0.254,-0.032
grovel,-0.132,0.098,-0.008
grow,0.446,-0.209,0.085
growl,-0.039,0.403,0.010
growling,-0.023,0.541,0.046
growls,-0.145,0.389,-0.044
grownup,0.202,-0.231,-0.068
growth,0.449,-0.229,0.057
growthefuckup,-0.097,0.325,0.026
grr,-0.238,0.215,0.006
grrr,-0.117,0.334,0.149
grrrrr,-0.086,0.248,0.006
grub,-0.099,-0.145,0.098
grubby,-0.366,0.292,0.104
grudge,-0.184,0.376,-0.045
grudging,-0.158,0.388,-0.102
grudgingly,-0.269,0.316,0.039
gruel,-0.299,-0.058,-0.023
grueling,0.114,0.422,-0.150
gruesome,-0.060,0.525,0.008
gruff,-0.055,0.203,-0.005
grumble,-0.200,0.454,0.061
grump,-0.189,0.149,-0.080
grumpy,0.039,0.433,-0.017
grunt,-0.042,0.356,0.135
grunting,-0.008,0.443,0.047
guacamole,-0.154,-0.269,0.139
guano,-0.400,0.026,0.030
guarantee,0.366,-0.424,-0.084
guaranty,0.225,-0.204,-0.238
guard,0.213,-0.050,-0.105
guarded,0.217,-0.058,0.225
guardhouse,0.169,-0.040,-0.216
guardian,0.376,0.028,-0.023
guardianship,0.115,-0.148,-0.151
guards,0.211,0.159,-0.087
gubernatorial,0.363,0.051,-0.192
guerilla,0.153,0.504,-0.137
guerrilla,0.271,0.503,-0.108
guess,0.010,-0.129,0.087
guesser,0.127,0.088,0.089
guesswork,-0.134,0.022,-0.001
guest,0.146,-0.163,0.059
guesthouse,-0.032,-0.282,0.086
guidance,0.258,-0.176,-0.056
guide,0.092,-0.258,-0.093
guidebook,-0.079,-0.297,0.004
guidelines,0.098,0.037,-0.132
guiding,0.247,-0.098,-0.057
guild,0.186,-0.076,-0.142
guile,-0.108,0.007,-0.065
guillotine,0.045,0.466,-0.047
guilt,-0.326,0.245,0.100
guilty,-0.160,0.444,0.075
guinea,-0.094,-0.061,0.049
guise,-0.090,0.002,0.162
guitar,0.169,-0.221,0.209
guitarist,0.313,-0.069,0.254
gules,-0.159,-0.024,0.064
gulf,-0.128,-0.112,0.006
gull,-0.129,-0.199,0.029
gullet,-0.140,0.072,0.013
gullible,-0.189,-0.004,0.065
gully,-0.159,0.142,-0.004
gulp,0.036,0.069,0.174
gum,-0.302,-0.253,0.084
gumbo,-0.138,-0.060,0.053
gummy,-0.236,-0.161,0.046
gumption,-0.001,0.040,0.020
gun,0.179,0.554,-0.086
gunboat,-0.017,0.379,-0.165
gunfight,0.141,0.651,-0.101
gunfighter,0.199,0.542,-0.107
gunfire,0.159,0.553,-0.049
gunk,-0.338,0.154,0.062
gunman,0.172,0.540,-0.059
gunmen,0.163,0.623,-0.120
gunner,0.273,0.438,-0.145
gunnery,0.333,0.423,-0.165
gunplay,0.103,0.551,-0.042
gunpoint,0.154,0.454,-0.127
gunpowder,0.138,0.298,0.150
gunshot,0.113,0.651,-0.091
gunslinger,0.312,0.403,-0.099
gurney,-0.247,-0.075,-0.049
guru,0.080,-0.143,-0.147
gush,-0.086,-0.019,0.081
gusher,-0.071,0.080,-0.002
gusset,-0.128,-0.002,-0.023
gust,0.157,0.185,0.096
gusto,0.292,0.024,0.134
gusty,0.123,-0.047,0.192
gut,-0.208,-0.031,-0.023
gutless,-0.265,0.094,-0.104
guts,0.176,0.040,0.069
gutsy,0.128,-0.046,0.080
gutter,-0.204,-0.145,-0.078
guy,0.011,-0.150,-0.064
guzzler,-0.082,0.100,0.013
guzzling,-0.112,0.017,0.058
gym,0.240,0.038,0.090
gymnasium,0.093,-0.080,0.131
gymnast,0.251,0.059,0.183
gymnastic,0.328,-0.078,0.189
gymnastics,0.212,-0.055,0.208
gynecologist,0.189,0.016,-0.064
gynecology,0.011,0.129,-0.008
gypsy,-0.059,0.200,0.102
gyroscope,-0.045,-0.075,-0.067
habit,-0.007,-0.276,-0.148
habitat,0.029,-0.202,-0.058
habitation,0.039,-0.387,-0.038
habitual,-0.133,-0.221,-0.139
habitually,0.026,-0.190,-0.105
hacienda,0.100,-0.200,-0.014
hack,-0.054,0.415,-0.080
hacker,0.181,0.352,-0.136
hacksaw,0.049,0.170,0.009
hadenough,-0.036,0.175,-0.069
hag,-0.127,0.356,0.019
haggard,-0.371,0.275,-0.004
haggle,0.010,0.082,0.072
haiku,-0.106,-0.164,0.036
hail,-0.024,0.113,0.111
hair,-0.264,-0.285,0.016
hairball,-0.293,-0.050,-0.043
hairbrush,-0.330,-0.173,-0.013
haircut,-0.127,-0.244,0.132
hairdo,-0.107,-0.164,-0.028
hairdresser,0.040,-0.148,0.169
hairdryer,-0.099,-0.178,0.132
hairless,-0.569,0.065,-0.070
hairline,-0.402,-0.191,-0.042
hairpin,-0.180,-0.070,-0.005
hairspray,-0.248,-0.198,0.062
hairstyle,0.029,-0.282,0.110
hairy,-0.150,-0.120,0.063
hale,-0.042,-0.030,-0.045
half,-0.270,-0.165,0.031
half dollar,-0.001,-0.116,-0.021
halfback,-0.082,-0.044,-0.002
halftime,-0.143,-0.075,-0.052
halfway,-0.229,-0.184,-0.018
halibut,-0.132,-0.028,-0.011
hall,-0.127,-0.121,-0.030
hallelujah,0.274,-0.151,0.051
hallmark,-0.080,-0.237,0.030
hallowed,0.284,-0.164,-0.042
hallucination,-0.048,0.212,0.152
hallway,-0.253,-0.248,0.040
halo,-0.110,-0.085,-0.035
halt,-0.282,0.142,-0.189
halter,-0.099,0.001,-0.004
halting,-0.062,0.244,-0.078
halve,-0.308,0.019,-0.035
halving,-0.213,0.127,-0.021
ham,-0.105,-0.305,0.010
hamburger,0.096,-0.193,0.253
hamlet,-0.148,-0.216,-0.019
hammer,-0.044,0.145,-0.128
hammerhead,-0.036,0.114,-0.131
hammering,0.098,0.305,0.040
hammock,-0.185,-0.303,0.096
hamper,-0.066,0.358,-0.008
hamster,-0.150,-0.094,0.056
hamstring,-0.102,0.046,-0.021
hand,-0.116,-0.161,-0.036
handbag,-0.212,-0.231,0.001
handball,-0.017,-0.051,0.067
handbook,-0.034,-0.260,-0.149
handcuff,0.016,0.203,-0.106
handful,-0.071,-0.033,0.069
handgun,0.231,0.546,-0.133
handheld,0.063,-0.205,-0.071
handicap,-0.404,0.182,-0.071
handicapped,-0.395,0.178,0.061
handicraft,0.079,-0.274,-0.029
handiwork,0.027,-0.235,0.145
handkerchief,-0.346,-0.231,0.031
handle,0.174,-0.092,0.094
handler,0.275,0.124,-0.227
handmade,0.063,-0.281,0.086
handout,-0.019,-0.159,-0.095
handprint,-0.060,-0.245,-0.025
handshake,0.225,-0.123,0.241
handsome,0.374,-0.205,0.116
handwriting,-0.087,-0.172,0.071
handy,0.162,-0.252,-0.047
handyman,-0.059,-0.208,0.081
hang,-0.113,0.146,-0.032
hangar,-0.040,-0.024,-0.016
hanger,-0.077,0.016,-0.023
hanging,-0.155,0.064,0.002
hangman,0.047,0.513,0.002
hangout,0.009,-0.054,0.061
hangover,-0.293,0.261,0.047
hangry,-0.159,0.396,0.178
hank,-0.171,-0.100,0.048
hankering,0.113,-0.045,0.032
hanky,-0.308,-0.136,0.031
hap,-0.066,-0.052,-0.004
haphazard,-0.129,0.036,0.123
hapless,-0.364,0.113,0.070
happen,0.206,-0.009,0.142
happening,0.126,-0.083,0.048
happier,0.590,-0.162,0.165
happiest,0.525,-0.195,0.183
happily,0.466,-0.223,0.223
happiness,0.593,-0.158,0.105
happy,0.558,-0.188,0.180
happydance,0.361,-0.076,0.256
happyday,0.403,-0.200,0.175
happyheart,0.335,-0.269,0.183
happyholidays,0.426,-0.138,0.241
happynewyear,0.427,-0.120,0.355
happyplace,0.365,-0.249,0.158
happytweet,0.169,-0.193,0.257
happyvalentinesday,0.356,-0.114,0.354
harass,0.049,0.441,-0.095
harassing,-0.050,0.530,0.059
harassment,-0.076,0.571,0.072
harbinger,0.081,-0.061,-0.197
harbor,0.075,-0.161,-0.126
hard,0.085,0.292,-0.061
hardball,0.066,0.083,0.144
hardcore,0.043,0.337,-0.058
harden,0.063,0.237,-0.175
hardened,0.201,0.161,-0.162
hardening,0.201,0.211,-0.125
hardheaded,-0.025,0.389,-0.105
hardness,0.174,0.126,-0.165
hardship,-0.084,0.482,-0.032
hardware,0.080,-0.205,-0.198
hardwood,-0.094,-0.034,-0.127
hardworking,0.360,-0.089,-0.051
hardy,0.293,0.010,-0.142
hare,-0.096,-0.155,0.115
harebrained,-0.124,0.180,-0.026
harem,0.107,0.042,-0.004
hark,-0.039,-0.056,0.104
harlot,-0.131,0.417,0.135
harm,-0.183,0.429,-0.053
harmful,-0.234,0.457,0.086
harmless,-0.256,-0.290,0.089
harmonica,0.053,-0.433,0.015
harmonics,0.188,-0.330,0.068
harmonious,0.324,-0.383,-0.001
harmoniously,0.228,-0.495,-0.005
harmonize,0.279,-0.340,0.114
harmony,0.101,-0.510,0.061
harness,0.064,-0.017,0.055
harp,-0.136,-0.222,0.052
harper,-0.110,0.026,-0.020
harpoon,0.132,0.148,0.065
harpsichord,-0.029,-0.039,0.057
harrowing,-0.016,0.423,0.048
harry,-0.113,-0.082,0.036
harsh,0.036,0.290,-0.122
harshness,0.161,0.209,-0.222
hart,-0.020,-0.182,0.044
harvest,0.104,-0.302,0.021
hash,-0.205,0.074,-0.000
hashish,-0.134,0.136,0.074
hassle,-0.054,0.399,-0.016
haste,0.056,0.257,0.075
hasten,0.240,0.126,0.089
hastily,0.017,0.245,-0.125
hasty,-0.027,0.488,0.113
hat,-0.206,-0.300,-0.022
hatch,-0.008,0.116,0.141
hatchet,-0.032,0.195,-0.021
hate,-0.140,0.544,-0.011
hateeee,-0.185,0.271,0.014
hateeveryone,-0.118,0.563,0.015
hateful,-0.112,0.527,0.017
hater,-0.183,0.460,-0.050
hateyou,-0.101,0.432,-0.026
hating,-0.103,0.519,0.021
hatred,-0.120,0.571,0.020
haughty,0.034,0.335,-0.071
haul,0.022,0.005,0.092
haulage,0.144,-0.031,-0.069
haunt,0.033,0.278,-0.058
haunted,0.007,0.331,-0.001
have,0.142,-0.258,-0.002
haven,0.013,-0.293,-0.072
havoc,-0.014,0.431,-0.039
haw,-0.132,0.014,-0.038
hawk,0.150,-0.034,-0.034
hawking,0.008,-0.009,0.021
hay,-0.267,-0.183,-0.064
haye,-0.085,-0.124,0.141
hayride,0.014,-0.031,0.066
haystack,-0.196,-0.188,0.028
haywire,-0.100,0.131,0.005
hazard,0.176,0.556,-0.153
hazardous,0.024,0.497,-0.191
haze,-0.324,-0.078,0.066
hazmat,-0.047,0.060,-0.073
hazy,-0.252,-0.022,0.126
head,0.043,-0.038,-0.041
headache,-0.208,0.406,0.137
headaches,-0.267,0.428,0.097
headband,0.089,-0.143,0.046
headdress,-0.039,-0.134,0.034
header,0.155,-0.103,-0.192
headgear,0.044,-0.067,-0.060
heading,0.029,-0.174,-0.187
headland,0.010,-0.021,0.112
headless,-0.334,0.309,0.053
headlight,-0.107,-0.179,0.032
headline,0.075,-0.265,-0.206
headliner,0.086,-0.001,-0.091
headlock,0.036,0.066,-0.045
headlong,-0.116,0.135,0.019
headmaster,0.346,-0.015,-0.167
headphones,-0.137,-0.178,0.083
headquarter,-0.035,-0.241,-0.088
headquarters,-0.034,-0.240,-0.087
headset,-0.169,-0.193,0.098
headstone,-0.297,0.098,-0.087
headstrong,0.008,0.285,0.026
headway,0.321,-0.248,-0.034
heady,0.167,0.251,0.097
heal,0.051,-0.365,-0.051
healer,0.297,-0.336,-0.059
healing,0.163,-0.210,0.035
health,0.219,-0.363,0.133
healthcare,0.182,-0.271,-0.014
healthful,0.320,-0.427,-0.080
healthy,0.362,-0.428,-0.108
heap,0.027,-0.054,0.063
hear,0.055,-0.239,0.124
hearer,-0.089,-0.267,0.014
hearing,0.148,-0.125,0.010
hearsay,-0.168,0.231,0.081
hearse,-0.293,0.219,-0.039
heart,0.302,-0.228,0.024
heart disease,-0.088,0.348,0.095
heartache,-0.237,0.461,0.083
heartattack,-0.042,0.481,0.051
heartbeat,0.280,-0.041,0.169
heartbreak,-0.277,0.276,0.096
heartbreaker,0.029,0.301,-0.067
heartbreaking,-0.084,0.467,0.053
heartbroken,-0.376,0.326,0.011
heartburn,-0.198,0.332,-0.039
hearted,0.338,-0.283,-0.105
heartfelt,0.201,-0.332,0.133
hearth,0.048,-0.342,-0.023
heartily,0.346,-0.281,0.108
heartland,0.287,-0.211,0.034
heartless,-0.213,0.411,-0.053
hearts,0.364,-0.255,0.172
heartsick,-0.394,0.098,0.016
heartworm,-0.110,0.152,-0.004
hearty,0.429,-0.049,0.024
heat,0.022,0.050,0.124
heated,0.018,0.015,-0.040
heater,0.062,0.052,0.014
heath,0.130,-0.294,0.051
heathen,-0.145,0.241,-0.124
heather,-0.138,-0.106,-0.016
heating,0.096,-0.111,0.040
heave,0.268,-0.089,0.038
heaven,0.214,-0.361,0.058
heavenly,0.302,-0.273,-0.008
heavens,0.176,-0.370,-0.103
heavily,0.334,0.106,-0.099
heaviness,-0.248,0.229,0.018
heaving,0.008,0.452,0.050
heavy,-0.074,0.154,-0.213
heavy metal,0.168,0.241,0.016
heavyweight,0.156,0.114,-0.138
heck,0.023,0.348,-0.041
hectares,-0.106,-0.224,-0.083
hectic,-0.062,0.453,0.053
hedge,0.150,-0.002,0.058
hedgehog,-0.114,0.019,0.060
hedonism,0.083,-0.003,-0.069
hee,-0.203,-0.004,0.060
heed,0.170,-0.185,0.067
heel,-0.165,-0.094,-0.012
heels,-0.105,-0.046,0.039
heft,-0.053,-0.111,-0.106
hefty,0.276,0.080,-0.061
hegemonic,0.032,0.043,-0.048
heheh,-0.094,-0.093,0.218
heifer,-0.187,-0.003,0.063
height,0.247,-0.047,0.042
heighten,0.377,-0.089,0.006
heightened,0.268,-0.034,-0.138
heinous,-0.064,0.465,0.004
heir,0.434,-0.129,0.065
heiress,0.324,-0.180,0.074
heirloom,0.209,-0.209,-0.149
heirs,0.300,-0.193,0.016
heist,0.115,0.476,-0.060
helical,-0.117,0.037,-0.074
helicopter,0.337,0.061,0.189
helipad,0.258,-0.105,0.158
heliport,0.116,0.005,0.083
helium,-0.235,-0.128,0.030
helix,-0.001,-0.041,-0.017
hell,0.008,0.638,-0.046
hellfire,0.094,0.532,-0.039
hellhole,-0.152,0.293,-0.026
hellish,0.018,0.521,-0.014
helm,0.065,-0.037,-0.101
helmet,-0.117,-0.176,0.008
helmsman,0.073,-0.027,-0.138
help,0.043,-0.147,0.095
helper,0.120,-0.187,0.018
helpful,0.228,-0.332,-0.079
helpless,-0.442,0.219,-0.036
helplessness,-0.396,0.274,-0.036
hem,-0.224,-0.203,0.055
hematite,-0.193,-0.046,0.024
hematoma,-0.202,0.321,-0.044
hemi,-0.175,-0.108,0.039
hemisphere,0.023,-0.110,-0.125
hemispheric,0.081,-0.076,-0.069
hemlock,-0.150,-0.061,-0.066
hemoglobin,-0.084,0.006,0.031
hemorrhage,-0.120,0.577,0.017
hemorrhoids,-0.228,0.396,0.070
hemostat,-0.110,0.040,-0.060
hemp,-0.101,-0.023,0.006
hen,-0.352,-0.082,0.001
henceforth,-0.057,-0.087,-0.016
henhouse,-0.026,0.049,0.101
hepatitis,-0.279,0.382,-0.063
herald,0.015,-0.185,0.004
heraldry,0.112,-0.018,-0.039
herb,-0.074,-0.166,0.125
herbaceous,-0.242,-0.244,0.007
herbal,-0.151,-0.240,-0.014
herbarium,-0.224,-0.296,-0.002
herbs,-0.175,-0.234,0.080
herd,0.027,-0.068,0.062
hereditary,0.235,0.057,-0.094
heredity,0.305,-0.172,-0.151
heresy,-0.032,0.350,0.071
heretic,-0.142,0.439,-0.045
heretical,-0.082,0.285,-0.050
heretofore,-0.147,-0.067,0.008
hereunto,-0.252,-0.197,-0.035
herewith,-0.153,-0.064,-0.042
heritage,0.404,-0.226,-0.047
hermaphrodite,0.064,0.140,0.104
hermeneutics,0.035,0.124,-0.046
hermit,-0.300,0.047,-0.096
hernia,-0.384,0.235,0.014
hero,0.641,-0.091,0.115
heroic,0.621,-0.078,0.050
heroics,0.549,-0.128,-0.002
heroin,0.164,0.405,-0.027
heroine,0.477,0.024,0.019
heroism,0.604,-0.024,0.055
herpes,-0.285,0.343,-0.000
herpesvirus,-0.159,0.241,-0.058
herring,-0.095,-0.104,0.007
hertz,-0.087,0.018,-0.099
hesitant,-0.193,0.142,0.066
hesitate,-0.192,0.051,0.191
hesitating,-0.292,0.178,0.082
hesitation,-0.361,0.071,0.036
hetero,-0.048,-0.133,0.036
heterogeneity,-0.014,0.012,-0.095
heterosexual,0.125,0.036,0.051
hew,-0.145,0.034,0.029
hex,-0.139,0.066,0.057
hexagon,-0.164,-0.222,-0.077
heyday,0.284,0.026,0.049
hiatus,-0.216,-0.133,-0.020
hibernate,-0.137,-0.129,-0.052
hibernation,-0.221,-0.158,-0.074
hiccup,-0.279,0.188,0.096
hick,-0.234,0.056,0.028
hickey,-0.124,0.051,0.098
hickory,-0.056,-0.025,0.063
hidden,-0.304,0.156,-0.058
hide,-0.230,0.040,0.170
hideaway,-0.136,0.019,0.061
hideous,-0.209,0.461,0.059
hideout,-0.252,0.070,0.027
hiding,-0.191,0.221,0.011
hierarchical,0.385,0.086,-0.227
hierarchy,0.438,0.110,-0.116
hieroglyphics,-0.088,-0.105,-0.111
high,0.179,-0.121,0.015
high heels,0.035,-0.089,0.134
highball,0.073,-0.100,0.099
higher,0.350,-0.236,0.044
highest,0.354,-0.091,0.061
highland,0.128,-0.091,-0.032
highlands,0.153,-0.213,0.009
highlight,0.513,-0.138,-0.024
highness,0.513,-0.038,-0.089
hight,0.253,-0.020,0.055
hightail,-0.049,0.023,-0.023
highway,0.055,-0.047,0.164
hijack,0.035,0.617,-0.061
hijacker,0.152,0.607,-0.068
hike,0.057,-0.122,-0.003
hiker,0.345,0.074,0.158
hiking,0.446,0.012,0.223
hiking boot,-0.031,-0.217,0.032
hilarious,0.218,-0.083,0.170
hilarity,0.167,-0.188,0.055
hill,-0.000,-0.184,-0.037
hillside,-0.068,-0.236,-0.025
hilltop,0.370,-0.025,-0.030
hilly,0.136,-0.113,-0.014
hilt,0.047,0.180,0.007
hind,-0.058,0.105,0.183
hinder,-0.116,0.186,-0.066
hindering,-0.093,0.277,0.014
hindrance,-0.180,0.294,-0.131
hindsight,-0.093,0.075,-0.139
hinge,-0.180,-0.116,-0.076
hint,-0.018,-0.190,-0.055
hinterland,-0.007,-0.010,0.055
hip,-0.179,-0.028,0.036
hip hop,0.210,-0.027,0.243
hippie,-0.098,-0.110,0.042
hippo,-0.068,-0.060,-0.041
hippopotamus,0.090,-0.044,-0.075
hire,0.162,-0.094,0.083
hirsute,-0.157,0.066,0.023
hiss,-0.160,0.062,0.025
hissing,-0.094,-0.036,0.044
histology,-0.048,-0.114,-0.144
historian,0.083,-0.289,-0.130
historic,0.350,-0.235,-0.059
historical,0.249,-0.195,-0.234
historiography,0.087,-0.098,-0.109
history,0.241,-0.236,-0.130
hit,0.203,0.496,-0.015
hitch,0.035,-0.020,-0.042
hitchhike,-0.077,0.154,0.096
hitchhiker,0.181,0.023,0.043
hitherto,-0.122,-0.063,-0.078
hitter,0.201,0.195,-0.086
hive,-0.006,-0.010,-0.070
hives,0.012,0.045,-0.117
hoard,-0.026,-0.064,-0.057
hoarse,-0.290,0.083,-0.031
hoary,-0.167,-0.120,-0.072
hoax,-0.225,0.383,0.073
hob,-0.061,-0.194,0.048
hobbit,-0.036,0.006,0.003
hobby,0.170,-0.196,0.209
hobo,-0.273,0.079,0.035
hock,-0.080,-0.046,0.041
hockey,0.204,0.152,0.154
hoe,-0.168,0.126,-0.049
hog,-0.253,0.129,0.075
hogwash,-0.145,0.045,0.052
hohoho,-0.067,-0.181,0.165
hoist,-0.010,-0.003,0.050
hokey,0.081,0.037,0.189
hold,-0.225,-0.113,-0.046
holder,0.119,-0.175,-0.195
holding,0.118,-0.144,-0.132
holdup,-0.139,0.049,0.006
hole,-0.198,-0.161,0.028
holiday,0.257,-0.368,0.113
holidays,0.237,-0.303,0.213
holidayseason,0.231,-0.225,0.203
holiness,0.242,-0.413,-0.123
holistic,0.046,-0.226,-0.034
holler,-0.024,0.382,0.135
hollow,-0.379,0.020,0.007
holly,-0.156,-0.182,-0.092
holocaust,0.067,0.610,-0.063
hologram,0.093,-0.107,-0.018
holographic,0.031,-0.025,-0.049
holster,-0.203,-0.220,0.007
holy,0.107,-0.485,-0.193
holyspirit,0.129,-0.186,0.086
homage,0.366,-0.189,0.029
hombre,0.206,-0.124,-0.076
hombres,0.133,0.026,-0.079
home,0.099,-0.413,0.013
homeboy,-0.113,-0.245,-0.041
homecoming,0.068,-0.249,0.096
homeland,0.318,-0.144,-0.209
homeless,-0.478,0.284,-0.031
homely,-0.115,-0.418,-0.000
homemade,0.033,-0.382,0.160
homeopathic,-0.225,-0.104,-0.097
homeopathy,-0.163,-0.129,-0.090
homeowner,0.352,-0.149,-0.310
homeroom,0.036,-0.089,0.045
homesick,-0.236,-0.095,-0.032
homestead,0.074,-0.455,-0.002
homesweethome,0.117,-0.295,0.050
hometown,0.174,-0.370,0.008
homeward,0.011,-0.399,0.081
homework,-0.124,0.013,-0.069
homey,0.028,-0.348,0.008
homicidal,0.011,0.634,-0.055
homicide,-0.005,0.681,0.011
homily,-0.062,-0.189,0.032
homing,0.026,-0.063,-0.016
hominy,-0.118,-0.069,-0.025
homo,-0.109,-0.117,0.002
homogeneity,0.102,-0.245,-0.027
homogeneous,-0.007,-0.201,-0.189
homologous,-0.059,-0.079,-0.119
homologue,-0.041,-0.129,-0.064
homology,0.052,-0.054,0.012
homophobic,-0.098,0.429,-0.023
homosexual,0.001,0.311,0.120
homosexuality,-0.024,0.228,0.092
honcho,-0.107,-0.007,0.037
hone,0.022,-0.212,0.050
honest,0.276,-0.468,-0.102
honesty,0.340,-0.368,0.004
honey,0.183,-0.351,0.156
honeycomb,-0.083,-0.091,0.035
honeymoon,0.342,-0.223,0.308
honeysuckle,0.037,-0.103,0.008
honk,0.027,0.054,0.156
honky,-0.012,0.118,0.104
honor,0.497,-0.211,-0.009
honorable,0.427,-0.381,-0.054
honorarium,0.330,-0.197,-0.022
honorary,0.448,-0.220,0.005
honored,0.361,-0.343,0.021
hooch,-0.109,0.072,0.074
hood,-0.231,0.067,0.043
hooded,-0.024,0.307,0.083
hoodlum,-0.017,0.254,0.097
hoof,-0.210,-0.062,-0.028
hook,-0.144,0.016,0.003
hooked,0.098,0.029,0.172
hooker,-0.049,0.470,0.163
hookup,0.208,-0.063,-0.050
hooky,-0.051,0.021,0.018
hooligan,-0.033,0.292,0.049
hoop,-0.208,-0.310,0.031
hoopla,-0.099,-0.057,0.106
hooray,0.072,-0.091,0.018
hoot,-0.047,0.075,0.057
hooter,0.007,0.099,0.079
hop,-0.068,0.047,0.037
hope,0.298,-0.425,-0.060
hopeful,0.246,-0.416,0.048
hopeless,-0.580,0.138,-0.037
hopelessness,-0.470,0.245,-0.077
hopes,0.354,-0.293,0.060
hoping,0.043,-0.156,0.103
hopper,-0.098,0.067,-0.015
horde,0.128,0.310,-0.113
horizon,0.076,-0.311,-0.070
horizontal,-0.139,-0.193,0.006
horizontally,-0.113,-0.102,-0.036
hormonal,0.094,0.085,0.030
hormone,0.202,0.185,0.048
horn,-0.150,0.084,0.043
horned,-0.130,0.204,0.058
hornet,-0.006,0.139,0.003
horny,0.233,0.291,0.176
horoscope,-0.074,-0.097,-0.069
horrendous,-0.189,0.479,0.028
horrible,-0.117,0.552,0.060
horribly,-0.195,0.414,-0.112
horrid,-0.155,0.503,-0.014
horrific,-0.051,0.531,0.008
horrified,-0.141,0.592,0.081
horrifying,-0.227,0.527,0.009
horror,-0.069,0.517,0.049
horrors,-0.116,0.556,0.045
horse,0.093,-0.090,0.050
horseback,0.183,-0.073,0.093
horseman,0.193,0.188,-0.040
horsepower,0.329,0.104,0.011
horseradish,-0.066,0.186,-0.023
horseshit,-0.366,0.294,0.100
horseshoe,-0.054,-0.233,0.066
horsey,0.001,-0.107,0.050
horticultural,-0.001,-0.145,-0.023
horticulture,0.013,-0.203,0.098
hosannah,0.028,-0.217,0.016
hose,-0.288,-0.134,0.033
hosiery,-0.157,-0.127,0.012
hospice,-0.083,0.080,-0.133
hospitable,0.247,-0.224,0.012
hospital,0.000,0.158,-0.132
hospitality,0.265,-0.369,-0.071
host,0.109,-0.158,0.051
hostage,-0.092,0.528,0.190
hostel,-0.084,0.011,0.060
hostess,0.331,-0.132,0.067
hostile,0.006,0.484,0.074
hostilities,-0.004,0.373,0.101
hostility,-0.082,0.461,-0.007
hot,0.162,0.176,0.076
hot sauce,0.038,0.287,0.045
hotbed,-0.174,-0.160,-0.040
hotdog,-0.012,-0.207,0.159
hotel,-0.010,-0.267,0.108
hothead,0.050,0.429,0.054
hotline,0.195,-0.015,-0.033
hotshot,0.192,0.161,0.045
hotyoga,0.104,-0.060,0.184
hound,0.031,0.083,-0.081
hour,-0.205,-0.207,0.010
hourglass,-0.088,-0.180,-0.092
hourly,-0.061,-0.034,-0.053
house,-0.107,-0.313,-0.180
houseboat,-0.053,-0.155,0.038
houseboy,-0.129,-0.048,0.017
housebroken,-0.090,-0.045,0.064
houseguest,0.001,-0.022,0.028
household,0.132,-0.382,-0.128
householder,0.418,-0.186,-0.056
housekeeper,0.005,-0.292,-0.041
housekeeping,0.012,-0.078,0.088
housewarming,0.442,-0.104,0.129
housewife,-0.026,-0.211,0.034
housework,-0.164,-0.055,0.054
housing,0.110,-0.331,-0.037
hovel,-0.310,-0.027,-0.068
hover,-0.098,-0.059,0.033
hovercraft,0.158,0.080,0.043
howl,-0.069,0.200,0.075
howsoever,-0.224,-0.109,-0.017
hoy,-0.076,-0.200,-0.050
hub,-0.107,-0.057,-0.019
hubby,-0.058,-0.082,0.036
huckleberry,-0.204,-0.233,0.068
huddle,0.016,-0.071,0.093
hue,-0.097,-0.066,0.015
huff,-0.194,0.067,0.069
huffy,-0.075,0.132,0.111
hug,0.203,-0.343,0.122
huge,0.301,0.045,-0.092
hugger,-0.063,-0.032,0.059
huggy,0.107,-0.307,0.164
hugs,0.274,-0.397,0.118
hulk,0.276,0.205,-0.060
hull,-0.198,-0.199,-0.007
hum,-0.265,-0.143,0.038
human,0.120,-0.317,-0.046
humane,0.145,-0.303,0.018
humanitarian,0.206,-0.324,-0.107
humanities,0.158,-0.279,-0.108
humanity,0.222,-0.268,-0.113
humankind,0.296,-0.342,-0.021
humanoid,-0.014,-0.042,-0.004
humanrights,0.340,-0.161,0.013
humble,0.044,-0.448,0.043
humbled,-0.272,0.228,0.167
humbly,-0.105,-0.412,0.052
humbug,-0.114,0.286,-0.037
humdrum,-0.343,-0.014,-0.148
humid,-0.243,-0.037,-0.063
humidity,-0.175,-0.067,0.005
humiliate,-0.284,0.462,0.058
humiliated,-0.302,0.420,0.122
humiliating,-0.275,0.456,0.061
humiliation,-0.261,0.465,0.030
humility,-0.104,-0.439,-0.055
hummer,0.128,0.081,0.010
hummingbird,-0.102,-0.280,0.205
humongous,-0.017,0.116,-0.062
humor,0.230,-0.192,0.285
humored,0.284,-0.146,0.224
humorist,0.444,-0.127,0.303
humorous,0.377,-0.207,0.144
hump,-0.301,0.111,0.054
humpback,-0.389,0.075,-0.036
hunch,0.141,0.048,0.054
hunchback,-0.372,0.125,-0.033
hundred,-0.078,-0.169,0.044
hundredth,-0.124,-0.040,-0.083
hunger,-0.306,0.332,-0.051
hungry,-0.295,0.422,0.074
hunk,-0.191,-0.047,-0.002
hunks,-0.077,0.027,-0.053
hunky,-0.026,0.069,0.067
hunt,0.124,0.340,0.024
hunter,0.277,0.383,-0.145
hunting,0.231,0.194,-0.056
huntress,0.224,0.264,-0.133
hurdle,-0.111,0.341,0.000
hurl,0.079,0.305,-0.005
hurrah,0.265,-0.053,0.275
hurricane,0.266,0.562,-0.102
hurricanes,0.289,0.441,-0.081
hurried,-0.024,0.341,0.152
hurry,0.060,0.218,0.104
hurryup,0.165,0.222,0.108
hurt,-0.239,0.496,0.083
hurtful,-0.138,0.409,-0.066
hurting,-0.242,0.431,0.178
husband,0.247,-0.189,0.023
husbandry,0.018,-0.124,0.092
hush,-0.279,-0.172,-0.031
hushed,-0.415,-0.070,-0.109
husk,-0.473,-0.152,0.007
husky,0.033,-0.129,0.042
hussy,-0.179,0.263,-0.003
hustle,-0.023,0.176,0.093
hustler,0.126,0.400,-0.027
hut,-0.134,-0.260,0.024
hutch,-0.065,0.052,-0.094
hyacinth,-0.245,-0.011,-0.029
hybrid,-0.014,-0.090,-0.122
hydra,0.025,0.137,-0.015
hydrant,-0.103,-0.116,0.078
hydrate,0.025,-0.169,-0.052
hydraulic,0.032,-0.082,-0.111
hydraulics,0.078,0.024,-0.044
hydrocephalus,-0.122,0.239,0.042
hydrodynamics,0.184,0.026,-0.043
hydrogen,-0.071,-0.111,-0.159
hydrographic,0.048,-0.058,-0.159
hydrology,-0.051,-0.082,-0.071
hydrophobia,-0.060,0.317,0.173
hydroponics,0.023,0.034,0.027
hyena,0.027,0.225,0.095
hygiene,0.065,-0.348,-0.007
hygienic,0.133,-0.325,-0.173
hygienist,0.177,-0.212,-0.091
hymen,0.025,0.125,0.097
hymn,0.115,-0.308,-0.093
hype,0.067,-0.004,-0.054
hyped,0.272,-0.086,0.021
hyper,0.178,0.056,-0.013
hyperactive,0.317,0.297,0.119
hyperbole,0.025,0.039,-0.032
hyperspace,0.248,0.088,-0.104
hypertension,-0.100,0.458,0.030
hypertrophy,-0.097,0.218,0.038
hyperventilate,0.074,0.271,0.013
hyperventilating,0.067,0.457,-0.082
hyphen,-0.129,-0.142,0.028
hypnosis,-0.051,0.000,-0.120
hypnotic,0.114,-0.007,0.019
hypnotist,0.065,-0.018,-0.117
hypnotize,-0.006,0.028,-0.016
hypnotized,-0.144,-0.014,0.022
hypochondriac,-0.231,0.275,0.017
hypocrisy,-0.254,0.259,-0.062
hypocrite,-0.266,0.413,0.028
hypocritical,-0.172,0.489,-0.027
hypodermic,-0.198,0.145,-0.118
hypothalamus,0.040,-0.116,-0.022
hypothermia,-0.244,0.303,0.051
hypothesis,-0.030,-0.127,-0.052
hypothetical,-0.174,-0.083,0.014
hysterectomy,-0.106,0.342,-0.046
hysteria,0.043,0.479,0.102
hysterical,0.033,0.452,0.211
ibuprofen,-0.058,-0.012,-0.067
ice,-0.346,-0.131,0.037
ice tea,-0.062,-0.315,0.154
iceberg,0.048,0.147,-0.155
icebox,-0.197,-0.240,-0.033
icebreaker,0.309,-0.005,-0.181
iced,-0.093,-0.066,0.132
icing,0.006,-0.173,0.125
icky,-0.181,0.104,0.046
icon,-0.109,-0.143,-0.000
iconic,0.204,-0.026,-0.078
iconography,0.105,-0.148,-0.121
icy,-0.080,-0.226,0.127
id,-0.179,-0.075,-0.034
idea,0.290,-0.146,-0.000
ideal,0.291,-0.252,-0.052
idealism,0.173,-0.134,-0.100
idealist,0.381,-0.209,-0.051
idealistic,0.325,-0.236,-0.043
identical,0.029,-0.179,-0.019
identically,0.039,-0.172,0.049
identification,0.222,-0.180,-0.057
identify,0.178,-0.104,-0.061
identity,0.217,-0.202,-0.191
ideology,0.101,-0.152,-0.182
idiocy,-0.392,0.358,0.138
idiom,-0.108,-0.129,-0.041
idiomatic,-0.007,-0.071,-0.035
idiot,-0.454,0.329,0.105
idiotic,-0.379,0.355,0.103
idiots,-0.388,0.312,0.129
idle,-0.600,-0.014,-0.068
idleness,-0.374,0.010,0.003
idler,-0.465,0.069,-0.039
idol,0.493,0.092,0.011
idolatry,0.057,0.152,-0.112
idolizing,0.292,0.025,0.101
idyllic,0.052,-0.120,-0.088
iffy,-0.208,0.040,0.026
ifonly,-0.344,-0.115,-0.012
igloo,-0.173,-0.193,0.032
igneous,-0.019,-0.000,-0.045
ignite,0.242,0.234,0.015
ignition,0.151,0.256,-0.053
ignorance,-0.423,0.181,-0.011
ignorant,-0.417,0.249,-0.021
ignore,-0.454,0.061,-0.175
iguana,-0.268,-0.207,0.010
ihatespiders,-0.132,0.258,-0.006
ilk,-0.087,0.009,-0.025
ill,-0.473,0.234,-0.046
illegal,-0.200,0.508,0.059
illegality,-0.191,0.384,-0.070
illegally,-0.116,0.460,0.049
illegible,-0.240,0.133,0.025
illegitimate,-0.232,0.319,0.064
illicit,-0.095,0.424,0.087
illiterate,-0.485,0.198,0.010
illness,-0.306,0.428,0.125
illogical,-0.264,0.290,0.103
illuminate,0.475,-0.180,0.079
illuminating,0.475,-0.235,0.088
illumination,0.198,-0.126,0.147
illuminator,0.324,-0.140,0.015
illusion,-0.056,-0.057,0.102
illustrate,0.228,-0.221,-0.049
illustration,0.193,-0.208,-0.014
illustrative,0.218,-0.223,0.002
illustrious,0.284,-0.080,-0.056
ilovechristmas,0.253,-0.215,0.216
iloveher,0.174,-0.165,0.091
image,-0.082,-0.291,-0.036
imagery,-0.086,-0.235,0.055
imaginable,0.139,-0.058,0.004
imaginary,-0.144,-0.104,0.118
imagination,0.180,-0.223,0.107
imaginative,0.226,-0.170,0.092
imagine,0.182,-0.197,0.053
imagined,-0.024,-0.177,0.083
imaging,0.048,-0.236,0.062
imagining,0.144,-0.219,0.073
imam,-0.036,-0.130,-0.103
imbalance,-0.344,0.295,-0.001
imbecile,-0.349,0.340,0.003
imbedded,0.036,0.126,-0.044
imissyou,-0.071,0.082,0.157
imitate,-0.105,0.057,0.131
imitated,-0.177,0.043,-0.099
imitation,-0.117,0.125,0.113
immaculate,0.153,-0.252,-0.127
immaterial,-0.341,0.007,-0.060
immature,-0.409,0.266,0.022
immaturity,-0.346,0.290,0.060
immeasurable,0.177,0.029,-0.120
immeasurably,0.202,0.097,-0.043
immediacy,0.221,-0.003,0.048
immediate,0.257,-0.070,-0.048
immediately,0.309,0.164,0.035
immemorial,-0.134,0.102,-0.068
immense,0.471,0.001,0.044
immerse,0.048,0.046,0.041
immersion,0.078,0.034,-0.009
immigrant,0.013,0.216,0.014
immigration,-0.008,0.193,0.070
imminent,0.234,0.209,0.052
immobile,-0.418,-0.005,-0.146
immoral,-0.203,0.337,-0.025
immorality,-0.199,0.348,0.081
immortal,0.488,-0.041,0.082
immortality,0.419,-0.027,-0.085
immovable,-0.049,-0.113,-0.162
immune,0.253,-0.101,-0.146
immunity,0.185,-0.211,-0.234
immunization,0.256,-0.104,-0.075
immutable,-0.018,0.008,-0.121
imp,-0.158,0.069,-0.045
impact,0.368,0.299,0.004
impair,-0.274,0.245,-0.069
impaired,-0.371,0.230,-0.040
impairment,-0.333,0.276,0.074
impart,0.123,-0.047,-0.156
impartial,0.104,-0.079,-0.164
impartiality,0.094,-0.156,-0.079
impassable,-0.060,0.088,-0.135
impassioned,0.472,0.032,0.059
impatience,-0.041,0.350,0.108
impatient,-0.077,0.321,0.043
impatiently,-0.005,0.395,-0.037
impeach,0.105,0.408,-0.102
impeachment,0.085,0.414,-0.167
impeccable,0.338,-0.317,-0.135
impede,-0.034,0.177,-0.176
impediment,-0.186,0.309,-0.044
impelled,0.304,0.099,0.050
impending,0.285,0.187,-0.055
impenetrable,0.297,0.045,-0.177
imperative,0.283,0.020,-0.003
imperceptible,-0.031,0.083,-0.097
imperfect,-0.366,0.242,0.064
imperfection,-0.252,0.263,0.012
imperfectly,-0.233,0.127,0.010
imperial,0.459,-0.004,-0.130
imperialist,0.270,0.368,-0.177
impermeable,-0.045,-0.137,-0.140
impermissible,-0.280,0.195,-0.067
impersonal,-0.181,0.033,-0.147
impersonate,0.134,0.088,0.014
impersonation,0.014,0.173,-0.015
impersonator,-0.042,0.078,0.097
impertinence,-0.149,0.341,-0.019
impertinent,-0.076,0.422,0.131
impervious,0.023,-0.121,-0.036
impetuous,0.354,0.152,0.074
impetus,0.223,0.156,0.048
implacable,0.351,0.077,-0.105
implant,0.033,0.062,-0.089
implantation,0.172,0.157,-0.159
implanted,0.053,0.118,-0.196
implement,0.356,-0.096,-0.056
implicate,-0.091,0.295,0.019
implicated,-0.035,0.222,0.067
implication,0.070,0.145,-0.193
implied,-0.086,0.145,-0.053
implore,-0.069,0.173,0.117
implosion,0.097,0.220,0.048
imply,0.126,0.088,0.090
impolite,-0.281,0.294,0.040
import,0.137,-0.092,-0.041
importance,0.426,-0.110,-0.087
important,0.468,-0.133,-0.004
importation,0.231,-0.080,-0.101
impose,0.284,0.161,-0.047
imposing,0.300,0.252,-0.157
imposition,0.064,0.180,-0.093
impossibility,-0.245,0.317,0.044
impossible,-0.235,0.254,-0.096
impostor,-0.126,0.402,-0.023
impotence,-0.260,0.337,0.149
impotent,-0.256,0.309,-0.007
impound,-0.033,0.259,-0.139
impoverished,-0.492,0.128,-0.078
impracticable,-0.114,0.102,0.060
impractical,-0.381,0.150,-0.088
impregnable,0.083,0.129,-0.147
impregnate,0.223,0.152,0.019
impress,0.560,-0.044,0.012
impressed,0.230,-0.038,0.342
impression,0.174,-0.091,0.066
impressionable,0.373,-0.079,0.176
impressive,0.567,0.040,0.057
imprint,0.226,-0.024,-0.032
imprison,-0.004,0.509,-0.037
imprisoned,-0.273,0.480,0.031
imprisonment,-0.142,0.354,-0.085
improbable,-0.287,0.228,-0.199
impromptu,0.068,0.124,0.203
improper,-0.300,0.200,0.047
impropriety,-0.220,0.323,-0.049
improve,0.407,-0.208,-0.042
improved,0.329,-0.309,0.066
improvement,0.223,-0.202,0.060
improves,0.438,-0.214,0.117
improving,0.341,-0.283,0.077
improvisation,0.235,0.121,0.213
improvise,0.158,-0.001,0.139
improvised,0.096,0.037,0.186
imprudent,-0.250,0.350,0.100
impudence,-0.163,0.206,-0.117
impudent,-0.077,0.213,-0.012
impulse,0.258,0.217,0.123
impulsive,0.184,0.353,0.060
impunity,0.086,0.292,-0.039
impure,-0.302,0.202,0.119
impurity,-0.281,0.260,0.002
imputation,0.078,0.232,-0.079
imtryingtosleep,-0.180,-0.054,-0.025
inability,-0.341,0.263,0.021
inaccessible,-0.206,0.358,-0.116
inaccurate,-0.387,0.219,-0.029
inaction,-0.346,-0.069,-0.114
inactivate,-0.313,0.002,-0.205
inactivation,-0.468,0.041,-0.082
inactive,-0.520,-0.078,-0.056
inactivity,-0.550,0.006,-0.181
inadequacy,-0.254,0.146,0.038
inadequate,-0.413,0.227,-0.017
inadequateness,-0.249,0.200,0.018
inadmissible,-0.171,0.315,0.002
inadvertent,-0.285,-0.002,0.011
inadvertently,-0.044,0.174,-0.106
inaffable,-0.080,0.092,-0.013
inalienable,0.027,0.022,-0.127
inane,-0.354,0.052,-0.031
inanimate,-0.479,-0.099,-0.109
inapplicable,-0.279,0.084,-0.041
inappropriate,-0.268,0.287,-0.050
inattention,-0.403,0.152,0.039
inaudible,-0.261,0.083,-0.063
inaugural,0.202,-0.082,0.050
inaugurate,0.396,-0.134,-0.027
inauguration,0.469,-0.093,0.096
inborn,-0.023,-0.209,-0.104
inbound,-0.011,-0.098,-0.072
inbred,-0.061,0.087,-0.020
incalculable,0.161,0.127,-0.082
incandescent,0.068,0.188,-0.092
incantation,0.067,0.137,0.010
incapable,-0.407,0.254,0.089
incapacity,-0.428,0.312,-0.019
incarceration,-0.130,0.492,0.043
incarnate,0.165,0.070,0.043
incase,-0.203,-0.273,-0.034
incendiary,0.110,0.376,-0.003
incense,-0.134,-0.306,0.091
incensed,-0.091,0.211,0.075
incentive,0.369,-0.135,0.063
inception,0.060,-0.124,-0.033
incessant,0.125,0.226,0.082
incessantly,0.162,0.247,0.032
incest,-0.051,0.552,-0.005
incestuous,-0.085,0.386,0.020
inch,-0.237,-0.114,0.034
incidence,-0.080,0.076,0.024
incident,-0.143,0.412,-0.098
incidental,-0.126,0.230,0.021
incidentally,-0.011,0.015,-0.010
incineration,-0.020,0.393,0.048
incinerator,0.010,0.283,-0.104
incipient,-0.136,-0.042,-0.044
incision,-0.010,0.303,-0.075
incisive,0.021,0.159,-0.033
incite,0.190,0.206,0.007
incitement,0.184,0.453,0.079
inclement,0.048,0.300,-0.099
inclination,-0.038,0.083,-0.090
incline,-0.154,-0.052,0.060
inclined,-0.160,-0.087,-0.031
include,0.236,-0.192,-0.057
included,0.133,-0.253,0.023
including,0.054,-0.228,0.017
inclusion,0.244,-0.255,-0.067
inclusive,0.060,-0.128,-0.038
incognito,0.011,-0.089,0.084
incoherent,-0.316,0.340,0.053
income,0.294,-0.164,-0.032
incoming,0.153,-0.105,0.015
incomparable,0.222,-0.030,-0.015
incompatible,-0.289,0.212,-0.014
incompetence,-0.398,0.329,0.027
incompetent,-0.340,0.300,0.040
incomplete,-0.449,0.149,-0.033
incompletely,-0.299,0.061,0.079
incompleteness,-0.330,0.121,0.047
incomprehensible,-0.214,0.209,0.015
inconceivable,-0.081,0.257,-0.158
inconclusive,-0.316,0.204,-0.087
incongruous,-0.273,0.230,-0.044
inconsequential,-0.246,0.160,-0.024
inconsiderate,-0.184,0.210,-0.068
inconsistency,-0.331,0.250,-0.062
inconsistent,-0.295,0.109,-0.006
inconspicuous,-0.181,-0.278,-0.015
incontinence,-0.293,0.311,0.043
inconvenience,-0.289,0.422,0.026
inconvenient,-0.175,0.270,0.014
incorporate,0.227,-0.097,0.129
incorporation,0.184,-0.107,-0.202
incorrect,-0.324,0.298,0.034
incorrigible,-0.105,0.383,-0.086
increase,0.509,-0.100,-0.032
increased,0.366,-0.011,-0.013
incredible,0.610,-0.037,0.055
incredulous,-0.269,0.152,0.062
increment,0.338,-0.028,-0.009
incriminate,-0.068,0.436,0.078
incriminating,-0.045,0.464,-0.018
incrimination,0.034,0.505,0.002
incubation,-0.099,0.017,0.047
incubator,-0.095,-0.056,0.035
incubus,-0.020,0.050,0.008
incumbent,0.014,0.106,-0.073
incur,-0.018,0.251,0.005
incurable,-0.295,0.391,0.071
incursion,0.342,0.199,0.054
indebted,-0.249,0.389,0.090
indecency,-0.107,0.381,-0.076
indecent,-0.308,0.417,0.080
indecision,-0.387,0.202,0.048
indecisive,-0.377,0.097,0.061
indefensible,-0.104,0.337,-0.065
indefinite,-0.273,-0.114,0.002
indelible,-0.017,-0.101,-0.156
indemnification,0.201,-0.010,-0.181
indemnify,0.079,0.075,-0.076
indemnity,0.175,0.104,-0.088
indent,-0.172,-0.096,-0.011
indentation,-0.172,0.085,0.044
indenture,0.009,-0.028,-0.189
independence,0.572,-0.157,-0.005
independent,0.432,-0.304,-0.105
indescribable,0.095,0.064,-0.111
indestructible,0.501,-0.022,0.013
indeterminate,-0.245,0.026,0.002
index,-0.251,-0.129,-0.042
indicate,0.102,-0.164,-0.158
indicating,0.085,-0.286,-0.008
indication,0.257,-0.195,-0.104
indicative,0.076,0.004,-0.052
indicator,0.136,-0.079,-0.109
indice,-0.045,-0.061,-0.110
indict,-0.075,0.383,0.006
indictment,0.046,0.357,-0.041
indie,-0.124,-0.079,-0.034
indifference,-0.302,0.104,-0.019
indifferent,-0.397,-0.172,-0.064
indigenous,0.042,0.008,-0.031
indigent,-0.381,0.224,0.016
indigestion,-0.325,0.276,0.138
indignant,-0.128,0.239,-0.007
indignation,-0.080,0.425,0.043
indignity,-0.306,0.233,-0.025
indigo,-0.077,-0.104,-0.048
indirect,-0.227,0.008,0.009
indiscreet,-0.234,0.287,0.002
indiscretion,-0.131,0.260,0.038
indispensable,0.299,-0.174,-0.135
indisposed,-0.392,0.274,0.032
indistinct,-0.300,0.061,-0.108
indistinguishable,-0.062,0.085,-0.129
individual,0.004,-0.210,-0.056
individuality,0.060,-0.101,0.018
indivisible,0.082,-0.172,-0.041
indoctrination,0.132,0.242,-0.133
indolent,-0.392,0.141,-0.053
indomitable,0.361,0.251,-0.084
indoor,-0.175,-0.265,0.022
induce,0.063,0.257,-0.185
induced,-0.072,0.054,-0.059
inducement,0.334,0.084,0.087
induction,0.082,0.148,-0.088
indulge,0.391,-0.085,0.161
indulgence,-0.003,0.009,-0.027
indulgent,0.042,-0.055,-0.002
industrial,0.304,0.107,-0.218
industrialist,0.343,0.062,-0.134
industrious,0.338,-0.121,-0.075
industry,0.292,-0.131,-0.188
ineffable,0.124,0.020,0.008
ineffective,-0.534,0.223,0.043
ineffectual,-0.427,0.170,-0.002
inefficiency,-0.450,0.258,0.006
inefficient,-0.410,0.183,0.055
inelastic,-0.170,0.019,-0.011
ineligible,-0.268,0.172,-0.208
inept,-0.421,0.180,-0.009
ineptitude,-0.356,0.203,0.002
inequality,-0.327,0.315,0.026
inequitable,-0.192,0.166,-0.007
inert,-0.372,-0.100,-0.134
inertia,-0.308,-0.041,-0.067
inevitable,-0.041,0.083,-0.217
inexact,-0.431,0.209,0.039
inexcusable,-0.042,0.224,-0.096
inexhaustible,0.174,-0.039,-0.027
inexpensive,-0.118,-0.210,0.211
inexperience,-0.344,0.275,0.163
inexperienced,-0.317,0.128,0.066
inexplicable,-0.114,0.290,-0.019
inexpressible,-0.197,0.287,0.008
infallibility,0.310,0.064,-0.053
infallible,0.450,-0.058,0.021
infamous,-0.158,0.310,-0.106
infamy,-0.134,0.352,-0.004
infancy,-0.018,-0.256,0.154
infant,-0.007,-0.273,0.225
infanticide,-0.037,0.484,0.074
infantile,-0.179,-0.167,0.152
infantry,0.314,0.117,-0.085
infarct,-0.126,0.537,0.066
infatuated,0.180,0.013,0.311
infatuation,0.310,-0.079,0.277
infeasible,-0.332,0.154,0.045
infect,-0.121,0.476,0.013
infection,-0.163,0.460,-0.007
infectious,-0.111,0.435,0.024
infer,-0.064,0.028,0.003
inference,-0.154,0.083,-0.008
inferential,-0.093,0.018,-0.031
inferior,-0.522,-0.013,0.023
inferiority,-0.408,0.173,0.011
infernal,0.005,0.537,-0.065
inferno,-0.080,0.569,0.005
infertile,-0.310,0.124,0.038
infertility,-0.211,0.344,0.050
infestation,0.030,0.368,0.015
infidel,-0.116,0.395,0.043
infidelity,-0.164,0.503,0.016
infield,-0.006,0.039,0.086
infiltrate,0.134,0.239,0.030
infiltration,0.048,0.373,0.022
infinite,0.321,-0.095,-0.009
infinitely,0.400,-0.023,-0.059
infinitesimal,-0.072,0.062,-0.066
infinity,0.209,-0.027,-0.225
infirm,-0.392,0.281,0.027
infirmary,-0.017,-0.042,-0.045
infirmity,-0.390,0.271,-0.033
inflammation,-0.105,0.435,0.028
inflammatory,-0.163,0.327,-0.011
inflatable,-0.063,-0.005,0.079
inflate,-0.092,0.187,-0.029
inflated,-0.046,0.100,-0.212
inflation,0.005,0.405,0.019
inflection,-0.082,0.171,0.103
inflict,0.037,0.425,-0.092
infliction,0.059,0.299,-0.022
inflorescence,-0.159,-0.082,-0.044
influence,0.373,0.038,-0.076
influential,0.610,-0.140,-0.012
influenza,-0.140,0.308,0.133
influx,0.179,0.008,0.080
info,0.146,-0.292,-0.071
infomercial,-0.015,0.029,-0.093
inform,0.280,-0.097,0.028
informal,-0.102,-0.058,-0.024
informant,0.264,0.011,-0.040
information,0.222,-0.272,-0.089
informative,0.291,-0.271,-0.061
informed,0.009,-0.165,-0.170
informer,0.106,0.042,-0.002
infraction,-0.072,0.294,-0.015
infrared,0.045,0.084,0.015
infrastructure,0.173,-0.094,-0.106
infrequent,-0.375,0.038,0.055
infrequently,-0.392,0.035,-0.159
infringement,-0.043,0.457,0.011
infuriate,0.079,0.591,-0.020
infuriated,-0.000,0.606,0.023
infuriates,0.107,0.554,-0.037
infuriating,0.003,0.517,0.023
infuse,0.103,0.232,-0.007
infused,-0.037,0.067,-0.101
infuser,-0.021,-0.022,-0.076
infusion,-0.057,-0.155,-0.001
ingenious,0.503,-0.040,-0.041
ingenuity,0.413,-0.073,-0.105
ingest,0.014,0.032,0.056
ingestion,0.027,0.129,0.019
ingot,0.150,-0.170,-0.020
ingrained,0.164,-0.020,-0.137
ingrate,-0.207,0.257,0.050
ingredient,0.049,-0.301,0.104
ingress,0.157,-0.155,-0.187
inhabit,0.060,-0.194,-0.030
inhabitant,-0.003,-0.174,-0.042
inhabited,0.024,-0.216,-0.003
inhabiting,0.021,-0.007,-0.120
inhalation,0.033,0.069,0.091
inhale,-0.119,-0.058,-0.116
inhaler,-0.155,0.060,0.060
inherent,-0.013,-0.088,0.010
inherit,0.284,-0.137,0.009
inheritance,0.446,-0.232,0.022
inhibit,-0.214,0.224,-0.134
inhibition,-0.144,0.097,-0.195
inhibitor,-0.154,0.123,-0.112
inhospitable,-0.178,0.187,-0.023
inhuman,-0.125,0.394,-0.095
inhumane,-0.227,0.342,-0.074
inhumanity,-0.228,0.282,-0.083
inimaginable,0.110,0.065,0.071
inimical,0.075,0.399,0.023
inimitable,0.204,-0.099,-0.213
iniquity,-0.162,0.246,-0.046
initial,-0.019,-0.186,-0.088
initiate,0.138,-0.170,0.057
initiated,0.233,-0.189,0.016
initiation,0.132,-0.122,0.092
initiative,0.415,-0.150,0.037
inject,0.135,0.234,0.017
injection,0.019,0.325,0.014
injunction,-0.133,0.106,-0.160
injure,-0.159,0.373,0.054
injured,-0.265,0.417,0.035
injuring,-0.259,0.498,0.130
injurious,-0.134,0.406,0.079
injury,-0.250,0.503,0.078
injustice,-0.127,0.476,-0.022
ink,-0.250,-0.054,0.119
inkling,0.049,0.076,-0.045
inland,-0.091,-0.068,0.013
inlay,0.015,0.092,-0.073
inlet,-0.010,-0.191,0.027
inmate,-0.128,0.300,0.032
inn,-0.042,-0.266,-0.024
innards,-0.181,0.125,-0.037
innate,-0.038,-0.061,-0.074
inner,-0.152,-0.235,-0.091
innermost,0.048,-0.060,0.033
innerpeace,0.056,-0.278,-0.032
inning,-0.023,-0.200,-0.066
innings,-0.011,-0.064,0.067
innkeeper,-0.113,-0.248,-0.094
innocence,-0.104,-0.392,0.147
innocent,-0.142,-0.375,0.060
innocently,-0.125,-0.380,0.132
innocuous,-0.318,-0.145,0.133
innovate,0.557,-0.021,0.221
innovation,0.592,-0.184,0.044
innovative,0.495,-0.164,0.031
innuendo,0.038,0.139,0.102
innumerable,0.204,-0.150,-0.091
inoculation,0.021,0.173,-0.109
inoperable,-0.337,0.167,-0.058
inoperative,-0.380,0.201,-0.057
inordinate,-0.229,0.326,0.027
inorganic,-0.289,-0.033,0.011
input,0.013,-0.215,-0.039
inquest,0.172,0.087,-0.135
inquire,-0.049,-0.053,0.145
inquirer,0.283,0.027,-0.102
inquiring,-0.006,0.022,-0.004
inquiry,0.008,-0.083,-0.049
inquisitive,0.049,0.243,-0.100
inquisitor,0.224,0.346,0.051
insane,-0.307,0.424,0.045
insanity,-0.152,0.523,0.109
insatiable,0.054,0.200,-0.015
inscription,0.039,-0.118,-0.027
inscrutable,0.081,0.063,-0.075
insect,-0.235,0.243,0.143
insecticide,-0.159,0.290,-0.047
insecure,-0.440,0.290,0.090
insecurity,-0.241,0.389,-0.011
insemination,0.178,0.074,0.015
insensitive,-0.297,0.175,-0.014
inseparable,0.160,-0.128,0.058
insert,0.029,0.050,0.006
inserted,-0.075,-0.053,-0.047
insertion,0.067,0.001,-0.024
inside,-0.010,-0.148,0.021
insider,0.273,-0.037,-0.079
insidious,-0.133,0.339,-0.089
insight,0.099,-0.170,-0.123
insightful,0.327,0.022,0.036
insignia,0.112,-0.262,-0.167
insignificance,-0.461,-0.027,-0.083
insignificant,-0.580,0.152,-0.039
insinuate,-0.102,0.240,0.034
insipid,-0.449,0.024,-0.094
insist,0.275,0.014,0.017
insistence,0.161,0.206,-0.028
insistent,0.236,0.064,-0.040
insists,0.116,0.072,-0.033
insolence,-0.152,0.434,0.009
insolent,-0.229,0.386,0.012
insoluble,-0.193,-0.104,-0.084
insolvency,-0.266,0.072,0.016
insolvent,-0.275,0.174,-0.014
insomnia,-0.189,0.290,0.004
insomniac,-0.321,0.096,-0.083
inspect,0.251,0.099,-0.156
inspection,0.199,0.129,-0.099
inspector,0.252,0.130,-0.238
inspiration,0.468,-0.236,0.072
inspirational,0.542,-0.144,0.111
inspire,0.456,-0.204,0.091
inspired,0.500,-0.189,0.171
instability,-0.143,0.407,0.089
install,0.275,-0.027,-0.055
installation,0.250,-0.123,-0.121
installment,-0.003,-0.158,0.012
instance,0.041,-0.066,-0.045
instant,0.149,-0.222,0.065
instantaneous,0.186,-0.177,0.061
instantaneously,0.217,-0.012,0.082
instigate,0.119,0.349,-0.059
instigation,0.147,0.320,-0.040
instill,0.111,-0.047,-0.057
instinct,0.286,-0.120,0.087
instinctive,0.302,-0.122,0.028
institute,0.264,-0.076,-0.173
institution,0.159,-0.176,-0.264
instruct,0.350,-0.158,-0.125
instructed,0.227,-0.241,-0.099
instruction,0.217,-0.148,-0.124
instructional,0.296,-0.132,-0.093
instructions,-0.013,-0.193,-0.107
instructive,0.106,-0.109,-0.102
instructor,0.334,-0.191,-0.070
instrument,0.161,-0.013,-0.057
instrumental,0.212,-0.187,-0.002
instrumentalist,0.270,-0.075,-0.069
instrumentality,0.158,-0.087,-0.010
insubordination,0.119,0.354,-0.047
insufferable,-0.155,0.389,0.165
insufficiency,-0.435,0.219,-0.022
insufficient,-0.507,0.126,0.066
insufficiently,-0.390,0.249,0.044
insular,-0.045,-0.075,-0.001
insulate,-0.290,-0.009,0.006
insulated,-0.400,0.041,-0.133
insulation,-0.381,0.055,-0.054
insulin,-0.139,0.027,0.037
insult,-0.129,0.524,0.059
insulting,-0.104,0.524,0.052
insurance,0.250,-0.273,-0.226
insure,0.202,-0.195,-0.087
insurgent,0.096,0.361,-0.109
insurmountable,0.292,0.011,-0.037
insurrection,0.023,0.342,-0.074
intact,0.044,-0.350,-0.124
intake,0.023,-0.059,0.105
intangible,-0.017,-0.033,0.020
integer,0.022,-0.168,-0.125
integral,0.050,-0.172,-0.125
integrate,0.206,-0.233,-0.088
integration,0.297,-0.200,-0.044
integrity,0.392,-0.309,-0.112
intellect,0.400,-0.289,-0.135
intellectual,0.430,-0.310,-0.068
intelligence,0.486,-0.164,-0.058
intelligent,0.493,-0.258,-0.032
intelligibility,0.247,-0.179,-0.026
intelligible,0.196,-0.103,-0.078
intend,0.054,-0.030,0.028
intended,0.036,0.101,-0.082
intending,0.107,0.043,-0.025
intense,0.306,0.130,0.070
intensely,0.443,0.109,0.109
intensify,0.400,0.190,0.088
intensity,0.593,0.227,-0.019
intensive,0.398,0.197,0.030
intent,0.016,-0.049,0.014
intention,0.104,-0.030,-0.090
intentional,0.310,-0.019,-0.038
intentionally,0.201,0.166,-0.063
inter,-0.079,-0.095,-0.040
interact,0.438,-0.091,0.079
interaction,0.366,0.067,0.026
interactive,0.457,0.062,0.092
intercede,0.172,-0.001,-0.008
intercept,0.065,0.320,-0.167
interception,0.100,0.251,-0.087
intercession,0.066,-0.008,-0.074
interchange,0.117,-0.062,0.025
interchangeable,0.056,-0.110,0.015
interchanged,-0.113,0.053,-0.019
intercom,-0.007,-0.140,0.053
intercourse,0.118,0.040,0.044
interdependence,0.211,0.009,0.020
interdependent,0.017,0.057,-0.120
interdiction,-0.020,0.122,-0.136
interest,0.305,-0.082,0.144
interested,0.301,-0.151,-0.020
interesting,0.488,-0.143,0.168
interface,0.075,-0.198,-0.078
interfere,-0.007,0.274,0.052
interference,-0.043,0.232,0.177
interferometer,0.022,0.000,-0.001
intergalactic,0.282,0.076,-0.048
interim,0.021,-0.143,-0.021
interior,-0.133,-0.323,-0.104
interject,0.102,0.230,-0.108
interlocutory,0.014,0.008,-0.023
interlude,-0.144,-0.041,0.025
intermediary,0.072,0.066,-0.128
intermediate,-0.146,-0.081,-0.013
interment,-0.192,0.260,0.038
interminable,-0.051,0.115,-0.135
intermission,-0.143,-0.093,-0.013
intermittent,-0.097,0.160,0.002
intern,-0.118,-0.002,0.033
internal,-0.158,-0.063,-0.058
internally,0.093,-0.147,-0.079
international,0.305,-0.195,0.015
internet,0.296,-0.203,-0.072
internship,0.036,-0.059,0.061
interoffice,-0.050,-0.040,-0.136
interpolate,0.025,0.025,-0.072
interpolation,-0.017,0.064,-0.055
interpret,0.258,-0.012,0.019
interpretation,0.220,-0.058,0.053
interpreter,0.154,-0.173,0.012
interpretive,0.107,0.015,-0.024
interrelated,0.109,-0.101,-0.025
interrogate,0.189,0.348,-0.041
interrogation,0.171,0.375,-0.024
interrupt,-0.073,0.303,-0.071
interrupted,-0.202,0.192,0.043
interrupting,-0.125,0.321,-0.125
interruption,-0.149,0.316,-0.027
interrupts,-0.206,0.240,-0.040
intersect,0.001,-0.009,0.029
intersection,0.056,0.148,-0.161
interstate,0.055,-0.049,-0.090
interstellar,0.288,-0.006,0.126
interstitial,-0.073,0.102,-0.119
interval,-0.171,-0.160,-0.044
intervene,0.288,0.119,-0.078
intervening,-0.032,0.159,0.061
intervention,0.175,0.224,-0.077
interview,0.251,0.138,0.100
interviewer,0.367,0.139,-0.064
interworking,0.206,0.031,-0.059
intestate,-0.098,0.003,0.021
intestinal,-0.151,0.119,0.038
intestine,-0.189,0.074,-0.020
intestines,-0.155,0.179,-0.003
intimacy,0.364,-0.048,0.295
intimate,0.081,-0.099,0.234
intimately,0.252,-0.167,0.124
intimation,0.036,0.187,0.049
intimidate,0.096,0.425,-0.064
intimidated,-0.294,0.333,0.136
intimidating,0.154,0.405,-0.115
intimidation,0.082,0.440,-0.095
intolerable,-0.144,0.364,-0.040
intolerance,-0.111,0.466,-0.117
intolerant,-0.091,0.386,-0.085
intonation,0.100,-0.119,-0.044
intoxicated,-0.239,0.517,0.150
intoxicating,-0.039,0.377,0.035
intoxication,-0.060,0.268,0.099
intracranial,-0.022,0.231,-0.086
intractable,-0.223,0.376,0.077
intramural,-0.061,-0.020,0.012
intravenous,-0.084,0.128,-0.019
intrepid,0.319,-0.042,0.134
intricate,0.127,0.098,0.140
intrigue,-0.036,0.320,0.233
intriguing,0.035,0.202,0.105
intrinsic,-0.042,0.049,-0.079
intrinsically,-0.049,-0.050,-0.110
intro,0.038,-0.117,-0.195
introduce,0.181,-0.020,-0.026
introduction,0.115,-0.135,-0.090
introductory,0.071,-0.185,-0.071
introspection,0.028,-0.184,-0.091
introspective,-0.062,-0.135,-0.031
intrude,-0.122,0.481,-0.069
intruder,-0.189,0.414,0.083
intrusion,0.087,0.254,-0.139
intrusive,0.059,0.104,0.014
intubation,-0.046,0.231,-0.071
intuition,0.255,-0.248,0.105
intuitive,0.307,-0.138,0.039
intuitively,0.221,-0.075,0.013
inundation,-0.060,0.425,0.029
invade,0.296,0.346,0.022
invader,0.092,0.447,-0.046
invalid,-0.418,0.104,-0.077
invalidate,-0.176,0.116,-0.028
invalidation,-0.324,0.214,-0.005
invalidity,-0.455,0.140,0.028
invaluable,0.297,-0.163,-0.054
invariably,-0.049,-0.060,-0.128
invasion,0.273,0.415,-0.135
invasive,0.028,0.384,-0.088
invent,0.440,-0.014,-0.022
invention,0.368,-0.088,-0.070
inventive,0.360,-0.106,0.051
inventor,0.471,-0.073,-0.014
inventory,0.022,-0.094,0.032
inverse,-0.229,-0.090,0.016
inversely,-0.254,0.092,-0.044
inversion,0.310,0.027,-0.068
invert,0.195,0.060,-0.091
inverted,-0.212,0.111,-0.008
invest,0.284,0.012,0.035
investigate,0.273,-0.089,-0.126
investigation,0.291,0.055,-0.155
investigative,0.226,0.033,-0.056
investigator,0.263,-0.065,-0.132
investment,0.331,-0.085,-0.013
investor,0.431,-0.093,0.025
invidious,-0.220,0.378,-0.010
invigorate,0.542,-0.013,0.088
invincible,0.651,-0.005,0.083
invisibility,-0.135,0.013,0.030
invisible,-0.179,-0.050,-0.063
invitation,0.280,-0.178,0.070
invite,0.276,-0.066,0.125
inviting,0.279,-0.266,0.222
invocation,0.148,0.141,-0.087
invoice,-0.086,-0.069,-0.057
invoke,0.213,0.109,0.116
involuntary,-0.272,0.087,0.110
involution,-0.207,0.089,-0.077
involve,0.257,-0.137,-0.070
involvement,0.329,-0.097,0.055
invulnerable,0.291,0.099,-0.044
inwards,-0.105,-0.075,-0.025
iodine,-0.288,-0.089,-0.066
ion,-0.183,-0.070,-0.063
iota,-0.267,0.026,-0.009
irate,-0.006,0.467,0.061
ire,0.018,0.387,-0.065
iridescent,0.121,-0.011,0.070
iris,-0.091,-0.311,0.060
irked,-0.135,0.437,0.099
irks,-0.094,0.349,0.157
iron,0.032,-0.057,-0.229
ironclad,0.231,0.066,-0.013
ironic,-0.009,0.082,-0.004
irons,0.078,-0.058,-0.103
irony,-0.008,0.140,-0.011
irradiation,0.062,0.246,0.068
irrational,-0.193,0.369,-0.026
irrationality,-0.139,0.374,0.080
irreconcilable,-0.187,0.366,0.008
irreducible,-0.073,0.120,-0.169
irrefutable,0.178,0.046,-0.124
irregular,-0.200,0.161,0.060
irregularity,-0.267,0.379,0.025
irregularly,-0.147,0.191,0.007
irrelevant,-0.418,0.123,-0.135
irreparable,-0.255,0.335,-0.145
irreplaceable,0.269,0.085,-0.196
irrepressible,0.215,0.047,-0.127
irresistible,0.565,0.010,0.103
irrespective,0.194,0.039,-0.149
irresponsible,-0.262,0.347,0.122
irreverent,0.036,0.363,-0.134
irreversible,-0.024,0.274,-0.250
irrevocable,0.080,0.198,-0.211
irrigate,-0.141,0.136,-0.125
irrigation,-0.209,0.120,-0.104
irritability,-0.165,0.490,0.173
irritable,-0.005,0.591,0.087
irritate,-0.075,0.504,0.144
irritated,-0.152,0.418,0.185
irritates,-0.163,0.441,0.154
irritating,-0.078,0.566,0.109
irritation,-0.057,0.538,-0.020
island,-0.000,-0.286,0.081
isle,-0.011,-0.199,0.059
islet,-0.129,-0.215,0.044
isolate,-0.288,0.131,-0.056
isolated,-0.385,0.092,-0.043
isolation,-0.344,0.100,-0.122
isomorphism,-0.106,-0.059,-0.087
isothermal,-0.025,0.023,-0.024
isotope,-0.149,-0.019,-0.022
issue,-0.047,0.347,0.189
itch,-0.063,0.205,-0.002
itching,-0.199,0.334,0.102
itchy,-0.122,0.267,0.184
item,-0.089,-0.228,-0.056
itemize,0.005,0.049,-0.017
items,-0.074,-0.101,0.012
iterate,-0.088,0.007,-0.005
iteration,-0.019,-0.058,-0.003
iterative,-0.074,-0.004,-0.077
itinerant,-0.048,0.065,0.042
itinerary,0.016,-0.004,0.083
ivory,-0.017,-0.270,-0.130
jab,-0.061,0.096,-0.032
jabber,-0.153,0.057,0.073
jack,-0.073,-0.028,0.007
jackal,-0.090,0.175,0.009
jackass,-0.224,0.349,0.108
jacket,-0.102,-0.254,0.048
jackhammer,-0.045,0.350,-0.053
jackpot,0.550,-0.141,0.155
jackrabbit,-0.109,-0.180,0.101
jacks,-0.049,-0.061,-0.063
jade,-0.024,-0.139,0.032
jaded,-0.166,0.214,-0.015
jag,-0.127,0.022,-0.026
jagged,-0.434,0.264,-0.023
jaguar,0.241,0.109,0.037
jail,-0.027,0.567,0.037
jailbird,-0.117,0.233,-0.069
jailbreak,-0.032,0.193,0.021
jailer,0.005,0.317,-0.166
jailhouse,-0.063,0.550,0.070
jalopy,-0.200,0.024,0.028
jam,-0.104,0.018,0.156
jamboree,0.003,0.006,0.220
jammed,-0.045,0.406,0.107
jammer,-0.029,0.087,-0.012
janitor,-0.047,-0.109,-0.095
janitorial,-0.080,-0.081,-0.061
japan,0.132,-0.130,0.015
jar,-0.240,-0.063,0.008
jargon,-0.130,0.150,0.013
jarhead,-0.058,0.086,-0.003
jarring,-0.200,0.321,0.087
jasmine,-0.152,-0.387,0.127
jasper,-0.117,-0.041,0.017
jaundice,-0.257,0.187,-0.048
jaunt,0.130,-0.257,0.121
java,-0.220,-0.100,-0.009
javelin,-0.092,0.069,-0.041
jaw,-0.053,0.003,0.061
jawbone,-0.172,-0.044,0.046
jaws,-0.077,0.101,-0.009
jay,-0.109,-0.091,0.041
jazz,-0.014,-0.225,0.044
jazzy,-0.001,-0.215,0.147
jealous,-0.105,0.475,0.144
jealousy,-0.055,0.450,-0.002
jean,-0.074,-0.118,0.112
jeans,-0.117,-0.215,0.051
jeep,0.137,-0.062,-0.023
jeering,-0.064,0.365,0.130
jelly,-0.200,-0.262,0.128
jellybean,-0.072,-0.136,0.062
jellyfish,-0.042,0.018,0.136
jenny,-0.091,-0.099,0.033
jeopardize,0.120,0.437,0.034
jeopardy,0.036,0.551,0.020
jerk,-0.280,0.300,0.105
jerks,-0.081,0.401,0.093
jerky,-0.218,0.213,-0.009
jersey,-0.105,-0.198,0.007
jest,-0.079,0.136,0.330
jester,-0.145,0.188,0.202
jesus,0.188,-0.281,0.006
jet,0.238,0.076,0.101
jetty,0.007,-0.090,0.070
jewel,0.295,-0.171,0.118
jeweler,0.121,-0.200,0.115
jewelry,0.264,-0.182,0.125
jib,-0.148,0.009,-0.029
jiff,-0.117,-0.128,0.088
jiffy,-0.159,0.021,0.009
jig,-0.138,-0.100,0.057
jiggle,0.141,0.053,0.126
jigsaw,0.100,-0.011,0.077
jihad,-0.052,0.236,0.041
jimmy,-0.183,-0.189,0.071
jingle,0.012,-0.101,0.117
jinx,-0.134,0.169,0.054
jitters,-0.161,0.474,0.308
jittery,-0.085,0.348,0.288
jive,-0.037,-0.014,0.145
job,0.273,-0.103,-0.034
jobinterview,0.414,0.109,0.118
jock,0.101,0.040,0.148
jockey,0.246,0.063,-0.032
jockstrap,-0.189,0.058,-0.035
jog,0.118,0.137,0.105
jogger,-0.092,0.064,0.018
john,-0.151,-0.134,0.085
join,0.237,-0.172,-0.029
joined,0.105,-0.190,-0.047
joining,0.246,-0.198,-0.022
joint,0.053,-0.155,-0.049
jointly,0.141,-0.198,-0.012
joke,0.021,-0.080,0.284
joker,0.198,-0.021,0.329
joking,0.232,0.030,0.381
jolly,0.477,-0.182,0.188
jolt,-0.071,0.235,0.147
jornada,-0.018,0.061,-0.062
jot,-0.240,-0.060,-0.038
jour,-0.123,-0.061,-0.009
journal,-0.138,-0.321,0.050
journalism,0.194,-0.080,-0.068
journalist,0.166,-0.053,-0.166
journalistic,0.070,-0.177,0.069
journey,0.391,-0.152,0.220
journeyman,0.352,-0.115,0.013
joust,0.060,0.007,-0.010
jovial,0.160,-0.260,0.115
joy,0.606,-0.111,0.204
joyful,0.479,-0.182,0.250
joyous,0.431,-0.266,0.106
joyride,0.120,-0.106,0.120
joys,0.417,-0.243,0.204
jubilant,0.373,-0.123,0.146
jubilee,0.264,-0.298,0.145
judge,0.313,0.080,-0.184
judged,0.140,0.296,-0.156
judging,0.070,0.283,-0.189
judgment,0.225,0.158,-0.213
judgmental,0.021,0.197,-0.080
judicial,0.260,0.218,-0.197
judiciary,0.372,0.227,-0.172
judicious,0.229,-0.129,-0.162
judo,0.220,0.205,0.081
jug,-0.317,-0.199,0.071
juggle,0.117,0.108,0.238
juggler,0.205,0.124,0.252
juggling,0.098,0.206,0.340
jugular,-0.133,0.213,-0.019
juice,-0.074,-0.357,0.115
juicer,0.082,-0.021,-0.008
juicy,0.167,-0.214,0.177
juju,-0.183,-0.029,0.233
juke,-0.070,-0.010,0.057
jukebox,0.067,-0.119,0.166
jumble,-0.140,0.174,0.110
jumbled,-0.095,0.218,-0.006
jumbo,0.076,-0.097,0.151
jump,0.317,0.166,0.182
jump rope,0.058,-0.008,0.253
jumper,-0.035,-0.197,-0.021
jumpsuit,-0.134,-0.144,0.052
jumpy,-0.131,0.308,0.294
junction,-0.113,-0.012,0.079
juncture,-0.035,0.154,-0.014
jungle,-0.009,0.006,0.019
junior,-0.150,-0.214,0.114
juniper,-0.149,-0.186,0.047
junk,-0.477,0.249,0.069
junket,-0.079,0.015,0.084
junkie,-0.109,0.506,0.116
junky,-0.126,0.142,0.105
junkyard,-0.353,0.155,-0.074
junta,0.125,0.046,-0.162
juridical,0.247,-0.046,-0.285
jurisdiction,0.260,0.083,-0.186
jurisprudence,0.085,0.061,-0.290
jurist,0.155,0.040,-0.144
juror,0.289,0.048,-0.057
jury,0.250,0.101,-0.151
justice,0.355,-0.150,-0.053
justifiable,0.333,-0.253,-0.132
justification,0.150,-0.120,-0.083
justify,0.126,-0.095,-0.040
juststop,-0.198,-0.029,-0.012
justthebeginning,-0.001,-0.087,0.021
jute,-0.259,-0.241,0.011
juvenile,0.103,-0.135,0.062
juxtaposition,-0.065,0.051,-0.007
kaiser,0.127,0.036,-0.140
kale,-0.211,-0.170,-0.103
kaleidoscope,0.086,-0.122,-0.033
kamikaze,0.106,0.434,-0.072
kangaroo,-0.116,-0.280,0.149
kanji,-0.091,-0.070,0.009
kappa,-0.172,-0.069,0.009
kaput,-0.181,0.115,-0.095
karaoke,0.088,-0.094,0.316
karate,0.261,0.189,0.144
karma,0.031,0.009,-0.020
karmic,-0.117,0.074,-0.066
kayak,-0.005,-0.003,0.192
kazoo,-0.081,-0.032,0.042
kebab,-0.107,-0.075,0.062
keel,-0.176,0.052,-0.064
keen,0.487,-0.070,0.063
keep,0.043,-0.293,-0.041
keeper,0.233,-0.099,-0.158
keeping,0.102,-0.209,-0.229
keepsake,0.021,-0.307,0.016
keg,-0.097,-0.117,0.030
kelp,-0.331,-0.160,0.059
ken,-0.176,-0.024,0.017
kennel,-0.113,0.033,0.020
kerchief,-0.330,-0.240,0.022
kern,-0.106,-0.012,-0.038
kernel,-0.029,-0.064,0.021
kerosene,-0.165,0.121,-0.060
ketchup,-0.159,-0.232,0.135
kettle,-0.194,0.094,0.045
key,-0.037,-0.237,-0.081
keyboard,-0.179,-0.212,0.019
keyed,-0.002,0.021,-0.031
keyhole,-0.203,-0.059,-0.008
keynote,0.064,-0.140,-0.006
keypad,-0.188,-0.251,0.033
keystone,0.000,-0.096,0.007
keyword,0.239,-0.049,-0.110
khaki,-0.232,-0.248,0.063
khan,-0.009,0.012,-0.051
kibble,-0.085,-0.040,0.048
kick,0.044,0.367,0.031
kickboxing,0.255,0.323,0.069
kicker,0.147,0.203,0.002
kicking,0.065,0.334,0.075
kickoff,0.182,0.014,0.005
kid,-0.039,-0.229,0.238
kidder,0.211,0.033,0.266
kidding,0.089,-0.004,0.156
kiddo,-0.023,-0.203,0.081
kiddos,-0.124,-0.021,0.098
kidnap,-0.006,0.632,-0.017
kidnapped,-0.058,0.619,0.044
kidnapper,0.088,0.563,-0.044
kidnapping,0.023,0.558,-0.029
kidney,-0.178,-0.062,-0.017
kids,0.108,-0.247,0.218
kill,0.158,0.638,-0.136
killer,0.028,0.658,0.008
killing,0.152,0.629,-0.086
killjoy,-0.264,0.260,-0.005
kiln,-0.124,-0.021,-0.006
kilo,-0.127,-0.055,-0.080
kilogram,-0.142,-0.174,-0.095
kilometer,-0.045,-0.035,-0.028
kilt,-0.210,-0.075,-0.004
kimono,-0.133,-0.261,0.043
kin,-0.038,-0.074,0.018
kind,0.169,-0.476,-0.023
kindergarten,0.009,-0.275,0.271
kindling,0.025,0.086,0.146
kindness,0.152,-0.420,0.122
kindred,0.102,-0.244,0.068
kinematics,0.120,-0.077,-0.044
kinesiology,0.082,-0.002,-0.107
kinetic,0.087,-0.030,0.036
king,0.463,0.020,-0.082
king snake,0.245,0.268,0.061
kingdom,0.426,-0.105,-0.154
kingpin,0.092,0.196,-0.097
kink,-0.147,0.203,0.118
kinky,-0.098,0.071,0.103
kinship,0.149,-0.327,-0.084
kiosk,-0.232,-0.155,0.007
kirk,-0.129,-0.088,0.022
kiss,0.476,-0.117,0.304
kisser,0.344,-0.118,0.183
kissy,0.203,-0.148,0.347
kit,-0.091,-0.171,0.010
kitchen,-0.101,-0.332,0.021
kite,0.124,-0.100,0.018
kitten,-0.091,-0.347,0.231
kiwi,-0.194,-0.271,0.096
klutz,-0.240,0.123,-0.035
knack,0.271,-0.019,-0.181
knapsack,-0.230,-0.173,0.085
knead,-0.138,-0.029,0.079
knee,-0.187,-0.195,-0.058
kneecap,-0.147,-0.046,-0.070
kneel,-0.281,-0.016,0.114
kneeling,-0.416,0.124,0.088
knell,-0.162,0.100,0.015
knick,-0.064,0.017,0.051
knickers,-0.133,-0.095,0.104
knife,0.079,0.266,-0.006
knight,0.354,-0.229,-0.129
knighthood,0.391,-0.052,0.017
knit,-0.254,-0.348,0.009
knob,-0.312,0.010,0.004
knock,-0.059,0.159,-0.091
knockoff,-0.212,0.170,0.165
knockout,0.185,0.264,-0.027
knoll,-0.227,-0.065,0.000
knot,-0.180,-0.226,-0.069
knots,-0.283,-0.057,0.037
knotted,-0.328,0.129,-0.037
know,0.213,-0.279,-0.089
knowing,0.210,-0.335,-0.030
knowingly,-0.033,-0.029,-0.009
knowledge,0.426,-0.282,-0.145
knowledgeable,0.501,-0.275,-0.174
knuckle,-0.080,-0.232,0.057
knucklehead,-0.331,0.229,-0.026
knuckles,-0.263,0.131,-0.007
koala,-0.222,-0.286,0.024
kook,-0.129,0.036,0.015
kooky,-0.099,0.110,0.098
kool-aid,-0.149,-0.152,-0.011
kos,-0.081,-0.024,0.048
kosher,-0.179,-0.025,0.084
kraut,-0.135,0.076,0.022
kris,-0.143,-0.008,-0.016
kryptonite,0.058,0.275,-0.050
kudos,0.356,-0.241,0.153
kumquat,-0.156,0.004,-0.004
lab,0.062,0.020,-0.079
label,-0.137,-0.238,-0.047
labor,0.297,0.039,-0.054
laboratory,0.057,-0.057,0.003
labored,0.148,-0.133,-0.051
laborer,0.178,-0.029,-0.102
laboring,0.342,-0.039,0.013
laborious,0.162,0.179,-0.121
labyrinth,0.132,0.229,0.166
lac,-0.207,0.003,0.028
lace,-0.231,-0.306,0.039
laceration,-0.139,0.371,-0.040
lack,-0.376,0.077,-0.015
lackey,-0.357,0.166,0.121
lacking,-0.469,0.094,0.063
lackluster,-0.386,0.041,-0.060
lacquer,-0.241,-0.119,0.091
lacrosse,0.117,0.055,0.114
lactose,-0.159,-0.132,-0.078
lad,-0.104,-0.183,0.118
ladder,-0.103,-0.092,0.093
laddie,0.023,-0.099,0.177
laden,-0.025,0.065,-0.101
lading,-0.139,0.052,-0.011
ladle,-0.155,-0.120,0.045
lady,0.241,-0.265,0.089
lady bug,-0.123,-0.043,0.041
ladybug,-0.197,-0.155,0.184
ladylike,0.101,-0.024,0.050
ladyship,0.254,-0.044,-0.203
lag,-0.383,0.106,-0.027
lager,-0.074,-0.081,0.131
lagging,-0.325,0.281,-0.000
lagoon,-0.141,-0.307,0.017
lair,-0.123,-0.025,0.026
laity,-0.091,-0.132,-0.084
lake,-0.103,-0.353,-0.021
lama,-0.129,-0.172,-0.000
lamb,-0.160,-0.262,0.075
lame,-0.425,0.183,-0.024
lament,-0.306,0.142,-0.098
lamenting,-0.402,0.163,-0.055
lamina,-0.151,-0.139,-0.033
laminated,-0.227,-0.080,-0.059
lamp,-0.248,-0.181,0.006
lamppost,-0.150,-0.056,-0.096
lance,0.073,0.154,-0.039
lancer,-0.014,0.080,-0.037
land,0.010,-0.220,-0.171
landed,0.147,-0.069,0.179
landfall,-0.088,-0.065,0.038
landfill,-0.215,0.013,0.031
landing,0.189,0.102,0.066
landlady,-0.066,-0.267,0.035
landlocked,-0.258,0.078,-0.073
landlord,0.351,-0.118,-0.158
landmark,0.158,-0.232,-0.111
lands,-0.064,-0.220,-0.069
landscape,-0.102,-0.385,-0.019
landscaping,0.117,-0.316,0.076
landslide,0.071,0.433,0.058
lane,-0.066,0.028,0.004
language,0.158,-0.232,-0.145
languid,-0.376,-0.009,-0.080
languish,-0.261,0.123,-0.095
languishing,-0.222,0.104,-0.013
lanky,-0.173,0.007,0.007
lantern,-0.245,-0.272,0.099
lap,-0.018,-0.057,0.106
lapdog,-0.228,0.064,0.100
lapel,-0.275,-0.127,0.011
lapse,-0.286,-0.078,0.012
lapsed,-0.313,-0.021,-0.005
laptop,0.015,-0.320,-0.031
larceny,0.006,0.384,0.098
lard,-0.393,-0.141,0.044
larder,-0.016,-0.257,-0.046
large,0.303,-0.093,-0.029
larger,0.378,-0.048,0.012
largo,0.013,-0.028,-0.012
lark,-0.172,-0.200,0.022
larva,-0.342,0.121,0.006
laryngitis,-0.281,0.266,-0.090
larynx,-0.129,-0.030,0.005
lasagna,0.005,-0.204,0.144
laser,0.194,0.055,-0.183
lash,0.087,0.399,-0.041
lass,0.046,-0.091,0.140
lasso,-0.167,0.010,0.060
lastday,-0.084,0.192,-0.022
lasting,0.345,-0.185,-0.004
lastminute,-0.085,0.111,0.085
latch,-0.319,-0.096,-0.033
late,-0.329,0.079,-0.072
lateness,-0.310,0.123,-0.090
latent,0.095,0.029,-0.120
lateral,-0.206,-0.075,0.037
laterally,-0.122,-0.216,-0.069
latex,-0.179,-0.052,0.063
lathe,-0.073,-0.045,0.029
lather,-0.151,-0.225,0.099
latitude,-0.069,-0.179,-0.069
latrine,-0.365,-0.028,0.086
latrines,-0.329,0.171,0.003
latte,-0.166,-0.215,0.087
lattice,-0.194,0.006,0.016
laud,-0.123,-0.050,0.038
laudable,0.238,-0.185,-0.026
laudation,0.132,0.007,-0.039
laudatory,-0.020,-0.140,0.043
laugh,0.368,-0.248,0.245
laughable,-0.040,0.012,0.252
laughing,0.273,-0.226,0.223
laughingstock,-0.039,0.237,0.247
laughs,0.266,0.009,0.390
laughter,0.366,-0.222,0.243
launch,0.312,0.087,0.192
launcher,0.428,0.054,0.006
launches,0.147,0.124,0.014
launder,-0.144,-0.026,0.067
laundering,-0.154,-0.077,-0.085
laundry,-0.117,-0.253,0.040
laureate,0.211,-0.221,-0.085
laurel,-0.240,-0.358,0.013
laurels,0.018,-0.283,-0.063
lava,-0.008,0.191,-0.163
lavage,-0.059,-0.112,0.133
lavatory,-0.217,-0.086,0.116
lavender,-0.070,-0.439,0.062
lavish,0.382,-0.099,0.062
law,0.390,-0.098,-0.053
lawful,0.232,-0.177,-0.174
lawless,-0.107,0.331,0.024
lawlessness,-0.020,0.459,-0.005
lawman,0.223,0.021,-0.180
lawn,-0.296,-0.387,0.112
lawnmower,-0.100,0.030,0.107
lawsuit,0.081,0.411,-0.050
lawyer,0.249,0.045,-0.148
lax,-0.227,-0.026,0.050
laxative,-0.070,0.201,-0.101
lay,-0.075,-0.129,-0.073
layaway,-0.066,0.056,0.005
layer,-0.237,-0.207,-0.067
layered,-0.104,-0.188,-0.028
layman,-0.117,-0.137,-0.020
layout,0.071,-0.121,-0.016
layover,-0.059,-0.114,-0.069
laziness,-0.505,-0.029,0.002
lazy,-0.459,-0.102,0.098
lazyday,-0.425,-0.022,0.068
lea,-0.160,-0.208,0.025
lead,-0.046,0.234,0.032
leaded,0.098,0.134,-0.026
leader,0.513,-0.166,-0.089
leadership,0.624,-0.116,-0.052
leading,0.584,-0.078,-0.050
leads,0.084,-0.037,-0.081
leaf,-0.272,-0.306,-0.006
leaflet,-0.236,-0.201,-0.079
leafy,0.235,-0.081,-0.048
league,-0.026,-0.225,0.014
leak,0.113,0.319,0.109
leakage,-0.025,0.386,-0.042
leaky,-0.229,0.358,0.090
lean,0.001,-0.273,0.075
leaned,-0.033,-0.139,-0.029
leaning,-0.161,-0.055,0.043
leap,0.323,-0.061,0.093
learn,0.472,-0.128,0.011
learned,0.114,-0.172,0.047
learner,0.013,-0.165,0.151
learning,0.261,-0.177,0.156
lease,0.025,-0.038,-0.041
leash,-0.216,0.022,-0.119
leather,-0.194,-0.135,0.018
leathery,-0.119,0.036,0.006
leave,-0.299,-0.046,-0.019
leavemealone,-0.214,0.165,-0.072
leaving,-0.241,0.267,-0.049
lecherous,-0.174,0.399,0.022
lecture,0.200,-0.084,-0.139
lecturer,0.282,-0.084,-0.051
ledge,-0.290,-0.121,-0.078
ledger,0.018,-0.098,-0.145
lee,-0.253,-0.175,0.020
leech,-0.234,0.256,0.107
leeches,-0.246,0.406,0.065
leer,-0.010,-0.185,-0.035
leery,-0.080,0.211,0.060
lees,-0.106,0.143,0.034
leeway,0.117,0.011,0.024
left,-0.236,0.010,-0.045
leftout,-0.384,0.092,-0.027
leftover,-0.225,-0.032,0.165
leftovers,-0.490,0.084,0.048
lefty,-0.138,-0.063,0.027
leg,-0.191,-0.103,0.064
legacy,0.396,-0.177,-0.070
legal,0.302,-0.172,-0.255
legality,0.211,-0.291,-0.105
legalize,0.216,-0.021,-0.236
legalized,0.358,-0.214,-0.153
legally,0.374,-0.194,-0.116
legend,0.358,-0.220,-0.001
legendary,0.458,-0.217,-0.059
legibility,0.184,-0.206,0.064
legible,-0.013,-0.277,-0.044
legion,0.273,0.086,-0.219
legislate,0.245,0.015,-0.084
legislation,0.199,-0.066,-0.242
legislative,0.219,-0.176,-0.216
legislator,0.306,0.079,-0.221
legislature,0.132,-0.065,-0.153
legit,0.341,-0.214,-0.162
legitimacy,0.379,-0.274,-0.134
legitimate,0.327,-0.291,-0.170
lego,-0.274,-0.228,0.150
legs,-0.252,-0.061,0.127
legume,-0.110,-0.152,-0.074
legwork,0.096,-0.047,0.085
leisure,-0.026,-0.147,0.078
leisurely,-0.063,-0.399,0.102
lemma,-0.167,-0.175,-0.028
lemon,-0.173,-0.203,0.073
lemonade,-0.085,-0.267,0.022
lend,-0.003,-0.041,-0.017
lender,0.077,0.138,-0.205
lending,0.018,0.050,0.077
length,-0.078,-0.116,-0.137
lengthen,0.098,-0.096,0.001
lengthened,-0.030,0.057,0.010
lengthening,0.121,-0.103,0.080
lengthwise,0.041,-0.071,-0.002
lengthy,-0.020,-0.158,-0.072
leniency,0.010,-0.054,-0.058
lenient,-0.129,-0.055,0.093
lens,-0.182,-0.119,-0.158
leopard,0.223,0.150,0.083
leotard,-0.108,-0.061,0.041
leper,-0.382,0.356,0.048
leprechaun,-0.111,0.043,0.007
leprosy,-0.212,0.378,0.020
lesbian,-0.042,0.190,0.091
lesbianism,-0.022,0.278,0.081
lesion,-0.171,0.267,0.039
less,-0.520,-0.026,0.011
lessee,0.015,0.046,-0.119
lessen,-0.413,0.032,-0.076
lessening,-0.319,-0.057,-0.015
lesser,-0.420,-0.167,-0.032
lesson,0.206,-0.091,0.076
lessor,0.110,-0.039,-0.065
let,-0.237,-0.043,0.029
lethal,0.149,0.466,-0.170
lethargic,-0.355,0.026,-0.190
lethargy,-0.380,0.077,-0.127
letter,-0.153,-0.257,0.053
lettered,-0.059,-0.127,-0.043
letterhead,-0.140,-0.092,-0.098
lettering,-0.183,-0.253,-0.107
letters,-0.100,-0.243,0.077
lettuce,-0.266,-0.309,0.005
leukemia,-0.276,0.337,-0.052
levee,-0.081,-0.136,-0.079
level,-0.052,-0.242,-0.057
lever,-0.196,-0.040,-0.066
leverage,0.073,0.035,-0.108
levitate,0.114,0.026,0.048
levy,-0.076,-0.011,-0.067
lewd,-0.136,0.341,0.006
lexicon,0.096,-0.065,-0.070
ley,0.190,-0.140,-0.192
liabilities,0.157,0.134,-0.109
liability,0.291,-0.093,-0.138
liable,0.319,-0.086,-0.136
liaison,0.000,-0.257,0.025
liar,-0.294,0.398,-0.050
libel,-0.163,0.399,-0.005
libelous,-0.121,0.431,-0.007
liberal,0.248,0.009,-0.109
liberalism,0.313,0.112,-0.027
liberate,0.343,-0.088,0.053
liberated,0.334,-0.105,0.079
liberating,0.441,-0.207,0.095
liberation,0.435,-0.083,-0.066
liberty,0.499,-0.248,0.021
libido,0.234,-0.122,0.136
librarian,-0.106,-0.342,-0.145
library,-0.008,-0.458,-0.108
libretto,-0.095,-0.204,0.025
lice,-0.404,0.252,0.035
license,0.095,-0.064,-0.197
lichen,-0.121,-0.019,-0.075
lick,-0.147,0.002,0.093
licorice,-0.075,-0.263,0.050
lid,-0.331,-0.218,-0.005
lie,-0.242,0.413,0.103
liege,-0.081,-0.038,-0.017
lien,-0.056,0.128,0.035
lieu,-0.216,-0.017,0.046
lieutenant,0.404,0.027,-0.183
life,0.497,-0.209,0.039
lifeblood,0.327,0.015,0.043
lifeboat,0.099,-0.212,0.044
lifeguard,0.442,-0.182,0.038
lifeisgood,0.271,-0.169,0.114
lifeless,-0.552,0.202,-0.078
lifelike,0.361,-0.142,-0.014
lifeline,0.139,-0.134,0.144
lifelong,0.181,-0.345,-0.035
lifer,-0.101,0.062,0.046
lifesaver,0.467,-0.118,0.189
lifestyle,0.216,-0.194,0.005
lifesucks,-0.189,0.330,0.000
lifetime,0.356,-0.178,0.021
lift,0.223,-0.128,0.000
lifted,0.192,-0.189,-0.038
liftoff,0.159,0.096,0.045
ligament,-0.041,-0.054,-0.061
ligation,-0.190,0.055,-0.045
ligature,-0.083,-0.035,-0.012
light,0.063,-0.319,0.019
light year,0.140,-0.206,-0.000
lightbulb,-0.224,-0.230,0.038
lighten,-0.036,-0.185,0.151
lightheaded,-0.196,0.183,0.161
lighthouse,-0.056,-0.267,-0.090
lighting,0.284,-0.222,-0.078
lightness,0.098,-0.308,0.046
lightning,0.121,0.182,0.000
lights,0.169,-0.191,0.057
lightweight,-0.114,-0.267,0.070
likable,0.290,-0.271,0.051
like,-0.000,-0.262,0.062
likelihood,0.145,-0.208,0.079
likely,-0.036,-0.197,0.017
likeness,0.095,-0.195,-0.001
likewise,-0.196,-0.312,0.048
liking,0.345,-0.259,0.217
lilac,-0.163,-0.363,0.014
lily,-0.224,-0.287,0.091
limb,-0.097,-0.081,-0.001
limber,0.328,0.029,0.096
limbo,-0.299,-0.074,-0.041
lime,-0.139,-0.251,-0.038
limelight,0.290,-0.017,0.022
limestone,-0.120,-0.201,0.034
limey,-0.150,-0.087,-0.040
limit,-0.059,0.020,-0.060
limitation,-0.386,0.165,0.004
limited,-0.330,0.035,-0.171
limitless,0.241,-0.078,0.024
limo,0.187,-0.273,-0.063
limousine,0.185,-0.072,-0.013
limp,-0.319,0.022,0.142
lin,-0.221,-0.041,-0.007
line,-0.239,-0.256,-0.053
lineage,0.209,-0.111,-0.108
lineal,-0.166,-0.244,-0.152
linear,-0.067,-0.279,-0.047
linebacker,0.102,0.119,0.053
lined,-0.150,-0.050,-0.050
linen,-0.162,-0.244,0.126
liner,-0.138,-0.053,-0.003
lines,-0.190,-0.164,0.038
lineup,0.132,-0.142,-0.070
linger,-0.164,-0.119,-0.052
lingerie,-0.135,-0.065,0.133
lingering,0.254,0.012,0.025
lingo,-0.129,-0.058,-0.062
lingual,-0.155,-0.038,0.104
linguini,-0.120,-0.208,0.071
linguist,0.057,-0.171,-0.145
linguistic,0.087,-0.203,-0.093
linguistics,0.059,-0.108,-0.116
lining,-0.050,-0.147,-0.021
link,-0.156,-0.110,-0.157
linoleum,-0.124,-0.095,0.006
lint,-0.419,-0.157,-0.035
lion,0.251,0.134,0.008
lip,-0.094,-0.137,-0.024
liposuction,-0.042,0.276,0.026
lipstick,-0.098,-0.168,0.168
liquefaction,0.058,0.122,0.018
liquefied,-0.101,-0.077,0.118
liqueur,0.058,-0.051,0.219
liquid,-0.236,-0.236,0.018
liquidate,0.106,0.238,-0.112
liquidation,0.126,0.153,-0.074
liquidator,0.186,0.229,-0.153
liquidity,0.132,-0.115,0.082
liquor,0.099,0.062,0.206
lira,-0.196,-0.196,-0.030
lisp,-0.263,0.028,0.034
list,-0.172,-0.190,-0.050
listen,0.028,-0.295,0.091
listener,-0.047,-0.211,0.079
listening,0.004,-0.186,0.006
listing,-0.189,-0.114,-0.106
listless,-0.406,0.088,-0.031
listneing,-0.095,-0.115,-0.010
litany,-0.073,-0.101,-0.056
liter,-0.189,-0.259,-0.043
literacy,0.122,-0.294,-0.091
literal,0.018,-0.149,-0.097
literally,0.090,-0.145,-0.165
literary,0.146,-0.273,-0.106
literature,0.055,-0.318,-0.104
lithe,0.197,-0.042,0.057
lithium,-0.173,-0.060,-0.084
lithograph,-0.071,-0.157,-0.057
lithography,-0.063,-0.151,-0.036
lithology,-0.031,-0.097,-0.075
lithosphere,0.043,-0.087,-0.234
litigant,0.039,0.265,-0.227
litigate,0.186,0.403,-0.087
litigation,0.142,0.265,0.018
litigator,0.195,0.151,-0.123
litigious,0.138,0.270,-0.029
litter,-0.380,0.196,0.179
little,-0.428,-0.163,-0.042
littlethings,-0.158,-0.315,0.190
littoral,-0.063,-0.117,-0.004
liturgy,-0.039,-0.109,-0.146
live,0.399,-0.148,0.155
livelife,0.323,-0.119,0.094
livelihood,0.249,-0.147,-0.068
lively,0.424,-0.031,0.237
liven,0.330,0.004,0.096
liver,-0.214,-0.105,-0.064
livery,-0.086,-0.067,0.009
livestock,0.089,-0.220,0.053
livid,0.115,0.220,0.149
living,0.398,-0.180,0.077
lizard,-0.248,-0.005,-0.005
llama,0.052,0.070,0.031
lml,-0.100,0.046,0.065
load,-0.077,0.027,-0.119
loader,0.107,-0.122,-0.165
loaf,-0.154,-0.366,0.139
loafer,-0.360,0.110,-0.014
loam,0.049,-0.058,-0.203
loan,-0.091,-0.058,0.116
loath,-0.119,0.409,-0.020
loathe,-0.144,0.449,-0.020
loathful,-0.203,0.472,0.022
loathing,-0.162,0.500,0.053
loathsome,-0.210,0.402,0.032
lobby,0.007,-0.142,0.039
lobbyist,0.003,0.105,-0.085
lobe,-0.193,-0.070,0.008
lobotomy,-0.126,0.211,0.023
lobster,-0.185,-0.160,0.100
local,-0.068,-0.274,-0.018
locale,-0.187,-0.047,0.016
locality,-0.064,-0.174,-0.025
localization,-0.023,-0.153,-0.099
localize,0.130,-0.020,-0.124
localized,0.063,-0.015,-0.110
locate,0.258,-0.034,-0.146
location,0.031,-0.167,-0.045
locator,0.037,-0.032,-0.128
loch,-0.206,-0.149,-0.117
lock,-0.001,0.229,-0.132
locker,-0.203,-0.098,-0.064
locket,0.058,-0.197,-0.119
locksmith,-0.041,-0.065,-0.034
lockup,0.004,0.263,-0.149
loco,-0.164,0.317,0.245
locomotion,0.101,0.095,-0.025
locomotive,0.252,0.082,-0.050
locust,-0.113,-0.049,-0.001
lode,-0.236,0.037,0.019
lodge,-0.010,-0.213,0.014
lodger,-0.177,-0.030,0.097
lodging,0.023,-0.300,-0.033
loft,-0.167,-0.098,0.047
lofty,0.084,-0.315,-0.031
log,-0.092,-0.159,0.046
logarithm,0.018,-0.054,-0.059
logarithmic,0.041,-0.002,-0.111
logic,0.182,-0.268,-0.289
logical,0.211,-0.283,-0.010
logistics,0.233,-0.086,-0.095
logo,-0.066,-0.115,-0.171
logotype,-0.081,-0.097,-0.104
loin,-0.224,-0.086,-0.065
lollipop,-0.048,-0.110,0.151
lone,-0.388,0.009,-0.214
loneliness,-0.530,0.025,-0.151
lonely,-0.445,-0.019,-0.088
loner,-0.444,-0.141,-0.071
lonesome,-0.365,-0.046,-0.148
long,-0.019,-0.129,-0.090
longboat,-0.004,-0.069,0.006
longevity,0.231,-0.272,-0.129
longing,0.064,-0.118,-0.027
longitude,-0.090,-0.115,-0.124
longitudinal,0.031,-0.097,-0.092
longitudinally,0.013,-0.109,-0.093
longtime,-0.063,0.062,-0.129
loo,-0.283,-0.025,0.017
look,0.158,-0.202,-0.013
looker,-0.064,-0.163,-0.006
lookout,0.217,-0.111,0.020
loom,-0.233,-0.206,-0.004
looming,0.073,0.270,0.053
loon,-0.214,-0.031,0.028
loony,-0.191,0.017,0.098
loop,-0.200,-0.128,0.048
loophole,0.068,0.243,0.100
loopy,-0.242,0.046,0.191
loose,-0.151,-0.188,0.026
loosen,-0.289,-0.115,0.099
loosening,-0.284,-0.029,-0.003
loot,0.179,0.072,0.139
lop,-0.154,-0.046,-0.058
lopsided,-0.352,0.262,-0.022
lord,0.109,-0.197,-0.164
lords,0.170,-0.138,-0.238
lordship,0.234,-0.003,-0.096
lore,0.242,-0.234,-0.149
lorry,-0.070,-0.032,0.067
lose,-0.408,0.291,0.060
loser,-0.453,0.294,0.044
losing,-0.323,0.423,0.090
loss,-0.395,0.351,0.026
lost,-0.327,0.315,0.187
lot,-0.215,-0.224,-0.051
lotion,-0.229,-0.340,0.192
lots,-0.043,-0.136,0.057
lottery,0.239,-0.037,0.262
lotto,0.176,-0.096,0.215
lotus,0.000,-0.160,-0.024
loud,0.376,0.066,-0.138
loudly,0.263,0.153,0.044
loudmouth,-0.058,0.195,0.015
loudness,0.051,0.170,-0.110
loudspeaker,0.244,0.177,-0.007
lounge,-0.101,-0.244,-0.071
lounging,-0.079,-0.402,-0.034
louse,-0.437,0.172,0.054
lousy,-0.388,0.248,-0.006
lovable,0.191,-0.435,0.080
love,0.383,-0.341,0.130
loved,0.249,-0.338,0.122
lovee,0.348,-0.257,0.188
loveee,0.396,-0.237,0.121
loveless,-0.468,0.183,-0.068
lovelife,0.287,-0.164,0.158
loveliness,0.414,-0.315,0.052
lovelovelove,0.301,-0.265,0.222
lovely,0.361,-0.322,0.010
lovemaking,0.665,-0.032,0.241
lovemylife,0.393,-0.077,0.303
lover,0.522,-0.047,0.182
lovesick,0.311,0.022,0.328
lovethis,0.226,-0.229,0.186
loving,0.375,-0.241,0.182
lovinglife,0.318,-0.405,0.058
lovinlife,0.119,-0.180,0.050
low,-0.526,-0.059,0.022
lowdown,-0.168,0.097,-0.084
lower,-0.359,-0.026,-0.027
lowering,-0.363,0.049,0.005
lowest,-0.456,-0.015,0.059
lowlands,-0.311,-0.024,-0.083
lowlife,-0.226,0.159,0.050
lowly,-0.128,-0.190,-0.025
lox,-0.197,-0.088,0.051
loyal,0.198,-0.442,-0.047
loyalty,0.359,-0.331,-0.069
lsd,-0.156,0.066,0.000
luau,-0.079,-0.046,0.210
lube,-0.043,-0.048,0.081
lubricant,0.068,-0.080,0.134
lubricate,-0.001,-0.046,0.040
lubrication,0.125,0.011,0.145
lucid,0.278,-0.194,-0.017
luck,0.328,-0.254,0.014
luckiest,0.553,-0.156,0.061
lucky,0.494,-0.244,0.078
luckygirl,0.220,-0.058,0.270
lucrative,0.339,-0.140,-0.085
ludicrous,-0.319,0.289,0.011
lug,-0.221,0.067,0.005
luggage,-0.232,-0.241,0.005
lukewarm,-0.247,-0.202,0.104
lull,-0.197,-0.333,-0.085
lullaby,-0.134,-0.458,0.065
lumbar,-0.242,0.065,-0.020
lumber,-0.235,-0.235,-0.076
lumbering,0.069,0.154,-0.143
lumberjack,0.240,0.120,-0.068
luminescent,0.190,-0.179,0.151
luminous,0.361,-0.365,-0.054
lump,-0.136,-0.069,-0.093
lumpy,-0.270,0.076,-0.083
lunacy,-0.141,0.498,0.130
lunar,-0.120,-0.189,-0.031
lunatic,-0.089,0.470,0.020
lunch,0.177,-0.335,0.104
lunchbox,-0.104,-0.231,0.100
luncheon,0.001,-0.425,0.060
lunchtime,0.108,-0.359,0.172
lung,-0.001,-0.145,-0.197
lunge,0.039,0.258,0.045
lungs,-0.016,-0.122,-0.104
lurch,-0.054,0.197,0.154
lure,-0.144,0.080,0.144
lurid,0.029,0.458,0.007
lurk,0.087,0.375,-0.110
lurking,0.149,0.254,0.064
luscious,0.249,-0.241,0.182
lush,0.496,0.036,0.040
lust,0.210,0.329,0.215
luster,0.239,-0.193,0.155
lustful,0.256,0.332,0.083
lustrous,0.256,-0.119,0.120
lusty,0.320,0.334,0.106
lute,-0.065,-0.034,-0.070
luxuriant,0.472,-0.006,0.043
luxurious,0.475,-0.213,0.117
luxury,0.479,-0.183,0.129
lycra,-0.139,-0.057,0.100
lye,-0.152,0.014,-0.076
lying,-0.180,0.344,0.098
lymph,-0.126,0.076,0.033
lymphatic,-0.076,0.092,-0.033
lymphoma,-0.199,0.304,0.057
lynch,0.005,0.505,0.063
lynching,0.054,0.556,0.021
lynx,0.096,0.058,0.008
lyre,-0.026,-0.268,0.081
lyric,-0.036,-0.307,-0.004
lyrical,0.165,-0.179,-0.008
lyrics,-0.217,-0.264,-0.002
macadamia,-0.062,-0.218,0.017
macarena,0.103,-0.155,0.290
macaroni,0.029,-0.296,0.183
mace,-0.129,-0.028,-0.013
mach,-0.039,-0.078,0.008
machete,-0.048,0.303,0.007
machine,0.155,0.002,-0.138
machinery,0.127,0.115,-0.046
machinist,0.202,0.084,-0.103
macho,0.289,0.035,0.051
mackerel,-0.131,0.003,-0.030
macro,0.117,-0.053,-0.093
mad,-0.123,0.451,0.223
madam,-0.001,-0.187,-0.115
madame,0.149,-0.069,-0.043
madden,-0.068,0.192,0.004
madder,-0.088,0.361,0.268
mademoiselle,0.078,-0.212,0.125
mademyday,0.158,-0.088,0.107
madhouse,-0.102,0.409,0.006
madman,-0.136,0.518,0.162
madness,-0.095,0.493,0.018
maestro,0.345,-0.317,-0.164
mafia,0.155,0.475,-0.063
magazine,-0.112,-0.204,0.048
mage,-0.034,-0.178,0.022
magenta,-0.102,-0.256,0.001
maggot,-0.324,0.180,0.056
magic,0.317,-0.151,0.211
magical,0.328,-0.163,0.196
magician,0.218,-0.044,0.153
magistrate,0.355,-0.017,-0.214
magma,0.049,0.218,-0.093
magna,0.157,-0.076,-0.060
magnate,0.429,0.067,-0.079
magnesium,-0.195,-0.162,0.045
magnet,-0.013,-0.174,-0.102
magnetic,0.195,-0.054,-0.050
magnetism,0.253,-0.064,-0.088
magnetite,0.069,-0.026,-0.046
magnification,0.524,-0.187,-0.012
magnificence,0.602,0.013,0.024
magnificent,0.614,-0.221,0.071
magnifier,-0.263,-0.180,-0.063
magnify,0.388,-0.109,-0.091
magnifying,-0.134,-0.234,-0.018
magnitude,0.306,0.012,-0.075
magnolia,-0.134,-0.155,0.026
magpie,-0.145,-0.036,0.096
mahi mahi,-0.112,-0.074,0.026
mahjong,-0.055,-0.100,0.024
mahogany,-0.158,-0.268,-0.027
maid,-0.276,-0.062,-0.003
maiden,0.049,-0.258,0.092
mail,-0.037,-0.266,-0.125
mailbox,-0.166,-0.248,-0.050
mailing,-0.081,-0.263,0.080
mailman,0.012,-0.173,0.058
maim,-0.079,0.420,-0.051
main,0.313,-0.101,-0.129
mainframe,0.052,-0.027,-0.030
mainland,0.267,-0.181,-0.175
mainstay,0.203,-0.200,-0.108
mainstream,0.205,-0.085,-0.022
maintain,0.149,-0.197,-0.069
maintenance,0.035,-0.127,-0.036
majestic,0.627,-0.148,0.061
majesty,0.539,-0.144,-0.103
major,0.380,-0.091,-0.149
majority,0.431,-0.073,-0.175
make,0.039,-0.189,0.058
makeover,0.209,-0.185,0.069
maker,0.269,-0.104,-0.023
makeshift,-0.038,0.087,0.127
makesmehappy,0.427,-0.164,0.131
makesmemad,-0.033,0.246,-0.019
makeup,-0.083,-0.296,0.140
makingdisciples,0.163,-0.194,-0.078
malady,-0.207,0.344,0.088
malaise,-0.372,0.308,0.121
malaria,-0.256,0.368,0.039
malarkey,-0.077,0.074,-0.026
male,0.212,-0.051,-0.063
malevolent,0.049,0.543,-0.079
malfeasance,-0.228,0.478,0.045
malformation,-0.263,0.366,-0.045
malfunction,-0.346,0.313,0.049
malice,-0.070,0.523,-0.029
malicious,0.043,0.421,-0.084
malign,-0.066,0.442,-0.015
malignancy,0.058,0.475,-0.075
malignant,-0.117,0.476,0.096
maligned,-0.314,0.403,0.104
mall,0.184,-0.050,0.202
malleable,-0.079,-0.005,0.075
mallet,-0.138,0.029,-0.118
malnutrition,-0.355,0.398,-0.024
malpractice,-0.297,0.327,-0.045
malt,-0.064,-0.276,0.172
mama,0.303,-0.311,-0.032
mambo,0.172,-0.141,0.252
mamma,-0.055,-0.172,0.006
mammal,-0.023,-0.124,0.083
mammoth,0.003,-0.004,-0.051
mammy,0.003,-0.192,0.084
man,0.252,-0.175,-0.134
manage,0.203,-0.013,-0.106
manageable,0.170,-0.270,-0.063
management,0.362,-0.204,-0.076
manager,0.373,-0.040,-0.187
managerial,0.272,-0.049,-0.140
mandamus,0.047,0.100,-0.026
mandarin,0.007,-0.161,0.010
mandate,0.257,0.167,-0.124
mandatory,0.166,0.293,-0.209
mandible,-0.028,-0.055,-0.033
mandolin,-0.025,-0.202,0.155
mandrel,-0.113,0.130,-0.083
mane,-0.188,-0.174,-0.024
maneuver,0.213,0.034,0.070
maneuvering,0.311,0.009,-0.028
mange,-0.177,0.170,0.046
manger,-0.103,-0.272,0.023
mangle,-0.233,0.109,-0.027
mango,-0.103,-0.320,0.177
mangosteen,-0.031,-0.049,0.089
mangy,-0.214,0.334,0.130
manhole,-0.049,0.089,-0.069
manhood,0.434,0.087,-0.059
manhunt,0.140,0.556,-0.046
mania,-0.103,0.273,0.081
maniac,-0.073,0.512,0.056
maniacal,0.017,0.457,0.046
manic,-0.130,0.587,0.091
manicure,-0.146,-0.291,0.143
manicurist,-0.145,-0.169,0.069
manifest,0.301,-0.011,0.020
manifestation,0.273,0.119,0.069
manifested,0.217,0.031,-0.012
manifestly,0.082,0.086,-0.020
manifesto,0.209,-0.085,-0.041
manifold,-0.066,-0.030,0.024
manipulate,0.170,0.327,-0.195
manipulation,0.002,0.417,-0.024
manipulative,-0.021,0.390,-0.064
mankind,0.341,-0.242,-0.046
manly,0.412,-0.037,-0.071
manna,0.032,-0.283,-0.048
manned,0.056,0.023,0.083
mannequin,-0.279,-0.092,-0.002
manner,-0.191,-0.265,0.044
mannered,-0.140,0.052,0.160
manners,0.066,-0.377,0.022
manor,0.177,-0.193,-0.171
manpower,0.104,0.062,0.051
mansion,0.325,-0.249,0.011
mansions,0.331,-0.138,-0.063
manslaughter,-0.023,0.585,0.052
mantel,-0.133,-0.163,-0.108
mantis,-0.137,-0.089,-0.034
mantle,-0.162,-0.170,-0.067
mantra,-0.275,-0.104,-0.088
manual,-0.092,-0.276,-0.039
manufacture,0.483,-0.114,0.094
manufacturer,0.350,-0.096,-0.117
manufacturing,0.350,-0.020,-0.075
manure,-0.326,0.150,0.043
manuscript,-0.106,-0.207,-0.182
map,-0.126,-0.232,-0.093
maple,-0.149,-0.112,0.071
mar,0.114,-0.056,0.051
marathon,0.379,0.096,0.056
marble,0.035,-0.266,-0.222
marbled,-0.166,-0.007,-0.056
marbles,-0.155,-0.273,0.196
march,-0.140,-0.230,-0.137
mare,-0.126,-0.157,-0.021
margarine,-0.194,-0.156,0.029
margarita,0.037,-0.227,0.141
margin,-0.257,-0.201,-0.037
marginal,-0.175,0.284,0.059
mariachi,0.212,-0.107,0.058
marijuana,0.082,0.331,0.022
marinara,-0.022,-0.194,0.059
marine,0.182,-0.108,-0.075
mariner,0.199,-0.109,-0.053
marital,0.143,-0.168,0.140
maritime,0.222,-0.103,-0.082
mark,-0.061,-0.175,-0.220
marked,0.017,-0.162,-0.070
marker,-0.004,-0.111,-0.163
market,0.117,-0.175,0.082
marketable,0.263,-0.140,0.029
marketing,0.268,0.181,0.039
marketplace,0.078,-0.197,0.034
marks,-0.100,0.034,0.008
marksman,0.298,0.238,0.049
marksmanship,0.170,-0.024,-0.061
marl,-0.186,0.066,0.026
marmalade,-0.102,-0.264,0.185
maroon,-0.202,-0.082,0.021
marooned,-0.391,0.168,0.094
marquee,-0.047,-0.222,-0.074
marquis,0.028,-0.051,-0.063
marred,-0.323,0.261,0.065
marriage,0.440,-0.111,0.093
married,0.194,-0.073,0.051
marrow,-0.108,0.019,-0.072
marry,0.449,-0.096,0.215
marsh,-0.328,0.036,-0.018
marshal,0.268,0.112,-0.174
marshmallow,0.012,-0.219,0.158
mart,-0.091,-0.093,0.018
martial,0.262,0.169,-0.058
martingale,-0.043,0.027,0.022
martini,0.177,-0.236,0.144
martyr,-0.003,0.302,0.003
martyrdom,-0.013,0.294,0.089
marvel,0.616,-0.142,0.107
marvellous,0.588,-0.046,0.109
marvelous,0.490,-0.218,0.098
marvelously,0.523,-0.184,0.155
marzipan,-0.141,-0.226,0.189
mascara,-0.154,-0.099,0.168
mascot,-0.071,-0.300,0.143
masculine,0.293,-0.071,-0.093
masculinity,0.376,0.072,-0.109
mash,-0.252,-0.060,0.046
mashed,-0.284,-0.148,0.137
mask,0.027,-0.013,-0.026
masked,-0.026,0.125,-0.045
masks,-0.196,-0.038,0.168
masochism,0.000,0.458,0.054
masochist,-0.138,0.432,0.095
mason,0.050,-0.066,-0.067
masquerade,-0.010,0.139,0.077
mass,-0.304,-0.155,-0.005
massacre,0.053,0.612,-0.110
massage,-0.028,-0.253,0.081
masses,-0.016,-0.071,0.018
masseur,-0.078,-0.252,-0.044
masseuse,-0.093,-0.160,0.051
massive,0.292,0.071,-0.052
mast,0.026,-0.103,-0.095
master,0.344,-0.132,-0.153
masterful,0.514,-0.229,-0.142
mastermind,0.508,-0.107,-0.080
masterpiece,0.522,-0.209,0.032
mastery,0.468,-0.066,-0.054
masturbate,0.229,0.256,0.257
masturbation,0.248,0.288,0.265
mat,-0.296,-0.171,-0.037
matador,0.165,0.469,-0.040
match,0.084,-0.021,0.087
matchbook,-0.085,-0.124,0.031
matching,0.162,-0.000,0.289
matchmaker,0.075,-0.076,0.047
mate,0.255,-0.301,0.004
material,-0.099,-0.112,-0.022
materialism,-0.152,0.129,-0.232
materialist,-0.124,0.171,-0.125
materialistic,0.027,0.066,-0.096
materiality,0.033,0.031,-0.160
materialize,0.304,-0.060,-0.015
materially,0.095,-0.019,-0.148
materials,-0.020,-0.193,0.007
materiel,-0.143,-0.168,-0.040
maternal,0.230,-0.302,0.029
maternity,0.260,-0.273,0.080
math,-0.029,-0.022,-0.177
mathematical,0.094,-0.085,0.024
mathematician,0.179,-0.074,-0.213
mathematics,0.057,0.007,-0.178
matinee,0.095,-0.089,0.172
mating,0.477,0.061,0.129
matriculation,0.183,-0.088,-0.068
matrimony,0.488,-0.144,0.006
matrix,0.092,-0.113,-0.161
matron,0.059,0.001,-0.018
matted,-0.178,0.167,-0.021
matter,-0.032,-0.089,-0.129
matting,-0.112,-0.054,-0.009
mattress,-0.136,-0.254,-0.009
maturation,0.170,-0.115,-0.116
mature,0.061,-0.192,-0.092
maturity,0.336,-0.292,-0.109
maudlin,-0.216,0.055,-0.032
mausoleum,-0.114,-0.034,-0.259
mauve,-0.200,-0.149,0.051
maverick,-0.055,0.223,0.089
maxim,0.496,-0.212,-0.053
maximize,0.499,-0.039,0.098
maximum,0.473,0.007,-0.013
may,-0.192,-0.315,0.150
mayday,-0.065,0.208,0.056
mayflower,0.025,-0.166,0.120
mayhem,-0.077,0.475,0.146
mayonnaise,-0.282,-0.143,0.098
mayor,0.206,0.023,-0.244
maze,-0.020,0.117,0.068
mead,-0.038,-0.236,0.032
meadow,-0.202,-0.348,-0.062
meager,-0.389,0.172,-0.080
meal,0.128,-0.269,0.157
mean,0.041,0.026,-0.129
meander,-0.071,-0.027,-0.009
meandering,0.061,0.154,0.017
meanie,-0.164,0.022,-0.031
meaning,0.121,-0.185,-0.065
meaningful,0.353,-0.182,-0.079
meaningless,-0.519,0.105,-0.020
meanness,-0.201,0.416,0.006
means,-0.032,-0.172,0.013
meantime,-0.312,-0.151,-0.046
measles,-0.195,0.385,-0.068
measurable,0.082,-0.133,-0.069
measure,-0.153,-0.099,0.030
measured,-0.035,-0.189,-0.162
measurement,0.015,-0.145,0.020
measuring,-0.083,-0.073,-0.134
measuring cup,-0.136,-0.155,0.027
measuring tape,-0.312,-0.041,-0.079
meat,-0.045,-0.139,0.071
meatball,-0.164,-0.240,0.041
meathead,-0.088,0.163,-0.067
meatloaf,-0.081,-0.172,0.085
mechanic,0.051,-0.095,-0.048
mechanical,0.069,0.066,-0.016
mechanics,0.210,-0.019,-0.160
mechanism,0.195,0.011,-0.033
med,-0.020,0.046,-0.171
medal,0.380,-0.208,0.030
medallion,0.281,-0.165,-0.020
medallist,0.588,0.024,0.043
meddle,0.049,0.330,0.035
meddling,-0.108,0.252,-0.040
media,-0.107,-0.119,-0.068
medial,-0.149,-0.083,-0.058
median,-0.247,-0.171,-0.088
mediate,0.087,-0.223,-0.146
mediation,0.122,-0.213,-0.113
mediator,0.074,-0.106,-0.045
medic,0.048,-0.016,-0.074
medical,0.064,-0.143,-0.109
medicate,-0.068,-0.024,-0.139
medication,0.028,-0.125,0.022
medicinal,0.126,-0.173,-0.044
medicine,0.146,-0.268,-0.123
medieval,-0.047,-0.109,0.010
mediocre,-0.419,0.198,0.082
mediocrity,-0.460,0.227,-0.070
meditate,0.032,-0.467,-0.088
meditating,-0.115,-0.379,0.002
meditation,-0.055,-0.470,-0.055
meditative,-0.158,-0.346,-0.121
mediterranean,0.092,-0.148,0.022
medium,-0.142,-0.148,0.048
medley,-0.150,-0.097,-0.018
meek,-0.370,-0.277,0.032
meet,0.192,-0.178,0.075
meeting,0.239,-0.128,0.079
mega,0.291,-0.126,-0.026
meh,-0.260,-0.066,-0.081
melancholic,-0.413,0.088,-0.105
melancholy,-0.460,0.049,-0.099
melee,0.198,0.116,0.054
mellow,-0.310,-0.403,-0.009
melodious,0.292,-0.288,0.163
melodrama,0.058,0.313,0.159
melodramatic,-0.136,0.318,0.069
melody,0.072,-0.301,0.195
melon,-0.314,-0.167,-0.007
melt,-0.107,0.109,0.167
meltdown,0.213,0.019,0.077
melting,0.059,-0.086,0.002
member,0.058,-0.256,-0.034
membership,0.257,-0.193,-0.145
membrane,-0.140,0.016,-0.026
memento,0.063,-0.245,-0.002
memo,-0.132,-0.277,-0.020
memoir,0.039,-0.356,-0.057
memorabilia,0.091,-0.264,0.092
memorable,0.418,-0.299,0.030
memorandum,0.150,-0.066,-0.048
memorial,0.029,-0.205,-0.127
memorials,0.185,-0.303,-0.085
memories,0.231,-0.343,0.208
memoriesiwontforget,0.055,-0.071,0.119
memorize,0.143,-0.039,-0.166
memory,0.140,-0.292,0.023
menace,0.189,0.554,-0.143
menacing,0.057,0.599,-0.110
menagerie,0.054,-0.065,-0.002
mend,0.064,-0.070,-0.085
mending,0.177,0.098,-0.036
menial,-0.150,-0.054,0.054
meningitis,-0.211,0.360,-0.064
meniscus,-0.203,0.009,-0.145
menopause,-0.307,0.178,-0.030
menses,-0.201,0.365,0.057
menstrual,-0.084,0.077,0.011
mental,0.052,0.004,-0.069
mentalhealth,0.173,-0.009,-0.065
mentality,0.228,-0.201,-0.101
menthol,-0.153,-0.139,-0.072
mention,0.011,-0.135,-0.087
mentor,0.288,-0.178,-0.110
menu,-0.097,-0.216,0.052
meow,-0.054,-0.004,0.071
mercantile,0.139,0.017,-0.162
mercenary,0.159,0.424,-0.057
merchandise,0.115,-0.090,-0.060
merchant,0.174,-0.121,0.001
merciful,0.103,-0.362,0.085
merciless,0.060,0.584,-0.095
mercurial,0.030,0.040,0.008
mercury,-0.189,-0.013,-0.163
mercy,-0.021,-0.345,-0.043
mere,-0.420,-0.131,0.021
merengue,0.061,-0.125,0.140
merge,0.288,-0.192,-0.047
merger,0.144,-0.067,-0.059
meridian,-0.037,-0.126,-0.131
meridional,-0.095,-0.043,-0.248
meringue,0.036,-0.039,0.165
merit,0.337,-0.247,0.016
meritorious,0.453,-0.107,-0.046
mermaid,0.156,-0.109,0.227
merriment,0.424,-0.166,0.244
merry,0.540,-0.176,0.173
merrychristmas,0.224,-0.272,0.166
mesa,-0.227,-0.296,0.006
mescaline,-0.028,0.059,0.097
mesh,-0.255,-0.137,-0.089
meshes,-0.195,-0.057,-0.008
mesmerized,-0.022,0.018,0.092
mess,-0.178,0.485,0.173
message,-0.039,-0.187,0.071
messedup,-0.131,0.194,0.081
messenger,0.065,-0.186,0.057
messiah,0.421,-0.098,0.001
messy,-0.316,0.251,0.207
metabolic,0.012,0.090,-0.068
metabolism,0.143,-0.135,0.062
metal,0.025,-0.084,-0.047
metallic,0.053,-0.196,-0.111
metallurgy,0.015,0.085,-0.105
metamorphosis,0.136,0.024,-0.019
metaphor,-0.096,-0.198,-0.069
metaphorical,-0.057,-0.061,-0.034
metaphysical,0.234,-0.036,-0.026
metaphysics,0.044,-0.112,-0.088
metastasis,-0.126,0.332,-0.042
meteor,0.223,0.231,-0.095
meteoric,0.322,0.151,0.081
meteorite,0.264,0.297,-0.067
meteorological,0.135,-0.056,0.057
meteorology,0.162,-0.142,-0.113
meter,-0.153,-0.094,-0.113
meth,-0.158,0.143,0.075
methadone,-0.144,0.214,-0.070
methane,-0.074,0.127,-0.170
methanol,-0.053,0.154,-0.148
method,0.105,-0.248,-0.192
methodical,0.191,-0.204,-0.167
methodology,0.176,-0.227,-0.184
meticulous,0.058,-0.051,-0.022
metime,-0.093,-0.096,0.017
metric,-0.058,-0.184,-0.178
metrical,-0.062,-0.102,-0.046
metrology,-0.061,-0.072,0.020
metropolis,0.339,-0.015,-0.049
metropolitan,0.061,0.028,-0.258
mettle,0.278,-0.090,-0.076
mew,-0.137,0.041,0.033
mezzanine,-0.115,-0.039,0.016
mica,-0.239,-0.203,0.007
mick,-0.134,-0.002,0.030
micro,-0.291,-0.169,0.047
microbe,-0.262,0.136,-0.034
microbiology,0.020,-0.133,-0.074
microchip,-0.092,-0.138,-0.006
microcosm,0.014,0.001,-0.014
microfilm,-0.150,-0.083,-0.035
microgram,-0.233,-0.116,-0.042
micrometer,-0.108,-0.155,0.031
micron,-0.296,-0.061,-0.046
microphone,-0.035,-0.086,0.013
microscope,-0.092,-0.141,-0.053
microscopic,-0.201,-0.021,-0.115
microscopically,-0.065,-0.182,0.049
microscopy,-0.110,-0.113,-0.057
microwave,-0.022,-0.035,0.058
mid,-0.193,-0.134,-0.002
midair,-0.008,-0.158,0.047
midday,-0.111,-0.291,0.006
middle,-0.330,-0.214,-0.069
middleman,-0.081,-0.068,-0.019
middleweight,-0.142,-0.147,-0.053
midget,-0.328,-0.077,0.008
midland,-0.068,-0.085,-0.013
midlife,-0.095,-0.246,-0.076
midline,-0.339,-0.076,-0.114
midnight,0.049,-0.064,-0.018
midshipman,0.246,0.114,-0.148
midst,-0.343,-0.036,-0.066
midsummer,0.124,-0.217,0.129
midterm,-0.169,-0.063,-0.072
midtown,-0.011,-0.023,-0.068
midway,-0.250,-0.105,0.015
midwife,0.015,0.024,0.085
midwifery,0.009,0.039,0.071
mien,-0.109,-0.104,-0.044
miffed,-0.091,0.367,0.031
mighty,0.653,-0.006,0.053
mignon,-0.059,-0.082,0.045
migraine,-0.178,0.451,0.105
migrate,-0.037,0.115,0.035
migration,0.154,0.168,0.077
migratory,-0.022,0.052,-0.007
mike,-0.099,-0.127,-0.000
mil,-0.147,-0.108,0.061
mild,-0.283,-0.318,0.096
mildew,-0.385,-0.070,-0.032
mildness,-0.105,-0.433,0.137
mile,-0.061,-0.074,-0.005
mileage,0.030,-0.033,-0.061
milestone,0.090,-0.243,-0.004
militant,0.220,0.185,-0.120
militants,0.073,0.299,-0.125
military,0.320,0.236,-0.193
militia,0.252,0.245,-0.110
milk,-0.077,-0.395,0.145
milkman,-0.075,-0.272,0.189
milkshake,0.034,-0.207,0.270
milky,-0.232,-0.170,0.020
mill,-0.152,-0.110,0.056
millennium,0.176,-0.112,-0.200
milligram,-0.314,-0.152,-0.052
millimeter,-0.292,-0.176,-0.114
million,0.433,-0.085,-0.003
millionaire,0.583,-0.111,0.097
millionth,0.161,-0.074,0.003
millstone,-0.033,-0.054,-0.026
mime,-0.292,-0.158,-0.029
mimic,-0.009,0.014,0.150
mimicking,-0.222,0.081,-0.031
mimicry,-0.138,-0.056,-0.108
mince,-0.116,0.075,0.060
mincemeat,-0.186,0.024,0.013
mind,0.113,-0.180,-0.077
minded,0.119,-0.180,-0.071
mindful,0.271,-0.216,-0.055
mindfulness,0.356,-0.062,0.014
mindless,-0.488,0.099,-0.003
mine,0.111,-0.189,-0.008
minefield,0.140,0.467,-0.091
miner,0.103,0.138,-0.092
mineral,-0.016,-0.156,-0.179
mineralogy,0.014,-0.098,-0.057
mingle,-0.027,-0.061,0.064
mingled,-0.145,-0.096,0.050
mini,-0.325,-0.076,0.059
miniature,-0.349,-0.105,0.057
minibus,-0.135,-0.035,-0.039
minim,-0.393,-0.230,0.099
minimal,-0.407,-0.218,-0.015
minimize,-0.333,-0.089,-0.081
minimized,-0.406,-0.232,-0.017
minimum,-0.426,-0.134,-0.011
mining,0.152,-0.026,0.080
minion,-0.280,-0.055,0.187
minister,0.279,-0.058,-0.280
ministerial,0.160,-0.031,-0.066
ministry,0.088,-0.104,-0.228
minivan,-0.058,-0.168,-0.001
mink,-0.014,-0.036,0.085
minnow,-0.142,-0.127,0.041
minor,-0.486,-0.016,-0.040
minority,-0.384,0.009,0.017
minstrel,-0.076,0.054,0.073
mint,-0.152,-0.335,0.045
minty,-0.133,-0.247,0.047
minuscule,-0.361,-0.084,0.031
minute,-0.169,-0.218,0.018
minutiae,-0.338,-0.047,-0.090
minx,-0.086,0.047,0.052
mir,-0.223,-0.057,-0.027
miracle,0.480,-0.215,0.047
miracles,0.461,-0.135,0.198
miraculous,0.511,-0.116,0.077
mirage,0.061,-0.040,-0.028
mire,-0.283,0.019,-0.003
mirror,-0.048,-0.262,0.024
mirth,0.338,-0.180,0.188
misappropriation,-0.043,0.520,-0.012
misbehave,-0.215,0.578,0.095
misbehavior,-0.303,0.470,0.046
miscalculation,-0.272,0.221,-0.059
miscarriage,-0.230,0.517,0.064
miscellaneous,-0.290,-0.159,0.127
miscellany,-0.126,-0.066,0.032
mischief,-0.048,0.304,0.270
mischievous,0.095,0.252,0.156
misconception,-0.269,0.240,0.036
misconduct,-0.281,0.424,0.016
misdemeanor,-0.176,0.300,0.031
misdirection,-0.242,0.402,0.089
miser,-0.219,0.295,0.063
miserable,-0.463,0.277,-0.016
miserably,-0.341,0.175,0.161
misery,-0.482,0.157,-0.000
misfire,-0.412,0.206,0.015
misfit,-0.240,0.232,-0.083
misfortune,-0.205,0.479,0.089
misguided,-0.269,0.170,0.078
mishap,-0.338,0.405,0.067
misinformed,-0.320,0.284,0.044
misinterpretation,-0.268,0.313,-0.058
mislead,-0.103,0.420,0.046
misleading,-0.303,0.412,0.039
misled,-0.217,0.300,0.005
mismanagement,-0.341,0.299,-0.042
mismatch,-0.302,0.143,0.008
mismatched,-0.241,0.212,0.048
misnomer,-0.245,0.158,0.067
misplace,-0.377,0.156,0.062
misplaced,-0.277,0.141,-0.027
misread,-0.298,0.311,-0.025
misrepresent,-0.190,0.244,-0.065
misrepresentation,-0.019,0.210,-0.033
misrepresented,-0.244,0.343,-0.185
miss,-0.035,-0.064,0.093
missile,0.219,0.427,-0.126
missiles,0.226,0.616,-0.203
missing,-0.337,0.072,0.054
missingyou,-0.222,0.148,-0.046
mission,0.463,-0.084,-0.056
missionary,0.138,-0.228,-0.009
misspell,-0.299,0.088,0.010
misstatement,-0.278,0.164,0.123
missy,-0.120,-0.036,0.114
mist,-0.410,-0.132,-0.034
mistake,-0.393,0.253,0.181
mistaken,-0.330,0.344,0.093
mister,0.125,-0.133,-0.114
mistletoe,-0.121,-0.059,0.125
mistreated,-0.322,0.543,0.132
mistress,0.346,0.118,0.090
mistrial,0.008,0.081,-0.038
mistrust,-0.302,0.361,0.096
misty,-0.221,0.010,0.091
misunderstand,-0.223,0.262,-0.047
misunderstanding,-0.293,0.353,0.028
misunderstood,-0.239,0.312,0.045
misuse,-0.399,0.330,0.043
mite,-0.230,0.200,0.103
miter,-0.083,0.027,0.039
mitigate,-0.064,-0.056,-0.006
mitigating,0.107,-0.019,-0.033
mitigation,-0.069,0.053,0.043
mitt,-0.369,-0.160,-0.055
mitten,-0.132,-0.143,-0.014
mitzvah,-0.052,0.128,0.085
mix,-0.004,-0.038,0.034
mixed,-0.109,-0.116,-0.040
mixedemotions,0.002,0.160,0.114
mixer,0.071,-0.042,-0.009
mixture,-0.058,-0.131,-0.041
mnemonic,-0.029,-0.038,0.037
moan,-0.066,0.259,0.162
moat,-0.243,-0.017,0.014
mob,0.084,0.349,0.013
mobile,0.076,-0.036,0.106
mobility,0.257,-0.072,0.042
mobilization,0.406,0.028,0.012
mobilize,0.304,0.061,-0.006
mobster,0.121,0.487,-0.042
mocha,-0.187,-0.080,0.074
mock,0.066,0.179,-0.090
mocked,-0.234,0.356,0.207
mockery,-0.287,0.491,0.192
mocking,-0.163,0.474,0.012
mockingbird,-0.127,-0.125,-0.029
mod,-0.169,-0.066,-0.013
modal,-0.095,-0.231,-0.058
modality,0.040,-0.161,-0.007
mode,-0.231,-0.245,-0.065
model,0.161,-0.145,-0.163
modeler,0.171,0.017,-0.153
modeling,0.038,-0.200,0.043
modem,-0.033,-0.153,-0.044
moderate,-0.141,-0.275,-0.097
moderate anticipation,0.113,-0.151,0.002
moderate disgust,-0.193,0.231,-0.016
moderate negative,-0.301,0.225,-0.021
moderate positive,0.358,-0.308,-0.010
moderate surprise,0.314,-0.081,0.127
moderate trust,0.214,-0.220,-0.185
moderately,-0.061,-0.238,-0.079
moderating,0.241,-0.176,-0.168
moderation,-0.143,-0.204,-0.094
moderator,0.158,-0.101,-0.278
modern,0.278,-0.302,-0.004
modernism,0.302,-0.143,0.013
modest,-0.111,-0.447,-0.017
modesty,0.014,-0.380,-0.009
modicum,-0.297,0.128,-0.053
modifiable,-0.109,-0.089,0.065
modification,0.090,0.034,-0.085
modified,0.150,-0.065,-0.127
modify,0.110,0.094,-0.060
modulate,0.051,-0.231,-0.041
modulation,-0.038,-0.060,-0.138
module,0.039,-0.133,-0.071
modulus,-0.047,-0.224,-0.035
mogul,0.342,0.113,-0.164
moiety,-0.169,-0.022,-0.112
moist,-0.185,-0.110,-0.036
moisture,-0.221,-0.010,0.019
moisturizer,-0.063,-0.337,0.078
molar,-0.122,-0.089,0.084
molasses,-0.270,-0.161,0.017
mold,-0.264,-0.037,-0.137
molded,-0.075,-0.222,0.092
molding,-0.033,-0.168,-0.111
moldy,-0.367,0.103,-0.016
mole,-0.198,-0.045,0.004
molecular,-0.005,-0.036,-0.060
molecule,-0.190,-0.194,-0.030
molest,-0.163,0.476,0.122
molestation,-0.118,0.496,0.042
molester,-0.045,0.472,0.014
molten,-0.163,0.046,0.066
mom,0.235,-0.416,0.019
moment,0.027,-0.120,0.008
momentary,-0.202,-0.210,0.022
momentous,0.375,-0.140,0.008
momentum,0.337,0.062,0.085
momma,0.143,-0.300,0.093
mommy,0.049,-0.361,0.143
monad,-0.039,-0.022,0.029
monarch,0.337,-0.003,-0.183
monarchy,0.270,0.091,-0.248
monastery,0.109,-0.349,-0.236
monastic,0.008,-0.076,-0.252
monetary,0.195,-0.055,-0.112
money,0.459,-0.160,-0.002
mongoloid,-0.358,0.132,-0.102
mongoose,-0.110,0.044,-0.180
mongrel,-0.143,0.007,0.003
monitor,-0.074,-0.130,-0.141
monk,-0.198,-0.184,-0.130
monkey,-0.158,-0.079,0.145
mono,-0.217,-0.085,0.097
monochrome,-0.310,-0.014,-0.092
monogamous,-0.145,-0.125,-0.018
monogamy,-0.069,-0.115,-0.014
monogram,-0.203,-0.189,-0.116
monogrammed,-0.179,-0.165,-0.056
monograph,-0.137,-0.179,-0.127
monolayer,-0.183,-0.092,-0.101
monolith,-0.118,-0.068,-0.128
monologue,-0.079,-0.147,-0.141
monopolist,0.121,0.195,-0.187
monopoly,0.080,0.049,-0.116
monotonous,-0.278,-0.091,-0.153
monotony,-0.332,-0.184,-0.146
monoxide,-0.074,-0.000,-0.063
monsieur,0.038,-0.143,-0.147
monsoon,-0.037,0.171,-0.000
monster,0.094,0.569,-0.004
monstrosity,0.085,0.597,-0.034
monstrous,0.117,0.605,-0.056
montage,-0.102,0.054,0.059
monte,-0.116,-0.186,0.025
month,-0.088,-0.309,0.018
monthly,-0.127,-0.222,0.051
monument,0.345,-0.294,-0.107
monumental,0.452,-0.029,-0.187
moo,-0.245,-0.064,0.029
mooch,-0.241,0.020,0.026
mood,0.109,-0.159,0.105
moods,0.096,0.035,0.116
moody,0.090,0.403,-0.018
moon,-0.008,-0.307,-0.095
moonbeam,-0.007,-0.290,-0.013
moonlight,0.003,-0.431,0.109
moonlit,0.081,-0.429,0.047
moonshine,0.007,-0.173,0.009
moonstruck,-0.056,-0.107,0.070
moonwalk,0.116,-0.023,0.085
moor,-0.200,0.107,-0.026
moored,-0.138,0.109,-0.017
mooring,-0.134,0.119,-0.051
moorings,-0.035,0.069,-0.056
moorland,-0.099,-0.084,-0.045
moose,-0.119,-0.202,0.127
moot,0.005,0.118,-0.154
mooted,-0.044,0.135,0.016
mop,-0.227,0.027,0.059
mope,-0.250,-0.070,-0.042
moped,0.119,-0.000,0.047
moral,0.294,-0.160,-0.130
morale,0.162,-0.389,-0.278
morality,0.268,-0.233,-0.109
morals,0.119,-0.149,-0.045
morass,-0.219,-0.028,-0.051
moratorium,-0.208,0.062,-0.030
moray,-0.069,-0.076,-0.023
morbid,-0.121,0.522,0.058
morbidity,-0.044,0.181,0.048
morbidness,-0.213,0.402,0.035
mores,0.086,-0.177,-0.187
morgue,-0.407,0.362,-0.029
moribund,-0.454,0.279,0.024
morn,-0.195,-0.186,0.009
morning,-0.074,-0.321,-0.016
moron,-0.371,0.312,0.090
moronic,-0.388,0.262,0.009
morose,-0.222,0.290,0.127
morph,-0.076,0.014,-0.008
morphine,-0.143,0.189,-0.132
morphism,-0.110,0.103,0.057
morphology,0.048,-0.093,-0.157
morrow,0.007,-0.279,0.005
morsel,-0.175,-0.138,-0.047
mortal,-0.008,0.417,0.004
mortality,-0.014,0.353,-0.019
mortar,0.022,0.211,-0.053
mortgage,-0.139,0.115,-0.193
mortgagee,0.184,0.161,-0.120
mortgagor,-0.031,0.065,-0.014
mortician,-0.394,0.228,-0.073
mortification,-0.183,0.359,-0.030
mortified,-0.269,0.458,0.080
mortuary,-0.185,0.335,-0.067
mosaic,-0.196,-0.278,0.065
mosey,-0.160,-0.090,0.074
mosque,-0.030,-0.131,-0.080
mosquito,-0.401,0.114,0.024
moss,-0.426,0.022,-0.076
mossy,-0.299,-0.037,-0.005
mote,-0.290,0.003,0.045
motel,-0.082,-0.113,-0.020
moth,-0.380,0.012,0.043
mother,0.333,-0.366,0.001
motherfucker,-0.140,0.492,0.100
motherfucking,-0.151,0.528,0.059
motherhood,0.314,-0.210,0.075
motherland,0.195,-0.204,-0.142
motherless,-0.266,0.265,-0.026
motherly,0.280,-0.421,-0.036
motif,0.104,-0.148,0.061
motion,0.215,-0.088,-0.007
motionless,-0.411,-0.083,-0.068
motivate,0.557,-0.020,0.043
motivating,0.589,-0.099,0.196
motivation,0.530,-0.047,0.116
motivational,0.531,-0.178,0.027
motive,0.243,-0.053,0.016
motley,-0.122,-0.060,-0.004
motor,0.147,0.019,-0.059
motorbike,0.161,0.042,0.004
motorboat,0.008,-0.133,0.161
motorcade,0.281,0.012,0.161
motorcar,0.259,-0.088,0.003
motorcycle,0.368,0.063,0.082
motorist,0.165,0.071,0.065
motte,-0.157,-0.068,0.020
mottled,-0.287,-0.035,-0.005
motto,-0.038,-0.265,0.032
mould,-0.410,-0.131,-0.070
mound,0.007,-0.027,-0.007
mount,-0.209,-0.150,-0.009
mountain,0.162,-0.200,-0.058
mountaineer,0.223,0.093,0.190
mountainous,0.157,-0.080,-0.002
mountains,0.150,-0.236,0.043
mountaintop,0.250,-0.073,-0.051
mourn,-0.435,0.363,0.074
mournful,-0.413,0.178,0.030
mourning,-0.335,0.217,0.001
mouse,-0.277,-0.000,0.136
mousetrap,-0.214,0.323,0.042
mousse,-0.122,-0.194,0.051
moustache,-0.207,-0.164,-0.095
mousy,-0.168,-0.052,0.054
mouth,-0.101,-0.318,0.113
mouthful,0.005,-0.039,0.164
mouthpiece,-0.115,-0.163,0.025
mouthwash,-0.193,-0.041,0.010
movable,-0.011,0.029,-0.010
move,0.271,-0.004,0.038
movement,0.266,0.000,0.050
mover,0.051,-0.058,0.100
movie,0.153,-0.171,0.192
movies,0.056,-0.214,0.086
moving,-0.031,0.128,0.182
movingforward,0.438,-0.231,-0.059
movingon,-0.038,0.024,0.056
mow,-0.089,0.094,0.068
mower,-0.112,0.032,0.076
moxie,-0.086,-0.035,0.102
mozzarella,-0.152,-0.279,0.055
mri,-0.210,0.044,0.002
muchneeded,-0.015,0.113,0.057
mucis,-0.148,0.014,-0.038
muck,-0.278,0.048,0.042
mucked,-0.249,0.223,-0.064
mucous,-0.332,-0.026,-0.050
mucus,-0.466,0.115,-0.087
mud,-0.426,-0.058,0.006
muddle,-0.176,0.366,0.076
muddled,-0.241,0.250,0.106
muddy,-0.309,0.072,-0.004
muff,-0.193,-0.152,0.058
muffin,-0.082,-0.190,0.184
muffled,-0.149,-0.105,-0.048
muffler,-0.149,0.037,-0.087
mug,-0.201,-0.232,-0.054
mugger,-0.020,0.512,0.012
mulberry,-0.205,-0.111,-0.020
mulch,-0.226,0.008,-0.067
mule,-0.346,0.007,-0.005
mull,0.073,-0.224,-0.074
mullet,-0.147,-0.120,0.016
multilateral,0.133,-0.013,-0.158
multimedia,0.080,-0.151,-0.080
multinational,0.330,-0.091,-0.155
multiple,0.141,-0.105,0.028
multiple sclerosis,-0.126,0.285,-0.090
multiplex,0.219,-0.010,-0.013
multiplication,0.293,-0.050,-0.075
multiplicity,0.284,-0.123,-0.111
multiplied,0.344,-0.168,0.019
multiplier,0.300,-0.014,-0.035
multiply,0.410,-0.120,0.022
multitude,0.409,0.153,-0.065
mum,0.206,-0.336,-0.092
mumble,-0.315,0.101,0.046
mumbo,-0.151,0.048,0.082
mummy,-0.069,0.129,0.059
mumps,-0.380,0.220,-0.110
munch,-0.134,-0.186,-0.056
munchies,0.010,-0.066,0.020
munchkin,-0.113,-0.022,0.064
mundane,-0.146,0.080,-0.120
municipal,0.196,-0.155,-0.178
municipality,0.012,-0.197,-0.165
mural,-0.120,-0.201,-0.072
murder,0.076,0.627,-0.048
murderer,0.084,0.678,-0.087
murderess,-0.045,0.634,0.047
murderous,0.101,0.660,-0.116
murky,-0.216,0.334,-0.017
murmur,-0.229,0.031,0.198
muscle,0.030,0.101,-0.173
muscular,0.040,-0.065,-0.074
muse,0.069,-0.284,0.042
muses,0.126,-0.197,0.018
museum,-0.009,-0.415,-0.007
mush,-0.362,-0.146,0.155
mushroom,-0.280,-0.158,0.031
mushy,-0.364,-0.235,0.065
music,0.272,-0.193,0.121
musical,0.287,-0.204,0.245
musician,0.247,-0.217,0.075
musing,-0.073,-0.416,-0.051
musk,-0.072,-0.011,-0.007
musket,-0.039,0.280,-0.038
musketeer,0.278,-0.084,-0.011
muskrat,-0.121,0.045,0.067
muslin,-0.231,-0.097,-0.034
muss,-0.214,0.008,0.063
must,-0.145,-0.017,-0.068
mustang,0.285,0.009,-0.001
mustard,-0.237,-0.116,0.071
muster,0.083,-0.123,0.010
musty,-0.305,0.004,0.018
mutable,-0.029,0.075,-0.012
mutant,0.056,0.242,-0.032
mutate,-0.113,0.190,-0.053
mutation,0.073,0.189,-0.073
mute,-0.438,-0.052,-0.101
muted,-0.523,-0.070,-0.063
mutilate,-0.021,0.545,0.063
mutilated,-0.170,0.561,0.066
mutilation,-0.085,0.466,0.003
mutiny,0.134,0.399,0.094
mutt,-0.167,-0.009,-0.011
mutter,-0.279,0.006,0.103
mutton,-0.218,-0.101,-0.079
mutual,0.002,-0.291,0.037
mutually,0.226,-0.252,0.103
muzzle,-0.283,0.021,0.093
myfavorite,0.280,-0.161,0.117
myopia,-0.379,0.095,0.005
myopic,-0.332,0.029,0.063
myriad,-0.008,-0.032,-0.083
mysterious,0.037,0.173,0.115
mystery,0.052,0.176,0.038
mystic,0.106,-0.088,0.055
mystical,0.156,-0.099,-0.116
mysticism,0.038,-0.004,0.152
mystified,-0.023,0.182,-0.026
mystique,0.268,-0.023,0.038
myth,-0.171,-0.023,0.055
mythic,0.185,-0.072,-0.020
mythical,0.149,-0.048,0.033
mythological,0.279,-0.131,0.055
mythology,0.198,-0.167,-0.075
nab,-0.062,0.049,0.073
nacho,-0.153,-0.294,0.064
nada,-0.517,-0.020,-0.015
nadir,-0.131,-0.082,-0.032
nag,-0.158,0.131,-0.117
nail,-0.223,-0.058,0.079
nail gun,0.139,0.302,0.058
naive,-0.252,-0.103,-0.090
naked,-0.058,0.384,0.271
nakedness,0.006,0.187,0.236
namaste,-0.034,-0.329,-0.004
name,-0.121,-0.194,-0.015
named,0.028,-0.114,-0.072
nameless,-0.426,-0.053,0.037
namesake,-0.193,-0.064,-0.067
naming,0.083,-0.180,-0.010
nana,-0.076,-0.366,0.079
nanny,0.015,-0.172,-0.035
nanometer,-0.170,-0.011,-0.101
nap,-0.227,-0.399,-0.034
napalm,-0.100,0.224,-0.049
nape,-0.293,-0.116,-0.022
napkin,-0.397,-0.237,-0.009
napping,-0.225,-0.513,0.013
nappy,-0.278,-0.149,0.125
narcissism,-0.047,0.304,-0.088
narcissist,-0.015,0.321,-0.183
narcissistic,0.123,0.278,-0.078
narcotic,-0.063,0.532,0.039
narrate,-0.009,-0.045,0.027
narration,0.054,-0.149,-0.027
narrative,-0.096,-0.196,-0.030
narrator,0.142,-0.168,-0.040
narrow,-0.287,0.077,-0.087
narrowing,-0.132,0.164,0.079
nasal,-0.210,-0.102,0.020
nascent,0.092,-0.217,-0.040
nasty,-0.305,0.351,0.044
natal,0.095,-0.211,0.114
nation,0.252,-0.093,-0.207
national,0.152,-0.229,-0.091
nationality,0.220,-0.160,-0.174
nationwide,0.081,-0.321,-0.185
native,0.182,-0.142,-0.122
nativity,0.172,-0.286,-0.088
natural,-0.020,-0.520,-0.026
natural gas,-0.092,-0.223,0.040
naturalist,0.099,-0.415,-0.012
naturalization,0.144,-0.349,-0.091
naturalized,0.122,-0.299,-0.035
naturally,0.105,-0.408,0.014
nature,0.130,-0.470,-0.100
naught,-0.478,-0.125,-0.018
naughty,0.053,0.276,0.260
nausea,-0.227,0.470,0.120
nauseate,-0.376,0.413,0.101
nauseating,-0.353,0.432,0.020
nauseous,-0.204,0.448,0.127
nautical,0.010,-0.274,-0.121
nautilus,-0.035,0.082,-0.056
naval,0.126,-0.058,-0.131
nave,0.078,-0.092,-0.047
navel,-0.302,-0.137,-0.001
navigable,0.184,-0.239,-0.032
navigate,0.272,-0.128,0.024
navigation,0.315,-0.258,-0.005
navigational,0.073,-0.063,-0.019
navigator,0.174,0.009,0.005
navy,0.331,0.168,-0.025
nay,-0.305,-0.039,-0.068
nearsighted,-0.345,0.068,-0.017
neat,0.055,-0.456,0.043
neatly,0.172,-0.275,0.036
nebula,-0.079,-0.066,0.003
nebulae,-0.107,-0.111,-0.078
nebulous,-0.149,-0.087,-0.041
necessarily,0.117,-0.170,-0.029
necessary,0.222,-0.219,-0.040
necessitate,0.100,0.016,0.083
necessities,0.045,0.074,0.106
necessity,0.083,-0.065,-0.044
neck,-0.214,-0.212,-0.012
necklace,-0.061,-0.335,0.100
necktie,-0.223,-0.255,0.020
necromancer,0.003,0.209,-0.036
necrosis,-0.217,0.358,-0.038
nectar,-0.032,-0.299,0.096
need,-0.177,0.031,0.252
needalife,-0.109,-0.037,0.037
needed,0.142,-0.229,-0.125
needful,0.104,-0.082,-0.061
needit,-0.242,0.155,-0.035
needle,-0.239,0.156,-0.038
needlepoint,0.117,-0.108,0.035
needles,-0.186,0.245,0.041
needless,-0.358,0.033,0.061
needtoknow,-0.005,0.125,0.041
needtorelax,-0.107,-0.178,0.205
needy,-0.278,0.057,0.082
nefarious,-0.032,0.381,-0.050
negation,-0.288,0.142,0.002
negative,-0.420,0.293,0.048
negativity,-0.374,0.322,-0.043
neglect,-0.447,0.349,0.042
neglected,-0.415,0.072,0.062
neglecting,-0.385,0.181,-0.001
negligee,-0.167,0.090,0.069
negligence,-0.350,0.333,0.015
negligent,-0.301,0.288,0.052
negligently,-0.351,0.368,-0.006
negligible,-0.454,0.079,-0.083
negotiable,0.301,-0.068,-0.023
negotiate,0.350,0.074,-0.018
negotiation,0.215,0.096,-0.099
negotiator,0.283,-0.104,-0.169
negro,-0.164,0.013,-0.115
neigh,-0.085,0.181,0.107
neighbor,0.005,-0.152,0.092
neighborhood,-0.164,0.056,0.016
neighboring,-0.029,-0.247,-0.018
nemesis,0.082,0.302,-0.108
neon,-0.050,-0.087,0.117
neonatal,-0.069,-0.017,0.134
neophyte,-0.237,0.057,-0.116
neoprene,-0.156,0.097,-0.075
nephew,-0.033,-0.274,0.077
nepotism,-0.023,0.168,-0.038
nerd,-0.189,0.046,0.073
nerdy,-0.369,-0.030,-0.088
nerve,-0.230,0.397,0.064
nerves,-0.119,0.306,0.237
nervous,-0.187,0.400,0.245
nervousness,-0.157,0.519,0.244
nervouswreck,-0.250,0.520,0.236
nervy,-0.154,0.397,0.239
ness,-0.140,0.057,0.014
nest,-0.161,-0.335,0.052
nestle,-0.117,-0.228,0.039
nestling,-0.138,-0.135,0.157
net,-0.191,-0.107,-0.086
nether,-0.416,0.016,-0.086
netting,-0.000,0.105,-0.117
nettle,-0.138,-0.054,-0.134
network,-0.087,-0.136,-0.050
networking,0.086,-0.101,0.019
neural,-0.074,-0.115,0.074
neuralgia,-0.149,0.435,-0.041
neurological,0.061,0.030,-0.018
neurologist,0.224,-0.068,-0.111
neurology,0.055,0.059,-0.054
neurosis,-0.121,0.453,0.021
neurosurgeon,0.312,0.065,-0.038
neurosurgery,0.224,0.108,-0.091
neurotic,-0.088,0.421,0.098
neuter,-0.244,-0.328,0.011
neutral,-0.270,-0.201,-0.088
neutrality,-0.204,-0.184,-0.130
neutralize,0.102,-0.099,-0.216
neutron,0.085,-0.011,-0.171
new,0.262,-0.305,0.138
new age,0.288,-0.092,-0.033
newbeginnings,0.222,-0.140,0.190
newborn,0.154,-0.253,0.332
newcomer,-0.072,-0.175,0.065
newday,0.205,-0.323,0.024
newfound,0.252,-0.010,0.235
newjob,0.361,-0.076,0.042
newlife,0.413,-0.179,0.132
newly,0.094,-0.187,0.012
newlywed,0.322,-0.106,0.230
newme,0.115,-0.068,0.077
newness,0.194,-0.155,0.066
news,0.184,-0.036,0.032
newscast,0.175,-0.007,-0.128
newscaster,0.268,-0.087,-0.106
newsflash,0.130,0.020,0.112
newsletter,-0.002,-0.168,0.003
newsman,0.184,-0.081,-0.096
newspaper,-0.094,-0.226,-0.031
newspaperman,0.191,-0.062,-0.166
newsreel,0.152,-0.038,0.046
newsroom,0.078,-0.090,-0.153
newsstand,-0.194,-0.282,0.017
newstart,0.276,-0.204,0.035
newt,-0.049,-0.051,-0.114
newyear,0.368,-0.120,0.351
nexus,-0.129,-0.092,-0.013
nib,-0.167,-0.161,-0.049
nibble,-0.015,-0.006,0.114
nice,0.295,-0.345,0.071
niche,-0.194,-0.038,0.058
nichts,-0.215,-0.079,-0.092
nick,-0.109,-0.121,0.043
nickel,-0.136,-0.117,-0.014
nickname,-0.191,-0.024,0.142
nicotine,-0.119,0.264,-0.031
niece,-0.024,-0.324,0.100
nifty,0.464,0.009,0.031
nigh,-0.178,-0.313,0.031
night,-0.070,-0.147,0.056
nightcap,-0.189,-0.400,0.114
nightclub,0.359,0.054,0.340
nightfall,-0.089,-0.040,0.011
nightgown,-0.154,-0.178,0.191
nightie,-0.152,-0.181,0.157
nightingale,0.040,-0.284,0.030
nightlife,0.163,0.165,0.168
nightly,0.024,-0.188,0.052
nightmare,-0.145,0.569,-0.024
nightmares,-0.035,0.605,0.077
nightstand,-0.307,-0.255,-0.087
nightstick,-0.129,-0.033,0.084
nighttime,0.018,-0.252,0.092
nihilism,-0.160,0.097,0.036
nil,-0.525,-0.106,-0.061
nimble,0.470,-0.072,0.099
nimrod,-0.058,0.127,-0.109
nincompoop,-0.196,0.044,-0.011
nine,-0.216,-0.214,0.011
nineteen,-0.098,-0.266,0.062
ninety,-0.129,-0.092,-0.048
ninja,0.317,0.214,0.082
ninny,-0.291,-0.003,-0.028
nintendo,0.158,-0.171,0.208
ninth,-0.218,-0.196,-0.090
nip,-0.184,0.286,0.167
nipper,-0.227,0.021,0.029
nipple,0.065,0.208,0.205
nippy,-0.041,-0.033,0.077
nitrate,-0.101,0.016,-0.105
nitro,0.171,0.107,-0.016
nitrogen,-0.023,0.011,-0.113
nitrous,-0.068,0.085,0.064
nitwit,-0.387,0.314,0.137
nix,-0.212,0.036,-0.080
no anticipation,-0.177,0.055,0.049
no disgust,-0.117,-0.131,-0.055
no emotion,-0.550,-0.042,-0.181
no sentiment,-0.420,0.204,-0.106
no surprise,-0.359,0.044,-0.247
no trust,-0.424,0.274,-0.075
nobility,0.269,-0.344,-0.081
noble,0.208,-0.396,0.034
nobleman,0.136,-0.265,-0.177
nobodycares,-0.216,0.029,-0.013
nocomplaints,-0.079,-0.360,-0.092
nocturnal,-0.008,-0.031,0.045
nod,-0.072,-0.160,0.021
nodding,-0.055,-0.285,0.032
node,-0.228,-0.039,-0.039
nodular,-0.167,-0.062,-0.049
nodule,-0.238,0.079,-0.026
noggin,-0.113,-0.058,0.050
nohope,-0.261,0.171,-0.096
noir,-0.211,0.012,-0.024
noise,-0.018,0.433,0.171
noisy,0.079,0.383,0.019
nomad,-0.152,0.028,-0.061
nomadic,-0.084,0.063,0.029
nomenclature,-0.079,-0.188,-0.203
nominal,-0.100,-0.242,-0.066
nominate,0.166,-0.096,-0.077
nomination,0.288,-0.015,0.018
nominee,0.332,-0.020,-0.037
nonce,-0.190,-0.038,-0.023
nonchalant,-0.280,0.002,-0.099
noncompliance,-0.321,0.338,0.034
nondescript,-0.147,-0.045,0.064
nonexistent,-0.433,0.147,0.064
nonfat,-0.179,-0.247,0.029
nonfiction,-0.175,-0.077,-0.089
nonpayment,-0.276,0.194,0.015
nonresident,-0.344,0.062,-0.070
nonsense,-0.377,0.214,0.118
nonsensical,-0.496,0.064,-0.071
nonviolent,-0.144,-0.255,0.057
noob,-0.244,0.002,0.083
noodle,-0.269,-0.304,0.098
nook,-0.243,-0.118,0.034
noon,-0.047,-0.130,-0.083
noose,-0.290,-0.041,-0.061
nopoint,-0.330,0.033,-0.075
noregrets,-0.081,0.003,0.023
norm,-0.102,-0.175,-0.157
normal,-0.146,-0.436,-0.006
normalcy,0.072,-0.456,-0.127
normality,-0.097,-0.489,-0.051
north,-0.138,-0.193,-0.084
northbound,0.023,-0.107,0.031
northeast,-0.174,-0.216,-0.015
northern,-0.062,-0.162,-0.034
northwest,-0.058,-0.184,-0.001
northwestern,-0.131,-0.120,-0.089
noschool,-0.140,-0.067,0.023
nose,-0.254,-0.229,0.090
nosebleed,-0.142,0.435,0.080
nosey,-0.238,0.257,0.168
nosnow,-0.202,-0.001,-0.017
nostalgia,-0.236,-0.059,-0.018
nostalgic,-0.321,-0.086,0.116
nostress,-0.092,-0.092,0.021
nostril,-0.231,0.001,0.025
nosun,-0.221,-0.008,-0.016
nosy,-0.124,0.188,-0.022
not negative,-0.090,-0.249,-0.028
not positive,-0.477,0.224,-0.104
notable,0.247,-0.214,-0.038
notables,0.283,0.017,-0.072
notably,0.298,-0.180,0.028
notamorningperson,-0.022,0.074,0.069
notary,0.124,-0.056,-0.128
notation,0.052,-0.178,-0.041
notch,-0.190,-0.072,0.003
notched,-0.100,0.029,0.106
note,-0.175,-0.304,-0.081
notebook,-0.227,-0.195,-0.166
noted,-0.025,-0.166,0.016
noteworthy,0.280,-0.150,-0.091
nothappy,-0.518,0.143,-0.056
nothingbetter,0.046,-0.172,-0.025
nothingness,-0.594,-0.090,-0.137
notice,0.022,-0.169,0.026
noticeable,0.405,-0.229,0.048
notification,0.157,-0.095,-0.089
notify,0.110,-0.120,0.002
notion,0.073,-0.223,-0.179
notional,-0.091,-0.161,-0.106
notoriety,0.284,0.066,-0.088
notorious,0.051,0.158,-0.094
notready,-0.451,0.184,-0.020
notwithstanding,-0.203,-0.033,-0.118
nought,-0.564,-0.157,-0.044
noun,-0.130,-0.209,-0.116
nourish,0.270,-0.295,0.063
nourishment,0.137,-0.346,-0.068
nouveau,-0.013,-0.142,0.077
novel,-0.014,-0.251,0.058
novelist,-0.134,0.009,-0.182
novelty,0.270,-0.100,-0.071
novice,-0.341,-0.068,0.103
nowadays,-0.056,-0.241,0.071
nowork,-0.345,-0.035,-0.087
noworries,0.018,-0.162,0.009
noxious,-0.208,0.287,-0.025
nozzle,-0.266,-0.081,0.025
nuance,-0.214,-0.087,-0.101
nuances,-0.045,-0.078,-0.091
nuclear,0.233,0.461,-0.134
nucleus,0.038,-0.154,-0.212
nude,-0.024,0.280,0.428
nudge,-0.019,0.038,-0.031
nudie,-0.078,0.015,0.103
nudist,0.099,0.247,0.144
nudity,0.076,0.284,0.221
nugget,-0.136,-0.191,0.066
nuisance,-0.197,0.425,0.217
nuke,0.277,0.566,-0.215
nul,-0.320,0.010,0.007
null,-0.544,-0.079,-0.071
nullify,-0.259,0.085,-0.114
numb,-0.341,0.222,-0.129
number,-0.196,-0.119,-0.171
numbering,-0.074,-0.102,-0.057
numbers,-0.214,-0.113,-0.145
numbness,-0.316,0.060,0.014
numbskull,-0.269,0.116,0.038
numeral,-0.162,-0.234,-0.013
numerator,-0.074,-0.118,-0.122
numerical,-0.083,-0.107,-0.119
numerically,-0.073,-0.120,-0.084
numerous,0.121,-0.110,-0.037
nun,-0.235,-0.245,-0.126
nunchucks,-0.024,0.174,-0.052
nunnery,-0.070,-0.294,-0.052
nuptials,0.228,-0.132,0.129
nurse,0.120,-0.043,0.093
nursemaid,-0.022,-0.133,0.062
nursery,0.071,-0.355,0.214
nursing,0.160,0.003,-0.054
nurture,0.177,-0.255,-0.057
nut,-0.339,-0.044,0.004
nutcase,-0.150,0.334,0.214
nutcracker,0.025,-0.181,-0.017
nuthouse,-0.115,0.121,-0.017
nutmeg,-0.136,-0.240,0.060
nutrition,0.211,-0.330,0.086
nutritional,0.238,-0.283,-0.023
nutritious,0.200,-0.347,-0.036
nutritive,0.270,-0.318,0.022
nuts,-0.224,-0.249,0.053
nutshell,-0.203,-0.042,0.060
nutty,-0.281,-0.095,0.031
nylon,-0.247,-0.137,0.030
nylong,-0.259,-0.136,-0.064
nylons,-0.160,-0.132,0.085
nymph,0.014,-0.012,0.055
nymphomaniac,0.163,0.347,0.141
oaf,-0.269,0.007,-0.035
oak,-0.055,-0.234,-0.124
oar,-0.200,-0.060,0.053
oasis,-0.008,-0.367,0.072
oat,-0.243,-0.324,0.018
oath,0.311,0.062,-0.140
oatmeal,-0.289,-0.290,0.055
obedience,0.056,-0.337,-0.014
obedient,0.009,-0.437,-0.044
obediently,0.112,-0.350,-0.015
obelisk,0.077,-0.134,-0.066
obese,-0.399,0.205,-0.043
obesity,-0.329,0.109,-0.089
obey,0.080,-0.173,0.026
obi,-0.105,-0.021,0.013
obit,-0.140,0.036,0.011
obituary,-0.292,0.105,-0.189
object,-0.144,-0.127,0.023
objection,0.119,0.183,-0.167
objectionable,-0.035,-0.049,-0.124
objective,0.204,-0.264,-0.144
objectivity,0.252,-0.230,-0.056
obligation,0.065,0.277,-0.231
obligatory,0.155,0.179,-0.232
oblige,0.102,0.349,-0.036
obliged,-0.065,0.245,0.077
obliging,0.105,-0.239,0.030
obligor,-0.152,0.206,0.056
oblique,-0.137,-0.062,-0.082
obliterate,-0.056,0.211,-0.146
obliterated,-0.257,0.160,-0.034
obliteration,-0.177,0.313,-0.017
oblivion,-0.412,0.125,-0.108
oblivious,-0.293,0.113,-0.091
oblong,-0.085,-0.081,0.094
obnoxious,-0.333,0.358,0.027
oboe,-0.150,-0.122,-0.008
obscene,-0.217,0.488,0.023
obscenity,-0.103,0.535,0.044
obscure,-0.201,0.120,0.119
obscured,-0.407,0.171,-0.123
obscurity,-0.284,0.132,-0.116
observance,0.022,-0.144,-0.177
observant,0.233,-0.218,-0.071
observation,0.155,-0.135,-0.088
observatory,0.154,-0.215,-0.187
observe,-0.019,-0.278,0.166
observer,0.090,-0.208,-0.068
observing,0.127,-0.121,-0.142
obsess,-0.021,0.520,-0.003
obsessed,-0.022,0.435,0.093
obsessing,0.111,0.433,-0.144
obsession,0.082,0.438,0.011
obsessive,-0.000,0.425,0.056
obsolescence,-0.247,0.128,-0.072
obsolete,-0.348,-0.016,-0.003
obstacle,-0.167,0.350,0.085
obstetrician,0.151,0.083,0.013
obstetrics,0.100,0.038,0.015
obstinate,-0.038,0.394,-0.105
obstruct,-0.146,0.387,-0.068
obstruction,-0.078,0.438,-0.041
obstructive,0.006,0.322,-0.137
obtain,0.267,-0.221,-0.068
obtainable,0.152,-0.239,-0.149
obtuse,-0.240,0.124,-0.020
obverse,-0.092,-0.053,-0.047
obvious,0.045,-0.200,-0.088
ocarina,-0.128,-0.110,0.053
occasion,0.002,-0.183,0.139
occasional,-0.183,-0.137,-0.037
occasionally,-0.276,-0.217,0.039
occipital,-0.082,0.011,-0.111
occlusion,-0.168,0.096,-0.086
occult,-0.228,0.065,-0.099
occupancy,0.208,-0.101,-0.108
occupant,-0.052,-0.058,-0.033
occupation,0.155,-0.057,-0.119
occupational,0.096,-0.077,-0.043
occupied,-0.102,0.147,-0.012
occupier,0.006,0.014,-0.137
occupy,0.022,0.093,-0.100
occupying,0.032,-0.078,0.001
occur,0.012,0.078,0.003
occurrence,0.157,0.080,0.110
ocd,-0.191,0.096,-0.005
ocean,0.172,-0.360,-0.048
oceanic,0.127,-0.294,-0.076
octagon,-0.049,-0.179,-0.007
octave,-0.101,-0.039,-0.083
octopus,-0.017,-0.242,0.097
ocular,-0.175,-0.035,-0.041
odd,-0.338,0.049,-0.065
oddball,-0.262,0.031,-0.066
oddity,-0.149,0.170,0.020
odds,0.117,-0.012,-0.139
ode,-0.045,-0.234,-0.089
odious,-0.224,0.324,0.169
odometer,-0.162,0.071,-0.003
odor,-0.216,0.019,-0.086
odyssey,0.304,0.053,0.018
oedipal,-0.051,0.188,-0.055
oestrogen,0.106,0.062,0.027
oeuvre,0.139,-0.117,-0.003
offal,-0.256,0.114,0.025
offence,0.010,0.339,0.110
offend,-0.178,0.496,0.087
offended,-0.183,0.350,0.067
offender,-0.003,0.530,-0.023
offense,-0.001,0.378,0.009
offensive,0.073,0.532,-0.035
offer,0.311,-0.008,0.187
offered,0.068,-0.064,0.004
offering,0.137,-0.159,0.011
offhand,-0.151,0.075,0.037
office,-0.125,-0.083,-0.149
officer,0.260,-0.062,-0.278
offices,-0.081,-0.106,-0.141
official,0.345,-0.047,-0.124
officiate,0.219,-0.160,-0.076
offing,-0.085,-0.056,-0.016
offload,-0.019,-0.022,-0.058
offset,0.206,-0.223,-0.093
offshoot,-0.173,-0.135,0.011
offshore,-0.092,0.047,-0.008
offside,-0.120,0.139,-0.035
offspring,0.119,-0.153,-0.030
oft,-0.111,-0.133,-0.087
oftentimes,0.022,-0.052,0.046
ogre,-0.080,0.401,-0.073
ohdear,-0.054,0.041,0.030
ohgod,-0.017,0.037,0.073
ohno,-0.151,0.053,0.019
ohshit,-0.203,0.253,0.030
oil,-0.236,-0.176,0.023
oils,-0.229,-0.162,-0.092
oily,-0.179,0.180,-0.010
oink,-0.177,-0.043,0.118
ointment,-0.214,-0.117,-0.084
okra,-0.163,-0.052,0.026
old,-0.284,-0.095,-0.036
olden,-0.299,-0.045,-0.208
older,-0.307,-0.093,-0.062
oldie,-0.248,-0.002,-0.031
oldies,-0.190,-0.097,-0.078
olfactory,-0.028,-0.139,0.032
oligarchy,0.120,0.182,-0.212
olive,-0.161,-0.241,-0.048
omega,-0.045,-0.132,-0.093
omelet,-0.115,-0.280,0.131
omen,0.080,0.191,-0.024
omgomgomg,-0.083,0.036,0.121
ominous,-0.005,0.336,0.001
omission,-0.309,-0.028,0.000
omit,-0.232,-0.041,-0.175
omitted,-0.455,-0.021,-0.060
omnibus,-0.068,-0.056,-0.035
omnipotence,0.488,0.097,-0.012
omnipotent,0.498,-0.017,-0.086
omnipresent,0.306,-0.155,-0.160
omniscient,0.199,-0.215,-0.207
onboard,0.026,-0.115,0.033
oncologist,0.055,0.286,-0.127
oncology,-0.184,0.162,-0.183
oncoming,0.304,0.030,-0.075
one,-0.173,-0.179,-0.004
oneday,-0.130,-0.302,0.028
onedge,-0.058,0.047,0.087
onelove,0.224,-0.174,0.165
oneness,0.172,-0.325,-0.159
onerous,-0.037,-0.015,0.015
oneself,-0.011,-0.229,-0.001
ongoing,0.119,-0.134,0.036
onion,-0.210,-0.008,-0.049
onset,0.085,-0.127,0.081
onslaught,0.216,0.530,-0.054
onstage,0.252,-0.036,0.142
ontology,-0.006,-0.041,-0.035
onus,0.235,-0.020,-0.145
onward,0.276,-0.084,-0.065
onyx,-0.070,-0.083,0.095
oodles,-0.104,-0.082,-0.036
oomph,-0.105,0.107,0.165
ooze,-0.162,0.159,0.083
oozing,-0.176,0.197,-0.067
op,-0.166,-0.059,0.041
opacity,-0.310,-0.161,0.019
opal,-0.036,-0.109,0.131
opaque,-0.304,-0.056,-0.094
ope,-0.196,0.003,-0.053
open,0.100,-0.098,-0.001
opener,-0.035,-0.048,0.139
opening,0.175,-0.109,0.003
openly,0.036,-0.149,-0.048
openness,0.318,-0.195,0.079
opera,0.094,-0.156,0.114
operate,0.270,0.080,0.011
operatic,0.007,0.063,-0.173
operation,0.225,0.106,-0.127
operational,0.194,0.011,-0.055
operations,0.229,0.061,-0.188
operative,0.243,0.073,-0.057
operator,0.281,0.018,-0.031
ophthalmic,-0.132,-0.029,-0.059
ophthalmologist,-0.034,-0.114,-0.029
opiate,0.007,0.227,-0.121
opinion,0.138,-0.074,-0.060
opinionated,-0.035,0.455,0.005
opium,-0.237,0.148,0.003
opponent,0.062,0.479,-0.218
opportune,0.359,-0.176,-0.022
opportunism,0.281,0.130,0.052
opportunity,0.576,-0.134,0.114
oppose,0.089,0.255,0.149
opposed,-0.146,0.272,-0.290
opposing,-0.066,0.337,-0.074
opposite,-0.177,0.219,-0.039
opposites,-0.128,0.169,-0.069
opposition,-0.006,0.426,-0.113
oppress,-0.043,0.336,-0.104
oppressed,-0.297,0.362,0.060
oppression,-0.043,0.428,-0.186
oppressive,0.052,0.231,-0.173
oppressor,0.056,0.442,-0.101
ops,0.003,0.096,-0.032
opt,-0.121,-0.034,0.096
optic,0.094,-0.194,-0.050
optical,0.028,-0.256,-0.047
optics,-0.014,-0.189,-0.142
optimism,0.482,-0.267,0.034
optimist,0.413,-0.232,0.003
optimistic,0.509,-0.278,0.052
optimum,0.403,-0.292,-0.041
option,-0.131,-0.065,0.063
optional,0.012,-0.290,0.082
optionally,-0.126,0.031,-0.103
options,-0.042,-0.209,-0.017
optometrist,0.073,0.015,-0.166
opulence,0.222,-0.001,0.018
opulent,0.223,0.072,0.007
opus,-0.163,-0.065,-0.017
oracle,0.164,-0.009,-0.075
oral,-0.100,-0.063,0.072
orange,-0.251,-0.368,0.010
orange juice,-0.006,-0.269,0.057
orangutan,-0.027,0.091,0.019
oration,0.117,-0.225,-0.157
orator,0.155,-0.199,-0.114
oratory,0.177,-0.085,-0.099
orb,-0.121,-0.065,-0.050
orbit,0.047,-0.095,-0.065
orbital,-0.002,-0.001,-0.087
orbiting,0.117,0.086,0.050
orbs,-0.098,-0.078,-0.081
orc,-0.206,0.190,-0.042
orchard,-0.102,-0.354,0.114
orchestra,0.222,-0.143,-0.013
orchid,0.010,-0.358,0.159
ordained,0.241,-0.223,-0.096
ordeal,-0.038,0.141,-0.073
order,0.269,-0.330,-0.194
orderly,0.163,-0.421,-0.088
ordinance,0.234,-0.104,-0.161
ordinary,-0.307,-0.048,-0.015
ordination,0.281,-0.132,-0.098
ordnance,0.212,0.337,-0.016
ore,-0.184,-0.121,0.008
oregano,-0.216,-0.199,0.124
organ,0.018,-0.027,-0.038
organic,0.059,-0.265,-0.005
organism,0.224,0.085,-0.195
organist,0.227,-0.188,-0.018
organization,0.425,-0.185,-0.074
organize,0.428,-0.100,0.035
organized,0.257,-0.330,-0.107
organizer,0.339,-0.007,-0.147
orgasm,0.472,0.009,0.241
orgies,0.112,0.390,0.240
orgy,0.170,0.431,0.153
orient,0.167,-0.167,-0.078
oriental,0.073,-0.125,-0.073
orientation,0.196,-0.145,-0.073
orifice,-0.137,-0.065,-0.065
origami,-0.165,-0.296,0.108
origin,0.149,-0.207,0.012
original,0.300,-0.195,-0.054
originality,0.433,-0.274,-0.033
originate,0.365,-0.130,-0.155
origination,0.177,-0.223,0.022
originator,0.317,-0.044,-0.204
ornament,-0.073,-0.134,0.001
ornamental,0.001,-0.194,0.047
ornamentation,0.047,-0.139,0.082
ornamented,0.009,-0.232,0.010
ornate,0.086,-0.325,0.071
ornery,-0.053,0.115,-0.062
orphan,-0.497,0.173,0.012
orphanage,-0.241,0.183,-0.133
orphaned,-0.448,0.257,-0.060
orthodontist,0.086,0.104,0.004
orthodox,0.037,0.067,-0.170
orthodoxy,-0.087,0.093,-0.248
orthogonal,-0.060,-0.126,-0.129
orthopedic,-0.140,-0.039,-0.110
oscillate,-0.062,0.088,0.090
oscillating,-0.064,0.051,0.079
oscillation,-0.051,-0.094,0.041
oscillatory,-0.067,0.103,-0.035
ostensible,0.106,0.007,-0.012
ostensibly,0.007,0.040,-0.003
ostentatious,0.237,0.224,0.048
ostracized,-0.190,0.404,0.004
ostrich,-0.198,-0.159,0.158
other,-0.317,-0.176,0.006
otter,-0.283,-0.158,-0.073
otto,-0.142,-0.003,-0.010
ottoman,-0.103,-0.137,-0.035
ought,-0.073,0.050,0.022
ounce,-0.255,-0.200,0.027
oust,-0.039,0.294,0.059
outage,-0.054,0.265,0.050
outback,-0.135,-0.124,-0.048
outbid,0.134,0.018,0.084
outboard,-0.062,0.030,0.001
outbreak,-0.077,0.263,-0.023
outburst,0.020,0.420,0.006
outcast,-0.304,0.210,-0.092
outcome,0.178,-0.095,-0.088
outcry,0.174,0.363,-0.111
outdated,-0.490,0.047,-0.114
outdo,0.524,-0.008,0.009
outdoor,0.001,-0.398,0.054
outdoors,0.079,-0.244,0.136
outer,-0.020,-0.059,0.039
outfit,0.172,-0.192,0.074
outgoing,0.089,-0.126,0.030
outgrow,0.179,0.022,-0.132
outgrowth,0.328,-0.105,0.066
outhouse,-0.277,0.161,0.075
outing,0.314,-0.072,0.131
outlandish,0.201,0.208,-0.004
outlast,0.330,0.118,0.086
outlaw,-0.058,0.288,-0.016
outlet,-0.180,-0.162,0.172
outline,-0.037,-0.123,-0.060
outlines,0.140,-0.174,-0.083
outlive,0.323,0.148,0.024
outlook,0.267,-0.216,0.085
outlying,0.012,0.072,0.013
outnumber,0.034,0.193,-0.063
outpatient,-0.243,0.100,-0.097
outpost,0.228,-0.041,-0.017
outpouring,0.157,0.085,0.095
output,-0.049,-0.155,0.035
outrage,-0.098,0.450,-0.136
outraged,-0.050,0.386,-0.084
outrageous,0.194,0.567,-0.070
outrank,0.374,0.001,-0.067
outreach,0.126,-0.048,-0.120
outright,0.268,-0.254,-0.105
outrun,0.227,0.210,0.146
outset,0.184,-0.177,0.063
outsider,-0.066,0.105,0.015
outskirts,-0.140,0.024,0.128
outsmart,0.424,-0.001,-0.082
outspoken,0.120,-0.112,-0.123
outstanding,0.609,-0.092,0.059
outstretched,-0.021,0.025,-0.048
outward,-0.152,-0.011,0.035
outwards,-0.116,0.020,0.025
outweigh,0.172,0.087,-0.077
outwit,-0.081,0.313,0.144
oval,-0.270,-0.099,-0.042
ovary,-0.223,-0.057,0.082
ovate,-0.255,-0.070,-0.081
ovation,0.413,0.030,0.073
oven,0.082,-0.107,-0.074
overactive,0.334,0.148,0.226
overall,0.102,-0.142,-0.148
overalls,-0.144,-0.080,0.029
overbearing,0.332,0.373,-0.152
overburden,-0.037,0.456,-0.077
overcast,-0.179,-0.113,-0.159
overcharged,0.072,0.358,-0.002
overcoat,-0.116,-0.233,-0.035
overcome,0.451,-0.013,-0.032
overcoming,0.554,-0.050,0.064
overcrowded,-0.101,0.164,-0.082
overdo,0.076,0.504,-0.036
overdose,-0.065,0.501,0.010
overdrive,0.172,0.301,-0.137
overdue,-0.396,0.211,-0.053
overestimate,0.035,0.298,0.136
overestimated,0.012,0.215,-0.013
overflow,0.089,0.275,0.110
overflowing,0.209,0.254,0.039
overgrown,-0.178,0.115,0.010
overgrowth,0.222,0.267,-0.001
overhanging,0.446,0.046,0.019
overhaul,0.066,0.104,0.089
overhead,0.045,0.252,0.008
overhear,0.068,-0.198,-0.057
overheated,-0.044,0.250,-0.098
overjoyed,0.487,-0.141,0.133
overkill,0.241,0.344,0.016
overlaid,0.240,-0.003,-0.004
overlap,0.194,0.017,0.020
overlapping,0.218,-0.007,-0.039
overlay,0.258,0.031,-0.088
overload,0.141,0.224,-0.058
overlook,-0.204,0.090,-0.085
overlord,0.559,0.013,-0.039
overlying,0.147,0.021,-0.121
overpaid,0.107,0.172,0.000
overpass,0.107,-0.000,0.018
overplayed,0.067,0.409,-0.029
overpower,0.350,0.297,-0.024
overpowering,0.144,0.274,0.039
overpriced,-0.108,0.203,-0.060
overprotective,0.231,0.167,-0.096
overrated,-0.045,0.225,-0.007
overreact,0.079,0.423,0.152
override,-0.075,0.128,-0.113
overriding,-0.218,0.176,-0.050
overrule,-0.231,0.136,-0.131
overrun,0.083,0.352,-0.033
oversee,0.293,0.085,-0.091
overseer,0.305,-0.008,-0.221
overshadow,0.052,0.161,-0.159
oversight,0.160,0.174,-0.144
oversized,0.174,-0.002,-0.077
overslept,-0.279,-0.069,-0.007
overstate,0.122,0.356,-0.046
overstock,0.031,0.180,-0.086
overt,0.098,-0.266,-0.069
overtake,0.251,0.039,-0.050
overtaken,0.218,-0.023,-0.066
overthemoon,0.072,-0.083,0.098
overthinker,0.053,0.126,-0.011
overthinking,0.097,0.247,0.081
overthrow,0.143,0.432,0.003
overtime,-0.004,0.042,-0.043
overtired,-0.377,0.102,-0.060
overture,-0.058,-0.061,-0.052
overturn,-0.078,0.366,0.092
overview,0.028,-0.164,-0.037
overweight,-0.304,0.319,-0.138
overwhelm,0.002,0.402,0.083
overwhelmed,-0.103,0.233,0.127
overwhelming,0.173,0.359,0.001
overworked,-0.183,0.378,-0.005
overwrought,0.071,0.528,0.005
overzealous,0.256,0.271,-0.009
owe,-0.117,-0.054,0.040
owing,-0.230,-0.063,-0.073
owl,-0.230,-0.181,0.008
owner,0.417,-0.217,-0.185
ownership,0.212,-0.120,-0.135
ox,-0.155,-0.015,-0.036
oxidation,-0.273,-0.037,0.130
oxide,-0.278,0.012,0.002
oxygen,0.167,-0.423,0.040
oxymoron,-0.119,0.035,0.025
oyster,-0.216,-0.138,0.016
ozone,-0.031,-0.149,-0.068
pace,-0.132,-0.095,0.015
pacemaker,0.066,0.089,-0.044
pacific,-0.061,-0.352,-0.202
pacified,-0.058,-0.433,0.037
pacifier,-0.123,-0.198,0.068
pacifist,-0.043,-0.355,-0.150
pacify,0.145,-0.370,-0.058
pacing,0.059,-0.025,0.074
pack,-0.086,-0.114,-0.061
package,-0.038,-0.100,0.037
packaging,0.036,-0.147,-0.042
packer,0.027,-0.027,-0.027
packet,-0.082,-0.143,0.041
pact,0.012,0.007,-0.122
pad,-0.137,-0.293,0.085
padded,-0.178,-0.281,-0.017
padding,-0.074,-0.118,0.027
paddle,-0.107,-0.135,0.035
paddle boat,-0.041,-0.209,0.067
paddock,-0.058,-0.035,-0.035
paddy,-0.128,-0.235,0.098
padlock,-0.155,-0.121,-0.108
padre,0.153,-0.191,-0.064
paean,0.027,-0.006,0.071
pagan,-0.036,0.206,-0.086
paganism,-0.127,0.281,0.013
page,-0.205,-0.328,0.087
pageant,0.298,-0.037,0.092
pager,0.056,0.013,-0.018
pagination,-0.173,-0.090,-0.042
paging,-0.084,-0.104,0.018
pagoda,-0.127,-0.220,-0.053
pail,-0.406,-0.198,0.014
pain,-0.192,0.531,-0.016
pained,-0.374,0.270,-0.013
painful,-0.232,0.485,0.034
painfully,-0.134,0.397,0.020
painkiller,-0.110,-0.121,-0.095
painless,-0.021,-0.432,-0.036
pains,-0.214,0.398,0.001
painstaking,-0.213,-0.043,-0.061
paint,-0.055,-0.233,0.054
paintball,0.201,0.087,0.163
paintbrush,-0.131,-0.350,0.054
painted,-0.052,-0.239,0.041
painter,0.015,-0.221,0.021
painting,-0.060,-0.340,0.159
pair,-0.203,-0.172,0.060
paisley,-0.178,-0.148,0.026
pajama,-0.145,-0.542,0.184
pajamas,-0.220,-0.396,0.088
pal,0.189,-0.273,0.043
palace,0.413,-0.254,-0.023
palatable,0.229,-0.230,0.090
palate,-0.112,-0.200,0.076
pale,-0.409,-0.019,-0.060
paleontology,-0.038,-0.082,-0.215
palette,-0.249,-0.193,0.155
pall,-0.242,0.079,-0.095
palladium,-0.150,-0.066,-0.006
pallet,-0.181,-0.260,0.013
palliative,-0.014,-0.107,-0.047
palm,-0.247,-0.240,-0.042
palmer,-0.183,-0.148,-0.075
palomino,-0.090,-0.192,0.045
palpable,0.031,-0.141,-0.137
palpitations,0.075,0.200,0.051
palsy,-0.435,0.253,-0.037
paltry,-0.218,0.107,0.039
pamper,-0.050,-0.341,0.147
pamphlet,-0.230,-0.201,-0.003
pan,-0.134,-0.394,0.032
panacea,0.007,0.012,-0.156
panache,-0.201,-0.110,0.064
pancake,-0.056,-0.380,0.115
pancakes,0.040,-0.341,0.163
pancreas,-0.207,-0.120,-0.030
panda,-0.142,-0.320,-0.032
pandemic,0.001,0.448,-0.035
pandemonium,0.049,0.461,0.080
pane,-0.217,-0.091,-0.153
panel,-0.155,-0.104,-0.061
pang,-0.164,0.320,-0.086
panhandle,-0.125,-0.009,-0.006
panic,-0.081,0.614,0.098
panicattack,-0.098,0.327,0.084
panicked,-0.158,0.588,0.219
panicking,-0.141,0.550,0.129
panicky,0.036,0.470,0.222
panier,-0.139,-0.080,0.024
panorama,0.153,-0.221,-0.035
panoramic,0.136,-0.049,-0.127
pansy,0.037,-0.256,-0.106
pant,-0.110,0.008,0.018
pantheon,-0.141,0.200,-0.295
panther,0.078,0.215,-0.168
panties,-0.076,-0.056,0.190
pantomime,-0.067,-0.056,0.094
pantry,-0.174,-0.238,0.076
pants,-0.121,-0.256,0.100
panty,-0.140,0.066,0.143
pantyhose,-0.128,-0.034,0.227
pap,-0.221,-0.030,0.054
papa,0.021,-0.222,-0.031
papacy,-0.084,-0.147,-0.175
papal,-0.055,-0.127,-0.151
papaya,-0.173,-0.236,0.094
paper,-0.320,-0.283,-0.053
paperback,-0.179,-0.263,0.066
paperboy,-0.015,-0.023,0.025
paperweight,-0.194,-0.099,-0.112
paperwork,-0.152,-0.066,-0.050
paprika,-0.332,-0.122,-0.013
papyrus,-0.272,-0.157,-0.040
par,-0.055,-0.174,0.034
parable,-0.061,-0.082,-0.105
parabola,0.066,-0.085,-0.110
parabolic,-0.016,0.036,-0.015
parachute,0.214,0.156,0.142
parade,0.240,-0.083,0.234
paradigm,0.204,-0.090,-0.196
paradise,0.420,-0.231,-0.003
paradox,-0.082,0.019,-0.059
paradoxical,-0.073,0.098,0.027
paraffin,-0.250,-0.097,-0.041
paragon,-0.058,-0.041,-0.024
paragraph,-0.323,-0.249,-0.019
parakeet,-0.214,-0.145,0.163
paralegal,-0.011,-0.005,-0.039
parallax,-0.103,-0.029,-0.068
parallel,-0.095,-0.199,-0.061
parallelism,-0.022,-0.129,-0.070
paralysis,-0.313,0.241,-0.030
paralyze,-0.240,0.133,-0.202
paralyzed,-0.381,0.195,0.051
paramedic,0.167,-0.144,-0.030
paramedics,0.188,0.089,-0.105
paramilitary,0.137,0.470,-0.156
paramount,0.481,-0.100,-0.085
paranoia,-0.081,0.487,0.081
paranoid,-0.087,0.556,0.141
paranormal,0.028,0.460,-0.029
parapet,-0.254,-0.072,0.050
paraphernalia,0.086,0.197,0.090
paraphrase,-0.100,-0.088,-0.029
paraplegic,-0.313,0.177,-0.058
parasite,-0.358,0.248,-0.105
parasitic,-0.281,0.398,-0.073
parasol,-0.207,-0.252,0.051
parcel,-0.069,-0.241,0.042
parcels,-0.060,-0.078,0.051
parched,-0.429,-0.012,-0.095
parchment,-0.105,-0.273,-0.062
pardon,0.015,-0.096,-0.051
pare,-0.207,-0.107,0.053
parenchyma,0.020,-0.065,-0.120
parent,0.347,-0.309,-0.177
parentage,0.213,-0.369,0.063
parental,0.188,-0.231,-0.001
parenthesis,-0.199,-0.181,-0.046
parenthetical,-0.167,-0.117,-0.024
parenthood,0.391,-0.079,-0.004
parenting,0.292,-0.204,0.039
pariah,-0.212,0.051,0.081
parietal,-0.096,-0.102,-0.094
paring,-0.191,0.003,0.055
parish,0.088,-0.240,-0.041
parity,-0.071,-0.128,0.052
park,0.020,-0.340,0.125
parka,-0.101,0.005,0.047
parking,0.130,-0.221,0.109
parkinsons,-0.256,0.329,-0.064
parlance,-0.094,-0.112,-0.051
parlay,0.025,0.098,0.057
parliament,0.314,-0.010,-0.190
parliamentary,0.205,0.055,-0.151
parlor,-0.180,-0.125,-0.002
parmesan,-0.072,-0.272,0.079
parody,0.012,0.055,0.198
parole,0.020,0.165,-0.006
parquet,-0.160,-0.212,-0.068
parrot,-0.187,-0.188,0.094
parry,-0.087,-0.076,-0.003
parse,0.084,-0.001,-0.154
parsimonious,-0.170,-0.072,-0.105
parsimony,-0.201,-0.119,-0.077
parsley,-0.330,-0.206,-0.056
parson,0.005,-0.227,-0.176
part,-0.126,-0.277,0.053
partake,0.295,-0.071,0.118
partial,-0.230,-0.076,-0.025
partiality,-0.127,0.007,-0.118
partially,-0.179,-0.036,-0.039
participant,0.234,-0.081,0.077
participate,0.298,-0.121,0.039
participation,0.382,-0.057,0.104
particle,-0.147,-0.180,-0.075
particular,0.022,-0.110,-0.059
particularity,0.115,-0.165,-0.014
particulars,-0.003,-0.179,-0.050
parting,-0.206,0.196,0.010
partisan,0.203,-0.042,-0.035
partisanship,0.037,0.093,-0.029
partition,0.091,-0.102,-0.008
partly,-0.161,-0.005,-0.018
partner,0.054,-0.258,-0.084
partnership,0.121,-0.283,0.044
partridge,-0.180,-0.129,0.166
parts,-0.181,-0.094,-0.039
party,0.419,-0.088,0.367
pas,-0.252,-0.110,0.074
pass,-0.179,-0.134,0.004
passable,0.112,-0.243,-0.090
passage,-0.218,-0.082,-0.046
passageway,-0.130,-0.074,0.004
passe,-0.107,-0.124,-0.012
passenger,0.053,-0.218,0.070
passim,-0.146,0.017,0.090
passing,-0.111,-0.108,-0.136
passion,0.516,0.005,0.211
passionate,0.567,-0.119,0.254
passive,-0.411,-0.218,-0.069
passivity,-0.497,-0.089,-0.159
passkey,0.283,-0.093,-0.131
passport,0.187,-0.132,-0.076
password,-0.081,-0.017,-0.172
past,-0.179,-0.055,0.083
pasta,-0.126,-0.222,0.035
paste,0.027,0.039,0.031
pastel,-0.056,-0.263,0.118
pastime,-0.023,-0.232,0.044
pastor,0.150,-0.315,-0.219
pastrami,-0.130,-0.095,0.079
pastry,0.081,-0.335,0.182
pasture,-0.315,-0.395,0.124
pasty,-0.166,-0.085,0.002
pat,-0.216,-0.032,0.004
patch,-0.289,-0.111,0.005
patchwork,-0.241,-0.173,-0.010
pate,-0.335,-0.108,-0.010
patella,-0.264,-0.121,-0.055
patent,0.138,-0.232,-0.027
patented,0.132,-0.097,-0.136
paternal,0.252,-0.290,-0.124
paternity,0.366,-0.072,-0.064
path,-0.134,-0.244,-0.041
pathetic,-0.484,0.258,0.032
pathological,-0.033,0.276,-0.133
pathologist,0.014,0.145,-0.100
pathology,-0.043,0.210,-0.117
pathos,-0.127,0.072,-0.073
pathway,0.043,-0.167,0.008
patience,-0.126,-0.459,0.003
patient,-0.221,-0.278,-0.017
patio,-0.162,-0.225,-0.042
patriarch,0.309,-0.085,-0.258
patriarchal,0.274,-0.007,-0.231
patrimony,0.238,-0.213,-0.112
patriot,0.479,-0.086,-0.063
patriotic,0.504,-0.246,-0.114
patriotism,0.420,-0.043,-0.067
patrol,0.213,0.176,-0.108
patrolman,0.373,0.198,-0.153
patron,0.286,-0.078,-0.242
patronage,0.097,-0.063,-0.023
patronising,0.007,0.017,-0.110
patronize,0.007,0.021,-0.123
patronizing,-0.023,-0.122,-0.073
patter,-0.065,0.227,0.018
pattern,0.071,-0.031,-0.165
paucity,-0.431,0.205,0.032
pauper,-0.445,0.053,0.042
pause,-0.355,-0.174,-0.041
pave,0.048,-0.074,0.033
pavement,-0.108,-0.073,-0.082
pavilion,0.237,-0.048,-0.146
paving,-0.028,0.047,-0.092
paw,-0.263,-0.046,0.032
pawn,-0.367,-0.057,0.066
pawnshop,-0.067,0.034,-0.096
pax,-0.032,-0.092,0.000
pay,0.115,0.054,-0.009
payable,0.010,0.074,-0.139
payback,0.028,0.033,-0.066
paycheck,0.369,-0.190,0.156
payday,0.332,-0.072,0.242
payer,0.069,0.231,-0.113
payload,0.192,-0.066,-0.066
payment,0.145,-0.120,-0.063
payoff,0.313,-0.067,0.074
payout,0.175,-0.033,0.073
payphone,-0.177,-0.080,-0.001
payroll,-0.021,-0.110,-0.100
pea,-0.214,-0.222,0.055
peace,0.136,-0.550,-0.055
peaceable,-0.072,-0.454,-0.035
peaceful,0.045,-0.533,-0.086
peacefully,0.152,-0.498,-0.073
peacekeeper,0.200,-0.382,-0.023
peaceofmind,-0.006,-0.440,-0.062
peacetime,0.128,-0.542,-0.014
peach,-0.073,-0.171,0.244
peachy,0.036,-0.204,0.188
peacock,0.088,-0.244,0.138
peak,-0.124,-0.110,-0.037
peaked,0.444,0.028,-0.050
peanut,-0.254,-0.322,0.082
peanuts,-0.205,-0.180,0.029
pear,-0.263,-0.375,0.077
pearl,0.268,-0.339,0.055
pearly,-0.103,-0.215,0.063
peas,-0.220,-0.188,0.033
peasant,-0.160,-0.181,-0.044
peat,-0.006,0.228,0.002
pebble,-0.297,-0.005,-0.003
pecan,-0.165,-0.170,0.023
peck,-0.264,0.229,-0.003
pecker,-0.107,0.031,0.072
peculiar,0.092,-0.076,-0.001
peculiarities,0.007,-0.034,-0.036
peculiarity,0.057,0.018,-0.160
peculiarly,-0.000,-0.120,0.060
pecuniary,-0.010,0.000,-0.010
pedal,-0.200,-0.131,0.011
pedantic,-0.262,0.260,0.100
peddle,0.070,0.007,0.019
peddler,-0.135,0.049,0.022
pedestal,0.071,-0.315,-0.060
pedestrian,-0.136,-0.054,-0.070
pediatric,0.004,-0.070,0.015
pediatrician,0.143,-0.068,-0.039
pediatrics,0.137,-0.259,-0.012
pedicure,-0.161,-0.309,0.108
pedigree,0.065,-0.196,-0.102
pedometer,-0.055,0.060,0.084
pedophile,-0.167,0.476,-0.044
pee,-0.091,0.052,0.067
peek,-0.138,-0.090,-0.022
peekaboo,0.033,0.003,0.163
peel,-0.310,-0.138,-0.013
peep,-0.218,-0.189,0.094
peeper,-0.254,0.249,-0.024
peephole,-0.148,0.007,0.121
peer,-0.057,-0.090,-0.165
peering,-0.072,-0.075,-0.009
peerless,0.042,-0.172,0.089
peeved,-0.076,0.420,-0.005
peg,-0.136,-0.118,0.005
pegs,-0.231,-0.086,-0.082
peice,-0.122,-0.043,0.018
pelagic,0.030,0.022,0.046
pelican,-0.103,-0.133,0.058
pellet,-0.103,-0.040,-0.061
pelvic,-0.119,0.216,0.073
pelvis,-0.091,0.164,0.089
pen,-0.266,-0.310,0.064
penal,-0.035,0.261,-0.180
penalty,-0.411,0.299,-0.036
penance,-0.087,0.317,-0.018
penchant,0.163,-0.145,0.004
pencil,-0.289,-0.254,0.025
pendant,-0.081,-0.256,0.066
pendency,-0.095,0.041,-0.056
pendent,-0.127,-0.064,-0.028
pending,-0.100,0.033,-0.063
pendulum,-0.090,-0.124,-0.006
penetrate,0.242,0.424,-0.056
penetrating,0.328,0.236,-0.050
penetration,0.364,0.323,-0.021
penguin,-0.180,-0.232,0.077
penicillin,-0.027,0.015,-0.123
penile,0.101,0.169,0.130
peninsula,0.062,-0.111,-0.126
penis,0.116,0.322,0.061
penitent,0.041,-0.009,0.031
penitentiary,-0.034,0.351,-0.000
penmanship,-0.009,-0.276,-0.039
pennant,-0.090,-0.116,0.006
penniless,-0.608,0.172,-0.022
penny,-0.165,-0.227,0.068
pension,-0.049,-0.157,0.075
pensioner,-0.194,-0.135,-0.128
pensive,-0.093,-0.221,-0.153
pentagon,0.258,0.113,-0.119
pentagram,-0.052,-0.055,-0.008
penthouse,-0.064,-0.119,0.078
penultimate,-0.257,-0.080,0.081
people,0.004,-0.144,-0.005
peopled,0.152,-0.095,-0.105
pep,-0.089,-0.006,0.104
pepper,-0.156,0.092,0.092
peppermint,-0.169,-0.332,0.134
pepperoni,0.031,-0.240,0.224
peppy,0.057,-0.111,0.143
peptic,-0.168,0.042,0.026
peptide,-0.134,0.069,-0.007
perceive,0.183,-0.111,-0.039
percent,-0.191,-0.088,0.003
percentage,-0.025,-0.044,-0.106
percentile,-0.133,-0.052,0.017
perceptible,0.172,-0.174,-0.004
perception,0.179,-0.117,-0.044
perceptive,0.296,-0.167,-0.049
perch,-0.215,-0.168,0.034
perchance,-0.288,-0.184,-0.021
percolation,-0.153,0.014,-0.036
percussion,0.228,0.011,0.034
perdition,-0.110,0.371,-0.087
peremptory,0.006,0.005,-0.147
perennial,-0.055,-0.117,-0.064
perfect,0.493,-0.351,-0.041
perfection,0.621,-0.088,0.017
perfectionist,0.474,0.037,-0.088
perfecto,0.464,-0.156,-0.087
perforated,-0.202,0.270,0.032
perforation,0.069,0.217,-0.027
perforce,-0.087,0.227,0.135
perform,0.356,-0.142,-0.031
performance,0.258,-0.160,0.012
performer,0.185,-0.000,-0.107
perfume,0.079,-0.194,0.125
perfumed,0.150,-0.248,0.129
peri,-0.152,-0.014,0.028
peridot,-0.077,0.015,0.014
peril,-0.014,0.607,-0.003
perilous,0.049,0.511,-0.025
perimeter,-0.002,-0.015,-0.083
period,-0.072,-0.042,-0.206
periodic,0.010,-0.249,-0.017
periodical,-0.122,-0.178,-0.038
periodically,-0.088,-0.113,-0.121
periodicity,0.093,-0.221,-0.126
peripheral,-0.056,0.005,-0.130
periphery,-0.179,-0.080,0.001
periscope,0.071,-0.157,-0.093
perish,-0.130,0.192,-0.001
perishable,-0.237,0.135,-0.029
perished,-0.335,0.318,0.067
perishing,-0.427,0.128,0.071
perjury,-0.112,0.320,0.035
perk,0.341,-0.271,0.078
perky,0.462,-0.078,0.229
perm,0.241,-0.135,-0.105
permanence,0.223,-0.277,-0.084
permanent,0.219,-0.274,-0.130
permeable,0.017,-0.165,0.015
permeate,-0.152,-0.006,-0.025
permeation,0.013,0.102,-0.032
permissible,0.242,-0.028,0.091
permission,0.023,-0.208,-0.104
permissive,-0.050,-0.176,0.063
permit,0.057,-0.272,0.017
permitted,0.220,-0.321,0.048
permitting,0.219,-0.168,-0.014
permutation,-0.015,0.144,-0.007
pernicious,-0.173,0.260,0.006
peroxide,0.000,0.051,-0.011
perpendicular,-0.088,-0.080,-0.009
perpetrate,0.243,0.367,-0.059
perpetrator,0.019,0.380,-0.011
perpetual,0.207,-0.123,-0.140
perpetually,0.258,-0.010,-0.263
perpetuate,0.199,0.148,-0.200
perpetuation,0.246,0.124,-0.047
perpetuity,0.201,-0.099,-0.171
perplexed,-0.127,0.269,0.147
perplexing,-0.177,0.148,0.024
perplexity,-0.007,0.314,0.012
persecute,0.076,0.416,0.092
persecution,0.155,0.454,-0.041
perseverance,0.469,-0.178,0.053
persevere,0.506,-0.143,-0.111
persist,0.365,-0.083,0.049
persistence,0.414,-0.041,-0.108
persistent,0.380,0.023,-0.056
persisting,0.360,-0.010,0.022
person,0.077,-0.196,-0.071
persona,0.286,-0.178,-0.063
personable,0.266,-0.209,0.068
personage,0.135,-0.223,-0.159
personal,0.010,-0.312,0.039
personality,0.413,-0.265,-0.003
personification,0.254,-0.200,-0.023
personnel,0.102,-0.269,-0.035
persons,0.153,-0.400,0.008
perspective,0.227,-0.148,-0.067
perspiration,0.015,0.198,0.043
persuade,0.267,0.003,-0.022
persuasion,0.164,0.038,0.121
persuasive,0.329,-0.029,0.116
pert,-0.145,-0.012,0.068
pertinent,0.121,-0.163,-0.206
perturbation,0.048,0.401,0.075
pertussis,-0.160,0.203,0.011
perusal,-0.035,-0.269,-0.116
peruse,-0.153,-0.163,-0.082
pervading,0.212,0.196,-0.096
perverse,-0.055,0.467,0.024
perversion,-0.057,0.529,-0.013
pervert,-0.035,0.553,-0.002
perverted,-0.065,0.602,0.063
pesky,-0.050,0.357,0.070
pessimism,-0.386,0.281,-0.045
pessimist,-0.405,0.239,-0.001
pessimistic,-0.447,0.214,-0.073
pest,-0.104,0.348,-0.018
pester,-0.127,0.446,0.061
pestilence,-0.269,0.374,0.056
pestle,-0.108,0.024,-0.004
pesto,-0.188,-0.151,0.031
pet,-0.037,-0.399,0.219
petal,-0.201,-0.447,0.181
petite,-0.249,-0.119,0.101
petition,-0.027,0.050,0.099
petitioner,0.113,-0.049,0.020
petloss,-0.178,0.149,-0.067
petpeeve,-0.096,0.151,0.066
petrified,-0.273,0.277,0.119
petrify,-0.165,0.280,-0.079
petrol,0.024,0.076,-0.082
petroleum,0.119,-0.088,-0.083
petticoat,-0.133,-0.114,0.070
petting,0.123,-0.253,0.142
petty,-0.318,0.224,0.063
petulant,-0.044,0.310,-0.014
petunia,-0.178,-0.232,0.008
pew,-0.033,-0.139,-0.282
pewter,-0.296,-0.098,-0.057
peyote,-0.119,0.039,-0.015
phalanx,-0.132,0.002,-0.073
phantom,-0.033,0.350,0.062
pharaoh,0.289,-0.106,-0.135
pharmaceutical,0.014,-0.042,-0.078
pharmacist,0.096,-0.141,-0.122
pharmacology,0.020,-0.084,-0.022
pharmacy,-0.032,-0.133,-0.103
phase,-0.036,-0.243,-0.027
pheasant,-0.196,-0.134,0.088
phenomenal,0.629,-0.110,0.047
phenomenon,0.420,0.077,-0.059
pheromone,0.109,0.009,0.027
phew,-0.162,-0.080,0.113
phi,-0.141,-0.040,-0.081
philanthropic,0.277,-0.267,-0.040
philanthropist,0.173,-0.168,-0.007
philanthropy,0.298,-0.225,-0.138
philistine,-0.061,0.079,-0.046
philosopher,0.163,-0.250,-0.164
philosophic,0.096,-0.288,-0.142
philosophical,0.156,-0.304,-0.165
philosophy,0.076,-0.296,-0.142
phlegm,-0.402,0.152,-0.035
pho,-0.126,-0.124,0.029
phobia,-0.121,0.506,0.208
phoenix,0.135,-0.120,-0.002
phone,-0.020,-0.277,0.081
phonetic,0.016,-0.074,-0.040
phonetics,0.051,-0.156,0.016
phonics,-0.029,0.018,0.037
phonograph,0.029,-0.112,-0.071
phonology,0.059,-0.208,0.032
phony,-0.364,0.329,0.071
phooey,-0.195,0.108,0.017
phosphate,-0.160,-0.138,-0.042
phosphor,-0.093,0.028,0.010
phosphorus,-0.111,0.073,0.077
photo,-0.019,-0.288,0.063
photogenic,0.136,-0.203,0.137
photograph,-0.085,-0.235,0.102
photographer,0.142,-0.165,0.049
photographic,0.142,-0.235,0.042
photography,-0.070,-0.148,0.121
photometry,-0.109,0.027,-0.019
photon,-0.082,-0.014,-0.022
phrase,-0.183,-0.265,0.062
phraseology,0.042,-0.150,-0.019
phylogeny,-0.118,0.025,-0.094
physical,0.211,-0.162,0.057
physical therapist,0.136,-0.123,-0.263
physician,0.285,-0.052,-0.202
physicist,0.225,-0.063,-0.048
physics,0.119,-0.111,-0.120
physiological,0.053,-0.059,-0.122
physiology,0.001,-0.048,-0.030
physique,0.102,-0.102,0.039
pi,-0.200,-0.144,-0.074
pianist,0.201,-0.224,0.091
piano,-0.018,-0.258,0.055
piazza,0.028,-0.112,0.063
piccolo,-0.062,-0.149,0.101
pick,0.001,-0.024,-0.037
picked,0.251,-0.154,0.008
picker,0.019,-0.130,-0.146
picket,-0.048,0.175,0.032
picketing,-0.079,0.161,-0.030
pickle,-0.132,-0.111,0.163
pickled,-0.253,0.069,0.042
pickpocket,-0.007,0.236,0.082
pickup,-0.014,-0.028,0.100
picky,0.059,0.338,-0.059
picnic,-0.043,-0.116,0.130
pictorial,0.075,-0.162,0.104
picture,-0.013,-0.289,0.024
pictures,-0.117,-0.294,-0.003
picturesque,0.134,-0.225,0.151
pie,0.047,-0.348,0.219
piece,-0.146,-0.287,0.023
piecemeal,-0.184,-0.250,0.054
pieceofshit,-0.251,0.447,0.066
pied,-0.094,-0.121,0.112
pier,-0.104,-0.215,-0.043
pierce,0.094,0.220,-0.048
piety,0.040,-0.299,0.050
pig,-0.269,0.015,-0.026
pigeon,-0.200,-0.336,0.094
piggy,-0.108,-0.126,0.007
piggyback,-0.149,0.031,0.073
pigheaded,-0.230,0.140,-0.027
piglet,-0.188,-0.079,0.160
pigment,-0.251,-0.042,-0.033
pigskin,-0.245,0.067,0.037
pigsty,-0.371,0.274,0.033
pike,-0.114,-0.011,-0.051
pile,-0.077,-0.094,-0.143
piles,-0.075,-0.032,-0.035
pileup,-0.091,0.154,-0.007
pilgrim,0.019,-0.086,-0.085
pilgrimage,0.204,-0.130,0.025
pill,-0.104,-0.123,0.075
pillage,-0.132,0.310,0.063
pillar,0.093,-0.169,-0.180
pillbox,-0.282,-0.036,-0.002
pillow,-0.317,-0.387,0.085
pillowcase,-0.334,-0.232,-0.003
pilot,0.350,-0.002,0.026
pimp,-0.055,0.395,-0.085
pimple,-0.353,0.085,-0.037
pin,-0.184,-0.066,-0.038
pinball,0.066,0.035,0.156
pinch,-0.133,0.200,0.106
pinching,-0.099,0.373,0.144
pine,-0.226,-0.258,0.019
pineapple,-0.184,-0.266,0.160
ping,-0.063,-0.041,0.089
pinhead,-0.255,-0.116,0.004
pinhole,-0.280,-0.068,-0.073
pinion,-0.206,-0.062,0.004
pink,0.021,-0.382,0.041
pinkie,-0.198,-0.290,0.109
pinnacle,0.019,-0.172,-0.002
pinot,-0.230,0.002,-0.040
pinpoint,0.034,-0.098,-0.011
pint,-0.117,-0.257,0.121
pinto,-0.127,-0.157,0.041
pinup,-0.042,-0.112,0.104
pioneer,0.422,-0.120,-0.002
pious,-0.048,-0.280,0.040
pip,-0.156,-0.016,0.029
pipe,-0.179,-0.147,0.050
piped,-0.144,0.116,0.032
pipeline,-0.153,-0.101,-0.037
piper,-0.067,-0.094,0.072
pipette,-0.116,-0.056,-0.006
piping,-0.214,-0.019,-0.088
pipsqueak,-0.195,0.091,0.021
pique,-0.095,0.057,0.011
piracy,0.086,0.352,0.016
piranha,0.057,0.413,-0.023
pirate,-0.014,0.417,-0.074
piscina,0.065,-0.157,0.142
piss,-0.259,0.070,0.069
pissed,0.018,0.557,-0.008
pissedoff,-0.087,0.290,-0.014
pisser,-0.112,0.116,0.038
pissesmeoff,-0.161,0.289,-0.065
pissingmeoff,-0.143,0.292,-0.020
pissoff,-0.139,0.254,0.016
pistachio,-0.148,-0.225,0.113
pistol,0.155,0.522,-0.062
piston,-0.060,0.060,-0.060
pit,-0.256,-0.015,0.052
pita,-0.258,-0.200,0.073
pitch,-0.048,-0.064,-0.003
pitcher,0.235,0.121,-0.041
pitchfork,-0.035,0.192,-0.066
pitfall,-0.024,0.424,-0.010
pith,-0.023,-0.069,-0.168
pithy,0.021,-0.076,-0.179
pitiful,-0.339,0.185,0.045
pitted,-0.019,0.207,0.036
pitter,-0.136,-0.035,0.024
pituitary,-0.153,-0.027,-0.078
pity,-0.497,0.159,0.048
pivot,-0.121,-0.053,-0.043
pivotal,0.053,-0.078,-0.001
pix,-0.149,-0.108,0.035
pixie,-0.078,-0.027,0.170
pizza,-0.028,-0.336,0.247
pizzazz,0.311,0.072,0.067
pizzeria,0.020,-0.150,0.209
placard,-0.084,0.041,-0.085
place,-0.152,-0.222,-0.025
placebo,-0.181,-0.154,-0.003
placement,0.072,-0.130,0.027
placenta,-0.136,0.042,-0.057
placid,-0.024,-0.228,-0.026
placket,-0.371,-0.130,-0.003
plagiarism,-0.125,0.410,-0.013
plague,-0.267,0.362,-0.047
plaid,-0.151,-0.106,-0.045
plain,-0.296,-0.238,-0.051
plainclothes,-0.034,-0.259,0.058
plaintiff,0.232,0.318,-0.043
plaintive,-0.230,0.162,0.050
plan,0.260,-0.068,-0.069
plane,-0.146,-0.111,0.005
planes,0.188,-0.045,0.086
planet,0.293,-0.195,-0.186
planetarium,0.195,-0.167,-0.030
planetary,0.139,-0.070,-0.033
planets,0.139,-0.281,-0.101
plank,-0.262,-0.106,-0.040
plankton,-0.153,-0.166,0.016
planned,0.230,-0.243,-0.106
planner,0.381,-0.194,-0.146
planning,0.326,-0.302,0.027
plant,-0.132,-0.392,0.025
plantation,0.131,0.009,0.030
planter,0.125,-0.104,-0.070
planting,0.061,-0.202,-0.086
plaque,-0.128,-0.133,-0.026
plasma,-0.163,-0.057,0.029
plaster,-0.321,-0.128,0.011
plastic,-0.246,-0.160,-0.007
plasticity,-0.064,-0.055,0.072
plat,0.081,-0.251,-0.012
plate,-0.178,-0.241,-0.007
plateau,-0.105,-0.211,0.022
plated,-0.020,-0.076,0.036
platform,0.132,-0.175,-0.188
plating,-0.074,-0.149,0.011
platinum,0.279,-0.160,-0.010
platonic,-0.046,-0.021,-0.005
platoon,0.247,0.186,-0.084
platter,-0.233,-0.322,0.144
plaudit,0.340,-0.011,0.290
plausibility,0.129,-0.179,0.023
plausible,0.068,-0.221,0.043
play,0.179,-0.049,0.392
playa,0.170,-0.152,0.061
playback,0.206,-0.066,0.011
playbook,0.125,-0.069,0.128
playboy,0.277,0.171,0.275
player,0.222,0.095,0.031
playful,0.258,-0.156,0.315
playground,0.203,-0.201,0.296
playhouse,0.165,-0.004,0.281
playmate,0.119,-0.272,0.256
playoff,0.200,0.063,0.142
playpen,0.071,-0.157,0.102
playroom,0.161,-0.143,0.335
plaything,-0.009,-0.090,0.309
playtime,0.223,-0.119,0.131
playwright,0.230,-0.083,-0.005
plaza,0.042,-0.242,-0.013
plea,0.074,-0.102,0.047
plead,-0.336,0.287,0.108
pleasant,0.253,-0.441,-0.013
pleased,0.455,-0.272,0.033
pleasing,0.392,-0.324,-0.027
pleasurable,0.359,-0.297,0.114
pleasure,0.465,-0.144,0.215
pleasures,0.419,-0.172,0.132
pleat,-0.212,-0.107,0.038
pleated,-0.116,-0.153,-0.039
pledge,0.295,-0.154,-0.082
pledged,0.285,-0.062,0.067
plenary,0.038,-0.148,-0.111
plentiful,0.455,-0.068,0.119
plenty,0.451,-0.145,-0.006
plenum,0.063,-0.050,-0.076
plethora,0.155,-0.033,0.093
plexus,-0.205,0.051,-0.059
pliable,-0.043,-0.183,0.030
plication,-0.089,0.074,-0.089
pliers,-0.092,-0.161,-0.021
plight,0.019,0.052,-0.045
plinth,-0.124,-0.062,-0.095
plodding,-0.079,0.021,0.007
plop,-0.179,0.060,0.036
plot,0.024,0.069,0.015
plough,0.023,-0.180,0.074
ploughed,-0.119,-0.013,-0.026
plover,-0.286,-0.015,0.148
plow,0.012,0.017,0.078
plowed,-0.084,-0.051,0.119
plowing,0.059,-0.023,0.034
ploy,0.182,0.081,-0.154
pluck,-0.042,0.147,0.003
plucky,0.584,0.006,0.062
plug,-0.073,-0.123,-0.045
plum,-0.220,-0.310,0.229
plumage,-0.181,-0.270,0.107
plumb,0.013,0.040,-0.062
plumber,-0.119,0.130,-0.041
plumbing,-0.093,-0.030,-0.014
plume,-0.191,-0.105,-0.025
plummet,-0.081,0.310,0.138
plump,-0.149,0.065,0.012
plumper,-0.187,0.013,0.018
plunder,0.055,0.546,-0.015
plunge,0.031,0.273,-0.023
plunger,-0.154,0.099,0.028
plural,0.044,-0.087,-0.052
plurality,0.141,-0.147,0.013
plush,-0.182,-0.260,0.057
plutonium,0.204,0.199,-0.109
ply,-0.234,-0.101,0.003
plywood,-0.178,-0.225,-0.027
pneumatic,-0.072,0.132,-0.067
pneumonia,-0.221,0.278,0.041
poacher,0.034,0.312,-0.107
poachers,0.174,0.386,0.015
poaching,0.075,0.368,0.064
pocket,-0.244,-0.131,-0.032
pocketbook,-0.217,-0.229,-0.014
pocketful,-0.199,-0.229,0.058
pod,-0.176,-0.064,0.045
podium,0.145,-0.176,-0.152
poem,0.096,-0.380,-0.026
poems,0.053,-0.322,0.155
poet,0.132,-0.337,0.036
poetic,0.104,-0.418,0.013
poetical,0.081,-0.337,0.038
poetics,-0.033,-0.381,0.155
poetry,0.065,-0.320,-0.139
pogo,-0.141,-0.042,0.041
poignant,0.059,-0.143,0.027
point,-0.202,-0.207,-0.124
pointedly,0.102,0.211,0.021
pointer,-0.015,-0.141,-0.025
pointless,-0.573,0.204,-0.025
pointy,0.012,0.124,0.110
poise,0.096,-0.324,-0.221
poison,-0.031,0.484,-0.108
poisoned,-0.144,0.529,0.024
poisoning,-0.022,0.527,-0.028
poisonous,0.002,0.544,-0.011
poke,0.016,0.243,0.069
poker,0.006,0.140,0.164
pokes,-0.049,0.086,-0.102
polar,-0.130,-0.141,-0.145
polarity,-0.009,-0.026,-0.010
pole,-0.185,-0.017,-0.004
polemic,0.047,0.444,-0.144
police,0.347,0.231,-0.100
police officer,0.400,0.248,-0.084
policeman,0.408,0.130,-0.141
policewoman,0.294,0.153,-0.011
policy,0.266,0.304,-0.185
polio,-0.190,0.111,-0.061
polish,0.034,-0.134,-0.021
polished,0.035,-0.181,0.039
polite,0.199,-0.390,0.095
politeness,0.202,-0.367,0.018
politic,0.187,0.166,-0.226
political,0.305,0.285,-0.206
politician,0.199,0.179,-0.307
politics,0.146,0.215,-0.349
polity,0.143,0.238,-0.274
polka,-0.025,-0.112,0.074
poll,0.065,-0.035,-0.012
pollen,-0.227,-0.296,0.045
polling,0.095,0.110,-0.042
pollute,-0.101,0.346,-0.055
pollution,-0.165,0.448,-0.066
polo,-0.088,-0.159,0.022
poltergeist,0.053,0.363,0.015
polyester,-0.217,-0.149,-0.043
polygamy,0.049,0.202,-0.028
polygon,0.064,0.050,-0.012
polygonal,-0.044,0.013,-0.086
polygraph,0.033,0.051,-0.110
polymer,-0.190,-0.077,-0.048
polymorphism,0.050,0.117,-0.024
pomp,-0.093,0.028,0.030
pompous,-0.032,0.045,0.101
poncho,-0.312,-0.166,0.053
pond,-0.171,-0.133,0.019
ponder,0.199,-0.248,-0.081
ponderous,-0.104,0.119,-0.151
pong,-0.075,-0.004,0.072
pontiff,0.158,-0.175,-0.168
pontificate,0.153,-0.104,-0.142
pontoon,-0.151,-0.090,0.021
pony,-0.020,-0.294,0.229
ponytail,-0.201,-0.150,0.067
pooch,-0.250,0.002,-0.040
poodle,-0.186,-0.068,0.090
poof,-0.279,-0.068,0.123
pool,0.064,-0.185,-0.086
poop,-0.439,0.182,0.027
poor,-0.538,0.133,0.043
poorly,-0.373,0.376,0.073
pop,0.084,-0.119,0.094
popcorn,-0.036,-0.323,0.333
pope,0.088,-0.153,-0.114
popper,-0.100,0.060,0.028
poppy,-0.088,-0.178,0.104
poppycock,-0.155,0.113,0.012
popsicle,-0.111,-0.264,0.065
popular,0.440,-0.144,0.119
popularity,0.594,-0.075,0.096
popularized,0.431,0.016,0.099
population,0.141,-0.129,-0.102
populous,0.235,0.085,-0.074
porcelain,-0.169,-0.182,0.030
porch,-0.148,-0.151,-0.002
porcupine,-0.190,0.021,-0.005
pore,-0.260,-0.112,-0.051
pork,-0.210,0.052,0.026
porker,0.059,0.055,0.066
porky,-0.262,0.174,-0.021
porn,0.063,0.395,0.206
porno,0.117,0.436,0.123
pornographic,0.055,0.468,0.087
pornography,0.099,0.417,0.158
porosity,-0.240,0.024,-0.108
porous,-0.290,-0.016,0.037
porridge,-0.257,-0.249,0.043
port,-0.009,-0.098,-0.035
portable,0.048,-0.179,-0.080
portage,-0.050,-0.002,0.028
portal,0.002,-0.163,-0.076
porter,0.087,-0.131,-0.140
porterhouse,-0.074,-0.171,0.031
portfolio,-0.044,-0.242,-0.059
porthole,-0.156,-0.106,0.001
portico,-0.113,-0.059,0.072
portion,-0.121,-0.124,0.013
portrait,-0.075,-0.361,-0.054
portraiture,-0.019,-0.312,0.040
portray,0.060,-0.095,0.120
pose,-0.218,-0.070,-0.032
poser,-0.204,-0.065,0.049
posh,0.264,-0.335,-0.106
posited,0.101,-0.140,-0.077
position,0.056,-0.107,-0.003
positioning,0.266,-0.077,-0.154
positive,0.490,-0.310,-0.019
positiveenergy,0.442,-0.305,-0.002
positively,0.516,-0.227,0.100
positivity,0.520,-0.282,-0.009
posse,-0.066,0.080,-0.025
possess,0.292,-0.051,-0.026
possessed,0.178,0.395,0.050
possessing,0.106,0.097,-0.045
possession,0.424,0.008,-0.059
possessive,0.102,0.270,-0.160
possessor,0.222,0.077,-0.158
possibility,0.218,-0.238,0.075
possible,0.040,-0.261,-0.043
possibly,-0.074,-0.031,-0.079
possum,-0.200,0.038,0.074
post,0.009,-0.063,-0.064
postage,0.035,-0.062,-0.006
postal,-0.054,-0.371,0.049
postcard,-0.019,-0.381,0.116
poster,-0.184,-0.191,-0.009
posterior,-0.038,-0.086,-0.069
posterity,0.146,-0.067,-0.117
posthumous,-0.212,0.150,-0.112
postman,0.030,-0.118,0.090
postmortem,-0.166,0.135,-0.050
postpone,-0.171,0.068,-0.104
postponed,-0.184,-0.079,-0.056
postponement,-0.055,0.082,0.072
postscript,-0.168,-0.132,-0.052
postulate,0.119,-0.003,-0.156
posture,0.010,-0.172,-0.142
pot,-0.299,-0.225,-0.029
potable,-0.001,-0.315,0.080
potassium,-0.125,-0.107,-0.097
potato,-0.276,-0.222,0.037
potatoes,-0.153,-0.303,0.098
potency,0.495,0.035,-0.028
potent,0.529,0.070,-0.031
potential,0.458,-0.121,-0.020
pothead,-0.147,0.090,0.033
pothole,-0.333,-0.038,-0.037
potion,-0.108,-0.072,0.003
potluck,0.041,-0.048,0.137
potpourri,-0.038,-0.059,0.255
potted,-0.184,-0.096,-0.018
potter,-0.016,-0.111,0.002
pottery,-0.112,-0.219,-0.018
potty,-0.259,0.001,-0.007
pouch,-0.326,-0.151,-0.019
poultry,-0.204,-0.080,0.051
pounce,0.083,0.116,0.069
pound,-0.084,-0.165,-0.016
pounding,0.248,0.367,-0.052
pour,-0.083,0.081,0.099
pout,-0.306,-0.083,0.106
pouting,-0.298,0.142,0.029
pouty,-0.170,0.102,-0.017
poverty,-0.434,0.310,0.024
pow,-0.145,0.046,-0.041
powder,-0.331,-0.201,0.085
powdered,-0.108,-0.104,-0.003
powdery,-0.350,0.040,0.055
power,0.518,-0.022,-0.115
powerful,0.695,-0.016,0.016
powerfully,0.598,-0.083,-0.008
powerhouse,0.394,0.094,0.004
powerless,-0.311,0.264,-0.061
powwow,-0.001,0.107,0.142
pox,-0.238,0.230,0.041
practicable,0.152,-0.171,-0.047
practical,0.178,-0.154,0.021
practically,0.078,-0.152,-0.056
practice,0.231,-0.071,0.037
practiced,0.164,-0.005,0.056
practise,0.185,-0.156,0.017
practitioner,0.233,-0.142,-0.031
pragmatic,0.103,-0.093,-0.096
prairie,-0.127,-0.347,-0.031
praise,0.198,-0.271,-0.038
praised,0.356,-0.357,0.031
praisegod,0.275,-0.248,0.073
praisejesus,0.231,-0.318,-0.026
praises,0.365,-0.269,0.004
praiseworthy,0.369,-0.297,-0.049
praising,0.318,-0.249,0.141
prance,0.066,-0.103,0.158
prank,0.046,0.075,0.214
prawn,-0.170,-0.117,-0.026
praxis,0.007,0.007,-0.127
pray,0.020,-0.406,-0.188
prayer,0.062,-0.368,-0.109
prayforme,-0.076,-0.083,-0.005
praying,-0.116,-0.292,-0.016
praying mantis,-0.031,-0.024,-0.048
preach,0.187,-0.079,-0.101
preacher,0.146,-0.104,-0.203
preaching,0.336,-0.021,-0.077
preamble,0.040,0.008,0.056
precarious,-0.341,0.302,-0.010
precaution,0.004,-0.081,0.136
precautionary,0.051,0.099,-0.010
precede,0.126,-0.035,0.055
precedence,0.127,-0.050,-0.012
precedent,0.145,-0.118,-0.176
preceding,0.068,-0.001,-0.165
precept,0.063,0.030,-0.129
preceptor,0.140,-0.052,-0.181
precession,0.033,-0.001,-0.101
precinct,-0.076,0.044,-0.116
precincts,-0.128,-0.147,-0.025
precious,0.371,-0.292,0.044
precipice,-0.090,0.410,0.082
precipitate,0.088,0.246,0.108
precipitation,0.077,0.147,0.046
precipitous,0.047,0.156,0.039
precise,0.293,-0.327,-0.103
precisely,0.259,-0.297,-0.057
precision,0.326,-0.159,-0.211
preclude,-0.118,0.153,0.006
precocious,-0.126,0.142,0.133
precursor,0.327,0.073,-0.063
predator,0.147,0.449,-0.220
predatory,0.134,0.563,-0.159
predecessor,0.094,-0.152,-0.046
predicament,-0.047,0.086,-0.104
predicate,-0.033,-0.207,0.004
predict,0.162,-0.086,-0.059
predictable,-0.249,-0.008,-0.146
predicting,0.181,0.136,-0.061
prediction,0.157,0.052,0.045
predictive,0.138,-0.006,-0.198
predictor,0.300,-0.016,-0.031
predilection,0.213,-0.094,-0.015
predispose,-0.018,0.010,-0.031
predisposed,0.037,0.026,0.065
predisposition,0.287,-0.027,-0.014
predominance,0.446,0.021,-0.048
predominant,0.372,-0.050,-0.087
predominate,0.397,-0.034,-0.103
preeminent,0.346,-0.005,0.026
preemption,0.136,-0.057,-0.183
preemptive,0.150,-0.124,-0.047
preface,-0.039,-0.054,-0.127
prefect,0.299,-0.164,-0.145
prefer,0.100,-0.266,0.037
preferable,0.256,-0.259,-0.019
preference,0.305,-0.202,-0.012
preferential,0.301,-0.175,-0.077
prefix,-0.144,-0.201,-0.110
pregnancy,0.298,0.015,0.214
pregnant,0.289,-0.002,0.250
prehistoric,-0.187,-0.069,-0.084
prejudice,-0.208,0.356,-0.061
prejudiced,-0.185,0.271,0.048
prejudicial,-0.168,0.442,0.038
prelim,-0.047,-0.029,-0.074
preliminary,0.026,-0.092,-0.102
prelude,0.011,-0.104,-0.076
premarital,0.042,0.075,0.049
premature,-0.311,0.091,0.003
prematurely,-0.181,0.250,0.132
premed,-0.012,-0.020,-0.039
premeditated,0.009,0.104,-0.158
premier,0.347,-0.159,-0.069
premiere,0.236,-0.130,0.134
premise,0.037,-0.009,0.014
premises,-0.248,-0.143,0.042
premium,0.380,-0.133,0.001
premonition,0.091,0.282,0.050
prenatal,0.042,-0.230,0.110
prenuptial,0.118,-0.048,0.083
preoccupation,-0.057,0.219,0.129
preoccupied,-0.213,0.296,0.179
prep,0.138,-0.127,0.057
preparation,0.264,-0.188,0.006
preparatory,0.153,-0.140,0.042
prepare,0.172,-0.079,0.027
prepared,0.264,-0.156,-0.071
preparedness,0.340,-0.148,-0.034
preparer,0.232,-0.074,-0.109
preparing,0.197,-0.140,0.075
preponderance,0.171,-0.003,-0.053
preposterous,-0.022,0.466,0.031
preppy,-0.012,-0.019,0.071
prerequisite,-0.075,-0.015,-0.054
prerogative,0.010,-0.053,-0.048
preschool,-0.082,-0.161,0.059
prescient,0.176,0.013,-0.099
prescribe,0.089,0.069,-0.074
prescribed,-0.064,-0.099,-0.019
prescription,-0.127,0.034,-0.230
prescriptive,0.102,-0.161,-0.110
presence,0.231,-0.314,0.068
present,0.106,-0.304,-0.102
presentable,0.180,-0.367,-0.041
presentation,0.233,-0.137,0.160
presenter,0.307,-0.041,-0.021
presentment,0.387,-0.026,-0.007
presents,0.108,-0.275,0.059
preservation,0.222,-0.106,-0.043
preservative,-0.012,-0.071,-0.030
preserve,0.319,-0.280,-0.052
preserved,0.131,-0.233,-0.119
preserving,0.208,-0.212,0.017
preside,0.232,0.024,-0.117
presidency,0.529,-0.054,-0.054
president,0.489,-0.024,-0.175
presidential,0.472,0.047,-0.186
press,0.029,-0.024,0.042
pressing,0.091,0.370,-0.079
pressure,0.091,0.210,-0.070
prestige,0.547,-0.220,-0.029
prestigious,0.615,-0.229,0.015
presto,-0.053,-0.114,0.035
presume,0.136,0.136,-0.044
presumption,-0.003,0.157,-0.020
presumptive,-0.110,0.116,-0.081
presumptuous,0.013,0.241,-0.140
presuppose,0.029,-0.085,0.025
pretend,0.039,0.028,-0.018
pretended,-0.337,0.268,0.059
pretender,0.141,0.129,0.049
pretending,-0.232,0.025,0.024
pretense,-0.012,0.199,-0.058
pretensions,0.077,0.239,-0.039
pretentious,-0.099,0.409,0.003
pretext,-0.174,0.003,0.014
pretty,0.238,-0.258,0.146
pretzel,-0.178,-0.142,0.011
prevail,0.320,-0.112,-0.034
prevailing,0.511,-0.057,0.005
prevalence,0.296,-0.058,-0.150
prevalent,0.185,-0.181,-0.062
prevent,0.112,-0.108,0.003
preventative,0.179,-0.141,-0.085
prevention,0.184,-0.209,0.035
preventive,0.131,-0.174,-0.101
preview,-0.007,-0.226,-0.008
previous,-0.178,-0.134,0.026
previously,0.058,-0.175,-0.128
prey,-0.201,0.080,0.075
price,0.003,-0.000,-0.048
priceless,0.417,-0.030,0.032
pricey,-0.098,0.159,0.008
prick,-0.129,0.300,0.218
prickly,-0.074,0.179,-0.002
pride,0.430,-0.058,-0.057
priest,0.053,-0.159,-0.169
priestess,0.101,-0.090,-0.177
priesthood,0.075,-0.217,-0.151
priestly,0.081,-0.217,-0.193
prig,-0.252,0.023,0.062
prim,-0.062,-0.120,-0.033
prima,-0.032,-0.164,0.063
primacy,0.416,-0.079,0.029
primal,-0.033,-0.101,-0.014
primary,0.011,-0.119,-0.061
primate,-0.106,-0.143,0.022
primates,-0.129,0.064,-0.050
prime,-0.043,-0.308,0.014
primed,0.208,-0.154,-0.167
primer,0.133,-0.177,-0.144
primeval,-0.099,0.036,0.005
priming,-0.153,-0.053,0.039
primitive,-0.242,0.045,-0.050
primordial,0.291,-0.031,-0.089
primrose,0.141,-0.416,-0.093
prince,0.444,-0.290,-0.089
princely,0.352,-0.168,-0.022
princess,0.306,-0.234,0.133
principal,0.156,-0.201,-0.152
principally,0.343,-0.208,-0.074
principle,0.125,-0.309,-0.075
principles,0.242,-0.276,-0.256
print,-0.058,-0.096,-0.041
printer,-0.106,-0.093,-0.074
printing,0.229,0.005,0.075
printout,0.222,0.048,0.038
prior,-0.148,-0.084,-0.040
prioritize,0.335,-0.047,-0.063
priority,0.481,-0.215,-0.036
priory,0.082,-0.099,-0.107
prism,-0.138,-0.070,0.079
prismatic,0.023,0.096,-0.028
prison,-0.115,0.402,-0.083
prisoner,-0.279,0.408,0.011
prissy,-0.143,0.140,0.056
pristine,0.100,-0.198,-0.089
privacy,0.043,-0.065,-0.101
private,0.147,-0.164,-0.065
privately,0.038,0.075,-0.014
privilege,0.465,-0.151,0.013
privileged,0.433,-0.257,-0.073
privy,0.139,-0.067,-0.072
prize,0.440,-0.090,0.210
prized,0.371,-0.264,0.063
pro,0.208,-0.133,-0.068
proactive,0.510,-0.042,0.015
probability,0.131,-0.212,-0.095
probable,-0.005,-0.107,0.016
probate,0.276,-0.147,-0.125
probation,-0.125,0.303,-0.026
probationary,-0.031,0.197,-0.020
probative,-0.045,-0.048,-0.026
probe,-0.069,0.036,-0.087
probing,-0.098,0.061,-0.046
probity,0.019,-0.026,-0.124
problem,-0.211,0.412,-0.072
problematic,-0.208,0.455,0.012
procedural,0.056,-0.030,-0.104
procedure,0.197,-0.051,-0.020
proceed,0.223,-0.073,0.136
proceeding,0.242,-0.175,-0.123
proceeds,0.135,-0.145,0.010
process,0.074,-0.022,-0.090
processing,0.396,0.034,0.112
procession,0.200,-0.080,-0.003
processor,0.198,-0.154,-0.052
proclaim,0.464,-0.023,-0.060
proclamation,0.500,0.049,-0.010
procrastinate,-0.316,0.053,-0.060
procrastination,-0.128,0.079,-0.116
procreate,0.415,0.086,0.004
procreation,0.455,-0.051,0.059
proctologist,0.215,0.044,-0.093
proctor,0.070,-0.061,-0.057
procure,0.226,-0.158,0.039
procurement,0.355,-0.152,-0.012
prod,-0.074,-0.003,0.030
prodigal,0.183,-0.103,-0.047
prodigious,0.560,-0.137,-0.006
prodigy,0.487,-0.071,0.037
produce,0.559,-0.117,0.093
produced,0.264,-0.134,-0.010
producer,0.360,0.017,-0.226
producing,0.266,-0.007,-0.011
product,0.140,-0.156,-0.077
production,0.345,-0.064,-0.049
productive,0.455,-0.117,0.074
productivity,0.578,-0.184,0.077
profane,-0.116,0.377,-0.005
profanity,-0.060,0.478,-0.020
profess,0.131,-0.145,-0.078
profession,0.310,-0.098,-0.095
professional,0.461,-0.258,-0.175
professionalism,0.481,-0.156,-0.149
professor,0.189,-0.174,-0.133
professorship,0.122,-0.161,-0.199
proficiency,0.474,0.138,0.065
proficient,0.387,-0.269,-0.070
profile,0.016,-0.278,-0.042
profiler,0.012,-0.070,-0.077
profit,0.356,-0.328,0.033
profitable,0.303,-0.332,-0.044
profound,0.320,-0.143,-0.015
profuse,-0.027,-0.053,-0.097
profusion,0.070,-0.034,-0.037
prog,-0.143,-0.027,-0.002
progenitor,0.346,-0.204,-0.082
progeny,0.022,-0.151,-0.102
prognosis,0.096,0.010,-0.085
prognostic,0.270,-0.025,-0.014
program,0.100,-0.157,-0.214
programme,0.050,-0.311,-0.021
programmer,0.183,-0.085,-0.189
programming,0.187,-0.107,-0.147
progress,0.530,-0.161,-0.000
progression,0.366,-0.118,-0.058
progressive,0.402,-0.098,-0.034
prohibit,-0.016,0.420,-0.044
prohibited,-0.076,0.464,-0.024
prohibition,-0.010,0.344,-0.088
prohibitive,-0.030,0.368,-0.132
project,0.349,-0.174,-0.156
projectile,0.261,0.425,-0.097
projectiles,0.308,0.436,-0.183
projecting,0.305,-0.041,-0.097
projection,0.271,-0.141,-0.060
projector,0.185,-0.050,-0.115
proletarian,-0.111,0.080,-0.004
proletariat,0.047,0.107,-0.089
prolific,0.161,-0.051,0.016
prologue,0.017,-0.124,-0.056
prolong,0.094,-0.005,0.047
prolongation,0.165,0.002,-0.081
prolonged,-0.026,0.038,-0.112
prom,-0.085,-0.065,0.046
promenade,0.087,-0.286,0.182
prominence,0.360,-0.074,-0.056
prominent,0.350,-0.028,-0.039
prominently,0.438,-0.090,-0.026
promiscuity,0.004,0.516,0.188
promiscuous,-0.045,0.411,0.071
promise,0.308,-0.225,0.014
promising,0.427,-0.161,-0.081
promissory,0.127,-0.012,-0.002
promo,0.158,-0.034,-0.002
promontory,0.029,-0.000,-0.030
promote,0.466,-0.157,-0.033
promoter,0.337,-0.042,-0.109
promotion,0.519,-0.106,0.148
promotional,0.368,-0.138,0.119
prompt,0.133,-0.037,0.019
prompting,0.058,-0.113,-0.049
promulgate,0.102,-0.046,-0.154
promulgation,0.174,-0.047,-0.039
prone,-0.107,0.014,-0.045
prong,-0.338,-0.089,-0.060
pronounce,0.131,-0.094,0.041
pronounced,0.249,-0.080,-0.024
pronouncement,0.294,-0.060,-0.058
pronto,0.049,-0.107,0.092
pronunciation,0.046,-0.066,-0.083
proof,0.059,0.056,-0.107
prop,-0.076,-0.060,0.009
propaganda,0.168,0.094,0.011
propagate,0.176,0.037,-0.001
propagation,0.136,0.258,-0.056
propane,-0.136,0.090,-0.044
propel,0.481,0.029,0.066
propelled,0.346,0.076,0.033
propeller,0.009,0.062,0.040
propelling,0.414,0.126,-0.027
propensity,0.108,-0.034,-0.121
proper,0.243,-0.333,-0.138
property,0.207,-0.353,-0.247
prophecy,0.396,-0.036,0.051
prophesy,0.236,-0.091,-0.022
prophet,0.266,-0.140,-0.127
prophetic,0.349,-0.064,-0.067
prophylactic,0.020,-0.012,-0.019
prophylaxis,-0.043,0.091,-0.253
proportion,0.015,-0.055,-0.013
proportional,0.144,-0.243,-0.039
proportionate,0.162,-0.230,-0.090
proportions,0.029,-0.139,0.022
proposal,0.342,-0.162,0.211
propose,0.309,0.085,0.025
proposition,0.230,0.083,0.152
proprietary,0.256,-0.336,-0.208
proprietor,0.356,-0.169,-0.135
proprietorship,0.277,-0.148,-0.164
propriety,0.268,-0.377,-0.174
propulsion,0.292,0.111,0.105
prose,-0.133,-0.189,-0.059
prosecute,0.226,0.087,-0.148
prosecution,0.150,0.437,-0.028
prosecutor,0.185,0.043,-0.233
prospect,0.231,-0.200,-0.056
prospection,0.212,0.030,0.021
prospective,0.246,-0.119,-0.064
prospectively,0.316,-0.098,0.067
prospector,0.210,0.057,0.021
prospectus,0.353,-0.025,-0.172
prosper,0.538,-0.208,0.035
prosperity,0.516,-0.217,0.006
prosperous,0.566,-0.220,0.015
prostate,-0.128,0.132,-0.036
prosthetic,-0.151,0.088,-0.045
prostitute,-0.047,0.486,0.087
prostitution,-0.041,0.507,0.025
prostrate,-0.307,0.086,-0.019
protagonist,0.502,-0.035,-0.022
protect,0.474,-0.074,0.071
protected,0.269,-0.331,-0.041
protecting,0.456,-0.219,-0.016
protection,0.314,-0.235,0.077
protective,0.412,-0.262,-0.106
protector,0.306,-0.284,-0.166
protein,0.158,-0.287,-0.075
protest,0.076,0.533,-0.026
protestant,0.058,0.283,0.012
protocol,0.047,0.245,-0.351
proton,-0.068,-0.029,-0.060
prototype,0.118,-0.236,-0.118
protozoa,-0.169,0.071,-0.030
protracted,0.108,-0.057,-0.006
protrude,0.345,-0.049,-0.007
protrusion,0.016,0.223,0.016
proud,0.568,-0.140,0.046
prove,0.099,-0.043,0.005
proven,0.101,-0.287,-0.072
proverb,0.005,-0.319,-0.041
proverbial,0.150,-0.100,-0.134
provide,0.321,-0.220,0.028
provided,0.222,-0.363,-0.005
providence,0.158,-0.176,-0.215
provider,0.303,-0.175,-0.055
providing,0.468,-0.177,-0.094
province,-0.032,-0.325,-0.011
provincial,-0.018,-0.215,-0.004
provision,0.239,-0.207,-0.040
provisional,-0.064,-0.001,0.130
provisionally,-0.008,-0.073,0.044
provisions,0.192,-0.110,-0.011
proviso,-0.036,-0.002,-0.138
provocation,0.192,0.489,-0.066
provocative,0.252,0.269,0.015
provoke,0.248,0.410,-0.055
provoked,-0.010,0.288,-0.033
provoking,0.277,0.416,0.002
provost,-0.049,-0.005,0.001
prowess,0.461,-0.089,-0.004
prowl,-0.149,0.161,0.005
prowler,-0.004,0.165,-0.007
proximal,0.046,-0.055,-0.045
proximate,0.065,-0.166,0.030
proximity,0.142,-0.120,0.042
proxy,-0.019,-0.078,-0.054
prude,-0.250,0.056,-0.017
prudence,0.166,-0.344,-0.107
prudent,0.097,-0.315,-0.146
prune,-0.160,-0.158,-0.007
pruning,-0.349,0.025,-0.089
pry,-0.056,0.056,-0.055
prying,0.047,0.187,-0.007
psalm,0.003,-0.324,-0.100
psalms,-0.043,-0.243,-0.110
pseudo,-0.277,0.010,0.026
pseudonym,-0.105,-0.074,-0.002
psi,-0.094,0.018,-0.024
psoriasis,-0.227,0.384,0.033
psych,0.009,0.016,-0.027
psyche,-0.143,-0.036,-0.058
psychedelic,0.024,0.125,0.059
psychiatric,-0.071,0.291,-0.093
psychiatrist,0.247,0.107,-0.118
psychiatry,0.067,0.344,-0.195
psychic,0.187,0.058,-0.128
psychical,0.225,0.013,-0.214
psychics,0.148,0.035,-0.121
psycho,0.015,0.627,-0.032
psychoanalysis,0.139,0.048,-0.201
psychoanalyst,0.142,0.193,-0.184
psychobabble,0.012,0.171,-0.039
psychological,0.045,0.040,-0.183
psychologist,-0.040,-0.035,-0.273
psychology,0.144,-0.106,-0.183
psychopath,0.009,0.640,-0.003
psychopathic,-0.005,0.594,0.020
psychosis,-0.130,0.480,0.166
psychosomatic,-0.106,0.235,-0.057
psychotherapy,0.080,0.114,-0.128
psychotic,0.001,0.463,0.068
pterodactyl,0.121,0.260,-0.038
ptsd,-0.165,0.099,0.056
pub,0.072,0.026,0.156
puberty,0.165,0.160,0.178
pubes,-0.108,0.010,0.106
pubescent,0.026,0.010,0.093
pubic,-0.007,0.117,-0.013
public,0.169,-0.053,-0.063
publication,0.082,-0.052,-0.062
publicist,0.173,-0.016,-0.075
publicity,0.233,0.027,-0.014
publicly,0.206,-0.181,0.014
publicspeaking,0.269,0.331,0.112
publish,0.203,-0.118,0.057
published,0.100,-0.167,-0.007
publisher,0.122,-0.118,-0.156
publishing,0.274,-0.064,0.052
puck,-0.165,0.060,0.050
pucker,-0.255,0.067,0.005
pudding,-0.208,-0.362,0.191
puddle,-0.293,-0.070,-0.018
pudgy,-0.274,0.079,0.008
puff,-0.222,-0.124,0.108
puffing,-0.089,0.147,0.098
puffy,-0.146,0.144,0.020
pug,-0.074,-0.213,-0.036
puke,-0.277,0.236,0.026
pull,0.044,0.163,0.096
pulley,-0.153,-0.104,-0.041
pullover,-0.043,-0.226,0.030
pulmonary,-0.094,0.144,-0.153
pulp,-0.271,-0.170,-0.040
pulpit,-0.028,-0.012,-0.054
pulsar,0.080,0.012,-0.086
pulsation,0.068,0.087,-0.047
pulse,-0.044,-0.066,-0.039
puma,0.199,0.060,0.124
pump,0.272,0.331,0.044
pumped,0.173,0.056,0.145
pumpkin,-0.240,-0.257,-0.057
pun,0.059,-0.093,0.119
punch,0.080,0.398,-0.047
punched,-0.126,0.316,-0.043
punching,0.204,0.413,0.061
punchy,0.244,0.077,-0.095
punctual,0.142,-0.284,-0.065
punctuality,0.296,-0.278,-0.081
punctually,0.237,-0.261,-0.098
punctuation,0.042,-0.119,-0.097
puncture,-0.076,0.406,0.062
pundit,0.352,-0.033,-0.116
pungent,0.071,0.288,0.042
punish,0.008,0.535,-0.118
punishable,-0.157,0.276,-0.050
punished,-0.062,0.395,-0.013
punishing,-0.033,0.567,0.043
punishment,-0.026,0.527,-0.047
punitive,0.003,0.215,-0.135
punk,-0.076,0.135,0.135
punt,-0.154,0.079,-0.002
puny,-0.442,-0.001,0.066
pup,-0.051,-0.243,0.219
pupil,-0.027,-0.236,0.149
puppet,-0.199,-0.025,0.083
puppeteer,-0.165,0.107,-0.007
puppy,0.057,-0.330,0.295
purchase,0.146,-0.085,-0.020
purchaser,0.153,0.034,-0.088
purchasing,0.273,-0.008,0.052
pure,0.172,-0.352,-0.062
purebliss,0.058,-0.123,0.015
puree,-0.225,-0.332,0.167
purely,0.089,-0.172,0.031
purgatory,-0.087,0.315,0.055
purge,-0.281,0.309,-0.024
purification,0.348,-0.272,-0.049
purify,0.245,-0.358,-0.122
purist,0.077,-0.144,-0.036
purity,0.173,-0.428,-0.152
purple,-0.120,-0.291,0.103
purport,0.155,-0.195,-0.116
purpose,0.370,-0.181,-0.032
purposely,0.318,0.045,0.042
purr,-0.111,-0.111,0.164
purring,-0.124,-0.306,0.184
purse,-0.218,-0.344,0.032
pursuance,0.068,-0.035,-0.016
pursue,0.120,0.257,0.090
pursuing,0.323,0.300,0.082
pursuit,0.133,-0.131,-0.038
purveyor,0.310,-0.102,-0.179
purview,0.189,-0.104,-0.071
pus,-0.413,0.205,-0.023
push,0.028,0.136,0.003
pusher,0.130,0.358,0.036
pushing,0.184,0.184,-0.130
pushover,-0.139,0.145,0.045
pushy,0.159,0.594,-0.145
puss,-0.249,0.186,0.134
pussy,-0.030,0.303,0.119
pussycat,-0.300,-0.187,0.115
put,-0.032,-0.084,-0.053
putative,-0.070,-0.025,0.056
putrid,-0.202,0.334,-0.025
puts,-0.175,-0.018,0.005
putt,-0.069,0.011,0.047
putter,-0.201,0.015,-0.037
putty,-0.259,-0.098,-0.008
puzzle,0.023,-0.046,-0.015
puzzled,-0.313,0.204,0.016
puzzling,-0.139,0.241,0.082
pygmy,-0.264,0.008,-0.011
pylon,-0.237,-0.092,-0.066
pyramid,0.165,-0.244,-0.038
pyramidal,0.074,-0.157,-0.077
pyrotechnics,0.207,0.178,0.182
python,0.002,0.290,-0.151
quack,0.082,-0.050,-0.098
quad,-0.097,-0.060,0.053
quadrangle,0.074,0.095,-0.022
quadrant,-0.124,-0.160,-0.113
quadratic,-0.111,-0.030,-0.076
quadrature,-0.107,-0.065,-0.075
quadruple,0.022,-0.072,-0.111
quadrupole,-0.143,-0.020,0.014
quagmire,-0.163,0.114,-0.038
quail,-0.241,-0.135,0.048
quaint,0.026,-0.117,0.058
quake,0.085,0.513,-0.128
qualifications,0.355,-0.137,0.001
qualified,0.367,-0.161,-0.082
qualify,0.174,-0.101,0.148
qualifying,0.389,-0.143,-0.019
qualities,0.343,-0.232,0.011
quality,0.425,-0.311,-0.084
quandary,-0.166,0.260,-0.045
quantify,0.249,-0.177,-0.070
quantitative,0.153,-0.096,-0.087
quantitatively,0.155,-0.004,-0.147
quantity,0.201,-0.022,-0.200
quantum,0.174,-0.143,0.029
quarantine,-0.068,0.303,-0.182
quarrel,0.009,0.576,0.051
quarry,-0.132,0.035,-0.064
quart,-0.189,-0.120,-0.113
quarter,-0.057,-0.189,-0.085
quarterback,0.389,0.039,0.024
quartered,-0.001,0.398,0.177
quarterly,-0.043,-0.160,0.020
quartermaster,0.180,0.025,-0.043
quarters,-0.052,-0.069,-0.029
quartet,-0.090,-0.071,-0.058
quartile,-0.097,0.005,-0.022
quarto,-0.148,-0.046,-0.003
quartz,-0.012,-0.292,-0.003
quash,-0.011,0.297,-0.019
quasi,-0.193,-0.123,0.036
quaternary,-0.060,-0.083,-0.081
quay,-0.160,-0.233,-0.098
queasiness,-0.354,0.244,0.174
queasy,-0.282,0.229,0.117
queen,0.539,-0.124,0.036
queer,-0.196,0.222,0.093
quell,-0.010,0.213,0.099
quench,-0.253,-0.031,-0.025
query,-0.052,-0.072,-0.011
quest,0.207,0.047,0.155
question,-0.032,-0.069,-0.050
questionable,-0.189,0.197,0.010
questioning,0.069,0.180,0.071
questionnaire,-0.063,-0.031,-0.222
queue,-0.193,-0.083,-0.012
queues,-0.235,0.059,0.093
quibble,-0.030,0.262,0.034
quiche,-0.096,-0.035,0.048
quick,0.404,0.039,0.064
quicken,0.428,0.051,0.019
quickie,0.095,0.063,0.204
quickly,0.407,0.042,0.233
quickness,0.375,-0.095,0.039
quicksand,-0.020,0.369,-0.009
quicksilver,-0.049,0.021,-0.092
quid,-0.194,-0.076,0.043
quiescent,-0.304,-0.243,-0.051
quiet,-0.093,-0.486,-0.028
quietly,-0.278,-0.310,-0.052
quill,-0.297,-0.221,0.019
quilt,-0.307,-0.375,0.052
quince,-0.054,-0.133,-0.027
quinine,-0.150,0.027,0.026
quintet,0.058,-0.002,0.062
quirk,0.025,-0.068,-0.149
quirky,0.089,-0.235,-0.014
quit,0.004,0.063,0.026
quits,-0.252,0.176,-0.038
quitter,-0.268,0.138,-0.013
quiver,-0.232,0.090,0.002
quivering,-0.029,0.251,0.215
quiz,0.053,0.104,0.023
quorum,0.152,-0.048,0.009
quota,-0.152,-0.013,-0.015
quotation,0.162,-0.154,0.218
quote,0.063,-0.099,0.162
quotes,0.114,-0.036,0.089
quotient,0.015,-0.224,-0.114
rabbi,0.075,-0.056,-0.248
rabbit,-0.177,-0.262,0.174
rabble,-0.259,0.290,0.048
rabid,-0.082,0.521,0.013
rabies,-0.158,0.446,0.034
raccoon,-0.141,-0.082,0.108
race,0.125,-0.111,-0.105
racehorse,0.278,-0.015,0.146
racer,0.181,0.112,-0.061
racetrack,0.340,0.067,0.182
racial,-0.085,0.164,-0.098
racism,-0.115,0.392,-0.077
racist,-0.149,0.436,-0.103
rack,-0.184,-0.008,-0.061
racket,-0.166,-0.120,0.033
racketeering,0.157,0.509,-0.089
racking,-0.163,0.019,0.012
racquetball,0.080,0.053,0.169
racy,-0.085,0.094,0.077
radar,0.122,0.067,0.018
radial,-0.076,-0.022,-0.081
radiance,0.366,-0.119,0.059
radiant,0.507,-0.119,0.103
radiate,0.393,0.014,0.069
radiation,-0.025,0.409,-0.053
radiator,-0.098,0.049,-0.064
radical,0.364,0.215,-0.055
radically,0.292,0.131,0.003
radio,-0.113,-0.126,0.079
radioactive,0.162,0.440,-0.152
radioactivity,0.208,0.479,-0.036
radiograph,0.019,-0.051,0.030
radiography,0.070,0.103,0.018
radiologist,0.055,-0.040,-0.139
radiology,0.014,0.005,-0.092
radish,-0.162,-0.131,-0.030
radium,-0.070,-0.073,-0.103
radius,-0.074,-0.136,-0.086
radon,-0.218,0.066,-0.043
raffle,0.041,-0.096,0.104
raft,-0.321,-0.206,0.045
rag,-0.485,-0.025,-0.046
rage,0.091,0.577,-0.097
ragemode,-0.024,0.209,0.055
ragetweet,-0.076,0.106,0.027
ragged,-0.340,0.220,0.055
raggedy,-0.270,0.232,0.001
raging,0.135,0.502,0.031
rags,-0.343,-0.097,0.072
ragtime,-0.041,0.088,0.111
raid,0.077,0.267,0.010
raider,0.091,0.392,0.084
rail,0.004,0.023,-0.032
railing,-0.115,-0.179,-0.044
railroad,0.089,-0.002,0.094
railway,0.200,0.003,0.032
raiment,-0.053,-0.194,0.111
rain,-0.156,-0.115,0.076
rainbow,0.089,-0.378,0.125
rainbow trout,-0.042,-0.178,0.192
rainbows,0.124,-0.264,0.256
raincoat,-0.098,-0.106,-0.146
raindrops,-0.116,-0.264,0.136
rainfall,-0.125,-0.209,0.033
rainforest,-0.078,-0.172,0.056
rainmaker,0.010,0.046,-0.050
rainstorm,-0.126,0.097,0.052
rainy,-0.017,-0.116,0.072
rainyday,-0.181,-0.105,0.072
raise,0.472,-0.140,0.102
raised,0.098,-0.227,-0.119
raisin,-0.264,-0.261,0.076
raising,0.229,-0.151,0.024
rake,-0.282,-0.090,-0.031
rally,0.181,0.045,0.115
ram,-0.151,0.030,0.006
ramble,-0.003,-0.111,0.077
rambling,-0.001,0.046,-0.039
ramp,-0.100,0.013,0.103
rampage,0.056,0.447,0.074
rampant,0.151,0.207,0.134
rampart,-0.052,0.144,-0.100
ramrod,-0.200,-0.002,0.009
ranch,-0.175,0.044,-0.049
rancher,0.046,0.008,-0.014
rancid,-0.402,0.203,0.006
random,-0.125,0.013,0.130
randomly,-0.143,0.121,0.145
randomness,-0.114,0.021,-0.021
randy,-0.069,-0.067,-0.049
range,0.065,-0.007,-0.099
ranger,0.183,0.021,-0.104
rank,0.093,-0.097,-0.179
ranking,0.194,0.042,-0.055
ransom,0.231,0.150,0.158
rant,-0.022,0.391,0.027
ranting,-0.037,0.407,-0.013
rap,0.061,-0.025,0.116
rape,-0.029,0.563,-0.034
rapid,0.415,0.089,0.052
rapidity,0.447,0.098,0.032
rapids,0.396,0.178,0.009
rapist,0.027,0.600,-0.037
rapper,0.134,0.139,0.175
rapping,0.075,0.098,0.206
rapport,0.262,-0.080,0.173
rapt,0.130,0.148,0.132
raptor,0.097,0.359,-0.038
raptors,-0.013,0.208,-0.132
rapture,0.201,0.311,0.134
rare,-0.285,0.004,0.085
rarely,-0.206,-0.031,-0.024
rarity,-0.003,-0.078,0.190
rascal,-0.106,0.379,-0.008
rash,0.006,0.423,0.046
raspberries,-0.077,-0.379,0.139
raspberry,-0.113,-0.292,0.167
rat,-0.259,0.201,0.096
ratchet,-0.130,0.044,0.095
rate,-0.154,-0.159,-0.036
ratification,0.192,-0.053,0.040
ratify,0.263,-0.198,-0.050
rating,0.266,0.011,0.081
ratio,0.186,-0.060,-0.158
ration,-0.143,-0.126,0.002
rational,0.159,-0.299,-0.043
rationale,0.258,-0.168,-0.197
rationalism,0.158,-0.037,-0.091
rationality,0.264,-0.078,-0.115
rationalize,0.196,-0.155,-0.160
rationing,-0.069,0.011,-0.129
rattan,-0.201,-0.072,-0.037
rattle,-0.207,-0.052,0.116
rattled,-0.128,0.196,0.124
rattler,0.025,0.232,0.107
rattlesnake,0.071,0.439,-0.062
ratty,-0.199,0.065,0.001
raucous,0.050,0.300,0.017
ravage,0.034,0.386,-0.049
rave,0.002,0.098,0.125
raven,-0.090,-0.025,0.012
ravenous,0.055,0.206,0.058
ravine,-0.053,0.221,0.085
raving,-0.070,0.312,0.152
ravioli,-0.166,-0.272,0.088
ravishing,0.520,0.066,0.071
raw,-0.364,0.148,-0.144
rawhide,-0.296,0.047,-0.056
rawr,-0.025,0.120,0.118
ray,0.134,0.083,0.090
razor,-0.081,0.249,-0.042
reach,0.306,-0.064,0.042
react,0.260,0.158,-0.032
reaction,0.283,0.245,0.013
reactionary,0.125,0.126,-0.136
reactive,0.278,0.276,-0.011
reactor,0.306,0.259,-0.057
read,0.096,-0.318,-0.080
reader,0.079,-0.385,-0.089
readership,-0.051,-0.280,0.043
readily,0.053,-0.316,-0.032
readiness,0.263,-0.121,-0.021
reading,-0.073,-0.425,0.020
readjustment,0.067,0.000,0.056
readout,-0.062,-0.237,-0.105
ready,0.188,-0.266,-0.034
readytogo,0.213,-0.011,0.110
reaffirm,0.264,-0.134,0.046
reagent,0.140,0.226,-0.045
real,0.271,-0.142,-0.039
realism,0.264,-0.135,0.022
realist,0.367,-0.096,-0.068
realistic,0.314,-0.119,-0.088
reality,0.286,-0.288,-0.134
realization,0.275,-0.018,-0.200
realize,0.216,-0.206,0.001
realm,0.381,-0.128,-0.156
realtor,0.010,0.035,-0.106
realty,0.159,-0.110,-0.054
ream,-0.273,-0.225,-0.077
reap,0.140,-0.176,-0.042
reaper,-0.075,0.159,-0.016
reappear,0.249,-0.044,0.067
rear,-0.167,0.034,0.140
rearrange,0.248,-0.096,-0.078
rearrangement,0.228,-0.000,-0.150
reason,0.272,-0.225,-0.036
reasonable,0.286,-0.393,-0.052
reasonableness,0.208,-0.194,-0.032
reasoning,0.215,-0.249,-0.122
reasons,0.073,-0.085,-0.031
reassemble,0.109,-0.006,-0.015
reassign,-0.032,0.098,-0.113
reassignment,-0.046,-0.054,0.072
reassurance,0.076,-0.524,-0.088
reassure,0.169,-0.372,-0.034
reassured,0.040,-0.472,-0.015
reassuring,0.219,-0.375,-0.070
rebate,0.123,-0.073,0.111
rebel,0.065,0.421,0.015
rebellion,0.215,0.431,-0.104
rebellious,0.222,0.382,0.020
rebels,0.069,0.517,-0.053
rebirth,0.444,-0.045,0.057
reboot,0.137,-0.071,0.112
reborn,0.378,-0.127,0.046
rebound,0.005,-0.029,-0.005
rebuild,0.119,-0.073,0.093
rebuke,-0.159,0.397,-0.039
rebut,-0.110,0.267,-0.205
rebuttal,0.026,0.269,-0.014
recalcitrant,0.046,0.192,-0.056
recall,-0.012,-0.162,-0.059
recant,-0.060,0.172,-0.026
recap,0.209,-0.013,-0.024
recapture,0.106,0.235,-0.104
recast,-0.075,0.083,-0.074
recede,-0.343,0.149,0.019
receding,-0.298,0.136,-0.062
receipt,-0.170,-0.220,-0.068
receipts,-0.256,0.010,-0.095
receive,0.138,-0.198,0.059
received,0.086,-0.147,-0.007
receiver,0.086,-0.081,-0.039
receiving,0.228,-0.110,0.054
recent,0.046,-0.156,-0.091
receptacle,-0.077,-0.037,0.024
reception,0.085,-0.224,-0.021
receptionist,-0.029,-0.181,0.126
receptive,0.224,-0.147,0.024
receptor,-0.101,-0.036,-0.123
recess,-0.019,-0.104,0.167
recesses,-0.168,0.070,0.004
recession,-0.206,0.020,-0.031
recharge,0.257,0.085,0.037
recheck,-0.014,0.038,-0.054
recherche,-0.125,0.018,0.069
recidivism,-0.076,0.201,-0.151
recipe,-0.072,-0.305,0.029
recipient,0.097,-0.189,-0.169
reciprocal,0.213,-0.107,-0.015
reciprocate,0.196,-0.211,0.021
reciprocity,0.243,-0.052,0.171
recital,0.192,-0.283,0.079
recitation,0.085,-0.139,0.136
recite,0.011,-0.208,0.067
reckless,-0.141,0.361,0.195
recklessness,-0.065,0.327,0.127
reckon,0.013,-0.160,0.044
reckoning,0.041,0.145,0.005
reclaim,0.199,0.183,0.005
reclamation,0.190,0.122,0.138
recline,-0.125,-0.041,-0.015
reclining,-0.248,-0.100,-0.001
recluse,-0.173,0.179,-0.092
recognition,0.371,-0.171,0.051
recognizable,0.093,-0.155,-0.070
recognize,0.113,-0.311,-0.045
recognized,0.374,-0.288,-0.040
recoil,-0.413,0.238,-0.069
recollect,0.163,-0.138,0.015
recollection,0.080,-0.270,-0.028
recombinant,0.013,-0.033,0.065
recombination,0.075,-0.008,-0.070
recommend,0.251,-0.260,-0.002
recommendation,0.270,-0.368,0.023
recompense,0.484,-0.151,-0.013
recon,-0.098,-0.041,0.040
reconcile,0.205,-0.203,0.022
reconciliation,0.306,-0.234,0.156
reconfigure,0.079,0.058,-0.143
reconnaissance,0.317,-0.085,0.020
reconnect,0.208,-0.054,-0.027
reconsider,0.006,0.001,-0.113
reconsideration,0.076,-0.046,-0.084
reconstitution,0.229,-0.078,-0.174
reconstruct,0.334,-0.083,0.029
reconstruction,0.288,0.068,0.064
reconstructive,0.182,-0.098,-0.137
reconvene,0.052,0.030,-0.030
record,-0.012,-0.092,-0.018
recorder,-0.049,-0.124,-0.031
recording,0.035,-0.028,0.073
recount,-0.051,-0.052,-0.070
recoup,0.126,-0.209,0.011
recourse,-0.056,-0.037,-0.203
recover,0.319,-0.289,0.104
recoverable,0.237,-0.271,-0.071
recovery,0.265,-0.261,-0.082
recreate,0.217,-0.126,0.052
recreation,0.382,-0.198,0.157
recreational,0.271,-0.159,0.305
recruit,0.195,0.075,0.017
recruiter,0.280,-0.019,0.018
recruiting,0.251,0.244,-0.001
recruitment,0.125,0.119,0.006
recruits,0.089,0.185,-0.030
rectal,-0.087,0.190,0.052
rectangle,-0.187,-0.177,-0.117
rectangular,-0.295,-0.143,-0.038
rectification,0.144,0.087,-0.126
rectify,0.150,-0.098,-0.043
rector,0.196,-0.019,-0.321
rectory,0.082,-0.071,-0.214
rectum,-0.065,0.005,-0.054
recumbent,-0.205,-0.045,-0.003
recuperation,0.054,-0.192,0.045
recur,-0.071,0.012,0.048
recurrence,0.096,0.038,-0.063
recurrent,0.070,-0.035,-0.017
recurring,-0.076,0.133,0.009
recursion,-0.024,0.193,-0.076
recursive,0.067,0.094,-0.012
recursively,0.058,0.071,-0.106
recycle,-0.022,-0.088,-0.067
recycled,-0.124,-0.175,-0.008
recycling,-0.054,-0.161,-0.079
red,-0.180,-0.032,-0.013
reddish,-0.192,-0.135,0.040
redecorate,0.017,-0.113,0.025
redeem,0.045,-0.118,0.053
redeemed,-0.044,-0.177,0.039
redemption,-0.073,0.028,-0.140
redesign,-0.034,-0.120,0.108
redhead,0.124,-0.093,0.099
redheaded,-0.038,0.003,0.065
redirect,0.025,-0.068,-0.193
redneck,-0.159,0.065,0.057
redness,-0.248,0.228,-0.126
redo,0.016,0.015,-0.033
redress,0.224,-0.082,0.014
reduce,-0.352,0.061,-0.128
reduced,-0.414,0.090,0.001
reduction,-0.312,0.005,0.050
redundancy,-0.141,-0.027,-0.279
redundant,-0.125,0.211,-0.157
redwood,-0.067,-0.172,0.002
reed,-0.216,-0.104,0.047
reef,0.005,-0.069,0.065
reefer,-0.080,-0.036,0.029
reefs,-0.031,-0.044,0.030
reek,-0.307,0.212,-0.035
reel,-0.182,-0.083,-0.044
reelection,0.234,0.097,-0.011
reeling,-0.235,0.144,0.101
reenactment,0.373,-0.121,-0.005
reentry,0.027,-0.110,0.022
reestablish,0.201,-0.096,-0.073
ref,-0.168,-0.066,0.011
refer,-0.023,-0.100,-0.114
referee,0.285,0.089,-0.098
reference,0.045,-0.222,-0.104
referendum,0.094,-0.022,-0.110
referral,0.082,-0.264,-0.079
refill,0.011,-0.193,0.052
refine,0.158,-0.132,-0.045
refined,0.251,-0.295,0.024
refinement,0.206,-0.227,-0.101
refinery,0.093,-0.141,-0.005
refining,0.199,-0.157,-0.039
refit,0.041,0.053,0.038
reflect,0.003,-0.253,0.028
reflecting,-0.020,-0.130,0.013
reflection,0.125,-0.151,0.081
reflective,0.148,-0.246,-0.201
reflector,-0.006,0.022,-0.004
reflex,0.050,-0.086,-0.008
reflux,-0.192,0.193,0.033
reform,0.225,-0.017,-0.195
reformation,0.196,-0.221,0.108
reformer,0.357,0.020,-0.212
refraction,-0.051,0.062,-0.087
refractor,-0.024,0.018,0.073
refractory,0.005,-0.109,-0.129
refrain,-0.315,0.038,-0.004
refraining,-0.133,0.023,0.001
refresh,0.313,-0.054,0.051
refreshed,0.131,-0.382,0.143
refreshing,0.278,-0.299,0.171
refreshment,-0.067,-0.189,0.133
refrigerate,-0.032,-0.198,0.016
refrigeration,0.065,-0.244,0.054
refrigerator,-0.106,-0.298,0.029
refuel,0.019,-0.104,0.014
refuge,-0.069,-0.283,-0.063
refugee,-0.134,0.154,0.120
refund,-0.017,-0.013,0.083
refurbish,0.171,-0.019,0.119
refusal,-0.300,0.392,-0.031
refuse,-0.272,0.238,-0.026
refused,-0.406,0.213,0.040
refusing,-0.312,0.363,0.127
refutation,0.062,0.295,-0.012
refute,0.077,0.299,-0.021
regain,0.311,-0.141,-0.058
regal,0.092,-0.129,0.008
regalia,0.142,-0.226,0.054
regard,0.296,-0.318,-0.158
regatta,0.058,-0.196,0.144
regency,0.091,-0.028,-0.095
regenerate,0.385,-0.119,0.009
regeneration,0.446,-0.077,-0.037
regent,0.230,-0.103,-0.019
reggae,0.108,-0.129,0.106
regime,0.173,0.279,-0.197
regimen,0.228,0.093,-0.248
regiment,0.275,0.186,-0.069
regimental,0.191,0.259,-0.243
region,0.075,-0.161,-0.238
regional,0.089,-0.151,-0.071
regionalism,0.267,-0.090,-0.121
register,0.064,-0.047,-0.159
registrar,0.120,-0.043,0.017
registration,0.065,-0.157,-0.049
registry,0.010,-0.173,-0.120
regress,-0.295,0.129,-0.011
regression,-0.221,0.128,0.031
regressive,-0.229,0.092,-0.036
regret,-0.198,0.273,0.054
regretful,-0.401,0.214,0.045
regrettable,-0.442,0.189,-0.082
regretted,-0.150,0.129,0.042
regretting,-0.254,0.214,0.076
regroup,0.330,-0.013,-0.085
regular,-0.140,-0.165,-0.241
regularity,0.065,-0.227,-0.069
regulars,0.037,-0.285,0.010
regulate,-0.116,-0.163,-0.105
regulated,-0.107,-0.182,-0.099
regulation,0.106,-0.075,-0.136
regulator,0.043,-0.106,-0.205
regulatory,0.011,-0.057,-0.033
regurgitation,-0.233,0.339,0.045
rehab,0.059,-0.053,-0.076
rehabilitate,0.206,-0.091,0.005
rehabilitation,0.043,0.092,-0.103
rehash,-0.141,0.031,-0.005
rehearsal,0.069,-0.141,0.064
rehearse,0.102,0.020,0.109
reign,0.454,-0.159,-0.074
reigning,0.419,-0.021,-0.098
reimburse,0.070,-0.186,0.023
reimbursement,0.177,-0.032,0.087
rein,-0.113,-0.101,-0.035
reincarnation,0.388,-0.029,0.150
reindeer,-0.108,-0.184,0.026
reinforce,0.280,-0.007,-0.084
reinforcement,0.501,-0.009,-0.057
reinforcements,0.449,0.061,-0.069
reins,-0.002,-0.019,-0.069
reinstall,0.156,0.041,-0.189
reinstate,0.223,-0.149,0.086
reinstatement,0.274,-0.142,-0.022
reinvest,0.286,0.048,-0.078
reinvestment,0.303,0.037,-0.088
reiterate,0.050,0.029,-0.171
reject,-0.243,0.414,-0.041
rejected,-0.389,0.263,-0.029
rejection,-0.235,0.437,0.028
rejects,-0.199,0.393,-0.071
rejoice,0.378,-0.125,0.102
rejoicing,0.287,-0.127,0.160
rejoin,0.141,-0.077,0.062
rejuvenate,0.373,-0.128,-0.004
rejuvenated,0.381,-0.096,0.104
rekindle,0.296,-0.087,-0.113
relapse,-0.325,0.201,-0.042
relate,0.165,-0.105,-0.011
related,0.037,-0.220,-0.002
relation,0.318,-0.181,0.141
relationship,0.279,-0.216,0.150
relative,-0.141,-0.089,0.012
relativity,0.079,-0.137,-0.092
relax,0.003,-0.487,0.154
relaxant,-0.113,-0.564,0.054
relaxation,-0.062,-0.509,0.076
relaxed,-0.100,-0.552,0.032
relaxing,-0.006,-0.493,-0.000
relay,0.170,-0.141,0.107
release,0.344,-0.090,0.007
released,0.276,-0.249,0.055
relegation,-0.110,0.088,-0.014
relentless,0.311,0.285,-0.242
relevance,0.362,-0.071,-0.046
relevancy,0.228,-0.168,-0.022
relevant,0.352,-0.073,-0.018
reliability,0.292,-0.376,-0.001
reliable,0.353,-0.460,-0.202
reliance,0.394,-0.281,-0.116
relic,0.116,-0.135,-0.019
relics,0.204,-0.100,0.094
relief,0.051,-0.403,0.057
relieve,0.030,-0.443,-0.048
relieved,0.029,-0.419,0.163
relieving,-0.030,-0.344,0.012
relight,0.086,0.018,0.064
religion,0.171,-0.219,-0.204
religious,0.136,-0.346,-0.163
relinquish,-0.221,0.234,0.093
relish,0.324,-0.175,0.138
relive,0.336,-0.069,0.068
reload,0.135,0.035,0.041
relocate,0.146,0.071,-0.045
relocation,-0.070,0.074,-0.032
reluctance,-0.171,0.256,0.021
reluctant,-0.091,0.237,0.018
rely,0.205,-0.270,0.031
remain,0.207,-0.234,-0.133
remainder,-0.247,-0.032,-0.005
remaining,-0.273,-0.117,0.002
remains,-0.023,-0.256,-0.134
remake,0.138,-0.062,-0.065
remand,-0.285,0.140,-0.026
remark,0.103,-0.155,-0.215
remarkable,0.383,-0.215,0.070
remarkably,0.416,-0.039,-0.099
remarry,0.244,0.092,0.204
rematch,0.219,0.233,0.060
remedial,-0.098,0.039,-0.113
remedy,-0.048,-0.240,-0.052
remember,0.067,-0.255,0.121
remembered,0.191,-0.412,0.047
remembering,-0.031,-0.103,-0.051
remembrance,0.050,-0.397,-0.000
remind,0.115,-0.216,0.016
reminder,0.053,-0.087,-0.078
reminisce,0.097,-0.304,0.282
reminiscent,0.071,-0.008,-0.087
reminiscing,0.001,-0.187,0.109
remiss,-0.209,0.320,0.054
remission,-0.109,-0.057,-0.144
remit,-0.010,-0.002,0.028
remittance,0.048,-0.150,0.108
remnant,-0.237,-0.038,-0.089
remodel,0.262,0.034,-0.003
remorse,-0.204,0.401,-0.011
remorseful,-0.291,0.051,0.060
remote,-0.117,-0.086,-0.095
remoteness,-0.200,0.128,0.032
removal,-0.203,0.206,-0.009
remove,-0.105,0.176,-0.059
remover,-0.090,0.080,-0.127
remuneration,0.347,-0.028,0.208
renaissance,0.409,-0.067,0.038
renal,-0.171,0.127,-0.048
rencontre,-0.045,-0.042,0.004
rend,-0.155,-0.007,0.003
render,-0.067,-0.104,-0.002
rendering,0.105,-0.061,-0.136
rendezvous,0.234,-0.181,0.005
rendition,-0.182,-0.041,-0.046
renegade,-0.106,0.357,-0.102
renegotiate,0.287,0.090,0.005
renew,0.328,-0.270,0.019
renewal,0.359,-0.043,0.125
renounce,-0.139,0.244,-0.206
renovate,0.396,-0.229,0.032
renovated,0.210,-0.263,-0.024
renovation,0.402,-0.155,0.008
renown,0.224,-0.149,-0.054
renowned,0.305,-0.253,0.019
rent,-0.151,0.062,-0.076
rental,-0.196,-0.105,0.066
renter,-0.144,-0.208,0.024
renunciation,-0.201,0.220,0.041
reopen,0.140,-0.091,0.043
reorganization,0.286,-0.017,-0.069
reorganize,0.287,-0.049,-0.024
rep,0.116,-0.002,-0.081
repaint,-0.135,-0.178,0.126
repair,0.087,-0.084,-0.043
repairman,0.155,-0.101,-0.144
reparation,0.238,0.067,-0.082
repay,0.114,0.117,-0.006
repayment,-0.034,0.007,0.003
repeal,-0.142,0.159,-0.113
repeat,0.046,0.029,-0.025
repeated,-0.183,0.024,0.079
repeatedly,0.025,0.067,0.031
repeater,-0.097,-0.039,-0.002
repel,-0.123,0.280,-0.026
repellant,-0.100,0.230,0.017
repellent,-0.113,0.154,-0.096
repelling,-0.145,0.317,-0.030
repent,-0.145,-0.022,0.012
repentance,-0.119,0.124,0.138
repentant,-0.304,0.113,0.124
repertoire,0.232,-0.024,-0.000
repertory,0.038,-0.062,-0.004
repetition,-0.129,0.099,0.022
repetitive,-0.219,0.082,-0.025
rephrase,0.035,-0.066,-0.038
replace,-0.032,0.074,-0.029
replacement,-0.048,0.096,-0.045
replay,0.255,-0.055,-0.114
replenish,0.116,-0.188,-0.164
replete,0.147,-0.032,-0.094
replica,-0.006,0.028,0.006
replicate,0.114,0.108,0.003
replication,-0.015,0.196,-0.018
reply,0.099,-0.330,-0.055
report,0.069,-0.095,-0.042
reported,-0.020,0.022,-0.117
reporter,0.114,0.017,-0.029
repose,-0.330,-0.260,-0.116
reposition,-0.026,0.087,-0.034
repository,-0.097,-0.004,-0.102
repossess,0.076,0.177,0.016
reprehensible,-0.167,0.174,0.052
represent,0.369,-0.234,-0.151
representation,0.289,-0.088,-0.065
representative,0.178,-0.232,-0.109
represented,0.221,-0.193,-0.053
representing,0.371,-0.225,-0.107
repress,-0.066,0.290,-0.103
repressed,-0.370,0.105,-0.108
repression,-0.030,0.388,0.020
reprieve,0.055,-0.039,-0.052
reprimand,-0.185,0.269,-0.126
reprint,0.000,-0.041,-0.041
reprisal,-0.017,0.472,-0.053
reprise,-0.047,0.028,0.005
reproach,-0.092,0.359,0.095
reproduce,0.407,-0.138,0.042
reproduction,0.416,-0.045,0.125
reproductive,0.442,-0.108,-0.059
reprogram,0.005,-0.077,-0.082
reptile,-0.141,0.148,0.057
republic,0.229,-0.194,-0.250
republican,0.092,0.116,-0.134
repudiation,-0.241,0.359,0.098
repugnance,-0.185,0.440,-0.057
repugnant,-0.140,0.478,-0.049
repulsion,-0.150,0.296,0.075
repulsive,-0.099,0.442,0.032
repurchase,0.101,0.043,0.026
reputable,0.425,-0.211,-0.175
reputation,0.299,-0.135,-0.014
repute,0.260,-0.157,-0.030
reputed,0.075,0.069,-0.101
request,0.134,-0.105,-0.037
requiem,-0.122,-0.066,-0.025
require,-0.037,0.034,-0.123
required,0.190,-0.045,-0.093
requirement,0.141,-0.039,-0.185
requisite,-0.013,-0.052,-0.174
requisition,0.102,0.029,-0.108
reread,-0.091,-0.047,-0.086
reroute,0.138,0.043,0.005
rerun,-0.005,0.205,-0.034
reschedule,-0.041,-0.007,-0.098
rescind,-0.213,0.023,-0.063
rescission,-0.171,0.135,0.032
rescue,0.609,0.087,0.138
research,0.318,0.026,-0.013
researcher,0.297,-0.028,-0.207
resection,-0.071,0.078,-0.069
resemblance,0.036,-0.368,-0.087
resemble,-0.030,-0.153,0.013
resembling,-0.053,-0.238,-0.112
resent,-0.431,0.331,0.057
resentful,-0.265,0.342,-0.001
resentment,-0.031,0.414,-0.047
reservation,0.063,-0.242,-0.038
reserve,0.006,-0.203,-0.136
reserved,0.019,-0.191,-0.112
reserves,0.025,-0.204,-0.015
reservoir,-0.119,-0.178,-0.081
reset,0.025,-0.024,-0.083
reside,-0.086,-0.008,-0.025
residence,0.062,-0.161,-0.068
residences,0.026,-0.141,0.006
residency,0.158,-0.231,-0.108
resident,-0.037,-0.186,-0.050
residential,0.035,-0.355,-0.114
residual,-0.252,-0.116,-0.021
residue,-0.383,-0.025,0.056
resign,-0.268,0.201,0.060
resignation,-0.366,0.174,-0.098
resigned,-0.455,-0.049,-0.144
resilience,0.108,-0.057,-0.133
resilient,0.258,0.010,-0.165
resin,-0.272,0.020,-0.139
resist,0.150,0.190,-0.049
resistance,0.270,0.199,-0.133
resistant,0.314,0.006,-0.127
resisting,0.295,0.269,-0.093
resistive,0.066,0.095,-0.143
resolute,0.293,-0.180,-0.011
resolutely,0.305,-0.174,-0.133
resolution,0.341,-0.158,-0.008
resolve,0.272,-0.160,-0.087
resolved,0.181,-0.261,-0.091
resonance,0.078,-0.075,-0.109
resonant,0.202,0.068,-0.020
resonate,0.197,0.023,0.000
resonator,0.050,0.098,0.031
resort,0.104,-0.088,-0.088
resounding,0.164,0.155,0.043
resource,0.231,-0.261,-0.135
resourceful,0.579,-0.137,0.040
resources,0.071,-0.174,-0.120
respect,0.325,-0.405,-0.058
respectability,0.440,-0.318,-0.155
respectable,0.384,-0.340,-0.182
respected,0.430,-0.321,-0.080
respectful,0.397,-0.391,-0.063
respecting,0.241,-0.358,-0.088
respective,0.181,-0.141,-0.140
respects,0.350,-0.310,-0.122
respiration,0.193,-0.266,-0.059
respirator,-0.116,-0.024,-0.055
respiratory,0.014,-0.032,-0.063
respite,-0.069,-0.163,0.034
resplendent,0.469,-0.163,0.112
respond,0.073,-0.094,-0.065
respondent,-0.061,0.005,-0.035
response,0.037,-0.084,0.074
responsibility,0.384,-0.173,-0.118
responsible,0.422,-0.211,-0.053
responsive,0.243,-0.178,0.139
rest,-0.101,-0.532,0.151
restart,0.063,-0.007,-0.012
restaurant,0.128,-0.316,0.115
rested,-0.009,-0.395,0.021
restful,-0.107,-0.472,-0.015
restitution,0.165,-0.025,-0.036
restless,-0.134,0.409,0.170
restlessness,-0.142,0.500,0.032
restock,0.128,0.025,-0.074
restoration,0.261,-0.225,-0.079
restorative,0.218,-0.081,-0.071
restore,0.218,-0.193,0.035
restored,0.317,-0.336,-0.019
restoring,0.359,-0.226,-0.047
restrain,-0.136,0.397,-0.023
restrained,-0.023,0.168,-0.027
restraining,0.119,0.294,-0.106
restraint,-0.095,0.323,-0.109
restrict,-0.117,0.309,-0.216
restricted,-0.179,0.158,-0.043
restriction,-0.091,0.333,-0.175
restrictive,-0.096,0.272,-0.084
restroom,-0.198,-0.273,0.113
result,0.260,-0.226,0.039
resultant,0.156,-0.158,-0.045
resume,0.056,-0.110,-0.073
resumption,0.192,-0.073,-0.025
resurrect,0.477,-0.035,0.039
resurrection,0.406,0.026,0.052
resuscitate,0.339,0.126,-0.097
resuscitation,0.467,0.014,0.064
retail,-0.130,-0.112,-0.014
retailer,0.143,-0.188,0.001
retain,0.004,0.068,-0.180
retainer,-0.193,0.015,0.007
retaining,0.082,0.106,-0.098
retake,0.110,-0.100,-0.023
retaliate,0.024,0.501,-0.081
retaliation,-0.029,0.463,0.012
retaliatory,0.093,0.477,-0.015
retard,-0.427,0.104,-0.038
retardation,-0.503,0.160,-0.018
retarded,-0.362,0.103,0.118
retards,-0.304,0.042,0.092
retention,-0.041,0.108,-0.120
retentive,-0.046,0.031,-0.033
rethink,0.013,-0.035,-0.109
reticent,-0.043,0.088,-0.039
retina,-0.236,-0.168,-0.029
retinal,-0.078,-0.132,-0.053
retire,-0.330,-0.014,0.109
retired,-0.374,-0.008,-0.104
retirement,-0.386,0.049,-0.047
retiring,-0.312,-0.031,0.086
retold,-0.183,-0.056,0.020
retort,-0.046,0.073,-0.016
retrace,-0.266,0.161,-0.003
retract,-0.222,0.088,-0.021
retraction,-0.151,0.127,-0.044
retractor,0.011,0.170,-0.060
retreat,-0.127,0.005,0.140
retrenchment,-0.147,0.294,0.033
retrial,0.104,0.057,-0.022
retribution,0.208,-0.088,-0.089
retrieval,0.218,-0.177,-0.077
retrieve,0.304,-0.112,0.015
retriever,-0.047,0.028,0.005
retro,-0.162,-0.271,0.073
retroactive,0.100,-0.042,-0.123
retrograde,-0.224,0.183,-0.101
retrospect,-0.019,0.070,-0.071
retrospective,0.058,-0.080,0.015
retrospectively,0.004,-0.078,-0.088
return,-0.018,-0.136,0.026
reunion,0.292,-0.236,0.043
reunite,0.215,-0.072,-0.006
reunited,0.189,-0.186,-0.043
rev,-0.210,0.036,-0.005
reveal,0.081,0.101,0.054
revel,0.351,-0.024,0.100
revelation,0.453,-0.259,-0.070
revelations,0.260,-0.055,0.125
revels,0.357,-0.104,0.155
revenge,0.168,0.504,0.023
revenue,0.447,-0.248,-0.060
reverberation,0.048,0.178,-0.012
revere,0.232,-0.133,0.079
reverence,0.010,-0.208,-0.026
reverend,0.052,-0.218,-0.069
reverent,0.161,-0.035,-0.115
reverie,0.020,-0.182,0.053
reversal,0.011,0.098,-0.114
reverse,-0.050,-0.088,-0.001
reversion,-0.057,0.053,0.052
revert,-0.070,0.054,-0.097
reverting,0.008,-0.122,-0.063
review,0.138,-0.178,-0.064
reviewer,-0.044,-0.152,-0.055
revise,-0.008,-0.021,-0.023
revision,0.091,0.041,-0.207
revisit,0.047,-0.017,0.035
revival,0.309,-0.117,0.177
revive,0.423,0.078,0.045
revocation,0.058,0.257,-0.174
revoke,0.141,0.325,-0.175
revolt,0.217,0.381,0.022
revolting,-0.252,0.410,0.051
revolution,0.366,0.350,-0.026
revolutionary,0.487,0.183,0.052
revolutionize,0.535,0.102,-0.018
revolve,-0.003,-0.039,0.137
revolver,0.170,0.436,-0.157
revolving,0.142,-0.022,0.032
revue,-0.083,-0.175,0.018
revulsion,-0.184,0.462,0.063
revving,0.505,0.199,-0.007
reward,0.520,-0.178,0.125
rewarding,0.498,-0.225,0.099
rewind,-0.046,0.061,0.056
rewire,-0.154,0.067,-0.020
rewrite,-0.053,0.004,0.041
rhapsody,0.070,-0.159,0.122
rhetoric,-0.072,0.011,-0.081
rhetorical,0.089,0.113,-0.095
rheumatism,-0.213,0.181,-0.093
rhinestone,-0.027,0.009,0.106
rhino,0.079,0.014,0.004
rhinoceros,0.152,0.070,0.064
rhubarb,-0.169,-0.201,0.043
rhyme,-0.051,-0.295,-0.044
rhyming,0.071,-0.228,0.061
rhythm,0.311,-0.014,0.221
rhythmic,0.293,-0.050,0.067
rhythmical,0.359,-0.110,0.179
rib,-0.185,-0.103,0.016
ribbed,-0.191,0.010,-0.068
ribbon,-0.096,-0.311,0.088
rice,-0.180,-0.329,0.038
rich,0.544,-0.171,-0.027
riches,0.596,-0.181,0.063
richness,0.662,-0.039,0.080
rick,-0.099,-0.028,-0.025
rickety,-0.372,0.121,-0.007
rickshaw,-0.057,0.105,0.089
ricochet,-0.100,0.232,0.011
rid,-0.322,0.151,-0.077
riddance,-0.079,0.170,-0.031
riddle,0.081,0.044,0.026
riddled,0.007,0.404,0.146
ride,0.115,-0.247,0.147
rider,0.181,-0.007,0.083
ridge,-0.164,-0.062,0.043
ridicule,-0.238,0.417,0.132
ridiculed,-0.256,0.479,0.180
ridiculous,-0.310,0.301,0.064
riding,0.257,-0.029,0.094
rife,0.203,-0.000,-0.065
riff,-0.079,0.013,0.146
riffraff,-0.190,0.031,-0.048
rifle,0.264,0.409,-0.014
rifleman,0.240,0.446,-0.108
rifles,0.284,0.380,-0.062
rift,-0.270,0.188,0.034
rig,0.142,-0.101,-0.214
rigged,-0.214,0.229,-0.083
rigging,-0.030,0.003,0.056
right,0.201,-0.267,-0.110
righteous,0.316,-0.300,-0.108
righteousness,0.514,-0.091,-0.042
rightful,0.332,-0.328,-0.137
rightly,0.310,-0.181,-0.095
righty,0.242,-0.297,-0.179
rigid,0.019,0.143,-0.103
rigidity,0.027,0.249,-0.284
rigor,0.209,0.268,-0.073
rigorous,0.372,0.279,-0.095
rim,-0.188,-0.087,0.085
rind,-0.091,-0.182,-0.094
ring,0.027,-0.180,0.070
ringer,-0.025,0.012,0.197
ringing,0.298,-0.086,0.028
ringleader,0.135,0.026,-0.059
ringmaster,0.291,-0.000,-0.031
ringside,0.004,0.095,0.140
rink,-0.104,-0.116,0.040
rinse,-0.143,-0.351,-0.040
riot,0.057,0.629,-0.026
rioting,0.087,0.561,0.039
riotous,0.057,0.480,-0.038
riots,0.029,0.556,-0.028
rip,-0.190,0.372,0.020
riparian,-0.082,-0.105,0.035
ripe,0.130,-0.229,-0.124
ripen,0.190,-0.265,-0.065
ripening,0.240,-0.079,-0.129
ripper,0.148,0.476,-0.021
ripple,-0.117,-0.038,0.064
rippling,-0.135,-0.021,0.108
rise,0.305,-0.046,-0.038
rising,0.315,-0.102,0.040
risk,-0.023,0.403,0.091
risky,0.209,0.499,-0.040
risotto,-0.064,-0.262,0.303
rite,0.049,0.141,-0.093
ritual,-0.047,0.105,-0.054
ritualistic,0.044,0.095,-0.006
rival,-0.003,0.230,-0.096
rivalry,0.001,0.407,-0.029
river,0.118,-0.206,-0.041
riverbank,-0.127,-0.278,0.096
riverbed,-0.130,-0.267,-0.038
riverboat,-0.070,-0.151,-0.028
rivet,-0.182,-0.107,-0.060
riveted,-0.128,0.039,-0.049
riveting,-0.082,0.063,0.072
roach,-0.304,0.313,0.050
road,-0.038,-0.183,0.089
roadblock,-0.008,0.234,0.021
roadhouse,0.027,0.081,0.094
roadie,-0.001,0.044,0.067
roadrage,0.058,0.079,-0.028
roadrunner,0.157,0.150,0.043
roads,0.060,-0.164,0.059
roadside,0.013,0.046,0.057
roadster,0.054,0.060,0.100
roadtrip,0.148,-0.061,0.124
roadway,-0.103,-0.247,-0.137
roadworks,0.055,-0.018,0.044
roam,-0.012,0.025,0.071
roar,0.241,0.278,0.017
roaring,0.223,0.261,0.056
roast,-0.107,0.005,0.163
roasted,-0.050,-0.076,0.177
rob,-0.031,0.515,-0.000
robber,-0.066,0.451,-0.013
robbery,-0.066,0.499,0.056
robe,-0.235,-0.272,0.029
robin,-0.117,-0.137,0.024
robot,-0.076,-0.068,-0.147
robotic,0.121,0.137,-0.092
robotics,0.284,0.014,-0.083
robust,0.291,-0.040,-0.014
roc,-0.093,0.056,0.029
rock,-0.024,-0.268,-0.124
rocker,0.245,0.063,0.080
rocket,0.435,0.116,0.066
rocks,-0.175,-0.101,-0.253
rod,-0.202,-0.116,-0.009
rodent,-0.211,0.172,0.110
rodeo,0.143,0.132,0.031
roe,-0.135,-0.078,0.001
rogue,0.117,0.273,-0.057
role,-0.115,-0.204,-0.081
roll,-0.248,0.015,0.217
roller,-0.152,-0.095,0.059
rollercoaster,0.455,0.070,0.264
rollers,-0.188,-0.093,0.035
rollicking,0.372,-0.060,0.312
rolling,-0.074,0.058,0.186
roman,0.146,-0.094,-0.054
romance,0.389,-0.218,0.269
romantic,0.303,-0.290,0.158
romanticism,0.254,-0.238,0.117
romp,0.061,0.013,0.186
roof,-0.195,-0.269,0.008
rooftop,-0.007,-0.073,0.045
rook,-0.100,0.018,-0.119
rookie,-0.239,-0.163,0.177
room,-0.030,-0.318,0.029
roomful,0.203,-0.253,0.004
roommate,0.101,-0.195,0.123
rooms,-0.118,-0.311,0.022
roomy,0.225,-0.287,-0.124
roost,-0.155,-0.069,0.058
rooster,-0.238,-0.059,0.073
root,-0.049,-0.226,-0.077
root beer,-0.011,-0.049,0.109
rooted,0.176,0.021,-0.131
rope,-0.275,-0.075,-0.068
ropes,-0.186,-0.109,-0.059
rosary,-0.070,-0.472,-0.002
rose,-0.008,-0.423,0.131
rosemary,-0.018,-0.221,0.077
rosette,-0.196,-0.048,0.067
roster,-0.163,-0.161,-0.009
rosy,0.417,-0.288,0.050
rot,-0.350,0.371,-0.055
rota,-0.318,0.092,0.094
rotary,0.038,-0.078,-0.005
rotate,-0.041,0.009,-0.031
rotation,0.130,-0.107,0.058
rote,0.163,-0.049,-0.116
rotor,-0.090,-0.033,0.043
rotten,-0.279,0.341,-0.021
rotting,-0.351,0.189,-0.001
rotunda,-0.095,-0.029,0.054
rouge,-0.102,-0.119,0.057
rough,0.189,0.276,0.024
roughly,-0.034,0.063,0.022
roughneck,-0.028,0.224,-0.002
roughness,-0.112,0.260,-0.087
roulette,-0.052,0.253,0.074
round,-0.143,-0.091,0.119
roundabout,-0.045,-0.045,-0.042
rounded,-0.082,-0.146,0.056
roundup,0.029,0.040,0.071
rouse,-0.021,-0.024,0.030
rouser,-0.047,0.039,0.065
rousing,0.254,-0.135,-0.021
rout,-0.301,0.319,0.091
route,-0.016,-0.161,-0.053
routine,-0.322,-0.103,-0.103
rove,-0.142,-0.042,-0.006
rover,-0.034,0.016,0.080
roving,0.007,-0.100,0.014
row,-0.212,-0.106,-0.093
rowboat,-0.180,-0.047,0.022
rowdy,0.082,0.454,0.089
rowing,-0.072,-0.010,-0.028
royal,0.301,-0.251,-0.075
royalty,0.440,-0.177,-0.032
rub,-0.031,0.025,0.114
rubber,-0.289,-0.174,-0.046
rubbers,-0.077,-0.175,0.033
rubbing,-0.057,0.113,0.034
rubbish,-0.416,0.172,0.062
rubble,-0.244,0.136,0.059
rubdown,-0.044,-0.054,0.090
rubric,-0.151,-0.113,-0.166
ruby,0.069,-0.179,-0.002
ruckus,-0.080,0.304,0.064
rudder,-0.039,0.023,-0.052
ruddy,-0.019,0.092,0.139
rude,-0.136,0.535,0.033
rudeness,0.182,0.387,-0.063
rudimentary,-0.186,0.032,-0.206
rudiments,-0.140,0.092,0.044
rue,-0.323,0.044,0.033
rueful,-0.396,0.176,-0.006
ruff,-0.153,0.099,0.027
ruffian,-0.056,0.489,0.025
ruffle,0.014,0.084,-0.006
rug,-0.299,-0.205,0.044
rugby,0.391,0.101,0.116
rugged,0.275,0.016,-0.135
ruin,-0.368,0.319,0.081
ruination,-0.329,0.273,0.094
ruined,-0.373,0.295,0.071
ruinous,-0.194,0.299,0.141
ruins,-0.312,0.163,0.049
rule,0.066,-0.095,-0.072
ruler,0.017,-0.020,-0.173
ruling,-0.195,0.275,-0.056
rum,-0.064,-0.131,-0.004
rumba,0.379,0.027,0.233
rumble,0.133,0.270,-0.008
rummage,-0.226,0.256,0.085
rumor,-0.241,0.224,0.078
rumored,-0.118,0.117,0.147
rump,-0.137,-0.019,0.006
rumpus,-0.068,0.056,0.046
run,0.189,0.169,0.147
runaround,-0.126,0.044,0.090
runaway,-0.056,0.348,0.105
rundown,-0.113,-0.156,-0.077
runes,-0.268,-0.101,-0.004
rung,-0.160,-0.113,0.017
runner,0.193,0.206,0.024
running,0.243,0.078,0.345
running shoes,0.104,-0.061,0.119
runny,-0.136,-0.078,0.107
runt,-0.105,0.092,-0.024
runway,-0.086,-0.153,0.036
rupture,-0.174,0.360,-0.058
rural,-0.158,-0.224,-0.046
ruse,0.116,0.076,0.060
rush,0.134,0.283,0.092
rushing,0.123,0.296,0.106
rust,-0.351,-0.011,-0.109
rusted,-0.318,0.048,-0.044
rustic,0.003,0.203,0.029
rustle,-0.142,0.142,0.014
rustler,-0.003,0.383,0.124
rusty,-0.383,0.047,-0.009
rut,-0.252,-0.015,-0.109
ruth,-0.091,-0.030,-0.016
ruthless,0.145,0.460,-0.066
rye,-0.166,-0.136,-0.053
sabbatical,-0.042,-0.378,0.038
saber,0.121,0.048,0.053
sable,0.020,0.103,0.028
sabotage,0.012,0.544,0.047
saboteur,-0.047,0.386,0.110
sac,-0.398,-0.075,-0.025
sack,-0.306,-0.039,0.019
sacrament,0.151,-0.256,-0.147
sacred,0.368,-0.311,-0.158
sacrifice,0.038,0.442,0.019
sacrifices,0.022,0.310,-0.013
sacrificial,-0.063,0.392,0.028
sacrilege,-0.016,0.301,0.015
sacrilegious,-0.101,0.417,-0.005
sad,-0.471,0.069,0.019
sadday,-0.094,-0.075,0.026
saddens,-0.486,0.227,0.021
saddle,-0.131,-0.009,0.143
sadist,-0.028,0.619,0.009
sadistic,0.046,0.624,-0.084
sadly,-0.548,0.147,-0.154
sadness,-0.568,0.164,-0.098
safari,0.265,0.007,0.076
safe,0.293,-0.410,-0.094
safeguard,0.346,-0.113,0.067
safekeeping,0.143,-0.100,0.019
safety,0.365,-0.141,-0.159
saffron,-0.198,-0.053,0.008
sag,-0.175,0.302,-0.085
saga,0.111,-0.135,-0.037
sage,0.197,-0.314,-0.093
saggy,-0.244,0.037,0.037
sail,-0.203,-0.284,0.023
sailboat,-0.029,-0.238,0.128
sailing,0.093,-0.107,0.091
sailor,0.042,0.061,0.048
saint,0.171,-0.397,-0.125
sainted,0.133,-0.283,-0.133
saintly,0.145,-0.408,-0.005
sake,-0.038,0.054,0.099
salad,-0.130,-0.354,0.122
salamander,-0.249,-0.038,0.013
salami,-0.100,-0.224,0.115
salary,0.243,-0.214,0.021
sale,0.175,-0.033,0.076
salesgirl,0.112,-0.062,-0.038
salesman,0.218,-0.056,-0.012
salient,0.231,-0.013,-0.051
saline,-0.195,-0.064,-0.041
saliva,-0.446,0.034,-0.083
sally,-0.036,-0.153,0.024
salmon,-0.031,-0.363,0.027
salmonella,-0.250,0.307,0.029
salon,-0.109,-0.165,-0.071
saloon,-0.129,-0.238,0.047
salsa,0.026,-0.181,0.205
salt,-0.318,-0.010,-0.053
salted,-0.273,0.044,0.001
saltwater,-0.266,0.002,-0.082
salty,-0.194,0.093,0.109
salutary,0.259,-0.367,-0.020
salutation,0.148,-0.331,0.136
salute,0.317,-0.204,0.058
salvage,0.306,-0.067,-0.165
salvation,0.385,-0.259,-0.047
salve,0.003,-0.157,-0.006
samba,0.229,-0.039,0.289
sameness,-0.077,-0.140,-0.067
sample,-0.174,-0.233,-0.127
samurai,0.388,0.132,-0.074
sanatorium,-0.027,0.015,-0.014
sanctification,0.330,-0.229,-0.126
sanctified,0.102,-0.386,-0.079
sanctify,0.264,-0.152,-0.143
sanctimonious,-0.319,0.088,-0.079
sanction,-0.017,0.389,-0.018
sanctioned,-0.073,0.258,0.097
sanctity,0.146,-0.308,-0.051
sanctuary,0.104,-0.448,-0.027
sanctum,0.094,-0.051,-0.132
sand,-0.207,-0.220,0.054
sandal,-0.230,-0.149,-0.008
sandbox,-0.243,-0.219,0.074
sander,-0.033,0.098,0.052
sandman,-0.106,-0.011,0.050
sandpaper,-0.147,0.004,-0.014
sands,-0.110,-0.246,0.048
sandstorm,0.159,0.354,0.002
sandwich,-0.141,-0.261,0.112
sandy,-0.307,-0.103,-0.032
sane,0.126,-0.363,-0.137
sanguine,0.071,0.029,0.011
sanitarium,0.094,0.141,0.006
sanitary,-0.161,-0.097,-0.066
sanitation,0.031,-0.305,0.013
sanity,0.115,-0.229,-0.118
sans,-0.303,-0.123,0.043
santa,0.021,-0.317,-0.010
sap,-0.287,-0.128,0.042
sapiens,0.028,-0.014,-0.093
sapphire,0.230,-0.208,0.010
sappy,-0.097,-0.089,0.140
sarcasm,-0.210,0.392,0.028
sarcastic,-0.063,0.259,0.243
sarcoma,-0.181,0.183,-0.037
sarcophagus,-0.132,0.205,-0.031
sardine,-0.297,-0.223,0.058
sardonic,-0.099,0.332,-0.005
sarsaparilla,-0.097,-0.045,0.120
sash,-0.227,-0.132,-0.005
sashimi,-0.091,-0.285,0.091
sassafras,-0.090,-0.056,-0.056
sassy,-0.147,0.299,0.126
satanic,0.105,0.563,-0.174
satchel,-0.195,-0.155,0.011
sate,0.015,-0.191,0.045
satellite,0.178,-0.096,-0.202
satin,-0.054,-0.086,-0.034
satire,0.033,0.136,0.084
satirical,-0.006,0.209,-0.048
satisfaction,0.409,-0.216,0.166
satisfactorily,0.384,-0.131,-0.043
satisfactory,0.408,-0.276,0.118
satisfied,0.367,-0.317,0.098
satisfy,0.470,-0.057,0.192
satisfying,0.472,-0.196,0.028
saturate,-0.047,0.281,0.016
saturated,0.041,0.154,0.137
saturation,-0.023,0.237,-0.130
satyr,-0.043,0.255,-0.029
sauce,-0.115,-0.044,0.184
saucepan,-0.319,-0.060,-0.078
saucer,-0.196,-0.133,0.023
saucy,-0.130,0.282,0.039
sauerkraut,-0.125,-0.061,0.103
sauna,0.036,-0.309,0.084
sausage,-0.158,-0.088,0.119
savage,0.134,0.516,0.021
savagery,0.207,0.493,-0.058
savanna,-0.193,-0.324,-0.069
savannah,-0.162,-0.372,0.084
savant,0.347,-0.223,-0.111
save,0.237,-0.230,-0.029
saver,0.284,-0.246,-0.155
saving,0.040,-0.299,-0.152
savings,0.183,-0.243,0.020
savior,0.414,-0.312,-0.025
savor,0.206,-0.200,0.167
savory,0.345,-0.071,0.186
savvy,0.268,-0.136,-0.026
saw,-0.059,0.162,-0.078
sawdust,-0.344,-0.090,0.009
sawmill,-0.143,-0.034,-0.056
sax,-0.046,-0.081,0.079
saxophone,0.054,-0.175,0.072
say,-0.069,-0.183,-0.057
sayonara,-0.090,-0.118,0.041
scab,-0.319,-0.021,-0.005
scabbard,-0.426,-0.079,-0.042
scaffold,-0.129,0.007,0.104
scaffolding,-0.034,-0.087,-0.106
scalding,-0.181,0.188,-0.006
scale,-0.111,0.037,-0.226
scales,-0.118,-0.073,-0.115
scallop,-0.193,-0.094,0.037
scalp,-0.293,-0.004,-0.021
scalpel,-0.016,0.280,0.027
scaly,-0.221,0.139,-0.017
scam,-0.170,0.497,-0.029
scamp,-0.132,0.000,0.049
scampi,-0.209,-0.070,0.177
scan,-0.069,-0.039,-0.031
scandal,0.006,0.497,-0.045
scandalous,0.053,0.547,0.009
scanner,-0.005,-0.119,-0.110
scanty,-0.456,0.023,0.064
scape,-0.019,0.240,-0.057
scapegoat,-0.083,0.355,-0.037
scar,-0.251,0.252,-0.098
scarab,-0.236,0.029,0.093
scarce,-0.392,0.017,-0.001
scarcely,-0.496,0.227,-0.014
scarcity,-0.396,0.227,0.060
scare,-0.163,0.546,0.205
scarecrow,-0.357,0.041,-0.153
scared,-0.248,0.469,0.227
scares,-0.105,0.508,0.087
scarf,-0.207,-0.383,0.159
scarier,-0.026,0.486,0.043
scariest,0.035,0.493,0.013
scarlet,-0.114,-0.085,0.005
scary,0.018,0.630,0.018
scat,-0.124,0.147,0.011
scatter,-0.147,0.275,0.002
scattered,-0.392,0.117,-0.024
scattering,-0.129,0.141,0.027
scavenger,-0.190,0.284,-0.048
scenario,0.220,-0.106,-0.041
scene,0.015,-0.158,-0.107
scenery,0.070,-0.343,-0.081
scenic,0.300,-0.089,-0.062
scent,0.017,-0.159,0.021
scented,0.136,-0.261,0.227
scepter,0.092,-0.225,-0.164
sceptical,-0.221,0.128,-0.175
scepticism,-0.094,0.114,-0.164
schadenfreude,-0.033,0.201,0.032
schedule,-0.067,-0.091,-0.047
schematic,-0.002,-0.135,-0.224
scheme,-0.044,-0.171,-0.169
schilling,-0.169,0.031,-0.056
schism,-0.159,0.202,0.011
schizophrenia,-0.069,0.554,0.057
schizophrenic,-0.028,0.601,0.106
schlep,-0.219,0.087,-0.054
schmuck,-0.201,0.033,-0.027
schnapps,0.013,-0.017,0.133
schnitzel,-0.186,0.044,-0.021
scholar,0.226,-0.185,-0.109
scholarly,0.259,-0.195,-0.043
scholarship,0.268,-0.266,0.084
scholastic,-0.021,-0.021,-0.010
school,0.191,-0.239,-0.007
schoolboy,-0.037,-0.171,0.037
schoolgirl,0.078,-0.177,0.194
schoolhouse,0.131,-0.130,-0.120
schooling,0.124,-0.079,-0.078
schoolmaster,0.275,-0.197,-0.234
schoolteacher,0.049,-0.092,-0.146
schoolwork,-0.024,0.014,0.003
schoolyard,0.062,-0.116,0.145
schooner,-0.030,-0.164,0.065
sciatica,-0.211,0.111,-0.060
science,0.184,-0.102,-0.162
scientific,0.324,-0.089,-0.153
scientist,0.241,-0.032,-0.170
scifi,0.002,-0.023,0.155
scintilla,-0.082,0.032,0.083
scintillating,0.268,0.059,0.123
scintillation,0.128,0.003,0.029
scintillator,0.130,0.058,0.126
scion,-0.098,-0.078,-0.036
scissors,-0.182,-0.004,0.096
scoff,-0.238,0.391,0.056
scold,0.061,0.403,-0.094
scolding,-0.115,0.536,0.034
scone,-0.339,-0.099,0.031
scoop,0.163,-0.024,-0.033
scoot,-0.064,-0.018,0.060
scooter,-0.047,0.047,0.141
scope,0.181,-0.182,-0.138
scorch,-0.059,0.337,-0.027
scorching,-0.008,0.160,0.054
score,0.095,-0.196,-0.041
scoreboard,0.055,-0.133,0.091
scorer,0.357,-0.081,-0.013
scores,0.125,-0.084,-0.061
scorn,-0.193,0.428,0.033
scorned,-0.403,0.325,-0.005
scornful,-0.207,0.305,-0.006
scorpion,0.039,0.392,-0.080
scotch,0.132,-0.038,-0.031
scoundrel,-0.151,0.455,-0.003
scour,0.088,0.157,-0.089
scourge,-0.219,0.295,0.076
scout,0.321,-0.025,-0.046
scowl,-0.114,0.208,0.020
scrabble,-0.053,-0.155,0.081
scram,-0.170,0.126,-0.038
scramble,0.101,0.191,0.118
scrambled,0.020,0.061,-0.031
scrambler,-0.058,0.092,0.026
scrambling,0.276,0.281,-0.028
scrap,-0.485,0.124,-0.027
scrapbook,-0.126,-0.203,-0.047
scrape,-0.096,0.172,0.078
scrapie,-0.193,0.271,0.205
scraping,-0.268,0.147,0.011
scrappy,-0.227,0.054,-0.098
scratch,-0.218,0.238,0.120
scratchy,-0.126,0.265,-0.023
scrawny,-0.333,0.097,0.026
scream,0.086,0.480,-0.016
screamer,-0.168,0.361,0.003
screaming,0.036,0.459,0.124
screech,-0.139,0.407,0.162
screen,-0.071,-0.264,0.030
screening,0.215,0.012,-0.076
screenplay,-0.032,-0.064,-0.064
screenwriter,0.189,-0.042,-0.112
screw,-0.165,0.050,0.008
screwball,-0.025,0.290,-0.015
screwdriver,-0.025,-0.004,0.062
screwed,-0.115,0.156,-0.059
screwy,-0.068,0.177,0.012
screwyou,-0.043,0.275,-0.041
scribble,-0.161,0.013,0.038
scribe,-0.099,-0.193,-0.103
scrimmage,-0.054,0.203,0.085
scrip,-0.086,0.023,-0.023
script,0.050,-0.113,0.007
scriptural,-0.025,-0.205,-0.178
scripture,0.106,-0.330,-0.098
scroll,-0.066,0.176,0.074
scrotum,-0.079,0.175,0.130
scrounge,-0.188,0.250,-0.032
scrounger,-0.196,0.115,0.008
scrub,-0.080,0.005,-0.083
scruffy,-0.418,0.163,0.042
scrumptious,0.348,-0.226,0.256
scrupulous,0.185,0.099,0.052
scrutinize,0.073,0.093,-0.023
scrutiny,0.187,0.112,-0.025
scuba,-0.014,-0.036,0.047
scuff,-0.228,0.278,-0.042
scuffle,-0.012,0.464,-0.026
scullery,-0.200,-0.096,-0.002
sculptor,0.184,-0.150,-0.098
sculpture,0.044,-0.287,0.043
sculptured,0.084,-0.236,-0.009
scum,-0.333,0.009,0.061
scumbag,-0.247,0.241,0.078
scurry,0.026,0.175,0.025
scurvy,-0.227,0.071,0.039
scuttle,-0.130,-0.028,-0.037
sea,0.160,-0.338,0.018
seaboard,0.017,-0.217,-0.005
seafood,-0.047,-0.120,0.193
seagull,-0.189,-0.281,0.054
seal,-0.127,-0.186,-0.171
seals,-0.239,-0.119,-0.116
seam,-0.218,-0.123,-0.112
seaman,0.139,-0.000,-0.103
seamless,-0.336,-0.227,-0.079
seamstress,-0.164,-0.176,-0.022
seaport,-0.047,-0.194,-0.048
sear,0.093,0.048,-0.045
search,0.078,-0.044,0.134
searching,0.067,0.082,0.125
searchlight,0.103,-0.079,0.028
seared,-0.252,0.130,-0.108
seashore,-0.034,-0.350,0.124
seasick,-0.289,0.394,0.091
seaside,0.208,-0.266,0.191
season,0.116,-0.272,0.078
seasonal,-0.204,-0.231,0.055
seasoned,0.195,-0.177,0.181
seasoning,-0.003,-0.174,0.017
seat,-0.132,-0.184,-0.054
seatbelt,0.152,-0.231,-0.182
seating,-0.241,-0.209,0.044
seawater,-0.022,-0.397,-0.035
seaweed,-0.215,-0.113,-0.061
sec,-0.147,-0.077,0.015
secession,-0.053,0.171,-0.057
secluded,-0.372,-0.070,-0.017
seclusion,-0.103,0.236,-0.101
second,-0.325,-0.203,0.009
second cousin,-0.011,-0.242,0.059
secondary,-0.166,-0.195,0.162
secondhand,-0.363,0.136,-0.057
secrecy,-0.097,0.182,-0.054
secret,0.034,0.071,0.027
secretariat,0.059,-0.037,-0.080
secretary,0.064,-0.129,-0.029
secrete,0.009,0.100,-0.011
secretion,-0.013,0.163,-0.045
secretive,-0.147,-0.091,-0.215
secretly,-0.049,-0.085,-0.026
sect,-0.019,0.286,-0.039
sectarian,-0.057,0.247,-0.069
section,-0.168,-0.163,-0.071
sectional,-0.103,-0.007,-0.056
sector,-0.051,-0.279,-0.171
secular,-0.023,0.001,-0.053
secularism,-0.052,0.057,-0.137
secure,0.413,-0.314,-0.186
securities,0.285,-0.301,-0.230
security,0.333,-0.326,-0.136
sedan,0.083,-0.031,-0.175
sedate,-0.198,-0.356,-0.005
sedation,-0.179,-0.170,-0.050
sedative,-0.308,-0.028,-0.111
sedentary,-0.418,-0.076,-0.115
sedge,-0.213,-0.011,0.009
sediment,-0.216,-0.094,-0.047
sedimentary,-0.163,-0.088,-0.177
sedition,0.007,0.168,-0.114
seduce,0.292,0.286,0.050
seducer,0.450,0.079,0.078
seducing,0.325,0.162,0.050
seduction,0.277,0.267,0.137
seductive,0.409,0.032,0.190
see,-0.179,-0.265,0.068
seed,-0.237,-0.373,0.009
seedling,-0.178,-0.043,-0.077
seeds,-0.055,-0.330,0.041
seedy,-0.314,0.113,-0.069
seek,0.014,-0.138,0.032
seeker,0.094,-0.128,0.014
seem,-0.255,-0.124,0.017
seemingly,-0.152,-0.061,0.045
seer,0.216,-0.078,-0.126
seesaw,-0.002,-0.014,0.128
seething,0.162,0.363,-0.013
segment,-0.159,-0.125,-0.088
segregate,-0.087,0.237,0.010
segregated,-0.196,0.291,-0.058
segregation,-0.157,0.170,0.006
seismic,0.171,0.424,0.093
seize,0.272,-0.006,0.034
seizure,-0.057,0.422,0.022
seldom,-0.300,0.036,-0.004
select,0.086,-0.144,-0.066
selection,0.039,-0.174,-0.108
selective,0.132,-0.178,-0.172
selectman,0.127,-0.001,-0.024
selenium,-0.178,-0.048,0.048
self,0.039,-0.237,0.027
selfharm,-0.085,0.187,0.058
selfish,-0.157,0.412,-0.132
selfishness,-0.095,0.343,-0.010
selfless,-0.192,-0.202,-0.063
selflove,0.355,-0.160,0.129
selfworth,0.150,-0.171,0.011
sell,0.186,-0.006,0.043
seller,0.151,-0.112,-0.044
sellout,-0.081,0.065,-0.030
seltzer,-0.117,0.001,0.014
semantics,0.098,-0.213,-0.011
semaphore,0.037,-0.120,-0.111
semblance,-0.056,-0.022,0.024
semen,0.101,0.174,0.159
semester,-0.085,-0.135,-0.072
semi,-0.318,0.032,-0.047
semiautomatic,0.005,0.030,-0.024
semicolon,-0.310,-0.088,-0.066
seminal,-0.014,-0.027,-0.112
seminar,0.063,-0.151,-0.121
seminary,0.048,-0.156,-0.089
semiotics,0.004,-0.016,-0.136
senate,0.166,-0.082,-0.318
senator,0.141,0.039,-0.316
send,0.098,-0.130,0.042
sender,0.003,-0.065,-0.014
senescence,-0.159,0.053,-0.009
senile,-0.389,-0.048,-0.128
senior,0.016,-0.101,-0.042
seniority,-0.007,0.021,-0.154
senor,-0.028,-0.209,-0.231
senorita,0.156,-0.157,0.154
sensation,0.343,-0.084,0.104
sensational,0.633,-0.076,0.141
sense,0.081,-0.262,0.107
senseless,-0.504,0.179,0.010
senses,0.240,-0.192,-0.039
sensibility,-0.033,-0.115,0.034
sensible,-0.096,-0.130,0.164
sensibly,-0.011,-0.324,0.120
sensitive,-0.107,-0.216,0.232
sensitivity,0.009,-0.243,0.147
sensor,0.007,-0.134,-0.062
sensory,-0.010,-0.076,0.069
sensual,0.356,0.040,0.170
sensuality,0.429,-0.009,0.259
sensuous,0.409,-0.045,0.246
sentence,-0.015,-0.250,-0.101
sentencing,-0.010,0.472,-0.070
sentient,-0.098,-0.123,0.089
sentiment,0.209,-0.219,0.004
sentimental,-0.153,-0.152,0.103
sentimentality,0.027,-0.171,0.281
sentinel,0.314,0.063,-0.167
sentry,0.141,0.062,-0.115
separable,-0.164,-0.059,0.016
separate,-0.232,0.191,-0.013
separately,-0.255,0.039,-0.073
separation,-0.172,0.278,-0.031
separatist,-0.040,0.274,-0.078
sepia,-0.248,-0.127,-0.043
sepsis,-0.283,0.156,-0.036
sept,-0.170,-0.136,0.015
septic,-0.182,0.129,-0.074
septum,-0.214,0.105,-0.087
sequel,0.119,-0.119,0.010
sequence,-0.029,-0.133,-0.081
sequent,0.044,-0.072,-0.090
sequestered,-0.049,0.493,0.086
sequestration,0.011,0.482,0.042
serenade,0.214,-0.223,0.224
serendipity,0.046,-0.188,0.037
serene,-0.120,-0.478,0.033
serenity,0.060,-0.547,-0.054
sergeant,0.243,0.150,-0.219
serial,-0.107,-0.082,-0.077
serialize,0.046,-0.027,-0.088
series,-0.030,-0.139,0.076
serif,-0.086,-0.083,0.028
serious,0.065,-0.026,-0.106
seriousness,0.086,-0.038,-0.275
sermon,0.045,0.070,-0.115
serpent,0.031,0.421,-0.200
serpentine,-0.016,0.038,0.234
serrated,-0.146,0.033,-0.032
serum,-0.160,-0.202,-0.098
servant,-0.246,0.045,-0.010
serve,-0.071,-0.162,0.084
server,0.035,-0.211,-0.029
service,0.073,-0.195,0.014
serviceable,0.252,-0.303,-0.021
servile,-0.175,-0.079,-0.065
servitude,-0.310,0.163,0.047
sesame,-0.119,-0.302,0.028
sess,-0.114,0.042,0.012
session,-0.011,-0.021,0.001
sessions,0.218,-0.045,0.009
set,0.096,-0.022,-0.089
setback,-0.355,0.174,0.001
sett,-0.012,-0.103,-0.019
setter,-0.021,-0.062,0.014
settle,0.372,-0.215,-0.017
settled,-0.004,-0.009,0.034
settlement,0.186,-0.149,-0.137
settler,0.028,-0.084,-0.004
settlor,0.008,-0.066,-0.044
setup,0.132,-0.185,-0.069
seven,-0.119,-0.292,0.042
seventeen,-0.185,-0.210,0.053
seventh,-0.275,-0.185,0.007
seventy,-0.047,-0.194,0.017
sever,-0.142,0.340,-0.057
severable,-0.144,0.030,-0.001
severally,0.085,-0.293,-0.074
severance,0.035,0.160,-0.012
severe,0.043,0.411,-0.125
severely,0.087,0.331,-0.178
severity,0.098,0.327,-0.110
sew,-0.187,-0.124,0.028
sewage,-0.314,0.062,-0.092
sewer,-0.328,0.054,-0.025
sewerage,-0.388,0.164,0.041
sewing,-0.120,-0.209,0.070
sex,0.508,0.092,0.244
sexist,-0.044,0.379,0.107
sexual,0.362,0.262,0.194
sexuality,0.388,0.158,0.190
sexy,0.613,0.056,0.209
shabby,-0.297,0.195,0.050
shack,-0.204,0.017,0.020
shackle,-0.136,0.214,-0.004
shade,-0.329,-0.090,-0.029
shades,-0.187,-0.136,-0.031
shading,-0.256,-0.071,-0.009
shadow,-0.421,0.020,0.055
shadowy,-0.366,0.169,-0.127
shady,-0.174,0.129,0.006
shaft,-0.103,-0.192,-0.080
shag,-0.175,0.027,0.050
shaggy,-0.219,-0.151,0.020
shake,0.088,0.176,0.047
shakedown,-0.029,0.286,0.016
shaken,-0.124,0.214,0.126
shaker,0.132,0.143,0.122
shaking,-0.123,0.393,0.251
shaky,-0.208,0.323,0.204
shall,-0.114,-0.090,0.003
shallow,-0.241,-0.093,-0.042
shallows,-0.214,-0.016,-0.034
sham,-0.100,0.171,0.058
shaman,0.085,0.033,-0.059
shambles,-0.175,0.292,0.144
shame,-0.388,0.421,0.120
shamed,-0.354,0.298,0.056
shameful,-0.314,0.447,0.041
shameless,-0.078,0.306,0.072
shampoo,-0.282,-0.306,0.048
shanghai,0.008,-0.071,-0.009
shank,-0.191,-0.105,0.104
shanty,-0.233,0.014,0.112
shape,-0.135,-0.249,-0.044
shapely,0.345,-0.223,-0.130
shard,-0.154,0.014,-0.053
share,0.184,-0.152,0.119
shareholder,0.441,-0.004,-0.139
sharing,0.177,-0.261,0.105
shark,0.115,0.415,0.007
sharp,0.082,0.092,-0.032
sharpen,0.214,0.079,0.069
sharpened,0.271,0.058,-0.041
sharpener,-0.140,-0.075,0.099
sharpness,0.170,-0.238,-0.058
sharpshooter,0.266,0.495,-0.072
shatter,-0.068,0.503,0.012
shattered,-0.193,0.494,0.106
shattering,-0.076,0.442,-0.015
shave,-0.047,-0.078,-0.025
shaver,-0.143,0.020,0.008
shaving,-0.121,-0.028,0.084
shawl,-0.150,-0.264,0.218
sheaf,-0.138,-0.004,-0.081
shear,-0.117,0.251,0.055
shears,-0.201,0.059,0.150
sheath,-0.223,-0.106,-0.012
sheathing,0.032,0.081,-0.167
shed,-0.105,-0.016,-0.068
sheen,0.313,-0.210,0.009
sheep,-0.334,-0.292,0.123
sheepdog,0.085,-0.172,0.037
sheepish,-0.328,0.073,0.088
sheer,-0.082,-0.248,-0.073
sheet,-0.330,-0.189,-0.070
sheik,0.199,0.048,-0.090
shelf,-0.209,-0.255,-0.041
shell,-0.066,-0.151,0.080
shellfish,-0.073,-0.133,0.071
shelling,0.316,0.417,-0.039
shelter,0.022,-0.331,-0.098
sheltered,0.143,-0.141,-0.173
shelters,-0.052,-0.175,-0.039
shelved,-0.386,-0.097,-0.151
shepherd,0.064,-0.243,-0.108
sherbet,-0.130,-0.167,0.074
sheriff,0.289,-0.033,-0.137
sherry,-0.098,-0.092,0.160
shield,0.062,-0.088,-0.177
shift,0.035,0.091,0.056
shifting,0.065,0.022,0.003
shifty,0.010,0.226,0.049
shilling,-0.116,-0.127,-0.028
shimmer,0.264,-0.128,0.044
shimmering,0.534,-0.130,-0.033
shimmy,-0.050,-0.002,0.003
shin,-0.215,0.018,0.166
shindig,0.048,0.003,0.064
shine,0.364,-0.212,0.020
shiner,0.165,-0.164,0.082
shingle,-0.204,-0.218,-0.097
shining,0.500,-0.146,0.064
shiny,0.449,-0.195,0.043
ship,0.028,-0.108,0.112
shipment,-0.023,-0.103,0.040
shipping,-0.063,-0.210,0.003
shipshape,0.018,-0.083,0.052
shipwreck,-0.079,0.347,0.123
shipyard,0.058,0.135,-0.069
shire,-0.048,-0.148,-0.217
shirt,-0.246,-0.371,0.109
shit,-0.313,0.476,-0.000
shitday,-0.113,0.263,0.057
shitfaced,-0.136,0.336,0.052
shithead,-0.263,0.366,0.034
shitless,-0.213,0.190,0.030
shitload,-0.434,0.406,0.062
shittest,-0.323,0.414,0.076
shitty,-0.397,0.456,0.100
shiver,-0.184,0.345,0.212
shivering,-0.202,0.380,-0.004
shoals,-0.186,0.007,-0.014
shock,0.013,0.374,0.105
shocked,-0.064,0.333,0.136
shocker,0.097,0.406,-0.041
shocking,0.349,0.346,-0.095
shockingly,0.367,0.294,0.084
shoddy,-0.458,0.263,0.001
shoe,-0.276,-0.211,0.004
shoelace,-0.297,-0.085,-0.037
shoemaker,-0.169,-0.084,-0.169
shoes,-0.180,-0.299,0.213
shoeshine,-0.235,-0.007,0.007
shook,-0.038,0.423,-0.026
shoot,0.091,0.594,-0.049
shooter,0.211,0.428,-0.149
shooting,0.168,0.463,0.058
shootout,0.078,0.603,-0.047
shop,0.222,-0.069,0.135
shopkeeper,0.259,-0.111,-0.068
shoplifter,-0.008,0.468,0.021
shoplifting,-0.057,0.479,0.056
shopper,0.302,-0.016,-0.033
shopping,0.274,-0.333,0.079
shore,-0.287,-0.178,0.117
shoreline,0.012,-0.267,-0.046
shorn,-0.165,0.012,-0.027
short,-0.461,0.055,-0.098
short story,-0.098,-0.272,0.101
shortage,-0.442,0.250,-0.011
shortcake,-0.053,-0.230,0.078
shortcoming,-0.389,0.121,-0.050
shortcut,-0.099,-0.203,-0.009
shorten,-0.184,0.060,-0.131
shortening,-0.270,0.035,-0.114
shorthand,-0.073,-0.006,-0.020
shortly,-0.151,-0.196,0.032
shortness,-0.291,-0.132,0.018
shorts,-0.103,-0.110,0.195
shortstop,-0.063,0.077,0.011
shortwave,-0.225,-0.134,-0.053
shot,-0.008,0.433,-0.081
shotgun,0.160,0.479,-0.069
shoulder,-0.140,-0.196,-0.022
shout,0.027,0.487,0.141
shove,0.068,0.276,-0.059
shovel,-0.297,-0.089,0.021
shoveling,-0.033,0.254,-0.072
show,0.374,0.071,0.080
showbiz,0.253,0.035,0.126
showboat,0.125,0.001,0.118
showcase,-0.168,-0.188,-0.065
showdown,0.255,0.462,0.018
shower,-0.108,-0.235,0.110
showgirl,0.145,0.037,0.183
showing,0.073,-0.061,0.086
showoff,-0.058,0.179,0.004
showroom,0.117,-0.213,0.058
showy,0.290,-0.028,0.069
shrapnel,0.116,0.361,-0.118
shred,0.074,0.377,-0.083
shrew,-0.194,0.110,-0.037
shrewd,0.337,0.096,-0.099
shriek,0.129,0.255,0.165
shrill,0.113,0.294,-0.066
shrimp,-0.085,-0.150,0.010
shrine,0.087,-0.384,-0.040
shrink,-0.245,0.041,0.077
shrinking,-0.407,0.143,-0.008
shrivel,-0.471,0.168,0.034
shroud,-0.142,0.026,0.013
shrub,-0.177,-0.140,0.038
shrubbery,-0.238,-0.160,-0.016
shrug,-0.404,0.061,-0.098
shrunk,-0.442,0.131,-0.046
shrunken,-0.263,-0.099,0.123
shudder,0.104,0.316,0.043
shuddering,0.145,0.357,-0.025
shuffle,-0.004,-0.002,-0.085
shuffleboard,-0.093,-0.056,0.077
shuffling,-0.183,-0.087,0.103
shun,-0.072,0.126,0.094
shunned,-0.228,0.135,-0.037
shunt,-0.115,0.135,-0.069
shut,-0.337,0.078,-0.075
shutdown,-0.286,0.141,-0.172
shuteye,-0.073,-0.066,0.020
shutit,-0.151,0.118,-0.122
shutter,-0.224,0.140,-0.201
shuttle,0.093,0.042,0.032
shutup,-0.061,0.162,-0.041
shy,-0.542,-0.096,-0.041
shyness,-0.390,-0.037,-0.043
shyster,-0.127,0.193,-0.010
sib,0.069,-0.278,-0.079
sibling,0.200,-0.363,-0.010
sic,-0.171,0.061,-0.002
sick,-0.494,0.223,0.024
sickbay,-0.209,0.148,0.015
sicken,-0.373,0.316,-0.073
sickening,-0.330,0.379,0.027
sickle,-0.090,0.106,0.101
sickly,-0.355,0.247,0.091
sickness,-0.258,0.425,0.063
side,-0.208,-0.106,-0.072
sidearm,-0.057,0.047,-0.057
sidebar,-0.149,-0.075,-0.023
sideboard,-0.124,-0.234,-0.037
sideburns,-0.084,-0.328,0.171
sidecar,0.001,-0.073,-0.003
sidekick,0.028,-0.115,0.009
sideline,-0.074,-0.037,-0.105
sideshow,0.138,0.102,-0.078
sidestep,-0.100,0.125,0.038
sidewalk,-0.268,-0.204,-0.073
sideways,-0.130,-0.393,0.143
sidewinder,-0.044,-0.003,0.042
siege,0.054,0.341,-0.019
siesta,-0.246,-0.495,0.009
sieve,-0.261,-0.150,-0.041
sift,-0.049,-0.093,-0.001
sifting,0.002,-0.074,0.035
sigh,-0.234,-0.065,0.080
sight,-0.008,-0.304,-0.067
sighting,0.161,-0.013,-0.015
sightseeing,0.354,-0.227,0.072
sigma,0.007,-0.011,-0.044
sign,-0.024,-0.104,0.118
signal,-0.009,-0.142,0.035
signature,0.111,-0.098,-0.117
significance,0.244,-0.253,0.032
significant,0.441,-0.122,0.041
signification,-0.015,-0.171,-0.070
signify,0.036,-0.014,-0.157
signpost,-0.082,-0.078,-0.012
silence,-0.375,-0.174,-0.002
silencer,-0.123,-0.040,-0.106
silent,-0.354,-0.245,-0.068
silently,-0.317,-0.188,-0.063
silhouette,-0.156,-0.130,0.136
silicon,-0.095,0.006,-0.020
silicone,-0.207,-0.103,0.018
silk,-0.199,-0.462,0.052
silken,-0.075,-0.333,0.055
silky,-0.065,-0.299,0.246
sill,-0.221,-0.045,0.021
silliness,-0.372,0.021,0.058
silly,-0.375,-0.035,0.096
silo,-0.218,-0.027,-0.023
silt,-0.323,-0.179,0.086
silver,0.151,-0.162,-0.018
silverware,-0.049,-0.215,0.067
silvery,0.014,-0.058,-0.013
similar,-0.144,-0.220,-0.053
similarity,0.010,-0.334,-0.036
simile,-0.034,-0.179,0.005
simmer,-0.102,-0.256,0.033
simmering,-0.069,0.159,0.066
simple,-0.235,-0.374,-0.000
simples,-0.184,-0.351,0.129
simpleton,-0.308,-0.200,-0.130
simplicity,-0.154,-0.300,0.056
simplify,0.033,-0.148,-0.122
simplistic,-0.206,-0.173,-0.069
simply,-0.228,-0.272,-0.101
simulate,-0.095,-0.127,0.014
simulated,-0.123,-0.033,0.078
simulating,-0.006,-0.065,0.017
simulation,0.110,0.016,0.019
simulator,0.176,-0.084,0.060
simultaneous,0.171,-0.083,0.096
simultaneously,0.152,-0.115,-0.006
sin,-0.097,0.378,-0.004
sincere,0.259,-0.455,-0.083
sincerity,0.266,-0.390,-0.014
sinful,-0.100,0.453,0.044
sing,0.171,-0.189,0.284
singer,0.355,-0.051,0.184
singing,0.257,-0.213,0.216
single,-0.348,0.040,-0.013
singly,-0.068,-0.140,-0.031
singular,-0.053,-0.217,-0.043
singularity,0.080,-0.157,-0.150
singularly,-0.026,-0.167,-0.077
sinister,0.061,0.548,-0.019
sink,-0.220,0.041,0.030
sinker,-0.044,0.184,-0.090
sinking,-0.325,0.215,-0.099
sinner,-0.155,0.299,0.065
sinning,-0.125,0.373,0.005
sinus,-0.070,0.014,0.159
sip,-0.327,-0.005,0.073
siphon,-0.200,-0.012,-0.116
sipping,-0.177,-0.087,-0.012
sir,0.169,-0.210,-0.239
sire,0.376,-0.276,-0.069
siren,0.095,0.037,0.103
sirloin,-0.108,-0.095,0.065
sissy,-0.248,0.152,0.139
sister,0.168,-0.420,0.060
sisterhood,0.269,-0.294,-0.020
sit,-0.194,-0.236,-0.027
sitcom,-0.019,-0.023,0.114
site,-0.059,-0.292,-0.010
sith,-0.092,0.083,0.093
sitter,-0.026,-0.166,0.102
sitting,-0.245,-0.294,-0.062
situate,-0.098,-0.139,-0.087
situated,-0.077,-0.214,-0.156
situation,0.034,-0.096,-0.116
six,-0.331,-0.248,-0.031
sixpence,-0.082,-0.036,-0.034
sixteen,-0.186,-0.212,0.047
sixth,-0.194,-0.176,-0.020
sixty,-0.076,-0.322,-0.003
sizable,0.149,-0.270,-0.088
size,-0.013,-0.132,-0.122
sizzle,-0.035,0.188,0.167
ska,-0.170,0.071,0.197
skate,0.198,-0.068,0.193
skateboard,0.006,-0.100,0.213
skater,0.307,0.099,0.108
skating,0.158,-0.061,0.256
skedaddle,-0.047,0.116,0.071
skeet,-0.055,0.052,0.072
skein,-0.241,-0.060,0.053
skeletal,-0.201,0.173,0.064
skeleton,-0.289,0.198,-0.063
skeptic,-0.211,0.223,-0.207
skeptical,-0.181,0.210,-0.107
skepticism,-0.085,0.186,-0.197
sketch,-0.063,-0.305,0.031
sketching,-0.041,-0.289,0.084
sketchy,-0.281,0.095,0.087
skewed,-0.190,0.096,0.008
skewer,-0.111,-0.073,-0.058
ski,0.152,-0.017,0.201
skid,-0.048,0.197,0.049
skier,0.388,-0.014,0.206
skiff,-0.091,-0.072,-0.059
skiing,0.402,-0.005,0.248
skijump,0.124,0.003,0.157
skill,0.510,-0.098,0.046
skilled,0.557,-0.182,-0.049
skillet,-0.205,-0.154,0.000
skillful,0.501,-0.121,-0.073
skim,-0.252,-0.067,-0.010
skimpy,-0.382,0.027,0.024
skin,-0.113,-0.158,0.024
skinny,-0.309,-0.003,-0.032
skip,0.080,0.237,0.188
skipper,0.146,0.105,-0.119
skirmish,-0.057,0.247,-0.006
skirt,-0.165,-0.111,0.217
skirting,-0.094,0.052,0.070
skirts,-0.109,-0.073,0.258
skit,-0.120,-0.004,-0.011
skittish,-0.258,0.452,0.233
skull,-0.030,0.205,-0.126
skunk,-0.199,0.145,-0.025
sky,0.029,-0.519,0.142
skylight,-0.099,-0.285,0.106
skyline,0.121,-0.120,-0.115
skyscraper,0.370,0.060,-0.040
slab,-0.334,-0.098,-0.014
slack,-0.132,-0.167,-0.071
slag,-0.247,0.228,0.112
slam,0.002,0.082,0.036
slammer,-0.089,0.100,0.071
slander,-0.141,0.298,-0.063
slanderous,-0.195,0.520,0.064
slang,-0.056,-0.042,-0.048
slant,-0.039,-0.048,-0.096
slap,-0.041,0.500,-0.038
slash,-0.113,0.174,-0.121
slashes,-0.232,0.001,-0.113
slate,-0.138,-0.175,-0.056
slates,-0.224,-0.165,-0.016
slaughter,0.067,0.641,-0.037
slaughterhouse,-0.056,0.458,0.010
slaughtering,0.186,0.583,-0.079
slave,-0.276,0.426,0.244
slavery,-0.292,0.507,0.134
slay,0.079,0.559,-0.005
slayer,0.093,0.635,-0.096
sleaze,-0.144,0.158,-0.004
sleazy,-0.115,0.265,0.085
sled,0.050,-0.068,0.127
sledding,0.028,-0.061,0.139
sledge,-0.028,-0.112,0.166
sledgehammer,-0.049,0.022,-0.023
sleek,0.220,-0.186,0.012
sleep,-0.203,-0.448,-0.008
sleeper,-0.274,-0.350,0.048
sleeping,-0.230,-0.437,0.004
sleepless,-0.398,0.133,0.016
sleeplessness,-0.363,0.345,0.073
sleepover,0.050,-0.222,0.271
sleepy,-0.308,-0.344,0.018
sleepyhead,-0.307,0.013,-0.022
sleet,-0.190,-0.039,-0.050
sleeve,-0.259,-0.191,0.046
sleeveless,-0.249,-0.257,0.158
sleigh,0.069,-0.144,0.215
sleight,0.106,-0.042,0.285
slender,0.297,-0.186,0.062
sleuth,0.171,0.128,-0.068
slice,-0.161,-0.155,0.107
slick,-0.221,-0.006,-0.013
slicker,0.073,-0.241,0.034
slide,-0.023,-0.131,0.067
slider,0.051,-0.067,0.023
sliding,0.032,0.262,0.063
slight,-0.364,-0.209,0.106
slight anticipation,-0.014,-0.054,0.062
slight disgust,-0.266,0.295,0.004
slight surprise,0.247,0.044,0.180
slight trust,-0.329,0.061,0.028
slightly,-0.300,-0.144,0.031
slightly negative,-0.342,0.195,0.003
slightly positive,0.184,-0.222,0.083
slim,-0.270,-0.274,-0.004
slime,-0.391,0.042,0.052
slimy,-0.299,0.226,-0.023
sling,-0.148,0.003,-0.015
slingshot,-0.033,0.233,0.017
slink,-0.133,0.053,0.134
slinky,0.090,0.171,-0.044
slip,-0.119,0.273,0.152
slipper,-0.214,-0.248,0.130
slippers,-0.196,-0.124,0.169
slippery,-0.139,0.362,0.105
slit,-0.149,0.055,0.042
sliver,-0.280,-0.033,0.007
slob,-0.321,0.061,-0.043
slobber,-0.295,0.013,0.013
slogan,-0.065,-0.229,-0.175
sloop,-0.157,-0.077,0.005
slop,-0.267,0.070,-0.022
slope,-0.266,0.059,0.045
sloppy,-0.356,0.088,0.092
slot,-0.211,-0.097,0.009
sloth,-0.594,-0.046,-0.082
slouch,-0.216,0.056,0.027
slough,-0.387,0.081,0.034
slow,-0.542,-0.207,-0.047
slowly,-0.335,-0.173,-0.065
slowness,-0.460,-0.068,-0.039
sludge,-0.319,0.022,0.060
slug,-0.420,0.058,0.056
slugger,-0.008,0.031,-0.032
sluggish,-0.567,-0.074,-0.099
sluice,-0.125,0.061,0.069
slum,-0.234,0.161,0.052
slumber,-0.155,-0.283,-0.073
slump,-0.450,0.163,0.075
slur,-0.095,0.492,0.037
slurp,-0.031,-0.013,0.096
slush,-0.288,-0.105,-0.013
slut,-0.205,0.514,0.094
slutty,-0.083,0.408,0.126
sly,0.308,0.089,-0.034
smack,-0.097,0.235,0.086
small,-0.395,-0.250,0.121
smaller,-0.423,0.000,0.022
smallest,-0.454,0.032,0.064
smallpox,-0.333,0.294,0.072
smart,0.559,-0.202,-0.039
smartass,0.029,0.117,-0.137
smarten,0.083,-0.078,0.008
smarty,0.343,-0.103,-0.151
smash,-0.039,0.354,-0.062
smashed,-0.278,0.358,0.085
smattering,-0.045,0.010,-0.047
smear,-0.239,0.145,-0.097
smell,-0.109,-0.001,0.133
smelling,-0.139,0.011,0.074
smelly,-0.370,0.298,-0.000
smelt,-0.224,0.074,-0.005
smidgen,-0.225,0.011,-0.028
smile,0.334,-0.221,0.166
smiled,0.264,-0.303,0.206
smiles,0.323,-0.206,0.172
smiley,0.219,-0.282,0.109
smiling,0.415,-0.219,0.242
smirk,0.251,-0.142,0.135
smite,0.199,0.389,-0.031
smith,0.029,-0.242,-0.026
smithereens,-0.146,0.197,-0.009
smitten,-0.263,0.418,0.180
smock,-0.336,-0.132,0.002
smog,-0.209,0.147,-0.039
smoke,-0.234,0.221,-0.074
smoker,-0.269,0.222,0.006
smokey,-0.072,-0.025,0.025
smoking,-0.218,0.269,-0.044
smoky,-0.184,-0.033,0.056
smoldering,0.392,0.107,0.036
smooch,0.251,-0.055,0.274
smooth,-0.176,-0.500,0.102
smoothie,-0.086,-0.346,0.206
smoothly,-0.024,-0.485,-0.038
smoothness,-0.031,-0.437,0.068
smother,-0.073,0.275,0.057
smudge,-0.305,0.065,0.054
smug,-0.063,0.258,-0.176
smuggle,0.030,0.414,-0.045
smuggler,0.062,0.576,-0.109
smuggling,0.007,0.392,0.018
smut,-0.247,0.001,-0.041
snack,-0.084,-0.176,0.126
snacks,-0.010,-0.225,0.257
snafu,-0.202,0.115,0.123
snag,-0.277,-0.119,-0.065
snags,-0.063,0.386,-0.027
snail,-0.347,-0.267,-0.085
snake,0.043,0.336,-0.004
snakes,-0.007,0.351,-0.140
snakeskin,-0.097,0.292,0.075
snap,-0.177,0.118,0.037
snapper,-0.260,0.000,0.097
snappy,0.021,0.007,0.142
snapshot,0.137,0.005,0.017
snare,0.008,0.436,0.085
snarl,0.070,0.246,0.154
snarling,-0.003,0.276,0.028
snatch,0.171,0.460,-0.069
snatcher,0.033,0.529,-0.024
snazzy,0.171,-0.253,-0.069
sneak,-0.029,0.325,0.064
sneaker,0.056,-0.232,0.206
sneakers,-0.035,-0.049,0.180
sneaking,0.006,0.393,-0.034
sneaky,0.029,0.356,-0.035
sneer,-0.173,0.435,0.070
sneeze,-0.261,0.119,-0.028
sneezing,-0.112,0.089,0.113
snicker,0.130,-0.021,0.267
snide,-0.082,0.379,0.003
sniff,-0.184,0.067,0.076
snip,-0.292,-0.069,0.026
snipe,0.041,0.504,0.088
sniper,0.266,0.511,-0.201
snippet,-0.083,-0.149,0.096
snippy,-0.059,0.052,-0.031
snitch,-0.174,0.205,0.073
snob,-0.230,0.153,0.045
snoop,-0.115,0.427,0.001
snoopy,-0.099,-0.038,0.197
snooty,-0.115,0.046,-0.040
snooze,-0.358,0.084,-0.054
snore,-0.088,0.259,-0.049
snorkel,-0.135,-0.035,0.108
snort,-0.064,0.040,0.062
snot,-0.386,0.087,-0.065
snotty,-0.433,0.137,-0.011
snout,-0.354,0.072,0.009
snow,-0.121,-0.223,0.137
snowball,-0.048,-0.203,0.197
snowboard,0.175,0.007,0.169
snowboarder,0.263,0.019,0.212
snowday,0.007,-0.076,0.090
snowfall,-0.051,-0.280,-0.005
snowflake,-0.197,-0.402,0.116
snowing,-0.044,-0.074,0.114
snowmageddon,-0.047,0.141,0.001
snowman,-0.091,-0.351,0.140
snowplow,-0.040,0.023,-0.030
snowstorm,0.105,0.449,-0.049
snowy,-0.120,-0.254,0.066
snub,-0.374,0.124,0.010
snubbed,-0.264,0.180,0.055
snuff,-0.175,0.078,0.000
snug,0.026,-0.491,-0.003
snuggle,-0.021,-0.285,0.178
snuggled,-0.138,-0.088,0.120
snuggles,-0.146,-0.242,0.141
snuggling,0.040,-0.079,0.221
soak,-0.260,-0.086,0.099
soaked,-0.188,0.065,0.013
soaking,-0.206,-0.082,-0.039
soangry,-0.028,0.228,0.012
soannoyed,-0.154,0.183,-0.043
soap,-0.282,-0.263,-0.039
soapbox,-0.118,-0.063,0.027
soapy,-0.140,-0.131,0.056
soar,0.417,-0.035,0.119
soaring,0.309,-0.003,0.107
sob,-0.410,0.252,0.003
sober,0.027,-0.358,-0.092
soblessed,-0.184,-0.112,0.110
sobriety,0.059,-0.258,-0.075
soc,-0.156,0.000,0.010
soccer,0.364,0.095,0.179
sociable,0.248,-0.279,0.060
social,0.173,-0.306,-0.003
socialanxiety,-0.126,0.224,-0.011
socialism,0.048,-0.005,-0.036
socialist,-0.043,-0.029,-0.109
socialite,0.222,-0.014,0.131
socialize,0.454,-0.159,0.139
society,0.273,-0.139,-0.131
sociology,0.168,-0.117,-0.112
sociopath,-0.068,0.534,0.051
sock,-0.311,-0.238,-0.037
socket,-0.063,-0.087,0.108
sod,-0.213,-0.035,0.016
soda,-0.094,-0.270,0.082
soda/pop,-0.088,-0.126,0.071
sodding,-0.202,0.184,-0.055
sodium,-0.233,-0.112,0.052
sofa,-0.319,-0.342,-0.012
soft,-0.218,-0.421,0.134
softball,0.192,-0.080,0.171
soften,-0.128,-0.356,0.000
softener,-0.066,-0.320,0.096
softening,-0.118,-0.319,0.058
softly,-0.274,-0.223,-0.017
softness,-0.082,-0.561,0.021
software,-0.024,-0.193,-0.139
soggy,-0.353,0.022,0.007
sohappy,0.437,-0.198,0.184
soil,-0.332,-0.118,-0.147
soiled,-0.390,0.293,0.025
soiree,0.262,-0.030,0.161
sojourn,-0.109,-0.187,-0.139
solace,0.005,-0.344,0.052
solar,0.143,-0.115,-0.068
solarium,-0.075,-0.176,0.025
solder,0.055,0.056,-0.100
soldering,0.081,-0.026,0.028
soldier,0.239,0.233,-0.123
sole,-0.343,-0.167,-0.049
solemn,0.193,-0.231,-0.115
solicit,0.130,-0.089,-0.020
solicitation,0.003,-0.072,0.123
solicitor,0.258,-0.074,-0.172
solid,0.180,-0.245,-0.208
solidarity,0.304,-0.263,-0.104
solidification,0.227,0.029,-0.235
solidified,0.203,-0.144,-0.151
solidify,0.138,-0.175,-0.234
solidity,0.348,-0.201,-0.154
solitaire,-0.358,-0.100,-0.061
solitary,-0.448,-0.016,-0.134
solitude,-0.379,0.016,-0.191
solo,-0.306,-0.176,-0.078
solubility,-0.106,-0.103,-0.033
soluble,-0.154,-0.191,-0.041
solucky,0.133,-0.028,-0.028
solution,0.186,-0.314,-0.062
solve,0.228,-0.084,-0.038
solvency,0.030,-0.211,-0.134
solvent,0.032,-0.221,-0.086
somad,-0.067,0.043,-0.014
somatic,-0.116,-0.022,-0.042
somber,-0.244,0.224,-0.068
some anticipation,-0.067,0.042,-0.027
some disgust,-0.257,0.394,0.015
some surprise,0.329,0.004,0.347
some trust,0.057,-0.100,-0.014
somersault,-0.000,0.393,-0.003
somethingigetalot,0.075,-0.006,0.065
somewhat negative,-0.408,0.182,0.091
somewhat positive,0.335,-0.290,0.091
somuchtodo,0.009,0.058,0.099
son,0.101,-0.303,0.047
sonar,-0.051,-0.047,0.068
sonata,-0.028,-0.171,0.069
sonervous,-0.096,0.214,0.097
song,0.135,-0.316,0.122
songwriter,0.353,-0.200,0.049
sonic,0.033,-0.069,0.058
sonice,-0.126,-0.103,-0.024
sonnet,-0.059,-0.304,0.058
sonorous,0.069,-0.053,0.153
soot,-0.295,-0.037,-0.010
soothe,-0.052,-0.444,0.046
soothing,-0.077,-0.311,-0.128
sophisticated,0.422,-0.262,-0.073
sophistication,0.280,-0.222,-0.016
sophomore,-0.017,-0.172,0.077
sopissed,-0.123,0.212,-0.019
soppy,-0.211,-0.116,0.066
soprano,0.184,0.005,-0.075
sorcerer,0.098,0.186,-0.077
sorcery,0.106,0.331,-0.071
sordid,-0.152,0.239,-0.068
sore,-0.330,0.385,0.078
soready,0.093,-0.086,0.027
sorely,-0.093,0.307,0.110
soreness,-0.172,0.508,0.138
sorghum,-0.141,-0.079,-0.037
sorority,0.224,0.002,0.052
sorrow,-0.593,0.127,-0.127
sorrowful,-0.506,0.258,-0.026
sorry,-0.321,-0.039,0.078
sort,0.159,-0.194,-0.098
sorter,0.238,-0.115,-0.225
sortie,-0.166,-0.035,0.098
sorting,0.039,-0.040,-0.167
sos,-0.072,0.221,0.104
soscared,-0.193,0.293,0.078
soscary,-0.085,0.251,0.051
soslow,-0.322,-0.028,-0.027
sostressed,0.015,0.037,-0.095
sosweet,-0.003,-0.289,0.100
sothankful,0.067,-0.151,0.180
sou,-0.126,-0.065,-0.009
soul,0.008,-0.388,-0.030
soulful,0.046,-0.301,0.030
soulless,-0.216,0.330,-0.061
soulmate,0.287,-0.277,0.098
sound,0.117,-0.111,0.264
sounding,0.136,-0.135,0.051
soundness,0.365,-0.270,-0.204
soundproof,-0.124,-0.072,-0.002
soundtrack,0.106,-0.053,0.082
soup,-0.238,-0.259,0.069
sour,-0.159,0.221,0.032
source,0.166,-0.291,-0.111
sourpuss,-0.184,0.303,-0.002
south,-0.133,-0.210,-0.049
southbound,-0.133,-0.101,0.006
southeast,-0.162,-0.160,-0.053
southern,-0.179,-0.202,-0.011
southpaw,-0.102,-0.111,0.026
southwest,-0.241,-0.066,-0.046
souvenir,0.056,-0.381,0.085
sovereign,0.377,-0.127,-0.170
sovereignty,0.402,-0.122,-0.145
soviet,-0.012,0.167,-0.054
sow,0.011,-0.171,0.079
soy,-0.305,-0.137,-0.018
soy sauce,-0.152,-0.142,0.096
soybean,-0.259,-0.196,0.016
spa,-0.189,-0.334,-0.053
space,0.115,-0.340,-0.006
spacecraft,0.297,0.039,0.054
spaceman,0.382,-0.068,-0.108
spaceship,0.324,0.097,0.109
spacing,0.029,-0.139,0.012
spacious,0.166,-0.365,0.069
spade,0.085,0.139,0.056
spaghetti,-0.110,-0.276,0.176
spam,-0.367,0.117,-0.094
spammers,-0.132,0.102,-0.013
span,-0.051,-0.131,-0.102
spandex,-0.077,0.062,0.026
spaniel,-0.084,-0.094,0.073
spank,0.092,0.550,-0.075
spanking,-0.118,0.379,0.057
spar,-0.045,0.019,-0.098
spare,-0.087,-0.112,0.031
spareribs,-0.042,-0.150,0.099
sparingly,-0.052,-0.108,-0.088
spark,0.232,0.034,0.204
sparkle,0.293,-0.048,0.290
sparkling,0.131,-0.197,-0.016
sparkly,0.398,-0.207,0.078
sparring,0.221,0.414,-0.038
sparrow,-0.103,-0.095,0.137
sparse,-0.404,0.084,0.004
spasm,-0.205,0.280,-0.003
spastic,-0.116,0.216,-0.096
spat,-0.216,-0.015,0.049
spatial,0.216,0.017,0.018
spatter,-0.175,0.232,0.099
spatula,-0.338,-0.070,-0.169
spawn,0.213,0.038,-0.077
spaz,-0.196,0.031,0.133
speak,0.118,-0.211,0.112
speakeasy,0.065,-0.108,0.146
speaker,0.290,0.045,-0.017
speakerphone,0.092,0.028,0.011
speaking,0.223,-0.118,0.118
spear,0.053,0.062,0.060
spec,0.144,-0.103,-0.132
special,0.386,-0.169,0.062
specialist,0.432,-0.129,-0.101
speciality,0.440,-0.260,-0.112
specialize,0.418,-0.157,-0.095
specially,0.279,-0.312,-0.037
specialty,0.306,-0.164,-0.099
specie,0.136,-0.074,-0.079
species,0.054,-0.155,-0.163
specific,0.162,-0.182,-0.118
specification,0.090,-0.048,-0.057
specify,0.105,-0.174,-0.046
specimen,0.038,-0.058,-0.062
speck,-0.276,-0.123,-0.070
speckled,-0.317,-0.137,0.016
specs,0.056,-0.094,-0.118
spectacle,0.462,-0.046,0.102
spectacles,0.396,-0.033,0.199
spectacular,0.617,-0.141,0.078
spectator,0.246,-0.092,0.011
specter,0.018,0.325,-0.018
spectral,0.045,0.166,0.058
spectrometer,-0.030,-0.033,-0.019
spectrophotometer,-0.008,-0.011,-0.009
spectroscopy,0.055,0.053,-0.040
spectrum,0.021,0.275,0.001
speculate,0.036,0.146,-0.030
speculation,-0.077,0.248,0.089
speculative,-0.094,0.223,-0.033
speculum,-0.105,0.036,-0.010
speech,0.199,-0.125,-0.071
speechless,-0.240,-0.102,0.010
speed,0.390,0.089,0.186
speedboat,0.319,0.154,0.183
speedily,0.328,0.036,0.107
speeding,0.269,0.332,0.093
speedometer,0.044,0.090,-0.062
speedway,0.031,-0.111,0.148
speedy,0.334,0.008,-0.074
spell,-0.210,-0.005,-0.029
spellbound,0.004,0.074,0.173
spelling,-0.095,-0.171,0.037
spencer,-0.142,-0.086,0.039
spend,0.151,0.041,0.265
spender,-0.091,0.263,0.100
spending,-0.180,0.152,0.068
spent,-0.371,-0.003,-0.045
sperm,0.013,0.215,0.095
spew,0.005,0.281,-0.083
sphere,-0.040,-0.250,-0.058
spherical,-0.067,-0.168,-0.081
sphincter,-0.103,0.197,0.086
sphinx,-0.040,-0.197,-0.039
spic,-0.156,0.110,-0.085
spice,-0.066,-0.115,0.092
spicy,0.161,0.209,0.023
spider,-0.153,0.241,-0.044
spiders,-0.121,0.303,0.083
spiffy,0.075,-0.028,0.120
spigot,-0.189,-0.023,-0.088
spike,-0.121,0.088,0.013
spiked,-0.122,0.232,0.021
spiky,0.030,0.268,-0.078
spill,-0.014,0.156,0.059
spillin,-0.162,0.085,0.035
spin,-0.124,-0.097,0.089
spinach,-0.198,-0.272,-0.033
spinal,-0.246,0.121,0.046
spindle,-0.119,-0.106,0.072
spine,0.051,-0.019,-0.092
spineless,-0.261,0.027,-0.013
spinner,0.002,0.093,0.051
spinning,0.086,0.007,0.118
spinster,-0.247,0.006,-0.033
spiny,-0.079,0.338,-0.103
spiral,-0.046,0.087,0.159
spire,-0.221,0.003,-0.071
spirit,0.168,-0.291,-0.017
spirited,0.387,-0.186,0.056
spirits,0.240,0.181,0.198
spiritual,0.182,-0.433,0.071
spirituality,0.198,-0.408,-0.060
spit,-0.200,0.282,-0.099
spite,-0.294,0.365,-0.020
spiteful,-0.235,0.446,0.027
spitfire,-0.027,0.281,-0.106
spittoon,-0.306,0.102,0.004
splash,-0.190,-0.085,0.113
splat,-0.110,-0.058,0.048
splatter,-0.155,0.196,0.064
spleen,-0.218,-0.136,-0.087
splendid,0.536,-0.108,0.107
splendor,0.519,-0.217,0.024
splice,-0.165,0.050,0.009
spline,-0.121,-0.067,0.004
splint,-0.321,0.157,-0.100
splinter,-0.345,0.202,-0.096
split,-0.087,0.190,0.052
splitting,-0.199,0.288,-0.010
splurge,-0.046,0.086,-0.104
spoil,-0.194,0.402,0.071
spoiler,-0.150,0.124,0.024
spoiling,-0.237,0.378,0.056
spoils,0.055,0.259,0.101
spoke,0.023,-0.145,0.040
spoken,-0.008,-0.129,-0.081
spokesman,0.180,-0.168,0.018
spokesperson,0.097,-0.080,-0.070
sponge,-0.325,-0.261,0.050
spongy,-0.213,-0.105,-0.003
sponsor,0.349,-0.127,-0.077
sponsorship,0.370,-0.173,0.093
spontaneity,0.365,-0.086,0.153
spontaneous,0.289,-0.142,0.070
spoof,-0.046,0.067,0.129
spook,-0.030,0.384,0.251
spooky,-0.113,0.528,0.089
spool,-0.240,-0.010,0.020
spoon,-0.311,-0.177,0.012
spoonful,-0.238,-0.269,0.012
sporadic,-0.134,0.048,-0.138
spore,-0.249,-0.060,0.126
sport,0.391,-0.120,0.175
sporting,0.409,-0.187,0.164
sports,0.316,-0.111,0.199
sports car,0.345,-0.045,0.114
sportsman,0.393,-0.013,0.103
sportsmanship,0.374,-0.217,0.098
sportswriter,0.201,-0.150,0.107
sporty,0.326,-0.017,0.127
spot,-0.267,-0.235,-0.057
spotless,0.226,-0.321,-0.110
spotlight,0.037,-0.236,-0.003
spotted,-0.235,0.078,0.056
spotter,0.121,-0.030,-0.084
spotty,-0.246,0.220,0.132
spousal,0.212,-0.051,0.028
spouse,0.277,-0.106,0.074
spout,-0.238,-0.062,0.024
sprain,-0.263,0.366,-0.085
sprawl,0.220,0.001,-0.018
spray,-0.195,-0.024,0.036
spread,0.184,0.013,-0.025
spreader,-0.005,-0.021,-0.006
spree,0.091,0.065,0.137
spring,0.092,-0.334,0.103
springtime,0.299,-0.276,-0.025
sprinkle,-0.066,-0.169,0.095
sprinkler,-0.046,-0.054,-0.012
sprinkling,0.068,-0.123,0.114
sprint,0.116,0.068,0.085
sprite,0.091,-0.081,-0.091
sprout,0.031,-0.017,0.114
spruce,-0.136,-0.226,0.017
spud,-0.194,0.011,0.016
spunk,0.013,0.135,0.061
spunky,0.438,0.166,0.101
spur,-0.155,0.112,0.077
spurious,-0.284,0.212,-0.057
spurred,0.098,0.081,0.149
spurt,-0.020,0.071,0.020
spy,-0.009,0.303,-0.034
squabble,0.004,0.478,0.035
squad,0.348,0.121,-0.071
squadron,0.281,0.163,-0.111
squall,0.117,0.460,-0.073
squamous,-0.163,0.072,-0.047
squander,0.013,0.365,-0.005
square,-0.223,-0.126,0.061
squash,0.030,0.089,0.168
squat,-0.095,0.155,-0.022
squatter,-0.074,-0.013,-0.173
squaw,-0.138,0.007,0.004
squawk,-0.311,0.145,0.052
squeak,-0.173,0.280,0.126
squeaky,-0.102,0.377,0.110
squeal,-0.105,0.335,0.093
squealer,-0.094,-0.024,0.147
squeamish,-0.121,0.340,-0.037
squeeze,0.086,0.153,0.054
squeezing,-0.032,0.244,-0.100
squelch,-0.137,0.171,-0.078
squid,-0.154,-0.074,0.042
squint,-0.111,0.054,-0.043
squire,0.122,-0.004,-0.177
squirm,-0.069,0.410,0.137
squirrel,-0.143,-0.172,0.082
squirt,-0.243,0.030,0.102
squish,0.004,0.371,0.055
squishy,-0.212,-0.135,0.050
stab,0.085,0.508,-0.016
stabbed,-0.104,0.595,0.028
stability,0.295,-0.373,-0.220
stabilize,0.294,-0.286,-0.030
stabilizer,0.217,-0.226,-0.174
stable,0.141,-0.357,-0.215
staccato,-0.105,0.072,0.001
stack,-0.172,-0.132,-0.083
stadium,0.233,0.030,0.086
staff,0.106,-0.327,-0.093
stag,-0.153,-0.245,-0.015
stage,-0.067,-0.201,-0.043
stagecoach,0.109,0.007,-0.069
stagehand,0.088,0.187,0.024
stagger,0.042,0.058,0.109
staggering,0.217,0.102,-0.031
stagnant,-0.311,0.132,0.106
stagnation,-0.271,0.036,-0.131
staid,-0.061,-0.056,-0.262
stain,-0.278,-0.097,0.044
stained,-0.357,0.144,0.057
stainless,0.050,-0.181,-0.129
stair,-0.244,-0.017,-0.032
staircase,-0.132,-0.086,-0.057
stairs,-0.139,-0.056,0.080
stairway,-0.032,-0.042,0.099
stairwell,-0.215,-0.158,0.007
stake,-0.024,0.141,0.042
stakeout,0.017,0.149,-0.118
stale,-0.306,0.156,-0.000
stalemate,-0.340,0.037,-0.017
stalk,-0.217,-0.115,-0.082
stalker,0.145,0.536,-0.016
stall,-0.337,-0.091,-0.058
stallion,0.311,-0.014,-0.079
stalls,-0.053,-0.145,0.007
stalwart,0.260,-0.266,-0.020
stamina,0.447,0.031,-0.075
stamp,-0.156,-0.077,-0.083
stampede,0.180,0.458,-0.048
stance,0.051,-0.186,-0.116
stand,-0.028,-0.193,-0.054
standard,-0.009,-0.367,-0.184
standardize,0.187,-0.225,-0.150
standardized,0.048,-0.196,-0.117
standby,-0.334,-0.021,-0.187
standing,-0.090,-0.205,0.002
standoff,0.121,0.358,0.066
standpoint,0.099,-0.132,-0.125
standstill,-0.171,-0.162,-0.190
standup,0.142,-0.037,0.075
stanza,-0.166,-0.198,0.108
staph,-0.136,0.073,-0.010
staple,-0.117,-0.167,-0.043
stapler,-0.254,-0.073,-0.118
star,0.170,-0.295,0.073
star fruit,0.015,-0.195,0.110
starboard,0.004,-0.097,-0.086
starch,-0.202,-0.114,0.053
stardom,0.445,-0.044,0.190
stardust,0.163,-0.308,0.081
stare,0.014,-0.076,-0.045
starfish,-0.054,-0.258,0.042
stargazing,0.283,-0.236,-0.021
staring,-0.128,-0.167,-0.032
stark,0.033,0.216,-0.063
starlet,0.201,-0.238,0.071
starlight,0.220,-0.381,0.047
starling,0.005,-0.006,-0.015
starry,-0.010,0.141,0.094
stars,0.146,-0.200,0.164
starship,0.372,-0.014,0.094
start,0.122,-0.178,-0.011
starter,0.301,-0.134,-0.167
startle,-0.020,0.377,0.123
startled,0.110,0.373,0.101
startling,0.491,0.018,0.038
starvation,-0.242,0.242,0.075
starve,-0.174,0.463,-0.012
starved,-0.314,0.410,0.104
starving,-0.205,0.354,0.045
stash,-0.116,0.197,0.092
stat,-0.106,-0.017,0.041
state,0.020,-0.164,-0.140
stately,0.573,-0.064,-0.004
statement,0.380,-0.048,-0.075
stateroom,-0.024,-0.196,0.049
stateside,0.212,-0.108,-0.086
statesman,0.171,-0.004,-0.163
static,-0.318,-0.031,-0.141
staticky,-0.280,-0.056,-0.091
statics,-0.060,-0.174,-0.113
station,0.044,-0.227,0.004
stationary,-0.182,-0.113,-0.175
stationery,-0.179,-0.314,-0.143
statistic,0.045,-0.056,-0.115
statistical,0.128,-0.251,-0.065
statistician,0.115,-0.139,-0.182
stator,-0.090,0.129,-0.169
statuary,-0.074,-0.195,-0.090
statue,-0.094,-0.266,-0.217
statuette,0.069,-0.173,0.036
stature,0.033,-0.073,-0.207
status,0.083,-0.195,-0.052
statute,0.090,-0.176,-0.168
statutory,-0.026,-0.091,-0.090
staunch,0.165,-0.066,-0.313
stave,-0.176,-0.058,-0.078
stay,-0.044,-0.230,-0.084
stayaway,-0.150,-0.053,-0.198
stayed,-0.187,-0.161,-0.054
stays,0.047,-0.188,-0.055
stead,-0.104,-0.233,-0.138
steadfast,0.320,-0.229,-0.113
steady,0.130,-0.335,-0.266
steak,-0.139,-0.195,0.110
steakhouse,0.126,-0.300,0.046
steal,-0.048,0.593,-0.054
stealing,-0.041,0.582,0.058
stealth,-0.135,-0.175,-0.083
stealthily,0.002,-0.334,0.043
stealthy,-0.101,-0.006,-0.155
steam,-0.114,-0.041,-0.008
steamboat,0.200,-0.145,0.008
steamer,-0.003,-0.046,-0.046
steaming,0.000,-0.034,0.140
steamroller,0.101,0.129,-0.128
steamship,0.030,0.019,-0.068
steamy,-0.032,0.039,0.049
steel,0.127,-0.061,-0.181
steep,-0.170,0.206,0.095
steeple,0.071,-0.077,0.070
steer,-0.001,0.017,-0.039
steering,0.123,-0.099,-0.109
stellar,0.380,-0.147,-0.000
stem,-0.209,-0.303,-0.000
stench,-0.310,0.326,-0.012
stencil,-0.140,-0.123,-0.040
stenographer,0.025,-0.067,-0.107
step,-0.181,-0.152,0.023
stepdaughter,-0.040,-0.003,0.057
stepfather,0.024,0.074,-0.131
stepmother,-0.034,0.073,-0.007
steppe,-0.210,-0.076,-0.049
steps,-0.159,-0.117,0.011
stepson,-0.003,-0.148,0.017
stereo,0.067,-0.072,0.066
stereoscopic,-0.054,0.045,-0.162
stereotype,-0.130,0.204,-0.286
stereotyped,-0.104,0.095,-0.010
sterile,-0.264,0.114,0.034
sterility,-0.202,0.226,-0.073
sterilize,-0.028,0.076,-0.053
sterling,0.088,-0.029,-0.076
stern,-0.086,-0.114,0.026
sternum,-0.074,-0.071,0.011
steroid,0.160,0.251,-0.079
stethoscope,-0.102,-0.032,-0.095
stew,-0.159,-0.219,0.183
steward,-0.023,-0.275,-0.114
stewardess,0.051,-0.097,0.061
stewardship,0.081,-0.073,-0.089
stfu,-0.183,0.146,-0.024
stick,-0.202,-0.023,-0.042
sticker,-0.163,-0.200,0.040
sticking,-0.147,-0.048,0.052
stickler,-0.131,0.060,-0.014
stickup,-0.054,0.057,0.043
sticky,-0.175,0.122,0.126
stiff,-0.140,0.222,-0.233
stiffen,0.128,0.167,-0.173
stiffness,0.025,0.135,-0.193
stifle,-0.056,0.367,0.070
stifled,-0.247,0.342,0.208
stifling,0.081,0.495,-0.040
stigma,-0.108,0.124,-0.062
stile,0.195,-0.270,-0.089
stiletto,-0.138,0.024,-0.037
stillbirth,-0.207,0.499,0.117
stillborn,-0.223,0.172,0.013
stillness,-0.182,-0.431,0.016
stillwaiting,-0.187,0.036,-0.078
stilts,-0.138,0.089,0.151
stimulant,0.288,0.256,-0.037
stimulate,0.471,0.005,0.127
stimulating,0.488,0.049,0.068
stimulation,0.403,0.079,0.135
stimulus,0.449,0.007,0.110
sting,-0.188,0.342,0.009
stinger,-0.045,0.246,-0.043
stinging,-0.039,0.330,0.039
stingy,-0.336,0.318,-0.018
stink,-0.469,0.305,-0.009
stinker,-0.299,0.280,0.030
stinking,-0.324,0.430,0.029
stinky,-0.410,0.321,0.060
stint,-0.203,-0.119,0.009
stipend,0.156,-0.039,-0.004
stipulate,0.146,-0.014,-0.026
stipulation,0.154,0.113,-0.054
stir,0.070,0.224,0.156
stirring,0.179,0.082,0.109
stitch,-0.182,0.160,0.027
stitching,-0.164,-0.095,0.047
stock,-0.060,-0.128,0.064
stockade,-0.109,0.023,-0.113
stockbroker,0.261,0.194,-0.152
stockholder,0.252,0.043,-0.046
stocking,0.099,-0.181,-0.180
stockings,-0.171,-0.068,-0.012
stockpile,-0.122,-0.161,-0.029
stockroom,-0.127,-0.178,-0.008
stocks,0.145,0.018,0.029
stoic,0.024,0.039,-0.120
stole,-0.142,0.438,0.047
stolen,-0.241,0.341,0.047
stomach,-0.158,0.026,-0.074
stomachache,-0.250,0.501,0.036
stomp,-0.081,0.140,0.014
stomped,-0.115,0.319,0.036
stone,-0.249,-0.010,-0.350
stoned,-0.110,0.432,0.093
stonewall,0.010,0.095,-0.208
stoneware,-0.158,-0.110,-0.090
stony,-0.057,0.101,-0.089
stooge,-0.320,-0.034,0.151
stool,-0.280,-0.130,-0.014
stools,-0.202,-0.059,0.035
stoop,-0.195,-0.050,0.106
stoopid,-0.228,0.107,-0.061
stop,-0.112,0.166,-0.093
stopover,-0.013,-0.138,-0.131
stoppage,-0.182,0.191,-0.099
stopper,-0.225,-0.020,-0.078
stopping,-0.132,-0.001,-0.099
stopwatch,-0.019,0.036,0.009
storage,0.100,-0.205,-0.001
store,0.023,-0.083,0.155
storefront,-0.127,-0.255,-0.086
storehouse,-0.091,-0.223,-0.096
storeroom,-0.042,-0.235,-0.186
storing,0.041,-0.176,-0.037
storm,0.086,0.531,0.061
storming,0.201,0.460,-0.005
stormy,0.045,0.514,-0.010
story,0.179,-0.167,-0.118
storybook,-0.001,-0.395,0.144
storyteller,0.019,-0.267,0.058
storytelling,-0.009,-0.191,0.020
stound,-0.057,-0.014,0.018
stout,0.382,0.009,-0.058
stove,-0.138,-0.055,-0.010
stow,0.009,-0.175,-0.034
stowaway,-0.250,0.180,-0.044
straddle,-0.113,0.172,-0.027
straight,0.109,-0.253,-0.147
straighten,0.222,-0.120,-0.043
straightforward,-0.115,-0.449,0.026
straightway,0.103,-0.157,0.005
strain,-0.122,0.391,0.071
strained,-0.056,0.384,-0.151
strait,-0.127,-0.005,-0.005
straitjacket,0.024,0.354,-0.067
straits,-0.221,-0.096,-0.108
strand,-0.069,0.012,-0.127
stranded,-0.327,0.110,0.072
strange,-0.091,0.242,0.072
stranger,-0.252,0.079,0.027
strangle,0.021,0.589,0.020
strangulation,-0.014,0.601,-0.038
strap,-0.185,0.025,-0.021
strapless,-0.275,0.099,0.047
strapping,-0.049,-0.100,0.009
strata,-0.085,-0.033,0.038
strategic,0.503,-0.048,0.002
strategist,0.305,0.027,-0.128
strategy,0.440,-0.017,-0.058
stratification,0.120,-0.023,-0.095
stratosphere,0.190,-0.012,0.001
stratum,-0.152,-0.035,-0.177
stratus,-0.010,0.052,-0.020
straw,-0.354,-0.145,0.108
strawberry,-0.063,-0.406,0.147
stray,-0.217,0.435,0.117
streak,0.030,0.118,0.023
streaked,-0.134,-0.025,0.013
stream,0.035,0.065,-0.045
streamer,0.020,-0.066,0.120
streaming,0.096,-0.076,-0.023
streamline,0.198,-0.057,0.033
street,-0.111,-0.194,0.019
streetcar,0.026,0.130,-0.060
streetlight,-0.104,-0.290,0.032
strength,0.496,-0.078,-0.003
strengthen,0.633,0.006,-0.019
strengthening,0.588,-0.192,-0.040
strenuous,-0.135,0.396,-0.089
strep,-0.129,0.156,0.088
stress,-0.131,0.465,0.157
stressed,-0.050,0.406,-0.030
stresses,-0.116,0.493,0.060
stressfree,-0.015,-0.529,-0.089
stressful,-0.075,0.503,0.114
stressin,-0.125,0.464,0.091
stressing,-0.021,0.494,0.065
stressrelief,0.005,-0.150,0.033
stretch,0.089,-0.021,0.092
stretcher,-0.325,-0.173,-0.054
stricken,-0.158,0.390,0.050
strict,0.343,0.117,-0.181
stride,0.028,0.122,0.133
strife,0.206,0.393,0.053
strike,0.086,0.383,0.011
strikeout,-0.176,0.141,0.012
striker,0.184,0.070,-0.086
striking,0.199,0.336,0.002
strikingly,0.407,0.003,-0.023
string,-0.146,0.011,-0.073
strings,-0.226,-0.118,-0.034
stringy,-0.011,0.059,-0.046
strip,-0.083,0.050,0.009
stripe,-0.131,-0.236,0.050
striped,-0.222,0.020,-0.064
stripped,-0.228,0.247,0.099
stripper,0.194,0.147,0.282
striptease,0.331,0.215,0.205
strive,0.396,0.184,0.038
strobe,0.085,0.100,0.042
stroke,0.053,-0.083,-0.051
stroll,0.041,-0.238,0.110
stroller,-0.041,-0.285,0.209
strolling,0.018,-0.181,0.240
strong,0.608,-0.112,0.059
stronghold,0.497,-0.037,-0.139
strongly,0.495,0.141,-0.030
structural,0.142,-0.103,-0.132
structure,0.115,-0.135,-0.195
strudel,-0.051,-0.153,0.087
struggle,0.260,0.329,-0.056
strut,0.004,-0.073,0.052
stub,-0.234,-0.054,-0.056
stubbed,-0.208,0.215,0.171
stubble,-0.282,0.071,0.051
stubborn,-0.020,0.391,-0.105
stubbornness,-0.083,0.368,-0.076
stubby,-0.181,-0.034,-0.037
stucco,-0.290,-0.109,0.010
stuck,-0.260,0.341,0.061
stuckup,-0.218,0.139,-0.021
stud,0.053,-0.025,0.041
studded,-0.148,0.011,-0.046
student,0.006,-0.221,-0.060
studied,0.271,-0.327,-0.180
studio,0.063,-0.285,-0.126
study,0.204,-0.195,-0.187
stuff,-0.174,-0.190,0.149
stuffed animal,-0.166,-0.310,0.088
stuffing,-0.267,-0.070,-0.000
stuffy,-0.101,0.203,0.043
stumble,-0.244,0.390,0.118
stump,-0.137,0.037,0.091
stumped,-0.106,0.180,0.057
stun,-0.018,0.263,0.068
stunned,-0.123,0.247,0.095
stunner,0.087,0.252,0.119
stunning,0.535,-0.146,0.033
stunt,-0.011,0.121,-0.042
stunted,-0.329,0.192,-0.006
stuntman,-0.014,-0.005,-0.014
stupefaction,-0.020,0.289,0.027
stupefy,-0.099,0.379,0.048
stupendous,0.467,-0.090,0.053
stupid,-0.395,0.260,0.037
stupidity,-0.511,0.247,-0.015
stupidpeople,-0.349,0.416,0.101
stupidrain,-0.242,0.180,0.022
stupor,-0.168,0.183,0.082
sturdy,0.342,0.054,-0.107
sturgeon,-0.080,0.040,-0.030
stutter,-0.315,0.149,0.030
sty,-0.301,0.136,0.092
style,0.171,-0.193,0.043
styling,0.212,-0.311,-0.017
stylish,0.324,-0.277,0.049
stylist,0.103,-0.226,0.094
suave,-0.168,-0.334,0.138
sub,-0.193,-0.105,0.064
subatomic,-0.046,0.109,-0.028
subcommittee,0.005,0.057,-0.136
subconscious,-0.106,-0.112,0.005
subcutaneous,-0.168,0.031,0.005
subdivide,-0.123,-0.080,0.086
subdivision,-0.026,-0.101,0.068
subduction,-0.082,0.154,0.004
subdue,0.160,0.271,-0.227
subdued,-0.350,0.154,0.045
subdural,-0.118,0.077,-0.010
subito,0.053,0.183,-0.045
subject,0.018,-0.179,-0.076
subjected,-0.299,0.157,0.101
subjection,-0.089,0.044,-0.147
subjective,-0.116,-0.113,-0.030
subjugation,-0.146,0.230,0.040
sublet,0.041,0.060,-0.018
sublevel,-0.285,-0.049,-0.059
sublimation,-0.020,-0.081,-0.081
sublime,0.123,-0.317,-0.014
subliminal,-0.058,0.083,-0.003
submarine,0.062,-0.063,-0.010
submerge,0.045,0.084,0.116
submerged,-0.171,0.131,0.036
submersible,-0.038,0.042,-0.095
submission,0.150,0.038,-0.033
submissive,-0.382,-0.195,0.062
submit,0.042,-0.133,0.036
submitting,0.216,-0.040,0.063
subordinate,-0.438,0.071,0.095
subordination,-0.215,0.178,0.013
subplot,-0.096,-0.040,-0.025
subpoena,-0.005,0.253,-0.069
subscribe,0.071,-0.219,-0.071
subscriber,0.033,-0.112,-0.074
subscription,0.071,-0.169,-0.155
subsequence,-0.089,0.048,0.036
subsequent,-0.153,-0.047,-0.018
subsequently,-0.256,-0.032,-0.033
subservient,-0.285,0.103,-0.060
subset,-0.173,-0.051,-0.045
subside,-0.365,-0.054,0.036
subsidence,-0.120,0.134,-0.048
subsidiary,-0.078,-0.171,-0.092
subsidize,0.171,0.008,0.051
subsidy,0.030,-0.078,0.003
subsist,-0.023,-0.110,0.010
subsistence,-0.048,-0.074,-0.041
subsoil,-0.245,-0.133,-0.094
subspace,-0.056,-0.012,-0.023
substance,0.040,-0.136,-0.007
substandard,-0.465,0.062,0.023
substantial,0.177,-0.064,-0.093
substantially,0.192,-0.118,-0.073
substantiate,0.137,0.017,-0.052
substantive,-0.104,-0.105,-0.051
substation,-0.041,-0.005,-0.030
substitute,-0.155,-0.016,-0.016
substituted,-0.169,0.192,-0.012
substitution,-0.163,0.048,0.046
substructure,-0.034,-0.051,-0.165
subterranean,-0.157,-0.114,-0.074
subtext,-0.104,-0.256,0.003
subtitle,-0.281,-0.172,-0.083
subtle,-0.252,-0.392,0.105
subtlety,-0.197,-0.312,-0.027
subtract,-0.384,0.085,-0.083
subtraction,-0.334,0.156,-0.121
subtype,-0.192,-0.091,-0.091
suburb,-0.084,0.149,0.007
suburban,-0.088,0.008,-0.024
suburbia,-0.093,0.035,0.019
suburbs,-0.116,0.033,0.191
subversion,-0.086,0.181,0.044
subversive,-0.024,0.401,0.000
subvert,-0.018,0.144,-0.062
subway,-0.163,-0.080,-0.123
succeed,0.642,-0.114,0.049
succeeding,0.557,-0.075,0.074
success,0.758,-0.050,0.095
successful,0.647,-0.152,0.035
succession,0.152,-0.153,0.025
successive,0.066,-0.117,0.036
successor,0.236,-0.138,0.025
succinct,0.011,-0.064,-0.088
succubus,0.035,0.162,0.034
succulent,0.219,-0.205,0.137
succumb,-0.162,0.404,0.157
suck,-0.068,0.250,0.123
sucker,-0.382,0.084,0.033
sucking,-0.212,0.212,-0.030
suckling,0.088,-0.029,0.065
sucks,-0.248,0.396,0.052
suction,0.043,0.094,0.014
sudden,0.004,0.144,0.108
suddenly,0.057,-0.118,0.117
suds,-0.263,-0.073,0.075
sue,0.100,0.370,-0.132
suede,-0.269,-0.207,0.055
suffer,-0.187,0.575,0.190
sufferer,-0.241,0.370,0.092
suffering,-0.326,0.487,0.072
suffice,-0.009,-0.223,-0.029
sufficiency,0.072,-0.107,-0.041
sufficient,0.148,-0.354,0.006
sufficiently,0.229,-0.282,-0.088
suffix,-0.172,-0.010,0.017
suffocate,-0.057,0.383,0.051
suffocating,-0.103,0.451,0.023
suffocation,-0.109,0.573,-0.023
sugar,0.070,-0.372,0.193
suggest,0.035,-0.072,0.008
suggestion,0.050,-0.196,-0.044
suggestive,0.066,-0.035,-0.013
suicidal,-0.149,0.594,0.052
suicide,-0.107,0.594,0.028
suicidebombing,0.077,0.660,-0.063
suit,0.020,-0.351,0.026
suitable,0.209,-0.341,-0.123
suitcase,-0.239,-0.251,-0.002
suite,0.034,-0.269,0.164
suitor,0.203,-0.053,0.144
sulfate,-0.159,-0.052,-0.067
sulfur,-0.247,0.251,-0.046
sulk,-0.154,0.232,-0.011
sullen,-0.341,0.107,-0.007
sully,-0.131,0.117,0.059
sulphur,-0.337,0.128,0.042
sultan,0.210,-0.060,-0.249
sultry,0.302,-0.029,0.132
sum,0.011,-0.325,0.108
summarily,-0.017,-0.023,-0.082
summarize,-0.061,-0.188,-0.033
summary,-0.054,-0.334,0.029
summation,0.122,-0.301,-0.026
summer,0.131,-0.311,0.046
summerhouse,0.014,-0.349,0.076
summertime,0.135,-0.246,0.192
summit,0.310,0.002,-0.058
summon,0.158,0.033,-0.070
summons,0.146,0.038,0.014
sumo,-0.014,-0.056,-0.111
sump,-0.207,0.057,0.019
sumptuous,0.162,-0.106,0.084
sun,0.271,-0.334,0.001
sunbeam,0.089,-0.207,0.073
sunburn,-0.135,0.491,-0.034
sundae,0.010,-0.239,0.136
sunday,-0.085,-0.414,0.039
sundial,-0.128,-0.297,-0.017
sundown,0.008,-0.382,0.065
sundry,-0.109,-0.125,0.013
sunflower,-0.107,-0.469,0.193
sunglass,-0.149,-0.303,0.081
sunglasses,0.046,-0.294,0.227
sunk,-0.390,0.264,0.065
sunken,-0.446,0.257,0.022
sunless,-0.396,0.023,-0.085
sunlight,0.258,-0.352,0.048
sunny,0.033,-0.279,0.045
sunrise,0.189,-0.333,-0.025
sunroof,-0.048,-0.255,0.043
sunscreen,-0.004,-0.192,0.039
sunset,-0.088,-0.465,0.172
sunshine,0.289,-0.407,-0.112
suntan,-0.033,-0.086,0.155
sunup,0.123,-0.318,-0.065
sup,-0.126,-0.140,0.026
super,0.452,-0.125,0.061
superannuation,-0.023,-0.020,-0.115
superb,0.593,-0.189,0.101
superficial,-0.254,0.031,0.013
superfluous,-0.184,0.107,-0.031
superhero,0.641,-0.059,0.100
superhuman,0.557,-0.039,0.010
superimposed,0.141,0.035,-0.115
superintendent,0.399,0.001,-0.222
superior,0.562,-0.063,-0.052
superiority,0.422,0.031,-0.221
superlative,0.310,-0.099,-0.025
superman,0.672,-0.101,0.078
supermarket,0.168,-0.102,0.068
supermodel,0.410,-0.154,0.134
supernatant,0.047,0.003,-0.045
supernatural,0.384,0.145,0.075
supernova,0.433,-0.032,-0.021
superposition,0.245,0.076,-0.182
superpower,0.630,-0.005,-0.024
supersede,0.007,0.023,-0.017
superstar,0.639,-0.014,0.119
superstition,-0.153,0.327,-0.022
superstitious,-0.078,0.190,-0.090
superstore,0.258,-0.084,0.063
supervise,0.406,-0.089,-0.143
supervision,0.252,0.097,-0.201
supervisor,0.360,-0.079,-0.255
supper,0.107,-0.197,0.025
suppertime,0.064,-0.290,0.106
supplant,-0.077,0.151,-0.017
supple,0.122,-0.209,0.209
supplement,0.070,-0.242,0.072
supplemental,0.046,-0.139,-0.040
supplementary,0.021,-0.191,-0.049
supplication,-0.120,0.062,0.155
supplier,0.210,-0.099,-0.128
supplies,0.115,-0.215,-0.031
supply,0.187,-0.133,0.039
support,0.313,-0.234,-0.030
supported,0.213,-0.314,0.041
supporter,0.258,-0.144,-0.025
supporters,0.191,-0.161,0.107
supporting,0.253,-0.092,-0.123
supportive,0.246,-0.321,0.043
suppose,-0.160,-0.152,0.044
supposed,-0.248,0.058,-0.081
supposing,-0.152,-0.003,0.048
supposition,-0.010,-0.085,-0.053
suppress,-0.074,0.200,-0.079
suppression,-0.070,0.198,-0.114
supremacy,0.565,-0.052,-0.052
supreme,0.594,-0.068,-0.068
supremely,0.561,-0.069,0.009
surcharge,-0.049,0.110,-0.044
sure,0.214,-0.308,-0.220
surety,0.254,-0.282,-0.114
surf,0.244,-0.148,0.248
surface,-0.010,-0.044,-0.165
surfboard,0.142,-0.012,0.313
surfer,0.237,-0.007,0.170
surge,0.062,0.164,0.076
surgeon,0.259,0.080,-0.148
surgery,0.094,0.344,-0.024
surgical,0.169,0.270,-0.129
surly,-0.159,0.180,-0.145
surmise,-0.144,-0.096,0.065
surname,-0.040,-0.296,-0.050
surpassing,0.345,-0.039,0.040
surplus,0.231,0.056,0.057
surprise,0.411,-0.010,0.341
surprised,0.339,0.041,0.303
surprises,0.411,-0.080,0.235
surprising,0.471,-0.073,0.211
surprisingly,0.544,-0.035,0.106
surreal,0.162,-0.009,-0.077
surrender,-0.469,0.193,-0.024
surrendering,-0.378,0.146,-0.017
surrogate,-0.024,0.129,0.024
surround,0.171,0.060,-0.000
surrounding,0.100,-0.069,-0.144
surroundings,-0.030,-0.179,-0.030
surveillance,0.196,0.259,-0.095
survey,-0.116,-0.162,0.044
surveying,0.104,-0.014,-0.155
surveyor,0.052,-0.138,-0.169
survival,0.437,0.192,-0.079
survive,0.453,0.038,0.150
surviving,0.393,0.135,0.101
survivor,0.435,0.058,0.004
susceptibility,-0.059,0.112,0.143
susceptible,-0.197,0.001,0.078
sushi,-0.053,-0.256,0.082
suspect,-0.057,0.438,-0.045
suspected,-0.076,0.410,0.016
suspend,-0.311,0.058,-0.131
suspended,-0.280,0.127,-0.094
suspenders,-0.134,-0.036,-0.143
suspense,-0.046,0.340,0.115
suspension,-0.145,0.171,-0.034
suspicion,-0.136,0.354,0.058
suspicions,-0.028,0.380,-0.006
suspicious,-0.106,0.417,0.015
sustain,0.067,-0.191,-0.077
sustained,0.056,-0.215,-0.071
sustenance,0.298,-0.211,0.040
suture,-0.118,0.195,-0.126
suv,-0.046,-0.087,0.025
sux,-0.154,0.082,0.088
swab,-0.254,-0.082,0.078
swag,0.273,0.015,0.065
swagger,0.055,0.282,0.020
swallow,-0.012,0.096,0.087
swami,0.021,0.025,0.037
swamp,-0.355,0.121,0.020
swamped,-0.347,0.225,-0.017
swampy,-0.213,0.061,-0.092
swan,-0.095,-0.399,0.083
swank,-0.047,0.005,0.035
swap,0.032,-0.037,0.019
swarm,-0.017,0.303,0.062
swarming,-0.062,0.157,0.040
swastika,-0.112,0.113,-0.097
swat,0.084,0.224,-0.000
sway,0.300,-0.062,-0.009
swear,0.201,-0.013,-0.018
swearing,0.007,0.165,-0.107
sweat,-0.165,0.127,0.129
sweater,-0.169,-0.332,0.100
sweating,-0.194,0.255,0.154
sweatshirt,-0.165,-0.104,0.034
sweatshop,0.158,0.292,0.037
sweaty,-0.232,0.178,0.052
sweep,-0.166,-0.047,-0.007
sweeper,-0.054,0.052,0.072
sweeping,-0.216,0.059,-0.012
sweet,-0.041,-0.183,0.117
sweeten,0.126,-0.329,0.224
sweetened,0.127,-0.350,0.259
sweetener,-0.118,-0.245,0.107
sweetest,0.134,-0.338,0.309
sweetheart,0.198,-0.385,0.171
sweetie,0.311,-0.318,0.220
sweetness,0.210,-0.310,0.161
sweets,0.037,-0.358,0.277
swell,-0.094,0.218,0.135
swelling,-0.218,0.192,0.147
sweltering,-0.179,0.307,0.032
swerve,-0.162,0.233,0.053
swift,0.405,0.011,0.138
swiftly,0.349,0.155,0.205
swig,-0.025,-0.092,0.104
swill,-0.152,0.064,0.103
swim,0.096,-0.162,0.049
swimmer,0.252,0.028,0.107
swimming,0.175,-0.146,0.140
swimsuit,-0.108,-0.271,0.205
swindle,-0.118,0.436,-0.008
swindler,-0.027,0.427,-0.110
swine,-0.232,0.119,0.088
swing,0.042,-0.068,0.067
swinger,0.099,0.220,0.144
swinging,-0.054,-0.114,0.210
swipe,-0.157,-0.097,0.169
swirl,0.203,0.169,0.023
swish,0.017,-0.039,0.053
switch,0.025,0.027,0.015
switchblade,-0.005,0.171,-0.035
switchboard,0.086,-0.036,0.004
swivel,0.021,-0.059,0.019
swollen,-0.288,0.188,0.033
swoon,-0.345,0.143,0.140
swoop,0.007,0.094,0.092
sword,0.196,0.159,-0.093
swordfish,-0.001,-0.035,0.082
swordplay,0.197,0.090,0.173
swordsman,0.260,0.330,0.009
sycamore,-0.028,-0.067,-0.072
syllable,-0.206,-0.138,-0.104
syllabus,0.159,-0.254,-0.056
symbiotic,0.061,-0.296,0.183
symbol,0.037,-0.179,-0.011
symbolic,0.083,-0.199,-0.032
symbolically,0.093,-0.132,-0.125
symbolism,0.122,-0.235,-0.090
symbolize,0.109,-0.208,-0.150
symmetric,0.048,-0.372,-0.100
symmetrical,-0.042,-0.191,-0.156
symmetry,-0.056,-0.231,-0.073
sympathetic,0.195,-0.255,0.031
sympathize,0.299,-0.102,0.099
sympathy,0.258,-0.233,0.063
symphonic,0.206,-0.165,0.111
symphony,0.199,-0.194,0.052
symposium,0.090,-0.120,-0.122
symptom,-0.094,0.104,0.004
symptomatic,-0.104,0.050,-0.093
synagogue,-0.048,-0.158,-0.124
synapse,0.059,-0.136,0.067
synaptic,0.150,-0.011,-0.020
sync,0.245,-0.253,-0.005
synchronize,0.185,-0.292,-0.047
synchronous,0.100,-0.044,0.038
syncope,-0.183,0.206,-0.031
syndicate,0.090,0.045,-0.153
syndrome,-0.314,0.192,0.051
synergistic,0.093,-0.015,0.029
synergy,0.247,-0.104,-0.066
synod,-0.021,-0.059,-0.133
synonym,-0.130,-0.286,-0.057
synonymous,-0.167,-0.112,-0.037
synopsis,-0.045,-0.106,-0.028
synoptic,0.105,-0.033,-0.031
syntax,-0.016,-0.126,-0.110
synthesis,-0.126,-0.208,0.034
synthesizer,0.023,-0.058,-0.112
synthetic,-0.110,-0.027,-0.144
syphilis,-0.348,0.373,0.028
syringe,-0.162,0.298,0.096
syrup,-0.204,-0.285,0.032
system,0.175,-0.178,-0.211
systematic,0.099,-0.119,-0.039
systematically,0.151,-0.207,-0.073
t-shirt,-0.102,-0.385,0.183
tab,-0.232,-0.277,0.018
tabasco,-0.110,0.118,0.032
tabby,-0.112,-0.063,0.042
tabernacle,0.021,0.057,-0.127
table,-0.289,-0.274,-0.007
tableau,-0.209,-0.166,0.030
tablecloth,-0.376,-0.229,0.004
tablespoon,-0.260,-0.105,0.091
tablet,-0.095,-0.165,-0.020
tableware,-0.194,-0.310,0.103
tabloid,-0.136,-0.051,-0.065
taboo,-0.023,0.420,0.028
tabular,-0.140,-0.074,-0.096
tabulate,0.015,-0.048,-0.130
tabulation,-0.107,-0.030,-0.151
tachometer,-0.089,0.002,-0.119
tacit,-0.117,-0.082,-0.088
tack,-0.150,0.047,-0.055
tackle,0.071,0.229,-0.011
tackled,0.072,0.125,-0.016
tackling,0.164,0.153,0.018
tacky,-0.224,0.172,-0.040
taco,-0.201,-0.155,0.103
tact,-0.075,-0.097,0.036
tactful,0.029,-0.289,-0.041
tactic,0.199,-0.055,-0.226
tactical,0.171,-0.073,-0.092
tactics,0.324,0.073,-0.053
tactile,-0.013,-0.115,-0.008
tad,-0.326,-0.160,0.011
tadpole,-0.310,0.051,0.087
taffeta,-0.123,-0.232,-0.005
taffy,-0.273,-0.023,0.142
tag,-0.105,-0.188,0.060
tail,-0.269,-0.151,0.009
tailed,-0.207,-0.059,-0.004
tailgate,-0.239,0.013,-0.101
tailings,-0.160,-0.088,-0.095
taillight,-0.231,-0.086,0.067
tailor,-0.140,-0.257,-0.091
tailoring,0.153,-0.095,0.059
tailpipe,-0.120,-0.024,0.005
taint,-0.413,0.196,-0.024
take,0.071,-0.218,0.282
takeoff,0.402,0.086,0.245
takeout,-0.030,-0.251,0.145
takeover,0.357,-0.081,-0.154
taker,0.033,0.110,-0.129
talcum,-0.297,-0.218,-0.022
tale,-0.133,-0.263,0.082
talent,0.505,-0.245,0.064
talented,0.600,-0.206,-0.018
talisman,0.224,-0.113,0.023
talk,0.160,-0.343,0.011
talkative,0.139,0.076,0.100
talker,0.087,0.074,0.021
tall,0.183,-0.098,0.131
tallies,-0.146,-0.186,-0.022
tallow,-0.333,-0.046,-0.048
tally,-0.004,-0.085,-0.036
talon,-0.063,0.159,-0.020
talons,0.023,0.268,0.005
tambourine,-0.026,-0.062,0.189
tame,0.182,0.034,-0.012
tamer,0.306,0.292,-0.118
taming,0.095,-0.037,-0.011
tamper,0.019,0.439,-0.017
tampon,-0.215,-0.004,-0.001
tan,0.011,-0.133,0.085
tandem,-0.030,-0.103,-0.016
tang,-0.125,-0.155,0.091
tangent,-0.058,-0.142,-0.003
tangerine,-0.150,-0.214,-0.018
tangible,0.130,-0.201,-0.135
tangle,-0.229,0.126,0.124
tangled,-0.234,0.193,0.033
tango,0.039,-0.050,0.139
tank,0.041,0.024,-0.150
tank top,-0.100,-0.174,0.071
tanker,0.234,0.096,-0.057
tanned,0.075,-0.049,0.089
tantalizing,0.240,0.186,0.083
tantamount,0.088,-0.235,-0.169
tantrum,-0.058,0.418,0.105
taoism,-0.156,-0.167,-0.111
tap,-0.191,-0.068,0.015
tape,-0.269,-0.187,0.063
tape measure,-0.268,-0.110,-0.085
taper,-0.084,-0.095,0.029
tapering,-0.325,0.019,0.041
tapestry,-0.245,-0.244,-0.072
tapeworm,-0.273,-0.018,-0.042
tapioca,-0.178,-0.215,0.056
taps,-0.150,-0.050,-0.029
tar,-0.009,0.007,-0.110
tarantula,0.016,0.326,-0.026
tardiness,-0.298,0.104,0.042
tardy,-0.253,0.269,0.051
target,0.317,-0.033,-0.102
targeted,0.107,-0.024,0.005
targeting,0.025,-0.059,-0.094
tariff,-0.074,-0.038,-0.067
tarmac,-0.240,-0.037,-0.106
tarnish,-0.290,0.167,-0.065
tarot,-0.098,-0.042,-0.004
tarp,-0.248,-0.190,-0.074
tarry,-0.177,0.013,-0.022
tart,-0.152,-0.253,0.233
tartan,-0.143,-0.020,0.010
tartar,-0.422,0.092,-0.019
task,-0.045,-0.137,-0.056
tassel,-0.195,-0.163,0.065
taste,0.080,-0.285,0.117
tasteful,0.278,-0.326,0.091
tasteless,-0.576,0.032,-0.092
tasting,0.261,-0.128,0.122
tasty,0.405,-0.133,0.338
tat,-0.162,-0.035,-0.033
tattler,-0.075,0.078,0.022
tattletale,-0.111,-0.169,0.139
tattoo,0.062,0.079,0.034
taught,0.250,-0.234,0.042
taunt,-0.219,0.431,0.007
taupe,-0.206,-0.047,-0.054
taut,0.032,0.188,0.108
tavern,0.027,0.040,0.067
tawdry,-0.131,0.093,0.016
tawny,-0.096,-0.111,0.038
tax,-0.104,0.162,-0.148
taxed,-0.143,0.147,-0.141
taxi,-0.096,-0.128,-0.007
taxicab,-0.149,-0.039,0.052
taxonomy,-0.014,0.038,-0.201
taxpayer,0.165,-0.041,-0.042
tea,-0.157,-0.381,0.001
teach,0.429,-0.224,-0.074
teacher,0.362,-0.238,-0.193
teaching,0.304,-0.261,-0.039
teacup,-0.270,-0.357,0.018
teahouse,-0.092,-0.356,0.189
teal,-0.209,-0.179,0.030
team,0.221,-0.169,-0.051
teamjesus,0.090,-0.156,0.032
teammate,0.273,-0.292,0.037
teamwork,0.401,-0.298,0.006
teapot,-0.335,-0.262,-0.091
tear,-0.116,0.145,0.139
tearful,-0.374,0.198,0.078
tearsofjoy,0.294,-0.145,0.366
teary,-0.384,0.210,0.022
tease,-0.002,0.329,0.117
teaser,0.057,0.034,0.013
teasing,-0.132,0.340,0.098
teaspoon,-0.273,-0.144,0.110
teat,-0.084,-0.110,0.155
teatime,-0.107,-0.493,0.091
tech,0.255,-0.129,-0.077
technical,0.171,-0.004,-0.163
technicality,0.168,-0.109,-0.063
technician,0.205,-0.051,-0.097
technique,0.156,-0.243,0.014
techno,0.049,-0.017,0.051
technological,0.295,-0.150,-0.157
technology,0.368,-0.193,-0.097
ted,-0.036,-0.193,0.189
teddy bear,-0.186,-0.523,0.219
tedious,-0.430,0.211,-0.062
tedium,-0.364,0.075,-0.085
tee,-0.170,-0.063,-0.004
teeming,0.229,-0.015,-0.090
teen,0.178,-0.141,0.080
teenage,0.208,0.001,0.134
teenager,0.204,-0.138,0.167
teens,0.109,-0.003,0.202
teensy,-0.136,-0.071,0.075
teeny,-0.281,-0.016,0.116
teeth,-0.096,-0.095,-0.001
teething,-0.085,0.054,-0.048
teflon,-0.242,-0.073,-0.163
telegram,0.087,-0.013,0.018
telegraph,-0.062,-0.125,0.072
telekinesis,0.231,0.048,0.004
telemetry,0.004,-0.048,-0.160
telepathic,0.149,-0.075,-0.054
telepathy,0.115,-0.057,-0.010
telephone,0.052,-0.130,0.155
telescope,-0.061,-0.133,-0.072
telescopic,0.010,-0.131,-0.229
telethon,0.119,-0.007,0.164
teletype,-0.068,-0.099,-0.012
televised,0.084,-0.077,0.058
television,0.048,-0.169,-0.028
tell,-0.078,-0.142,-0.028
teller,-0.092,-0.075,-0.018
telling,0.100,-0.198,0.054
telltale,-0.105,0.297,0.016
temp,-0.168,-0.042,0.091
temper,0.355,0.002,-0.088
tempera,-0.293,-0.106,0.056
temperament,0.167,0.153,-0.110
temperamental,0.117,0.327,-0.013
temperance,0.002,-0.136,-0.208
temperate,0.001,-0.047,-0.137
temperature,0.019,0.024,0.061
tempered,0.132,-0.096,-0.110
tempest,0.148,0.427,-0.040
template,-0.165,-0.119,-0.052
temple,0.061,-0.233,-0.182
tempo,-0.037,-0.172,-0.050
temporal,-0.143,-0.066,0.049
temporarily,-0.157,-0.098,0.014
temporary,-0.189,-0.036,0.055
tempt,-0.060,0.332,-0.042
temptation,0.128,0.319,0.067
tempting,0.186,0.083,0.173
temptress,0.222,0.258,0.007
ten,-0.152,-0.214,-0.036
tenable,0.176,-0.229,-0.026
tenacious,0.326,-0.045,0.061
tenacity,0.476,-0.049,-0.067
tenancy,0.056,-0.024,-0.095
tenant,-0.198,-0.018,-0.061
tend,-0.061,-0.149,0.055
tendency,0.218,-0.126,-0.032
tender,0.081,-0.080,0.067
tenderfoot,-0.098,-0.035,-0.015
tenderness,0.020,-0.485,0.184
tending,0.155,-0.046,0.024
tendon,-0.215,-0.044,-0.175
tenement,-0.034,-0.056,-0.112
tenet,0.102,-0.230,-0.105
tenets,0.169,-0.261,-0.081
tenfold,-0.055,-0.034,-0.059
tennis,0.020,-0.078,0.116
tenor,0.020,-0.097,0.015
tense,0.031,0.040,-0.190
tensile,0.069,0.042,-0.096
tension,0.071,0.357,0.055
tent,-0.223,-0.169,-0.003
tentacle,-0.110,0.130,0.040
tentative,0.140,0.050,0.101
tenth,-0.153,-0.116,0.004
tenths,-0.302,-0.083,-0.008
tenuous,-0.326,-0.099,-0.024
tenure,0.124,-0.098,-0.037
tepee,-0.170,-0.118,-0.001
tepid,-0.354,-0.013,0.009
tequila,0.182,0.065,0.143
teriyaki,-0.002,-0.144,0.090
term,-0.071,-0.128,-0.225
terminal,-0.136,0.087,-0.112
terminate,-0.250,0.174,-0.166
termination,-0.059,0.096,-0.121
terminator,0.185,0.217,-0.136
terminology,0.000,-0.227,-0.110
terminus,-0.082,0.082,-0.248
termite,-0.193,0.152,-0.060
terms,0.034,-0.082,-0.180
tern,-0.166,-0.154,0.093
ternary,-0.035,-0.102,-0.013
terrace,-0.118,-0.246,-0.009
terrain,-0.096,-0.168,-0.070
terrestrial,0.039,-0.087,-0.084
terrible,0.023,0.563,-0.091
terribly,-0.159,0.474,-0.036
terrier,-0.000,-0.020,0.099
terrific,0.483,-0.143,0.032
terrified,-0.094,0.569,0.101
terrifies,-0.006,0.593,0.031
terrify,-0.031,0.593,-0.008
terrifying,0.001,0.575,-0.111
territorial,0.193,0.149,-0.174
territory,0.175,-0.104,-0.078
terror,-0.084,0.585,0.072
terrorism,0.131,0.650,-0.073
terrorist,0.095,0.652,-0.119
terrorists,0.141,0.647,-0.084
terrorize,0.022,0.616,-0.051
terse,-0.096,-0.108,0.025
tertiary,-0.122,-0.106,-0.034
test,-0.019,0.037,-0.030
testament,0.230,-0.110,-0.209
testicle,-0.014,0.131,0.124
testicular,-0.004,0.203,0.077
testify,0.256,0.099,-0.074
testimonial,0.219,0.007,-0.132
testimony,0.198,-0.023,-0.001
testosterone,0.398,0.193,0.031
testy,-0.218,0.354,0.000
tetanus,-0.242,0.313,-0.042
tether,-0.098,0.207,0.045
tethered,-0.241,0.148,-0.027
tetrahedral,-0.024,-0.094,0.081
text,-0.183,-0.316,-0.070
textbook,-0.047,-0.270,-0.104
textile,-0.151,-0.262,-0.022
textural,-0.058,-0.259,0.003
texture,-0.143,-0.283,-0.040
tgif,-0.039,-0.053,0.048
thank,0.177,-0.431,0.121
thankful,0.314,-0.438,-0.008
thankgod,0.113,-0.269,0.151
thanking,0.340,-0.269,0.111
thankless,-0.179,0.256,-0.167
thanks,0.166,-0.323,0.212
thanksalot,0.187,-0.344,0.139
thanksgiving,0.287,-0.338,0.082
thankyougod,0.283,-0.320,0.058
thankyoujesus,0.218,-0.334,0.058
thankyoulord,0.076,-0.302,0.110
thatch,-0.448,-0.072,0.017
thatmoment,-0.086,-0.204,0.130
thaumaturgy,0.112,0.030,-0.051
thaw,-0.242,-0.086,-0.008
theater,0.205,-0.094,0.187
theatrical,0.234,-0.026,0.177
theatrics,0.105,-0.114,0.124
thebest,0.334,-0.113,0.026
theft,-0.083,0.512,0.099
theism,-0.067,-0.019,-0.044
theistic,-0.109,-0.018,-0.129
thelife,0.218,-0.085,0.037
thelittlethings,-0.216,-0.238,0.014
theme,-0.187,-0.256,-0.107
theocracy,0.121,-0.034,-0.197
theocratic,0.007,0.078,-0.140
theologian,0.104,-0.139,-0.275
theological,0.057,-0.072,-0.210
theology,0.045,-0.070,-0.263
theorem,-0.014,-0.136,-0.190
theoretical,-0.019,-0.240,-0.102
theory,-0.027,-0.187,-0.082
therapeutic,0.085,-0.238,-0.187
therapeutics,0.041,-0.140,-0.147
therapist,0.080,-0.017,-0.177
therapy,0.002,-0.089,-0.158
thereabouts,-0.257,-0.049,0.040
thereof,-0.250,-0.202,0.043
therewith,-0.180,-0.103,-0.048
thermal,-0.070,-0.082,-0.092
thermocouple,-0.148,-0.000,-0.042
thermodynamics,0.179,0.065,-0.066
thermometer,-0.152,-0.048,-0.123
thermos,-0.201,-0.235,0.024
thermostat,-0.170,0.023,0.083
thesaurus,0.007,-0.028,-0.007
thesis,0.118,-0.001,0.049
thick,0.012,-0.005,-0.127
thicken,-0.089,-0.002,-0.107
thickening,-0.143,-0.065,-0.058
thicket,-0.245,-0.012,-0.003
thickness,-0.078,-0.130,-0.007
thief,-0.061,0.563,0.054
thigh,0.016,-0.020,-0.112
thimble,-0.356,-0.217,0.022
thin,-0.198,-0.096,-0.004
thing,-0.332,-0.165,-0.010
things,-0.206,-0.192,-0.036
thingy,-0.358,-0.114,0.113
think,0.184,-0.265,0.005
thinker,0.239,-0.216,-0.145
thinking,0.086,-0.287,-0.065
third,-0.266,-0.261,-0.011
thirds,-0.244,-0.055,-0.034
thirst,-0.231,0.151,0.047
thirsty,-0.170,0.261,0.113
thirteen,-0.198,-0.057,0.034
thirteenth,-0.181,-0.054,-0.085
thirty,-0.175,-0.157,0.074
thistle,-0.177,-0.006,0.022
thither,-0.243,-0.166,0.001
thong,-0.138,0.080,0.196
thorn,-0.135,0.173,-0.025
thorny,-0.070,0.365,-0.051
thorough,-0.046,-0.077,-0.137
thoroughbred,0.355,0.052,0.063
thoroughfare,0.024,-0.073,0.036
thought,0.102,-0.327,-0.016
thoughtful,0.002,-0.264,-0.053
thoughtfulness,0.193,-0.417,-0.065
thoughtless,-0.149,0.274,-0.070
thoughts,0.204,-0.250,-0.079
thousand,-0.003,-0.219,0.013
thrash,-0.135,0.179,-0.090
thread,-0.289,-0.336,0.098
threat,0.113,0.523,-0.091
threaten,0.087,0.606,-0.002
threatened,-0.124,0.613,0.120
threatening,0.075,0.575,-0.105
three,-0.144,-0.305,0.008
threefold,-0.013,-0.083,-0.068
threesome,0.122,0.131,0.050
thresh,-0.045,-0.050,-0.050
threshold,0.079,-0.006,-0.026
thrice,-0.071,-0.019,-0.020
thrift,0.102,-0.377,-0.132
thrifty,0.122,-0.150,-0.137
thrill,0.507,-0.039,0.224
thrilled,0.572,-0.056,0.152
thriller,0.241,0.217,0.057
thrilling,0.574,-0.074,0.190
thrive,0.434,-0.292,0.043
thriving,0.394,-0.238,-0.006
throat,-0.168,0.128,0.055
throb,0.123,0.122,0.056
throbbing,0.213,0.107,0.243
throes,-0.244,0.424,0.155
throne,0.442,-0.072,-0.102
throng,0.287,0.237,0.018
throttle,0.357,0.175,0.023
throw,0.140,0.304,-0.012
throwback,-0.236,0.121,-0.031
thrower,0.233,0.162,-0.060
thrown,0.110,0.040,-0.055
thrush,-0.135,0.132,-0.066
thrust,0.193,0.101,-0.027
thruster,0.406,0.081,0.114
thud,0.054,0.311,-0.098
thug,0.174,0.459,-0.031
thumb,-0.124,-0.289,0.054
thumbprint,-0.104,-0.115,-0.045
thump,0.108,0.365,-0.020
thumper,-0.045,0.189,0.027
thumping,0.027,0.385,-0.043
thunder,0.116,0.435,0.111
thunderbolt,0.166,0.216,-0.018
thunderclap,0.182,0.314,0.055
thundering,0.196,0.318,-0.064
thunderstorm,0.196,0.524,-0.174
thunderstruck,-0.043,0.371,-0.035
thwart,-0.087,0.281,0.058
thx,-0.033,-0.098,0.016
thyme,-0.213,-0.220,0.016
thyroid,-0.246,0.156,-0.064
tiara,-0.007,-0.297,0.015
tibia,-0.174,-0.103,-0.080
tic,-0.325,0.112,0.029
tick,-0.108,-0.097,0.009
ticked,-0.103,-0.058,-0.046
ticker,-0.018,-0.004,-0.032
ticket,-0.010,-0.214,0.072
tickle,0.123,-0.038,0.357
tickled,0.127,-0.048,0.329
ticklish,0.199,-0.024,0.432
tidal,0.078,-0.039,0.052
tidal wave,0.229,0.470,-0.072
tidbit,-0.114,-0.124,0.040
tide,-0.011,0.006,0.105
tidings,0.200,-0.064,-0.075
tidy,0.096,-0.383,-0.136
tie,0.014,-0.146,0.106
tier,-0.069,-0.188,-0.171
tiff,-0.139,-0.088,0.077
tiger,0.235,0.205,0.022
tighten,0.030,0.078,-0.148
tightness,0.160,0.197,-0.195
tightrope,-0.160,0.202,0.166
tights,-0.201,-0.178,0.113
tilde,-0.209,-0.150,0.032
tile,-0.267,-0.131,-0.068
tiling,-0.165,-0.197,0.083
till,-0.219,-0.120,0.026
tillage,0.098,0.027,0.047
tiller,-0.221,-0.033,0.071
tilt,-0.071,0.130,-0.012
tilting,-0.192,-0.057,0.027
timber,-0.309,-0.089,-0.164
timberland,0.036,-0.092,-0.071
timbre,-0.177,0.006,0.111
time,0.029,-0.217,-0.141
timeless,-0.001,0.048,-0.118
timeliness,0.143,-0.251,0.016
timely,0.194,-0.338,0.050
timeout,-0.239,0.059,0.012
timepiece,-0.059,-0.262,-0.022
timer,-0.048,-0.024,-0.051
times,-0.155,-0.148,-0.083
timetable,-0.125,-0.259,-0.134
timewasters,-0.189,0.094,0.111
timid,-0.460,-0.045,0.049
timidity,-0.402,0.008,0.082
timing,-0.024,-0.142,-0.146
tin,-0.282,-0.079,0.109
tincture,-0.168,-0.057,-0.037
tine,-0.248,-0.052,0.050
tinfoil,-0.266,-0.119,-0.012
tinge,-0.286,-0.131,0.034
tingle,-0.162,0.060,0.176
tingling,-0.097,0.125,0.138
tinker,-0.201,0.085,0.121
tinkering,-0.027,-0.032,0.045
tinkle,-0.060,-0.031,0.145
tinkling,-0.057,-0.068,0.191
tinnitus,-0.105,0.105,0.026
tinsel,0.072,-0.105,0.108
tint,-0.223,-0.212,0.082
tiny,-0.427,-0.210,0.083
tip,-0.017,-0.342,-0.065
tipper,-0.052,0.099,0.051
tipster,-0.030,-0.019,-0.018
tipsy,0.115,0.082,0.025
tiptoe,-0.067,-0.018,0.064
tirade,0.004,0.150,-0.033
tire,-0.172,-0.039,-0.010
tired,-0.498,0.132,-0.066
tiredness,-0.287,0.007,0.074
tiredofit,-0.424,-0.026,-0.017
tireless,0.302,0.065,0.112
tiresome,-0.361,0.202,0.138
tiring,-0.403,0.244,0.063
tissue,-0.210,-0.230,-0.009
tistheseason,0.048,-0.075,0.141
tit,-0.111,0.093,0.052
titan,0.347,0.048,-0.084
titanic,0.314,0.263,-0.082
titanium,0.143,-0.026,-0.147
tithe,-0.187,-0.164,-0.039
title,0.088,-0.246,-0.030
titled,0.078,-0.300,-0.166
titty,-0.096,-0.020,0.197
titular,0.235,-0.216,-0.144
toad,-0.342,0.097,0.089
toast,-0.041,-0.261,0.150
toaster,-0.139,-0.148,0.009
toasty,0.005,-0.175,0.145
tobacco,-0.146,0.152,0.020
toby,-0.219,-0.041,0.014
tod,-0.181,-0.100,-0.027
today,-0.040,-0.361,0.136
toddler,0.045,-0.253,0.223
toe,-0.330,-0.133,-0.054
toenail,-0.183,-0.113,0.083
toffee,0.008,-0.112,0.153
tofu,-0.228,-0.142,0.067
toga,-0.045,-0.222,0.124
together,0.249,-0.338,0.011
togetherness,0.233,-0.384,0.025
toil,0.094,-0.031,-0.024
toilet,-0.299,-0.149,0.065
toils,0.077,0.158,0.117
token,-0.097,-0.067,0.019
tolerable,-0.038,-0.290,0.125
tolerance,0.154,-0.467,-0.083
tolerant,0.070,-0.399,-0.122
tolerate,0.142,-0.206,0.008
toleration,0.274,-0.230,-0.056
toll,-0.173,0.092,-0.108
tomahawk,0.076,0.091,0.080
tomato,-0.290,-0.264,0.006
tomatoes,-0.232,-0.272,0.070
tomb,-0.307,0.274,-0.077
tombstone,-0.312,0.165,-0.043
tomcat,-0.115,-0.080,0.040
tome,-0.129,-0.076,-0.129
tomorrow,0.019,-0.300,0.137
ton,0.066,-0.095,-0.088
tone,-0.108,-0.141,0.007
toner,-0.217,-0.106,-0.043
tong,-0.116,-0.001,0.067
tongs,-0.149,-0.036,0.101
tongue,-0.025,-0.078,-0.004
tonic,-0.047,-0.126,-0.057
tonnage,-0.079,0.051,-0.211
tonsils,-0.294,0.014,0.007
toocold,-0.104,0.087,0.072
tool,-0.009,-0.092,-0.151
toolbox,-0.093,-0.150,-0.066
tooling,0.057,-0.066,-0.139
toomuchtodo,-0.055,0.181,0.164
toot,-0.101,-0.019,0.077
tooth,-0.246,-0.134,-0.074
toothache,-0.050,0.465,0.104
toothbrush,-0.202,-0.137,0.039
toothed,-0.183,-0.042,0.020
toothless,-0.239,0.155,0.090
toothpaste,-0.189,-0.157,-0.021
toothpick,-0.333,-0.253,0.091
toots,-0.019,-0.053,0.048
top,0.121,-0.255,0.033
topaz,-0.096,-0.229,0.053
topic,-0.150,-0.172,-0.062
topical,-0.046,-0.154,-0.058
topless,0.127,0.088,0.264
topographic,0.035,-0.157,-0.057
topographical,-0.075,-0.057,-0.137
topography,-0.080,-0.076,-0.097
topple,0.055,0.442,-0.020
topside,0.158,-0.170,0.014
tor,-0.174,0.066,-0.059
torch,0.110,0.069,0.055
torment,-0.183,0.488,0.002
tormented,-0.172,0.547,0.110
torn,-0.325,0.249,-0.011
tornado,0.275,0.459,-0.094
torpedo,0.150,0.415,-0.117
torque,-0.145,-0.066,-0.020
torrent,0.265,0.147,0.032
torrid,-0.037,0.245,-0.048
torsion,-0.092,0.236,0.060
torso,-0.116,-0.008,-0.083
tort,-0.103,0.287,-0.025
tortious,0.007,0.290,0.039
tortoise,-0.297,-0.427,0.025
tortuous,-0.116,0.392,0.074
torture,0.029,0.541,-0.016
tortured,-0.132,0.580,0.099
toss,0.121,0.218,0.032
tot,-0.119,-0.129,0.141
total,0.187,-0.334,-0.134
totality,0.223,-0.166,-0.091
totally,0.268,-0.277,-0.029
tote,0.047,-0.072,-0.137
totem,0.049,-0.201,-0.064
touch,0.029,-0.123,0.088
touchdown,0.274,0.069,0.168
touched,-0.081,-0.153,0.045
touching,0.094,-0.230,0.097
touchy,-0.197,0.128,0.029
tough,0.139,0.184,-0.193
toughen,0.219,0.166,-0.066
toughness,0.326,0.058,-0.143
toupee,-0.326,-0.038,-0.089
tour,0.134,-0.085,0.073
tourism,0.208,-0.210,0.140
tourist,0.062,-0.194,0.155
tourmaline,-0.062,0.044,0.023
tournament,0.291,0.030,0.147
tourniquet,-0.146,0.130,0.003
tout,-0.082,0.035,0.097
tow,0.021,-0.022,0.009
towel,-0.230,-0.304,0.051
tower,0.100,-0.153,-0.114
towering,0.312,0.144,-0.107
town,0.021,-0.170,-0.173
townhouse,-0.028,-0.160,0.043
township,0.037,-0.159,-0.213
townspeople,0.122,-0.148,0.019
toxic,-0.067,0.621,-0.020
toxicity,-0.029,0.538,0.016
toxicology,0.068,0.309,-0.017
toxin,-0.150,0.383,-0.070
toy,-0.013,-0.338,0.292
toymaker,0.158,-0.176,0.103
trace,-0.050,-0.160,-0.037
traceable,0.014,-0.162,-0.046
tracer,0.059,-0.166,-0.159
traces,-0.114,-0.028,0.040
trachea,-0.103,0.039,0.058
tracing,0.050,0.125,-0.034
track,-0.039,-0.007,-0.079
tracker,0.233,0.252,-0.075
tract,-0.201,0.007,0.024
tractable,0.045,-0.099,0.086
traction,0.112,0.116,-0.089
tractor,0.099,0.097,-0.063
trade,0.189,-0.006,-0.078
trademark,0.189,-0.218,-0.177
trader,0.350,0.061,-0.142
tradesman,0.101,-0.063,-0.136
trading,0.264,-0.019,-0.021
tradition,0.312,-0.276,-0.052
traditional,0.030,-0.316,-0.139
traffic,-0.047,0.170,-0.065
traffic light,-0.035,-0.015,-0.007
trafficking,-0.097,0.321,0.065
tragedies,-0.045,0.569,0.072
tragedy,-0.175,0.554,0.083
tragic,-0.107,0.601,0.076
trail,-0.068,-0.197,-0.018
trailer,-0.004,-0.038,0.033
train,0.267,0.026,0.109
train set,0.072,-0.009,0.128
trained,0.258,-0.164,0.051
trainee,-0.088,-0.162,0.113
trainer,0.438,0.022,-0.009
training,0.447,0.048,0.054
trait,-0.114,-0.073,-0.056
traitor,-0.058,0.484,-0.018
traitorous,-0.159,0.474,-0.010
trajectory,0.306,-0.059,-0.087
tram,0.138,-0.033,0.155
tramp,-0.421,0.277,0.037
trample,0.039,0.376,-0.025
trampoline,0.064,0.051,0.228
tramway,0.106,-0.055,0.046
trance,-0.110,0.004,0.056
tranquil,-0.091,-0.588,0.078
tranquility,-0.047,-0.500,0.004
tranquilizer,-0.052,-0.185,-0.205
transact,0.200,0.079,-0.046
transaction,0.169,-0.052,0.059
transatlantic,0.306,-0.087,0.018
transceiver,0.027,-0.013,-0.026
transcend,0.345,0.121,0.042
transcendence,0.313,-0.028,-0.041
transcendent,0.365,-0.038,-0.089
transcendental,0.387,0.022,-0.088
transcribe,0.002,-0.070,-0.108
transcriber,0.040,-0.043,-0.127
transcript,0.041,-0.170,-0.008
transcription,0.107,-0.093,-0.060
transfer,0.109,-0.152,0.078
transference,-0.016,-0.206,-0.103
transferred,-0.100,-0.024,0.026
transfixed,0.060,0.164,0.033
transform,0.339,-0.047,0.068
transformation,0.399,-0.121,0.020
transformer,0.241,0.007,-0.070
transfusion,0.110,0.221,0.047
transgression,0.096,0.521,-0.027
transient,-0.091,-0.076,0.001
transistor,-0.060,-0.002,0.018
transit,0.076,0.110,-0.041
transition,0.123,-0.031,0.044
transitional,0.016,-0.072,0.026
transitive,-0.132,-0.073,-0.018
transitory,-0.122,0.006,0.007
translate,-0.013,-0.130,0.034
translation,0.106,-0.137,-0.039
translator,0.068,-0.250,0.095
translocation,0.034,0.176,-0.047
translucent,-0.031,-0.077,0.124
transmission,0.169,-0.138,0.008
transmit,0.331,-0.180,0.086
transmitter,0.174,0.003,-0.135
transmutation,0.255,0.220,-0.062
transom,-0.177,0.008,-0.065
transparency,0.121,-0.413,-0.025
transparent,0.060,-0.140,-0.187
transplant,0.206,0.256,0.058
transplantation,0.188,0.116,0.045
transponder,0.115,0.008,0.027
transport,0.193,0.010,0.051
transportation,0.091,-0.081,0.132
transporter,0.298,0.014,-0.049
transpose,-0.013,0.101,0.040
transposition,-0.077,0.105,-0.154
transsexual,-0.023,0.385,0.112
transverse,-0.051,0.004,-0.090
transvestite,-0.123,0.282,0.073
trap,-0.224,0.358,-0.054
trapdoor,-0.149,0.409,-0.075
trapeze,0.128,0.059,0.043
trapped,-0.214,0.338,-0.029
trapper,-0.035,0.253,-0.007
trapping,-0.032,0.204,-0.008
trappings,-0.133,-0.001,0.049
traps,-0.063,0.310,-0.019
trash,-0.399,0.257,0.100
trashy,-0.516,0.213,-0.037
trauma,-0.088,0.480,0.006
traumatic,-0.087,0.579,0.051
travail,0.171,0.127,0.014
travel,0.330,-0.180,0.285
traveler,0.346,-0.186,0.062
traveling,0.378,-0.114,0.271
traverse,0.172,0.016,-0.006
travesty,-0.071,0.201,0.073
trawl,-0.105,0.238,-0.043
trawler,-0.194,0.081,-0.061
tray,-0.207,-0.214,-0.006
treacherous,-0.114,0.494,0.054
treachery,-0.067,0.527,0.038
tread,-0.039,0.003,0.067
treadmill,-0.002,0.121,0.099
treason,-0.018,0.507,-0.063
treasure,0.489,-0.232,0.033
treasured,0.326,-0.263,-0.007
treasurer,0.260,-0.160,-0.107
treasures,0.560,-0.064,0.088
treasury,0.346,-0.187,0.009
treat,0.024,-0.007,0.118
treatable,0.088,-0.336,-0.015
treatise,0.089,-0.134,-0.079
treatment,0.113,-0.191,-0.067
treaty,0.137,-0.180,-0.109
treble,-0.109,0.081,-0.060
tree,-0.140,-0.389,-0.087
trees,-0.071,-0.359,-0.150
trek,0.024,0.045,-0.022
trellis,-0.181,0.141,-0.020
tremble,-0.061,0.489,0.129
trembling,-0.134,0.449,0.143
tremendous,0.433,0.207,0.071
tremendously,0.332,0.001,0.115
tremor,-0.071,0.514,0.023
trench,0.037,0.227,0.157
trend,0.191,-0.111,-0.105
trending,0.183,-0.196,0.036
trendy,0.142,-0.139,0.088
trepidation,0.060,0.004,0.115
trespass,0.028,0.318,-0.115
triad,-0.037,-0.036,-0.081
triage,-0.098,0.027,-0.071
trial,0.128,0.162,-0.018
triangle,-0.187,-0.210,0.006
triangular,-0.196,-0.078,-0.061
triangulate,-0.091,-0.015,-0.121
triathlon,0.297,0.235,0.090
tribal,-0.100,-0.007,-0.079
tribe,0.086,-0.128,0.060
tribulation,0.016,0.114,0.047
tribunal,0.251,0.195,-0.155
tribune,0.136,-0.019,0.060
tributary,0.123,-0.104,-0.045
tribute,0.271,-0.074,-0.010
trick,0.051,0.104,0.192
trickery,-0.153,0.454,0.106
trickle,-0.340,-0.221,0.020
trickster,-0.015,0.212,0.076
tricky,-0.068,0.307,-0.052
tricycle,-0.076,-0.169,0.101
trident,0.081,0.148,-0.064
trifle,-0.414,0.013,-0.028
trifling,-0.331,0.020,0.114
trig,-0.132,-0.016,-0.016
trigger,0.147,0.382,-0.054
trigonometry,-0.016,0.011,-0.184
trillion,0.096,-0.116,-0.084
trilogy,0.185,-0.062,-0.047
trim,-0.067,-0.026,0.030
trimester,0.090,-0.316,0.020
trimmer,-0.076,0.208,-0.108
trimming,-0.137,-0.023,0.109
trine,-0.249,-0.026,0.003
trinity,0.109,-0.197,-0.129
trinket,-0.156,-0.123,0.020
trio,0.045,0.062,0.090
trip,0.282,-0.171,0.231
tripartite,0.019,-0.012,-0.038
tripe,-0.205,0.038,-0.123
triple,-0.026,-0.142,-0.009
triplet,0.151,-0.076,-0.017
triplicate,0.270,-0.093,-0.037
tripod,-0.113,-0.010,-0.094
tripping,-0.217,0.218,0.087
trite,-0.212,-0.035,0.080
tritium,-0.114,0.040,-0.004
triumph,0.684,-0.116,0.093
triumphant,0.726,-0.072,0.073
trivia,0.070,-0.145,0.104
trivial,-0.219,-0.017,0.006
troll,-0.125,0.168,0.130
trolley,0.032,-0.006,0.086
trombone,0.031,-0.045,0.030
troop,0.212,0.236,-0.125
trooper,0.226,0.173,-0.061
troops,0.267,0.246,-0.145
trophy,0.418,-0.217,0.171
tropic,0.159,-0.152,0.106
tropical,0.107,-0.200,0.087
tropics,-0.000,-0.258,0.112
trot,0.018,0.086,0.176
trouble,-0.068,0.476,0.028
troubled,-0.188,0.324,-0.011
troublemaker,0.141,0.453,0.037
troubles,-0.222,0.559,0.137
troublesome,0.011,0.424,0.177
trough,-0.208,-0.139,0.006
troupe,0.058,-0.153,-0.031
trousers,-0.069,-0.221,-0.002
trout,-0.192,-0.098,0.085
trowel,-0.235,-0.045,0.113
truce,0.031,-0.179,0.090
truck,-0.014,-0.111,-0.089
trucker,0.049,0.079,0.057
truckload,-0.009,-0.018,-0.060
truculent,-0.036,0.369,-0.011
true,0.367,-0.319,-0.036
truelove,0.290,-0.188,0.167
truffle,-0.056,-0.253,0.045
truism,-0.041,-0.070,-0.019
trump,0.461,0.065,-0.089
trumpet,-0.008,-0.009,0.147
trumpeter,0.261,-0.049,0.016
truncate,-0.104,0.193,0.031
truncated,-0.087,0.201,0.010
trundle,-0.169,-0.167,-0.063
trunk,-0.343,-0.068,-0.225
truss,0.052,-0.025,-0.047
trust,0.390,-0.238,0.045
trustee,0.102,-0.056,-0.125
trusting,0.362,-0.242,0.003
trustworthy,0.380,-0.453,-0.100
trusty,0.274,-0.324,-0.017
truth,0.321,-0.402,0.043
truthful,0.310,-0.160,-0.130
truthfulness,0.455,-0.257,0.015
try,0.117,-0.038,0.039
tryout,-0.022,0.055,0.021
tryouts,0.112,0.082,-0.014
tsunami,0.117,0.645,-0.104
tub,-0.322,-0.156,-0.007
tuba,-0.112,-0.103,0.049
tubby,-0.180,-0.007,0.024
tube,-0.212,-0.097,-0.097
tuberculosis,-0.188,0.217,-0.074
tubing,-0.199,-0.056,-0.006
tubular,-0.113,-0.067,-0.071
tubule,-0.202,-0.124,0.022
tuck,-0.180,0.072,0.018
tucker,-0.036,0.055,0.069
tuesday,-0.290,-0.203,-0.070
tufted,-0.063,0.003,0.070
tug,0.002,0.204,-0.069
tugboat,0.001,0.179,-0.209
tuition,-0.092,-0.113,-0.011
tulip,-0.138,-0.387,0.040
tumble,-0.250,0.191,0.081
tumbler,-0.212,-0.186,-0.019
tumbleweed,-0.160,0.113,-0.055
tummy,-0.296,-0.052,0.078
tumor,-0.247,0.393,0.020
tumour,-0.169,0.381,-0.101
tumult,0.051,0.268,-0.127
tumultuous,-0.022,0.299,-0.135
tun,-0.197,0.017,-0.008
tuna,-0.181,-0.109,0.088
tunable,-0.001,-0.097,-0.126
tune,0.040,-0.168,0.139
tunic,-0.184,-0.201,-0.047
tuning,0.154,-0.228,-0.048
tunnel,-0.162,0.125,-0.035
turban,-0.124,-0.059,-0.026
turbidity,-0.184,0.298,-0.019
turbine,0.088,0.023,-0.015
turbo,0.220,0.102,0.098
turbulence,0.007,0.609,-0.001
turbulent,0.122,0.349,-0.013
turd,-0.205,0.196,-0.033
turf,-0.280,-0.243,-0.012
turkey,-0.238,-0.283,0.099
turmeric,-0.203,-0.165,0.049
turmoil,-0.025,0.482,0.124
turn,-0.046,-0.093,-0.028
turnaround,0.036,0.059,0.177
turned,0.143,-0.064,0.026
turning,0.035,0.116,0.160
turnip,-0.299,-0.273,0.026
turnkey,-0.094,-0.107,0.001
turnoff,-0.190,0.170,0.062
turnout,0.450,0.047,-0.102
turnover,-0.048,-0.067,-0.072
turnpike,-0.080,-0.017,-0.029
turntable,-0.074,-0.057,0.055
turpentine,-0.020,0.160,-0.114
turquoise,-0.092,-0.402,0.086
turret,0.061,0.008,-0.063
turtle,-0.460,-0.133,-0.159
turtleneck,-0.133,-0.138,0.103
tussle,0.255,0.418,0.017
tutelage,-0.002,0.042,-0.158
tutor,0.287,-0.273,-0.189
tutoring,0.180,-0.177,-0.114
tutu,-0.259,-0.226,0.102
tux,-0.077,-0.117,-0.032
tuxedo,0.040,-0.240,0.000
tv,-0.074,-0.176,0.067
twain,-0.191,-0.204,-0.024
twat,-0.193,0.118,-0.056
twats,-0.090,0.124,0.084
tweak,-0.083,0.015,-0.016
tweed,-0.087,-0.052,0.033
tweet,0.101,-0.120,0.045
tweezers,-0.196,-0.067,0.088
twelfth,-0.069,-0.157,-0.122
twelve,-0.165,-0.136,-0.054
twentieth,-0.224,-0.124,-0.019
twenty,-0.244,-0.167,0.044
twerp,-0.157,0.022,0.005
twig,-0.353,-0.069,0.008
twilight,0.081,-0.192,-0.120
twill,-0.173,-0.028,0.031
twin,-0.006,-0.232,0.048
twine,-0.165,-0.105,0.057
twinge,-0.008,0.283,0.052
twinkle,0.296,0.001,0.151
twins,0.190,-0.202,0.039
twirl,0.030,0.060,0.168
twist,-0.195,0.062,0.036
twisted,-0.238,0.465,0.054
twister,0.108,0.253,-0.084
twit,-0.298,0.314,0.145
twitch,0.154,0.160,0.103
twitching,-0.021,0.288,0.022
twitchy,-0.161,0.572,0.185
two,-0.203,-0.225,-0.088
two step,-0.173,-0.196,0.058
twofaced,-0.083,0.159,0.091
twofold,-0.007,-0.166,-0.091
twosome,0.062,-0.030,0.064
tycoon,0.402,-0.050,-0.113
tyke,-0.198,-0.086,0.077
type,-0.202,-0.155,-0.024
typewriter,-0.099,-0.121,0.007
typhoid,-0.209,0.137,-0.067
typhoon,0.196,0.340,-0.059
typical,-0.127,-0.303,-0.045
typically,0.018,-0.132,-0.075
typist,0.074,0.005,0.037
typo,-0.355,0.131,-0.009
typography,-0.036,-0.097,-0.151
tyrannical,0.173,0.499,-0.122
tyranny,0.095,0.491,-0.167
tyrant,0.108,0.528,-0.119
tyre,-0.145,-0.087,-0.023
ubiquitous,0.379,-0.032,-0.161
ubiquity,0.103,-0.059,-0.033
ugliness,-0.415,0.220,-0.084
ugly,-0.282,0.320,0.081
uhoh,-0.188,0.205,0.129
ukulele,-0.159,-0.113,0.022
ulcer,-0.150,0.216,0.035
ulterior,-0.065,0.096,-0.048
ultimate,0.175,-0.005,0.120
ultimately,-0.025,0.072,-0.106
ultimatum,0.273,0.462,-0.173
ultimo,-0.273,-0.013,0.003
ultrasound,0.154,0.016,0.017
ultraviolet,0.152,-0.104,-0.098
umbilical,-0.217,0.002,0.015
umbra,-0.212,-0.009,0.014
umbrella,-0.257,-0.246,0.070
umpire,0.238,0.060,-0.116
umpteen,0.066,-0.030,-0.093
unabashed,-0.058,0.229,-0.029
unabated,-0.047,-0.080,-0.005
unable,-0.425,0.225,0.013
unacceptable,-0.316,0.244,-0.070
unaccompanied,-0.310,0.056,-0.027
unaccountable,-0.081,0.302,-0.128
unaccounted,-0.223,-0.052,-0.035
unacknowledged,-0.518,0.013,0.014
unadulterated,0.017,-0.105,-0.029
unaffected,-0.040,-0.189,-0.157
unafraid,0.122,0.020,-0.096
unaided,-0.266,0.083,-0.036
unaltered,-0.004,-0.206,-0.159
unambiguous,-0.043,-0.004,-0.159
unanimity,0.100,-0.048,-0.197
unanimous,0.152,-0.188,-0.116
unanimously,0.185,-0.239,-0.166
unannounced,-0.239,0.240,0.068
unanswered,-0.381,0.054,0.011
unanticipated,-0.116,0.359,0.152
unappreciated,-0.421,0.198,-0.008
unapproved,-0.349,0.198,0.003
unarmed,-0.262,-0.013,0.100
unassisted,-0.394,0.007,0.006
unassuming,-0.155,-0.180,-0.132
unattached,-0.340,0.172,-0.031
unattainable,-0.024,0.299,-0.109
unattended,-0.411,0.094,0.058
unattractive,-0.464,0.088,-0.058
unauthorized,-0.319,0.128,0.023
unavailable,-0.440,-0.037,0.031
unavoidable,-0.076,0.161,0.010
unaware,-0.352,0.103,-0.088
unbalanced,-0.166,0.203,0.066
unbearable,-0.083,0.474,0.020
unbeatable,0.353,-0.011,0.107
unbeaten,0.538,-0.063,0.085
unbecoming,-0.355,0.244,-0.050
unbelief,-0.145,0.223,-0.004
unbelievable,0.430,0.013,0.138
unbiased,0.089,-0.169,-0.088
unborn,-0.395,-0.014,-0.003
unbound,-0.277,0.029,0.026
unbounded,0.291,-0.027,-0.038
unbreakable,0.298,-0.049,-0.065
unbridled,0.034,0.251,0.127
unbroken,-0.033,-0.222,-0.197
unbutton,-0.129,0.034,0.142
uncalled,-0.377,-0.041,0.005
uncanny,-0.085,-0.007,0.012
uncaring,-0.412,0.050,-0.170
uncensured,0.047,0.148,0.045
uncertain,-0.311,0.085,0.166
uncertainty,-0.378,0.302,-0.061
unchallenged,0.008,-0.109,-0.064
unchangeable,0.061,0.059,-0.235
unchanged,-0.337,-0.208,0.015
uncharted,-0.263,0.157,-0.140
uncherished,-0.326,0.111,-0.016
uncivilized,-0.207,0.330,-0.052
unclaimed,-0.326,0.018,-0.019
uncle,0.015,-0.276,-0.114
unclean,-0.434,0.270,0.093
unclear,-0.368,0.158,0.056
uncomfortable,-0.310,0.289,0.108
uncommon,-0.146,-0.025,0.029
uncommonly,0.259,-0.086,-0.137
uncomplicated,-0.029,-0.341,0.016
uncompromising,0.007,0.156,-0.147
unconcerned,-0.219,-0.203,0.051
unconditional,0.282,-0.184,-0.027
unconfirmed,-0.285,-0.010,-0.066
unconnected,-0.475,0.052,-0.079
unconscionable,-0.141,0.290,-0.026
unconscious,-0.419,0.076,0.007
unconsciousness,-0.464,0.176,0.074
unconstitutional,-0.099,0.256,-0.075
unconstrained,0.241,-0.008,0.057
uncontested,0.128,-0.019,-0.141
uncontrollable,0.113,0.375,-0.041
uncontrolled,0.063,0.497,0.034
unconventional,-0.310,0.231,-0.003
unconvinced,-0.262,0.025,0.121
unconvincing,-0.397,0.231,0.115
uncooked,-0.367,0.002,-0.009
uncooperative,-0.346,0.116,0.013
uncorrelated,-0.299,-0.006,-0.047
uncouth,-0.193,0.477,0.045
uncover,0.267,-0.154,0.056
uncritical,-0.137,-0.081,-0.021
uncut,-0.224,-0.026,0.086
undead,-0.070,0.185,0.075
undecided,-0.409,0.093,0.118
undefeated,0.521,-0.053,0.073
undefined,-0.267,0.111,-0.056
undeniable,0.214,-0.044,-0.181
underage,-0.179,-0.013,0.102
underbelly,-0.184,0.009,0.009
undercover,-0.007,0.168,0.027
undercurrent,-0.018,0.161,-0.037
underdog,-0.366,0.107,0.020
underestimate,-0.283,0.025,0.150
undergo,-0.142,0.104,0.092
undergraduate,0.084,-0.057,-0.001
underground,-0.108,0.042,-0.041
underhanded,-0.177,0.168,-0.214
underlay,-0.085,-0.110,-0.034
underlie,-0.309,0.034,0.004
underline,-0.046,-0.046,-0.064
underlying,-0.071,-0.025,-0.006
undermine,-0.159,0.123,-0.033
undermined,-0.188,0.030,-0.041
underneath,-0.385,-0.140,0.084
underpaid,-0.429,0.184,-0.016
underpants,-0.201,0.009,0.115
underprivileged,-0.428,0.192,0.039
underrated,-0.257,0.218,-0.014
underscore,-0.310,-0.073,-0.049
undersea,-0.037,-0.043,0.068
undersecretary,-0.011,-0.051,-0.151
undersized,-0.274,0.073,0.010
understaffed,-0.345,0.208,-0.062
understand,0.173,-0.269,-0.043
understandable,0.120,-0.291,0.012
understanding,0.225,-0.391,-0.062
understatement,-0.105,0.096,-0.065
understood,0.246,-0.235,-0.026
understudy,-0.166,0.017,-0.057
undertake,0.428,-0.064,0.077
undertaker,0.106,0.239,-0.035
undertaking,0.239,-0.092,-0.039
undertow,-0.215,0.209,0.178
underwear,-0.014,-0.053,0.164
underwood,-0.010,-0.039,-0.028
underworld,0.005,0.360,-0.136
underwrite,-0.088,0.071,0.024
underwriter,0.039,-0.165,-0.143
undeserved,-0.272,0.230,0.044
undesirable,-0.266,0.323,0.089
undesired,-0.391,0.197,-0.014
undetectable,0.063,0.076,-0.080
undetected,-0.399,0.055,-0.079
undetermined,-0.340,-0.004,-0.144
undeveloped,-0.363,0.023,-0.023
undignified,-0.267,0.353,0.021
undirected,-0.262,0.058,0.004
undisclosed,-0.212,-0.089,0.042
undiscovered,-0.277,-0.071,0.052
undisputed,0.240,-0.038,-0.001
undisturbed,-0.038,-0.312,0.037
undivided,-0.060,-0.090,-0.054
undo,-0.203,0.053,0.009
undoing,-0.309,0.162,-0.021
undoubted,0.201,-0.083,-0.142
undress,0.041,0.313,0.301
undressed,-0.045,0.260,0.179
undue,-0.268,0.291,0.001
undying,0.301,-0.139,-0.088
unearned,-0.445,0.111,-0.044
unearth,0.061,0.148,0.008
uneasiness,-0.200,0.419,0.193
uneasy,-0.254,0.340,-0.027
uneducated,-0.416,0.119,-0.061
unemployed,-0.407,0.269,-0.018
unemployment,-0.397,0.216,-0.109
unencumbered,-0.074,-0.228,-0.051
unending,-0.082,0.094,-0.013
unequal,-0.438,0.217,-0.014
unequalled,0.211,-0.054,-0.172
unequivocal,0.094,-0.129,-0.076
unequivocally,0.130,0.103,0.065
unethical,-0.396,0.230,-0.067
uneven,-0.396,0.231,-0.024
uneventful,-0.135,-0.119,-0.019
unexpected,-0.016,0.144,0.235
unexpectedly,0.023,0.282,0.098
unexplainable,-0.065,0.143,-0.219
unexplained,-0.209,0.181,0.012
unexplored,-0.064,0.163,0.106
unfailing,0.195,0.007,0.069
unfair,-0.401,0.204,0.042
unfairness,-0.132,0.450,0.128
unfaithful,-0.234,0.542,0.082
unfamiliar,-0.277,0.234,0.054
unfavorable,-0.401,0.220,-0.018
unfeeling,-0.303,0.100,-0.087
unfettered,0.168,0.057,0.056
unfinished,-0.389,0.125,-0.058
unfit,-0.416,0.076,0.026
unflinching,0.410,-0.031,-0.125
unfold,0.075,-0.073,0.045
unfollow,-0.337,0.037,-0.051
unforeseen,-0.020,0.325,-0.000
unforgettable,0.311,-0.192,0.082
unforgivable,-0.003,0.329,0.032
unforgiving,0.227,0.170,-0.176
unfortunate,-0.440,0.287,-0.001
unfortunately,-0.359,0.273,-0.042
unfounded,-0.170,0.176,-0.036
unfreeze,-0.208,-0.115,-0.045
unfriendly,-0.112,0.352,-0.035
unfulfilled,-0.361,0.168,-0.032
unfurnished,-0.337,0.008,-0.022
unglued,-0.194,0.045,0.014
ungodly,-0.220,0.090,-0.062
ungrateful,-0.321,0.167,-0.001
unguarded,-0.348,0.290,0.081
unhand,-0.214,-0.034,-0.025
unhappiness,-0.347,0.379,0.063
unhappy,-0.443,0.266,0.052
unharmed,0.055,-0.258,0.055
unhealthy,-0.375,0.300,0.040
unheard,-0.059,0.140,-0.053
unhelpful,-0.560,0.146,-0.024
unhindered,0.249,-0.197,-0.078
unholy,-0.097,0.164,-0.012
unhook,-0.156,0.146,0.121
unicorn,0.128,-0.194,0.151
unidentified,-0.342,-0.025,0.077
unification,0.228,-0.230,-0.193
unified,0.276,-0.196,-0.105
uniform,0.025,-0.220,-0.212
uniformed,0.058,0.039,-0.066
uniformity,0.079,-0.277,0.011
uniformly,0.130,-0.197,-0.172
unimaginable,0.165,0.043,0.047
unimpeachable,0.321,-0.086,-0.080
unimpeached,-0.148,-0.086,-0.064
unimportant,-0.469,-0.035,-0.022
unimpressed,-0.370,0.075,-0.133
unimproved,-0.484,0.144,0.017
uninfected,-0.080,-0.276,0.060
uninformed,-0.464,0.146,-0.016
uninhabited,-0.430,-0.054,-0.050
uninitiated,-0.369,0.011,-0.079
uninspired,-0.464,0.056,-0.136
unintelligible,-0.316,0.183,-0.005
unintended,-0.195,-0.041,0.012
unintentional,-0.206,0.139,0.075
unintentionally,-0.180,0.013,0.123
uninterested,-0.316,-0.089,-0.088
uninteresting,-0.496,0.057,-0.123
uninterrupted,-0.012,-0.044,-0.054
uninvited,-0.399,0.209,-0.126
union,0.238,-0.433,-0.163
unique,0.204,-0.332,-0.040
unisex,-0.104,-0.055,0.008
unison,0.036,-0.046,-0.086
unit,-0.039,-0.224,-0.168
unitary,-0.007,-0.196,-0.224
unite,0.160,-0.285,-0.009
united,0.312,-0.239,-0.098
unity,0.181,-0.383,-0.063
universal,0.352,-0.261,-0.130
universality,0.350,-0.262,-0.142
universe,0.320,-0.157,-0.166
university,0.327,-0.109,-0.013
unjust,-0.293,0.355,0.037
unjustifiable,-0.223,0.340,-0.059
unjustified,-0.221,0.174,0.049
unkind,-0.363,0.193,-0.093
unknowable,-0.132,0.134,0.020
unknown,-0.309,0.056,0.108
unlawful,-0.149,0.468,0.015
unleash,0.164,0.207,0.099
unlicensed,-0.281,0.178,0.157
unlike,-0.119,-0.001,-0.006
unlikely,-0.398,0.012,-0.047
unlimited,0.313,-0.088,0.063
unlisted,-0.384,-0.076,0.002
unload,0.197,-0.014,0.100
unloaded,-0.195,-0.067,0.036
unlock,0.080,-0.095,-0.056
unlucky,-0.481,0.224,-0.053
unmanageable,-0.095,0.347,-0.051
unmanned,-0.288,0.144,-0.038
unmarked,-0.189,-0.084,-0.106
unmarried,-0.008,0.033,-0.071
unmask,0.017,0.260,0.005
unmatched,0.351,-0.163,-0.035
unmistakable,0.276,-0.013,-0.095
unmitigated,-0.017,-0.161,0.085
unmoved,-0.328,0.123,-0.134
unnamed,-0.397,-0.090,-0.109
unnatural,-0.179,0.308,-0.073
unnecessary,-0.432,0.092,0.002
unneeded,-0.405,0.137,-0.047
unnoticed,-0.301,0.092,0.038
unnumbered,-0.286,-0.108,-0.062
unobserved,-0.344,-0.105,-0.015
unobstructed,0.065,-0.098,-0.043
unobtrusive,-0.180,-0.085,-0.052
unoccupied,-0.306,-0.004,-0.194
unofficial,-0.392,0.027,-0.054
unopened,-0.226,-0.151,0.095
unopposed,0.024,-0.168,-0.039
unordered,-0.370,0.174,0.072
unorganised,-0.333,0.169,0.079
unorganized,-0.281,0.268,0.196
unorthodox,-0.132,0.099,-0.047
unpack,-0.011,-0.005,0.068
unpaid,-0.239,0.079,-0.050
unparalleled,0.038,-0.282,-0.032
unpleasant,-0.363,0.337,0.097
unpleasantness,-0.282,0.461,0.075
unplug,-0.228,0.144,-0.091
unplugged,-0.258,0.002,-0.006
unpopular,-0.484,0.254,-0.005
unprecedented,0.110,0.001,-0.114
unpredictable,0.104,0.237,0.102
unprepared,-0.423,0.165,0.071
unpretentious,-0.158,-0.152,-0.044
unproductive,-0.474,0.157,-0.106
unprofessional,-0.529,0.228,-0.062
unprofitable,-0.432,0.146,-0.034
unprotected,-0.354,0.297,0.086
unproven,-0.342,0.085,0.058
unprovoked,-0.134,-0.171,0.016
unpublished,-0.070,0.053,-0.043
unpunished,-0.045,0.216,-0.061
unqualified,-0.433,0.179,0.031
unquestionable,0.209,0.003,-0.278
unquestionably,0.243,0.100,-0.101
unquestioned,0.213,-0.028,-0.135
unquote,-0.109,-0.013,-0.140
unravel,-0.047,0.154,0.026
unreachable,-0.019,0.337,-0.081
unread,-0.352,-0.161,0.035
unreal,-0.344,0.180,-0.053
unrealistic,-0.320,0.185,0.046
unreasonable,-0.266,0.408,0.089
unrecorded,-0.309,0.078,-0.102
unregistered,-0.369,0.055,-0.045
unregulated,-0.157,0.078,-0.045
unrelated,-0.379,-0.025,-0.057
unrelenting,0.410,0.216,-0.100
unreliable,-0.393,0.259,-0.019
unremarkable,-0.474,-0.084,-0.111
unrepentant,-0.219,0.147,-0.094
unrequited,-0.438,0.204,0.018
unresolved,-0.447,0.209,0.019
unresponsive,-0.485,0.122,-0.130
unrest,-0.356,0.329,0.037
unrestrained,0.166,0.278,0.008
unrestricted,0.183,-0.166,-0.027
unromantic,-0.373,0.076,-0.107
unruly,0.022,0.359,-0.023
unsafe,-0.418,0.306,0.093
unsanitary,-0.341,0.370,0.000
unsatisfactory,-0.404,0.274,0.044
unsatisfied,-0.314,0.238,0.061
unsavory,-0.255,0.398,-0.029
unscathed,0.051,-0.218,-0.121
unscheduled,-0.269,0.083,0.013
unscientific,-0.269,-0.058,-0.026
unscrew,-0.177,0.090,-0.029
unscrupulous,-0.119,0.449,-0.046
unseat,-0.271,0.188,0.000
unseen,-0.165,-0.053,-0.062
unselfish,-0.102,-0.190,0.060
unsettled,-0.314,0.298,0.168
unsightly,-0.200,0.233,-0.011
unsolicited,-0.438,0.173,-0.130
unsolved,-0.421,0.169,-0.047
unsophisticated,-0.207,0.112,0.023
unsound,-0.474,0.055,-0.164
unspeakable,-0.132,0.167,0.028
unspecified,-0.437,0.081,0.033
unspoken,-0.487,0.056,-0.084
unstable,-0.378,0.286,0.129
unsteady,-0.413,0.260,0.033
unstoppable,0.509,0.192,0.021
unsuccessful,-0.551,0.118,0.000
unsuitable,-0.287,0.236,0.004
unsung,-0.318,0.023,-0.062
unsupervised,-0.062,0.000,0.019
unsupported,-0.345,0.127,0.050
unsure,-0.344,0.301,0.068
unsurpassed,0.345,-0.080,-0.075
unsuspecting,-0.157,0.146,-0.030
unsustainable,-0.118,0.277,0.029
unsweetened,-0.310,-0.097,-0.041
unsympathetic,-0.269,0.317,0.055
untamed,0.249,0.252,-0.026
untenable,-0.167,0.349,-0.044
untested,-0.306,-0.004,-0.101
unthinkable,-0.091,0.083,-0.062
untidy,-0.322,0.350,0.041
untie,-0.017,-0.057,0.019
untimely,-0.236,0.294,0.158
untitled,-0.455,0.017,-0.100
untold,-0.417,0.083,0.016
untouchable,0.176,0.085,-0.075
untouched,-0.019,-0.172,-0.176
untoward,-0.313,0.302,-0.007
untraceable,0.047,0.253,-0.042
untrained,-0.319,0.265,-0.002
untranslated,-0.434,-0.059,-0.117
untroubled,0.098,-0.372,-0.142
untrue,-0.459,0.326,-0.009
untrustworthy,-0.379,0.247,-0.074
unturned,-0.344,-0.041,-0.097
unused,-0.399,-0.084,-0.038
unusual,-0.168,-0.001,0.025
unusually,-0.205,0.012,-0.008
unutterable,0.025,0.133,-0.021
unveil,-0.013,0.007,-0.103
unveiling,0.194,0.006,-0.049
unverified,-0.439,0.100,0.010
unwanted,-0.352,0.253,0.074
unwarranted,-0.316,0.289,-0.089
unwary,-0.217,0.093,-0.080
unwashed,-0.204,0.041,-0.008
unwavering,0.441,-0.069,-0.061
unwed,0.036,0.034,0.100
unwelcome,-0.369,0.255,-0.036
unwell,-0.313,0.343,0.098
unwilling,-0.419,0.003,0.026
unwillingly,-0.355,0.234,0.104
unwillingness,-0.518,0.067,0.022
unwind,-0.061,-0.468,0.060
unwise,-0.268,0.327,0.023
unwitting,-0.220,0.185,0.007
unwittingly,-0.260,0.133,0.078
unworthy,-0.383,0.164,0.006
unwrap,0.089,-0.079,0.006
unwritten,-0.287,0.007,0.030
unyielding,0.252,0.317,-0.061
unzip,-0.024,0.104,-0.073
upbeat,0.421,-0.239,-0.010
upbringing,0.156,-0.131,0.010
upcoming,0.111,-0.161,0.034
update,0.334,-0.106,-0.094
upgrade,0.265,-0.200,0.020
upheaval,0.104,0.382,0.031
uphill,0.107,0.232,0.022
uphold,0.057,-0.264,-0.045
upholstery,-0.147,-0.230,-0.003
upkeep,0.151,-0.097,-0.116
upland,0.224,-0.100,0.074
uplands,0.099,-0.100,-0.014
uplift,0.407,0.091,0.040
uplifting,0.234,-0.158,0.084
uplink,0.095,-0.021,-0.039
upload,0.298,0.035,0.031
upper,0.400,-0.138,-0.123
uppercut,0.039,0.136,-0.023
uppity,-0.056,0.053,0.066
upright,0.095,-0.204,-0.058
uprising,0.310,0.156,0.040
uproar,0.050,0.441,0.136
upscale,0.361,-0.110,-0.129
upset,-0.251,0.427,0.010
upshot,0.248,-0.137,-0.062
upstairs,0.142,-0.175,-0.072
upstanding,0.273,-0.321,-0.035
upstart,-0.058,0.035,0.007
uptight,-0.175,0.370,0.082
upward,0.223,-0.219,0.047
upwards,0.182,-0.198,-0.021
uranium,-0.031,0.145,-0.009
urban,0.148,-0.019,-0.055
urchin,-0.129,0.062,0.053
urge,0.156,0.190,-0.046
urgency,0.191,0.334,0.159
urgent,0.202,0.418,0.060
urinal,-0.278,0.206,0.002
urinalysis,-0.136,0.131,0.013
urinate,-0.176,0.095,0.034
urination,-0.336,0.114,0.043
urine,-0.368,-0.020,0.093
urn,-0.291,0.226,0.006
usable,0.214,-0.252,0.048
usage,-0.048,-0.205,0.045
use,-0.165,-0.057,-0.044
used,-0.320,-0.037,-0.029
useful,0.287,-0.293,-0.045
usefully,0.254,-0.110,-0.118
usefulness,0.336,-0.198,-0.009
useless,-0.527,0.202,-0.083
user,-0.051,-0.201,0.018
usher,-0.005,-0.056,-0.036
usual,-0.144,-0.287,-0.023
usurp,-0.083,0.488,0.040
usurped,-0.015,0.341,0.096
usury,-0.043,0.233,0.071
utensil,-0.154,-0.210,-0.005
uterus,-0.006,-0.092,-0.026
utilitarian,-0.001,-0.036,-0.205
utility,0.161,-0.148,-0.137
utilization,0.165,-0.057,-0.129
utilize,0.103,-0.176,0.032
utmost,0.483,0.022,-0.011
utopian,-0.024,-0.147,-0.110
utter,0.014,-0.074,-0.061
utterance,0.235,0.075,-0.044
utterly,0.163,-0.130,-0.088
vacancy,-0.079,-0.237,0.022
vacant,-0.121,-0.251,-0.090
vacate,-0.151,0.092,-0.003
vacation,0.235,-0.249,0.090
vaccination,0.140,0.037,-0.026
vaccine,0.049,0.016,-0.027
vacuolar,-0.137,-0.048,-0.058
vacuole,-0.064,-0.058,-0.043
vacuous,-0.326,-0.063,-0.062
vacuum,-0.496,-0.100,0.004
vagabond,-0.301,0.090,0.207
vagina,0.202,0.218,0.226
vaginal,0.043,0.216,0.175
vagrancy,-0.269,0.240,0.056
vagrant,-0.275,0.192,0.086
vague,-0.495,0.034,0.088
vagueness,-0.460,0.120,-0.071
vainly,-0.411,-0.066,0.045
valance,-0.234,-0.098,-0.064
vale,-0.143,-0.226,-0.000
valedictorian,0.063,-0.003,-0.070
valentine,0.255,-0.201,0.241
valet,-0.058,-0.167,0.090
valiant,0.599,-0.089,0.037
valid,0.073,-0.238,-0.032
validate,0.274,-0.225,-0.082
validation,0.217,-0.130,-0.099
validity,0.207,-0.117,-0.088
valium,-0.130,-0.014,-0.055
valley,-0.061,-0.304,0.082
valor,0.328,-0.270,-0.053
valuable,0.437,-0.243,0.011
valuables,0.391,-0.113,0.029
valuation,0.261,-0.084,-0.159
value,0.444,-0.202,0.016
valve,-0.175,0.032,-0.139
vamoose,-0.122,-0.006,0.032
vamp,0.094,0.343,0.024
vampire,0.063,0.376,0.024
van,-0.082,-0.131,0.014
vandal,-0.062,0.464,0.003
vandalism,-0.008,0.580,0.015
vane,-0.270,-0.207,0.095
vanguard,0.366,-0.031,-0.024
vanilla,-0.190,-0.354,0.093
vanish,-0.252,0.171,-0.032
vanished,-0.291,0.246,0.065
vanishing,-0.209,0.177,0.051
vanity,-0.145,0.199,-0.051
vanquish,0.448,0.042,0.032
vanquished,-0.223,0.009,0.237
vanquishing,0.359,0.110,0.001
vantage,0.391,-0.070,-0.012
vapor,-0.195,-0.113,0.053
vara,-0.152,-0.112,-0.032
variable,-0.057,-0.155,0.076
variance,-0.019,-0.094,-0.039
variation,0.028,-0.060,0.163
variations,-0.104,0.057,0.107
varicella,-0.248,0.285,0.028
varicose,-0.246,0.160,-0.056
varied,0.127,0.062,0.179
variegated,-0.096,0.104,0.043
variety,0.164,-0.170,0.020
various,-0.212,-0.147,-0.002
varmint,-0.106,0.056,0.022
varnish,-0.197,-0.070,-0.009
varsity,0.272,-0.080,0.035
vary,-0.113,-0.106,0.001
varying,-0.071,-0.063,0.088
vascular,0.076,-0.040,-0.106
vase,-0.269,-0.302,0.113
vasectomy,-0.118,0.321,-0.003
vassal,-0.250,0.064,0.183
vast,0.059,0.012,-0.002
vat,-0.081,0.115,-0.091
vaudeville,-0.039,-0.014,-0.001
vault,0.041,-0.071,-0.170
vaulted,-0.030,0.034,-0.090
vaulting,-0.065,-0.128,-0.105
veal,-0.174,-0.071,-0.056
vector,-0.086,-0.161,-0.074
veer,-0.166,-0.033,0.059
vega,-0.123,-0.125,-0.041
vegan,-0.239,-0.188,-0.056
vegetable,-0.309,-0.308,-0.037
vegetarian,-0.154,-0.218,-0.040
vegetarianism,-0.173,-0.170,-0.057
vegetation,-0.035,-0.396,-0.061
vegetative,-0.218,-0.165,-0.023
veggie,-0.137,-0.253,-0.027
vehement,0.054,0.003,-0.052
vehicle,0.101,-0.057,0.103
veil,-0.188,-0.186,-0.086
veiled,-0.280,-0.040,-0.041
vein,-0.269,0.015,-0.017
veined,-0.175,-0.028,0.113
vellum,-0.202,-0.112,0.041
velocity,0.419,0.072,0.035
velour,-0.079,-0.270,0.029
velvet,-0.192,-0.315,0.064
velvety,0.008,-0.236,0.004
vena,-0.201,-0.134,0.006
vendetta,0.045,0.418,-0.047
vending,0.025,0.107,-0.038
vendor,0.132,0.004,-0.045
veneer,-0.270,-0.164,0.013
venerable,0.113,-0.236,-0.041
veneration,0.347,-0.065,0.053
venereal,-0.080,0.246,0.042
venetian,-0.021,-0.185,0.019
vengeance,0.165,0.591,-0.108
vengeful,0.032,0.490,-0.024
venison,-0.180,-0.070,0.103
venom,-0.064,0.457,-0.026
venomous,0.091,0.488,-0.071
venous,-0.047,0.115,0.026
vent,0.020,0.030,-0.020
ventilation,0.135,-0.189,0.031
ventilator,-0.198,-0.087,0.014
venting,-0.175,0.010,-0.064
ventricle,-0.070,-0.094,-0.027
ventricular,-0.025,0.076,0.015
ventriloquist,0.092,0.032,0.062
venture,0.448,-0.065,0.258
venue,-0.051,-0.295,0.081
veracity,0.440,-0.003,0.029
veranda,0.002,-0.287,0.073
verb,-0.111,-0.193,-0.004
verbal,-0.045,-0.156,-0.147
verbatim,-0.033,-0.210,-0.155
verbiage,0.019,0.094,-0.025
verbose,0.058,0.036,-0.133
verbosity,-0.139,0.136,-0.067
verdant,-0.145,-0.242,-0.006
verdict,0.220,0.270,-0.187
verge,-0.219,-0.121,0.046
verification,0.120,-0.329,-0.100
verified,0.204,-0.287,-0.060
verify,0.268,-0.193,-0.026
verily,0.096,-0.253,-0.038
veritable,0.253,-0.319,-0.130
vermin,-0.148,0.382,0.036
vermouth,-0.062,-0.019,0.042
vernacular,0.050,-0.012,-0.115
vernal,-0.056,-0.108,0.006
veronica,-0.072,-0.142,0.058
versatile,0.417,-0.198,0.115
versatility,0.410,-0.204,0.055
verse,-0.146,-0.287,0.067
version,0.042,-0.127,-0.018
versus,-0.133,0.135,-0.054
vert,-0.113,-0.082,-0.027
vertebra,-0.095,-0.063,-0.149
vertebral,-0.109,0.095,-0.145
vertex,-0.093,0.140,-0.076
vertical,-0.050,-0.093,-0.046
vertically,-0.006,-0.102,-0.077
vertigo,-0.069,0.255,0.023
verve,0.414,0.081,0.160
very negative,-0.463,0.316,0.045
very positive,0.508,-0.313,0.043
veryangry,0.034,0.277,0.014
vesicle,-0.154,0.103,0.021
vesicular,-0.183,0.165,-0.158
vessel,-0.026,-0.061,-0.086
vest,-0.068,-0.209,0.103
vested,0.148,-0.170,-0.070
vestibule,-0.091,-0.112,0.011
vestige,-0.017,-0.067,0.045
vet,0.072,-0.085,-0.139
veteran,0.184,-0.080,-0.187
veterinarian,0.032,-0.114,-0.034
veterinary,0.128,-0.143,-0.023
veto,-0.126,0.140,-0.136
vexed,-0.110,0.483,0.041
viability,0.270,-0.192,0.005
viable,0.112,-0.230,-0.138
viaduct,0.049,0.024,-0.182
vial,-0.067,-0.176,-0.001
vibe,0.107,-0.165,0.078
vibes,0.210,0.035,0.116
vibrant,0.494,0.039,0.112
vibrate,0.170,0.141,0.036
vibration,0.137,0.049,0.106
vibrator,0.132,0.221,0.152
vibratory,0.131,0.102,0.105
vicar,-0.007,-0.110,-0.094
vicarious,-0.021,-0.017,-0.048
vice,0.017,0.338,0.068
viceroy,0.165,-0.034,-0.137
vicinity,0.005,-0.247,0.039
vicious,-0.120,0.341,0.030
victim,-0.323,0.387,0.117
victimized,-0.287,0.368,0.051
victor,0.406,-0.146,-0.012
victoria,0.590,-0.058,0.127
victorious,0.698,0.007,0.087
victory,0.642,-0.136,0.041
video,0.057,-0.056,0.162
video game,0.167,0.029,0.303
videotape,-0.077,-0.232,0.073
vie,-0.012,0.005,-0.012
view,0.137,-0.427,0.038
viewer,0.020,-0.162,-0.073
viewing,0.115,-0.206,-0.034
viewpoint,0.098,-0.253,-0.122
vigil,-0.006,-0.029,0.005
vigilance,0.212,0.096,-0.096
vigilant,0.263,0.133,-0.137
vigilante,0.179,0.156,-0.121
vignette,-0.081,-0.312,0.067
vigor,0.526,-0.071,0.097
vigorous,0.594,-0.055,0.045
viking,0.218,0.151,0.086
vile,-0.152,0.330,-0.216
villa,-0.114,-0.295,0.087
village,-0.091,-0.232,0.129
villager,0.057,-0.229,0.033
villain,0.091,0.508,-0.003
villainous,-0.048,0.506,0.025
vinaigrette,-0.252,-0.149,0.016
vindicate,0.317,-0.035,-0.057
vindicated,0.126,-0.092,-0.031
vindication,0.269,0.080,-0.095
vindictive,-0.046,0.523,-0.015
vine,-0.153,-0.170,-0.033
vinegar,-0.278,0.066,-0.079
vineyard,0.165,-0.299,0.017
vintage,0.023,-0.207,0.039
vinyl,-0.172,-0.174,-0.104
viola,-0.022,-0.043,0.002
violate,0.020,0.642,0.033
violation,-0.083,0.568,0.074
violence,0.147,0.625,-0.125
violent,0.090,0.574,-0.037
violently,0.055,0.600,0.056
violet,-0.087,-0.297,0.034
violin,0.031,-0.310,0.174
violinist,0.084,-0.355,0.011
viper,0.098,0.481,-0.059
viral,-0.063,0.266,-0.076
virgin,0.001,-0.136,0.048
virginal,0.097,-0.074,0.150
virginity,0.234,-0.014,0.135
virility,0.331,-0.007,0.031
virology,0.037,0.110,-0.044
virtual,0.037,-0.050,0.090
virtually,0.147,-0.048,-0.030
virtue,0.406,-0.312,-0.067
virtuoso,0.520,-0.232,0.005
virtuous,0.441,-0.248,-0.019
virulence,-0.231,0.314,-0.133
virus,-0.038,0.324,0.064
visa,0.169,-0.255,-0.070
visage,0.020,-0.241,0.032
viscosity,-0.065,0.073,0.004
viscous,-0.166,-0.002,-0.043
vise,-0.071,-0.101,-0.010
visibility,0.225,-0.212,-0.032
visible,0.055,-0.289,0.027
visibly,0.117,-0.246,-0.025
vision,0.253,-0.177,-0.096
visionary,0.402,-0.176,-0.010
visit,0.068,-0.238,0.137
visitation,0.065,-0.270,0.002
visiting,0.099,-0.206,0.064
visitor,0.035,-0.121,0.086
visor,-0.227,0.058,0.107
vista,0.010,-0.221,0.069
visual,0.110,-0.254,0.155
visualize,0.061,-0.144,0.002
vital,0.479,-0.017,-0.002
vitality,0.509,-0.245,-0.016
vitals,0.367,-0.063,-0.051
vitamin,0.125,-0.351,0.022
vitreous,-0.211,0.072,-0.066
viva,0.305,-0.194,0.100
vivacious,0.479,0.029,0.131
vivid,0.280,-0.049,0.049
vixen,-0.074,0.172,0.058
vocabulary,-0.045,-0.192,-0.182
vocal,-0.145,-0.169,0.069
vocalist,0.209,-0.066,0.076
vocation,0.265,-0.284,-0.009
vodka,0.061,0.083,0.083
vogue,0.143,-0.178,0.084
voice,-0.008,-0.175,-0.060
voiceless,-0.508,-0.033,0.000
voicemail,-0.112,-0.006,0.019
void,-0.611,0.016,-0.103
volatile,0.095,0.328,0.027
volatility,0.051,0.336,-0.002
volcanic,0.321,0.407,-0.045
volcano,0.243,0.437,-0.134
volition,0.088,0.078,-0.016
volley,-0.123,-0.056,0.105
volleyball,0.135,0.035,0.205
voltage,0.198,0.335,0.054
voltmeter,0.128,-0.004,0.069
volume,0.054,-0.043,-0.012
volumes,0.017,-0.070,-0.015
voluminous,0.121,-0.072,-0.107
voluntarily,0.173,-0.277,0.126
voluntary,0.219,-0.217,0.009
volunteer,0.225,-0.330,0.077
volunteering,0.300,-0.166,0.156
volunteers,0.228,-0.262,0.035
voluptuous,0.402,0.038,0.001
vomit,-0.406,0.343,0.048
vomiting,-0.286,0.427,0.224
voodoo,-0.142,0.293,-0.062
voracious,0.270,0.362,0.025
vortex,0.119,0.203,-0.010
vote,0.149,-0.053,-0.063
voter,0.258,-0.044,-0.101
voting,0.300,-0.001,-0.074
votive,-0.064,-0.014,0.001
vouch,0.201,-0.137,-0.155
voucher,0.094,-0.142,-0.057
vow,0.153,-0.029,-0.079
vowel,-0.246,-0.150,0.007
voyage,0.317,-0.078,0.213
voyager,0.229,-0.061,0.053
voyeur,0.020,0.093,0.076
vulgar,-0.095,0.520,0.013
vulgarity,-0.132,0.535,0.118
vulnerability,-0.288,0.178,0.047
vulnerable,-0.340,0.201,0.026
vulture,-0.062,0.204,-0.012
wacko,-0.202,0.209,0.048
wacky,-0.197,0.395,0.077
wad,-0.345,-0.015,-0.013
waddle,-0.109,-0.030,0.047
wade,0.059,0.099,0.109
wafer,-0.114,-0.233,0.137
waffle,-0.072,-0.231,0.161
wag,-0.045,0.030,-0.017
wage,0.105,-0.109,0.009
wager,0.224,0.238,0.083
wages,0.196,-0.236,0.017
wagon,-0.043,-0.021,-0.008
wail,-0.011,0.209,0.157
waist,-0.112,-0.073,0.094
waistcoat,-0.146,-0.159,-0.001
waistline,-0.140,-0.108,0.108
wait,-0.467,-0.040,-0.151
waiter,-0.264,-0.117,0.013
waiting,-0.328,0.071,-0.097
waitinggame,0.007,-0.045,0.141
waitress,-0.020,-0.091,0.189
waive,-0.220,0.195,0.055
waiver,-0.082,0.159,0.109
wake,0.094,-0.165,0.071
walk,-0.007,-0.166,0.055
walker,0.039,-0.042,0.002
walking,0.297,-0.152,-0.105
walkout,0.012,0.391,0.143
wall,-0.154,-0.112,-0.182
wallaby,-0.122,-0.125,0.023
wallet,0.057,-0.177,0.049
wallflower,-0.128,-0.267,0.079
wallop,0.186,0.338,-0.058
wallow,0.067,0.415,0.110
wallpaper,-0.209,-0.359,0.037
walnut,-0.178,-0.283,0.151
walrus,-0.173,-0.140,0.012
waltz,-0.043,-0.265,0.207
wan,-0.216,0.046,0.052
wand,-0.198,-0.161,0.051
wander,-0.199,-0.012,0.037
wanderer,-0.087,0.039,0.062
wandering,-0.206,0.102,-0.002
wane,-0.493,0.141,0.074
waning,-0.287,-0.033,-0.013
wanker,-0.111,0.197,-0.025
wannabe,-0.045,-0.048,0.187
wannasleep,-0.142,-0.199,0.064
want,0.224,-0.022,0.092
wanting,0.165,-0.230,0.024
wanton,0.078,0.218,0.095
war,0.113,0.626,-0.171
warbler,-0.219,-0.098,0.038
warcrimes,-0.004,0.586,-0.091
ward,-0.311,-0.157,0.021
warden,0.406,0.021,-0.150
wardrobe,-0.058,-0.081,0.172
ware,-0.008,-0.116,0.050
warehouse,0.006,-0.255,0.069
warfare,0.215,0.597,-0.237
warhead,0.008,0.381,-0.020
warlike,0.301,0.347,-0.067
warlock,0.048,0.183,-0.166
warlord,0.179,0.457,-0.191
warm,0.101,-0.314,-0.037
warming,0.170,0.030,0.065
warms,0.180,-0.007,-0.002
warmth,0.170,-0.402,0.005
warn,0.081,0.155,0.002
warned,-0.015,0.217,-0.070
warning,0.089,0.390,-0.069
warp,-0.209,0.050,-0.032
warpath,0.011,0.283,-0.044
warped,-0.204,0.307,0.090
warrant,0.246,-0.168,-0.190
warranted,0.180,-0.238,-0.101
warrants,0.274,-0.076,-0.270
warranty,0.118,-0.139,0.017
warren,-0.034,0.107,0.023
warrior,0.453,0.298,-0.108
warship,0.364,0.436,-0.155
wart,-0.511,0.162,-0.098
wartime,0.161,0.583,-0.122
wary,-0.045,-0.114,-0.105
wash,-0.139,-0.191,0.137
washed,-0.146,-0.163,-0.007
washer,-0.104,-0.150,0.078
washing,-0.050,-0.179,0.079
washout,-0.232,-0.055,-0.086
washroom,-0.104,-0.096,-0.037
wasp,-0.066,0.158,0.078
waste,-0.453,0.325,0.004
wastebasket,-0.398,-0.029,-0.109
wasted,-0.302,0.255,0.049
wasteful,-0.119,0.391,0.032
wasteland,-0.238,-0.039,-0.094
wasting,-0.475,0.255,-0.058
watch,-0.114,-0.132,-0.016
watchdog,0.271,0.198,0.082
watcher,0.130,-0.104,-0.163
watchful,0.065,0.083,-0.180
watchman,0.250,0.013,-0.220
watchout,-0.070,0.094,-0.002
watchtower,0.066,-0.052,-0.147
water,-0.076,-0.488,-0.007
water polo,0.199,-0.017,0.159
waterbed,-0.093,-0.253,0.183
watercourse,-0.005,-0.228,0.030
watered,-0.132,-0.233,0.025
waterfall,0.077,-0.136,0.032
waterfront,0.040,-0.310,-0.058
watering can,-0.165,-0.220,0.052
watermelon,-0.211,-0.352,0.135
waterproof,0.135,-0.253,0.061
waterworks,0.044,-0.011,-0.043
watery,-0.235,0.060,0.059
wave,0.049,-0.095,0.060
wavelength,0.036,-0.114,0.007
waver,-0.152,0.133,0.204
wavering,-0.180,0.037,-0.018
waves,0.063,-0.124,0.046
wavy,-0.206,-0.170,-0.001
wax,-0.292,-0.138,-0.038
waxed,-0.105,-0.104,0.017
waxy,-0.307,-0.117,-0.051
way,-0.175,-0.144,-0.077
ways,0.068,-0.098,0.174
wayward,-0.109,0.159,0.028
weak,-0.612,0.034,0.019
weaken,-0.513,0.097,-0.131
weakened,-0.452,-0.061,0.114
weakling,-0.550,0.062,0.026
weakly,-0.513,-0.019,0.025
weakness,-0.539,0.192,-0.009
wealth,0.502,-0.149,-0.001
wealthy,0.506,-0.248,-0.009
weapon,0.180,0.571,-0.256
weaponry,0.290,0.453,-0.204
wear,-0.333,0.036,0.008
wearer,-0.068,-0.083,-0.116
wearily,-0.458,-0.038,0.057
weariness,-0.475,0.160,-0.092
wearing,0.054,-0.093,0.108
weary,-0.473,0.058,-0.060
weasel,-0.251,-0.066,-0.031
weather,0.129,-0.248,0.024
weathered,-0.016,0.052,-0.068
weatherman,0.141,-0.170,-0.069
weatherproof,-0.016,-0.134,-0.101
weave,-0.298,-0.251,0.148
web,0.012,-0.121,-0.022
website,0.048,-0.122,0.006
wed,0.037,-0.044,0.112
wedded,0.106,-0.255,0.070
wedding,0.434,-0.057,0.246
wedge,-0.266,-0.147,0.034
wedlock,0.374,-0.062,0.033
wee,-0.076,-0.159,0.179
weed,-0.217,-0.118,-0.038
weeding,-0.041,0.048,0.027
weeds,-0.199,0.157,0.069
weedy,-0.274,0.051,-0.070
weeeee,-0.064,0.035,0.250
week,-0.231,-0.199,-0.039
weekday,-0.005,-0.013,-0.035
weekend,0.245,-0.162,0.220
weekly,-0.127,-0.239,0.026
weenie,-0.227,0.025,0.077
weep,-0.408,0.392,0.084
weeping,-0.359,0.418,0.131
weeping willow,-0.242,0.064,0.023
weepy,-0.438,0.375,0.121
weigh,-0.223,0.044,-0.050
weighing,-0.077,-0.005,-0.034
weight,-0.027,-0.043,-0.142
weightless,-0.146,-0.027,0.027
weightloss,-0.072,-0.097,0.074
weights,0.140,0.040,-0.173
weighty,0.068,0.046,-0.154
weir,-0.216,0.005,-0.028
weird,-0.114,0.280,0.040
weirdness,-0.194,0.121,0.001
weirdo,-0.269,0.256,-0.017
welcome,0.343,-0.243,0.107
welcomed,0.398,-0.242,0.113
welcoming,0.313,-0.269,0.115
weld,0.000,0.037,-0.117
welder,0.192,0.169,-0.053
welding,0.031,0.040,0.049
welfare,0.222,-0.295,-0.045
wellhead,-0.127,-0.011,0.051
wellness,0.372,-0.370,0.034
welsh,-0.060,-0.072,-0.067
welt,-0.086,0.165,0.109
wen,-0.151,-0.008,0.016
wench,-0.114,0.029,0.098
werewolf,0.082,0.410,-0.020
west,-0.109,-0.161,0.000
westbound,-0.037,-0.203,0.037
western,0.173,-0.045,-0.095
wet,-0.325,0.013,0.117
wetback,-0.311,0.089,-0.020
whack,0.161,0.430,-0.105
whale,-0.001,-0.129,-0.022
whaling,0.022,0.310,-0.013
wham,-0.076,0.012,0.033
whammy,-0.136,0.015,0.083
wharf,-0.160,-0.158,-0.137
whatdoido,-0.100,0.061,0.000
whatif,-0.083,-0.004,0.129
whatmakesmesmile,0.161,-0.132,0.187
whatnot,-0.165,0.080,0.031
whatsoever,-0.282,-0.064,-0.013
whatsthepoint,-0.125,0.014,0.017
wheat,-0.316,-0.250,0.015
wheel,-0.073,-0.216,-0.011
wheel barrow,-0.172,-0.125,0.010
wheelbarrow,-0.144,-0.081,-0.017
wheelchair,-0.392,0.065,-0.037
wheels,-0.013,-0.146,0.143
wheeze,-0.181,0.168,-0.123
whelp,-0.235,0.076,0.034
whereabouts,-0.191,-0.043,0.006
wherefore,-0.109,-0.147,0.019
wherewith,-0.112,-0.053,0.018
wherewithal,-0.249,-0.019,-0.003
whet,0.004,-0.131,0.098
whiff,-0.191,-0.046,0.042
whilst,-0.171,-0.148,-0.026
whim,0.001,0.211,0.063
whimper,-0.232,0.188,0.047
whimsical,-0.053,0.126,0.139
whimsy,0.148,-0.072,0.216
whine,-0.194,0.230,0.220
whiny,-0.213,0.239,-0.027
whip,0.052,0.487,0.072
whiplash,0.003,0.355,0.026
whipped,-0.106,0.422,0.117
whirl,0.235,0.234,0.028
whirlpool,0.022,-0.213,0.094
whirlwind,0.280,0.353,0.070
whisk,-0.046,0.022,0.081
whisker,-0.196,-0.156,0.013
whiskers,-0.303,-0.119,0.008
whiskey,0.111,0.058,0.207
whisky,0.117,-0.022,0.137
whisper,-0.307,-0.192,0.007
whispered,-0.182,-0.141,0.077
whistle,0.074,-0.077,0.127
whit,0.048,-0.114,-0.094
white,-0.100,-0.394,-0.014
whitefish,-0.208,-0.121,0.017
whiteness,-0.019,-0.318,-0.068
whitewash,-0.244,-0.026,0.067
whitish,-0.162,-0.218,0.012
whittle,-0.153,0.074,-0.049
whiz,0.489,-0.185,0.038
whole,0.060,-0.206,-0.054
wholesale,0.240,-0.148,0.070
wholesome,0.340,-0.323,-0.031
wholly,0.166,-0.230,-0.124
whoo,-0.084,0.023,0.188
whoop,-0.021,-0.058,0.057
whopper,-0.028,0.102,0.075
whopping,0.320,0.147,-0.025
whore,-0.121,0.519,0.148
whorehouse,0.028,0.512,0.117
wick,-0.229,0.097,0.043
wicked,0.055,0.474,-0.097
wickedness,-0.166,0.493,-0.061
wicker,-0.194,-0.063,-0.045
wicket,-0.021,-0.001,0.020
wide,-0.075,-0.182,-0.049
widely,0.239,-0.166,-0.086
widen,0.068,-0.017,0.032
widespread,0.199,-0.117,-0.107
widow,-0.319,0.136,0.015
widowed,-0.297,0.164,-0.059
widower,-0.329,0.156,-0.082
width,-0.051,-0.211,-0.092
wield,0.091,0.226,-0.072
wiener,-0.064,-0.118,0.084
wienie,-0.121,-0.001,0.124
wife,0.314,-0.186,0.198
wig,-0.227,-0.327,0.206
wiggle,-0.003,0.093,0.208
wight,-0.101,-0.101,0.040
wiki,-0.070,-0.099,-0.014
wild,0.289,0.438,-0.032
wildcat,0.028,0.121,0.065
wildebeest,-0.067,0.030,-0.016
wilderness,-0.341,0.034,-0.051
wildfire,0.063,0.558,0.026
wildlife,0.136,-0.090,0.049
will,0.225,-0.197,-0.117
willful,0.236,0.116,0.049
willies,-0.073,0.004,0.040
willing,0.400,-0.187,-0.002
willingly,0.141,-0.364,-0.002
willingness,0.308,-0.197,-0.021
willow,-0.143,-0.255,-0.020
willpower,0.580,-0.026,0.032
wilt,-0.342,0.090,-0.081
wilted,-0.414,0.085,0.026
wily,0.276,0.160,-0.132
wimp,-0.434,0.206,0.102
wimpy,-0.520,0.067,-0.010
win,0.586,-0.159,0.043
wince,-0.296,0.087,-0.007
winch,-0.126,0.036,-0.056
wind,0.026,-0.085,-0.091
windbag,-0.105,0.047,0.051
windfall,0.398,0.076,0.223
winding,-0.112,0.124,0.092
windmill,0.030,-0.262,0.143
window,-0.169,-0.190,-0.023
windowsill,-0.192,-0.107,-0.111
windpipe,-0.176,0.062,-0.181
windshield,-0.123,-0.176,0.102
windy,-0.045,0.152,-0.078
wine,0.075,-0.270,0.124
wine cooler,0.010,-0.235,0.112
wing,-0.167,-0.218,-0.027
winged,0.072,-0.126,0.040
winger,0.294,0.188,0.044
wingman,0.133,0.004,0.021
wink,-0.021,-0.105,0.256
winner,0.656,-0.103,0.123
winning,0.669,-0.163,0.008
winnings,0.619,-0.084,0.167
wino,-0.139,0.086,0.078
winter,0.012,-0.218,-0.001
winterbreak,0.032,-0.106,0.040
wintertime,0.068,-0.181,0.199
wintery,-0.077,0.088,-0.021
wintry,-0.097,-0.010,-0.023
wipe,0.083,-0.166,0.003
wiper,-0.032,-0.081,-0.089
wire,-0.276,-0.114,0.074
wired,-0.062,0.020,-0.118
wireless,0.067,-0.135,0.009
wiretap,-0.103,0.296,-0.023
wiring,-0.119,-0.087,-0.030
wis,-0.096,-0.059,0.032
wisdom,0.388,-0.432,-0.158
wise,0.330,-0.430,-0.204
wish,0.281,-0.133,0.074
wishbone,-0.042,0.023,0.065
wishful,0.370,-0.128,0.227
wishing,0.168,-0.116,0.183
wishmeluck,0.128,-0.111,0.178
wisp,-0.088,-0.118,0.021
wistful,-0.248,0.086,0.018
wit,0.363,-0.248,-0.034
witch,-0.023,0.294,0.034
witchcraft,0.015,0.424,-0.037
withal,-0.276,-0.056,-0.121
withdraw,-0.274,0.115,-0.043
withdrawal,-0.291,0.179,0.104
withdrawals,-0.108,-0.015,-0.062
withdrawn,-0.423,0.127,-0.032
wither,-0.387,0.188,-0.045
withered,-0.501,0.068,-0.028
withering,-0.155,0.262,0.079
withhold,-0.154,0.094,-0.074
withholding,-0.186,0.235,-0.152
withstand,0.009,0.130,-0.085
witless,-0.463,0.090,-0.014
witness,0.131,0.007,0.003
wits,0.367,-0.111,-0.006
witty,0.464,-0.105,0.105
wiz,-0.038,0.052,0.049
wizard,0.063,-0.160,0.019
wobble,-0.114,0.167,0.109
wobbly,-0.221,0.378,0.191
woe,-0.243,0.176,0.185
woeful,-0.333,0.291,0.024
woefully,-0.276,0.259,0.061
wok,-0.019,-0.146,-0.028
wokemeup,-0.001,-0.033,0.079
wolf,0.169,0.189,0.001
wolverine,0.160,0.146,-0.007
woman,0.238,-0.261,0.121
womanhood,0.304,-0.114,0.164
womanizer,0.013,0.364,0.079
womanly,0.239,-0.218,0.277
womb,-0.051,0.015,-0.185
wonder,0.540,-0.119,0.175
wonderful,0.605,-0.136,0.148
wonderfully,0.590,-0.146,0.145
wonderment,0.513,-0.174,0.100
wondrous,0.492,-0.119,0.048
wont,-0.356,0.071,-0.066
woo,0.131,0.049,0.243
wood,-0.247,-0.220,-0.089
woodcut,0.027,-0.195,-0.045
wooden,-0.277,-0.217,-0.040
woodland,0.030,-0.334,0.040
woodlands,-0.018,-0.224,0.006
woodpecker,-0.039,-0.029,0.038
woods,-0.162,-0.233,0.013
woodshed,-0.171,-0.132,0.085
woodsman,-0.008,-0.033,-0.042
woodwork,0.018,-0.004,-0.046
woody,-0.205,-0.147,-0.074
woof,-0.138,0.108,0.001
woohoo,0.124,0.001,0.202
wooing,0.375,-0.006,0.101
wool,-0.247,-0.320,-0.054
woolen,-0.140,-0.334,0.113
woolly,-0.164,-0.100,0.083
woot,0.032,-0.081,0.057
woozy,-0.324,0.192,-0.047
wop,-0.141,0.022,0.007
word,-0.104,-0.207,-0.096
wording,0.140,-0.107,0.013
words,-0.051,-0.349,-0.036
wordy,0.123,-0.115,-0.003
work,0.336,-0.082,-0.015
workaholic,0.038,0.224,-0.028
workbook,0.018,-0.233,-0.010
worker,0.289,-0.083,0.032
working,0.215,-0.112,0.109
workings,0.307,-0.096,-0.038
workload,-0.002,0.395,0.038
workman,0.334,-0.075,0.018
workmanship,0.160,-0.176,-0.027
workout,0.542,-0.029,0.161
workplace,0.073,-0.111,-0.051
works,0.219,-0.238,-0.012
workshop,-0.013,-0.073,-0.032
workup,0.207,0.091,0.094
world,0.191,-0.151,-0.172
worldly,-0.126,0.113,0.173
worldwide,0.380,-0.221,-0.124
worm,-0.427,0.199,-0.028
wormhole,-0.151,0.035,-0.132
wormwood,-0.171,-0.041,0.029
worn,-0.308,0.083,0.133
worried,-0.123,0.512,0.055
worries,-0.216,0.411,-0.002
worry,-0.164,0.365,0.189
worrying,-0.254,0.491,0.060
worse,-0.320,0.446,0.091
worsening,-0.319,0.393,0.122
worship,0.089,-0.216,-0.026
worshipful,0.233,-0.084,0.173
worstfeeling,-0.282,0.373,0.005
worth,0.471,-0.246,-0.084
worthless,-0.497,0.232,-0.004
worthwhile,0.176,-0.373,0.106
worthy,0.293,-0.323,-0.142
wot,-0.103,-0.034,0.097
would,-0.098,-0.059,-0.001
wound,-0.208,0.395,0.082
wounded,-0.226,0.455,0.118
wounding,-0.066,0.356,0.020
wounds,-0.198,0.443,0.045
wracking,-0.110,0.257,-0.032
wrangler,0.121,0.119,-0.120
wrangling,0.060,0.511,-0.029
wrap,-0.144,-0.118,0.168
wrapper,-0.085,-0.193,0.058
wrapping,-0.111,-0.064,-0.065
wrath,0.000,0.617,-0.031
wrathful,-0.127,0.444,-0.028
wreak,-0.006,0.174,0.008
wreath,0.209,-0.212,-0.026
wreck,-0.127,0.382,0.124
wreckage,-0.399,0.194,-0.165
wrecked,-0.313,0.377,0.014
wrecker,-0.051,0.344,0.006
wrench,-0.162,-0.128,-0.243
wrenching,-0.001,0.443,0.052
wrest,0.247,0.235,-0.055
wrestle,0.322,0.361,-0.023
wrestler,0.481,0.253,-0.076
wrestling,0.349,0.302,-0.012
wretch,-0.330,0.437,0.043
wretched,-0.378,0.292,0.072
wriggle,-0.024,0.106,0.121
wright,-0.047,-0.014,0.111
wring,-0.105,0.202,0.123
wringer,-0.188,0.103,0.069
wrinkle,-0.400,0.154,-0.082
wrinkled,-0.378,0.085,0.044
wrist,-0.144,-0.269,0.173
wristband,-0.271,-0.257,0.001
wristwatch,-0.082,-0.316,0.174
writ,-0.072,-0.236,-0.152
write,0.026,-0.157,-0.031
writer,0.274,-0.326,-0.139
writing,0.189,-0.151,-0.021
written,-0.064,-0.257,-0.112
wrong,-0.203,0.387,-0.160
wrongdoing,-0.112,0.447,-0.018
wrongful,-0.223,0.405,0.013
wrongly,-0.414,0.344,0.019
wrought,0.070,0.177,-0.178
wry,-0.097,0.238,-0.127
xanax,-0.122,-0.017,-0.051
xenophobia,-0.042,0.436,-0.017
xerox,-0.167,-0.023,-0.101
xmas,0.389,-0.139,0.233
xoxo,0.051,-0.156,0.189
yaaaay,0.021,0.024,0.276
yaaay,0.004,-0.040,0.249
yaay,-0.038,-0.031,0.210
yacht,0.358,-0.110,0.137
yachting,0.205,0.008,0.058
yahoo,0.127,-0.045,0.099
yak,-0.109,-0.035,-0.003
yam,-0.392,-0.217,0.080
yank,-0.025,0.257,-0.065
yap,-0.109,-0.042,0.072
yard,-0.280,-0.207,-0.088
yarn,-0.301,-0.181,0.061
yaw,0.080,0.001,0.098
yawn,-0.500,-0.194,-0.013
yawning,-0.477,-0.083,0.002
yay,0.020,-0.095,0.241
yayy,0.006,-0.048,0.214
yayyy,0.060,0.059,0.240
yayyyy,0.043,-0.056,0.241
yea,0.063,-0.243,0.091
yeahhh,0.306,-0.030,0.305
yeahhhh,0.244,-0.114,0.336
year,-0.144,-0.183,-0.039
yearbook,-0.091,-0.230,-0.123
yearling,-0.055,-0.111,-0.090
yearly,-0.102,-0.211,-0.020
yearn,0.035,-0.073,0.045
yearning,0.136,-0.143,0.080
years,0.001,-0.227,-0.025
yeast,-0.197,-0.111,0.038
yehey,-0.137,0.019,0.151
yell,0.055,0.396,-0.002
yeller,-0.066,0.044,0.002
yelling,0.169,0.433,0.110
yellow,-0.104,-0.284,0.037
yellows,-0.190,-0.192,0.053
yelp,0.008,0.201,0.122
yen,-0.020,-0.052,-0.036
yeoman,0.002,-0.049,-0.015
yesss,0.148,-0.052,0.224
yessss,0.189,0.042,0.325
yesterday,-0.281,-0.158,0.054
yesteryear,-0.253,-0.151,-0.030
yew,-0.370,-0.074,-0.119
yey,-0.050,-0.116,0.246
yield,0.232,-0.100,0.066
yielding,0.023,0.103,0.112
yo-yo,0.002,0.025,0.229
yodel,-0.097,-0.044,0.056
yoga,-0.116,-0.449,-0.036
yogi,-0.106,-0.223,0.094
yogurt,-0.219,-0.286,0.130
yoke,0.008,0.245,-0.096
yolk,-0.257,-0.136,0.041
yon,-0.153,-0.082,-0.010
yonder,-0.156,-0.208,0.088
young,0.192,-0.210,0.135
younger,0.161,-0.230,0.071
youngster,0.291,-0.168,0.062
yousuck,-0.191,0.271,0.034
youth,0.440,-0.232,0.106
youthful,0.288,-0.242,0.017
yucky,-0.222,0.459,0.177
yuletide,-0.104,-0.006,-0.030
yummy,0.326,-0.232,0.099
yuppie,0.101,-0.055,0.183
zany,0.130,0.101,0.018
zap,-0.180,0.035,0.000
zeal,0.133,0.267,-0.012
zealot,0.241,0.223,0.044
zealous,-0.057,0.371,0.185
zebra,-0.126,-0.092,0.132
zen,-0.192,-0.197,-0.115
zenith,0.051,-0.133,-0.084
zephyr,-0.119,-0.052,0.001
zeppelin,0.024,0.003,0.067
zest,0.586,-0.102,0.108
zesty,0.012,-0.027,0.075
zeta,-0.245,-0.067,-0.087
zigzag,-0.144,0.124,0.164
zilch,-0.169,0.026,0.026
zillion,0.178,-0.035,-0.004
zinc,-0.281,-0.032,-0.055
zing,-0.079,-0.129,0.052
zip,-0.126,-0.085,-0.024
zipper,-0.337,-0.059,0.031
zippy,0.009,-0.030,0.073
zit,-0.210,0.051,-0.045
zodiac,-0.041,-0.120,0.057
zombie,-0.133,0.305,0.003
zone,-0.142,-0.131,0.014
zoning,-0.033,-0.005,-0.148
zoo,0.197,-0.171,0.080
zoological,0.057,-0.150,0.063
zoology,-0.033,-0.154,-0.057
zoom,-0.023,0.019,0.032
zucchini,-0.262,-0.141,0.080
